customer_id,signup_date,state,region,acquisition_channel,age_band
C00001,2025-11-18,PB,Nordeste,google_ads,25-34
C00002,2025-05-17,SE,Nordeste,google_ads,25-34
C00003,2025-11-01,CE,Nordeste,referral,18-24
C00004,2024-12-20,SP,Sudeste,referral,18-24
C00005,2025-10-10,SC,Sul,organic_search,35-44
C00006,2025-08-12,PR,Sul,organic_search,35-44
C00007,2025-10-11,RJ,Sudeste,referral,25-34
C00008,2025-08-06,SP,Sudeste,organic_search,55+
C00009,2025-09-15,MG,Sudeste,referral,18-24
C00010,2025-03-06,SP,Sudeste,referral,45-54
C00011,2025-11-12,MG,Sudeste,paid_social,18-24
C00012,2025-05-19,SP,Sudeste,organic_search,45-54
C00013,2025-10-05,MG,Sudeste,organic_search,35-44
C00014,2025-09-05,SP,Sudeste,organic_search,25-34
C00015,2025-09-30,SP,Sudeste,google_ads,25-34
C00016,2025-02-16,SP,Sudeste,paid_social,25-34
C00017,2025-05-05,GO,Centro-Oeste,google_ads,25-34
C00018,2025-04-17,GO,Centro-Oeste,email,45-54
C00019,2025-11-06,TO,Norte,email,35-44
C00020,2025-10-05,SP,Sudeste,organic_search,35-44
C00021,2025-08-05,MA,Nordeste,email,18-24
C00022,2025-04-18,MG,Sudeste,google_ads,45-54
C00023,2025-07-16,PA,Norte,organic_search,25-34
C00024,2025-04-27,SP,Sudeste,organic_search,25-34
C00025,2025-06-16,GO,Centro-Oeste,paid_social,35-44
C00026,2025-05-14,RR,Norte,paid_social,18-24
C00027,2025-06-12,MT,Centro-Oeste,paid_social,55+
C00028,2025-08-24,PA,Norte,google_ads,25-34
C00029,2025-01-31,PI,Nordeste,paid_social,35-44
C00030,2025-06-19,MG,Sudeste,referral,35-44
C00031,2025-10-21,SP,Sudeste,organic_search,18-24
C00032,2025-02-23,PR,Sul,referral,25-34
C00033,2025-11-21,SP,Sudeste,paid_social,18-24
C00034,2025-07-19,SP,Sudeste,paid_social,35-44
C00035,2025-06-10,BA,Nordeste,google_ads,25-34
C00036,2024-12-30,SP,Sudeste,paid_social,45-54
C00037,2025-09-06,SP,Sudeste,paid_social,25-34
C00038,2025-01-15,CE,Nordeste,paid_social,35-44
C00039,2025-09-19,SP,Sudeste,paid_social,35-44
C00040,2025-03-31,SP,Sudeste,google_ads,45-54
C00041,2024-11-05,CE,Nordeste,referral,45-54
C00042,2025-01-19,SP,Sudeste,google_ads,45-54
C00043,2025-10-11,CE,Nordeste,email,25-34
C00044,2025-04-13,RJ,Sudeste,google_ads,18-24
C00045,2025-08-18,SP,Sudeste,google_ads,45-54
C00046,2025-04-24,PE,Nordeste,organic_search,25-34
C00047,2025-10-07,SP,Sudeste,organic_search,25-34
C00048,2025-11-01,MG,Sudeste,paid_social,35-44
C00049,2025-09-22,RS,Sul,referral,25-34
C00050,2025-08-26,ES,Sudeste,organic_search,25-34
C00051,2025-08-24,MG,Sudeste,google_ads,35-44
C00052,2024-12-29,MG,Sudeste,organic_search,55+
C00053,2025-01-22,CE,Nordeste,organic_search,45-54
C00054,2025-09-23,SP,Sudeste,organic_search,35-44
C00055,2025-10-22,PR,Sul,referral,25-34
C00056,2025-10-12,RR,Norte,paid_social,25-34
C00057,2025-07-18,RJ,Sudeste,email,18-24
C00058,2025-03-19,SC,Sul,google_ads,25-34
C00059,2025-02-12,AC,Norte,paid_social,35-44
C00060,2025-04-23,PR,Sul,google_ads,55+
C00061,2025-02-25,RJ,Sudeste,google_ads,35-44
C00062,2025-05-28,SC,Sul,email,55+
C00063,2025-01-31,RO,Norte,organic_search,35-44
C00064,2025-04-03,PA,Norte,organic_search,35-44
C00065,2025-06-06,RJ,Sudeste,organic_search,35-44
C00066,2025-01-03,BA,Nordeste,referral,35-44
C00067,2025-06-01,SP,Sudeste,referral,45-54
C00068,2025-11-19,SP,Sudeste,paid_social,18-24
C00069,2025-09-13,RJ,Sudeste,google_ads,45-54
C00070,2025-10-07,PR,Sul,organic_search,45-54
C00071,2025-10-28,RJ,Sudeste,email,55+
C00072,2025-04-28,MA,Nordeste,organic_search,25-34
C00073,2025-04-25,BA,Nordeste,organic_search,18-24
C00074,2025-01-10,SC,Sul,google_ads,18-24
C00075,2025-05-14,TO,Norte,paid_social,25-34
C00076,2025-01-17,AM,Norte,organic_search,25-34
C00077,2025-03-22,RS,Sul,google_ads,25-34
C00078,2025-09-17,MT,Centro-Oeste,google_ads,35-44
C00079,2025-09-29,SP,Sudeste,email,35-44
C00080,2025-09-26,DF,Centro-Oeste,referral,45-54
C00081,2025-09-08,GO,Centro-Oeste,email,45-54
C00082,2025-09-05,CE,Nordeste,paid_social,35-44
C00083,2025-09-10,AL,Nordeste,organic_search,25-34
C00084,2025-04-05,ES,Sudeste,email,45-54
C00085,2024-12-26,SP,Sudeste,google_ads,25-34
C00086,2025-04-12,MG,Sudeste,paid_social,25-34
C00087,2025-09-14,RN,Nordeste,paid_social,25-34
C00088,2025-01-17,RN,Nordeste,organic_search,45-54
C00089,2025-08-03,SP,Sudeste,paid_social,45-54
C00090,2025-07-08,MG,Sudeste,paid_social,55+
C00091,2025-04-05,SC,Sul,organic_search,35-44
C00092,2025-11-09,RS,Sul,paid_social,25-34
C00093,2025-01-25,PR,Sul,google_ads,35-44
C00094,2025-11-05,RN,Nordeste,google_ads,35-44
C00095,2025-10-30,MT,Centro-Oeste,organic_search,25-34
C00096,2025-07-10,CE,Nordeste,google_ads,45-54
C00097,2025-03-07,CE,Nordeste,paid_social,18-24
C00098,2025-10-14,MG,Sudeste,google_ads,18-24
C00099,2024-12-28,SP,Sudeste,google_ads,18-24
C00100,2025-03-02,PE,Nordeste,referral,18-24
C00101,2025-11-29,TO,Norte,referral,35-44
C00102,2025-10-11,SP,Sudeste,google_ads,55+
C00103,2024-12-01,MT,Centro-Oeste,referral,45-54
C00104,2025-04-21,BA,Nordeste,referral,25-34
C00105,2025-05-26,SP,Sudeste,google_ads,45-54
C00106,2025-04-16,RJ,Sudeste,paid_social,35-44
C00107,2025-05-18,AP,Norte,google_ads,25-34
C00108,2025-07-16,SP,Sudeste,organic_search,18-24
C00109,2024-10-07,DF,Centro-Oeste,google_ads,45-54
C00110,2025-07-17,RR,Norte,paid_social,45-54
C00111,2025-08-10,PR,Sul,organic_search,35-44
C00112,2024-12-06,GO,Centro-Oeste,paid_social,25-34
C00113,2025-03-27,GO,Centro-Oeste,email,25-34
C00114,2025-12-25,CE,Nordeste,referral,25-34
C00115,2025-05-29,SP,Sudeste,paid_social,18-24
C00116,2024-12-18,PE,Nordeste,google_ads,35-44
C00117,2025-05-13,SP,Sudeste,paid_social,25-34
C00118,2025-05-24,RN,Nordeste,google_ads,25-34
C00119,2025-11-20,SP,Sudeste,organic_search,18-24
C00120,2025-10-20,MT,Centro-Oeste,google_ads,25-34
C00121,2025-09-05,SE,Nordeste,organic_search,25-34
C00122,2025-08-11,AL,Nordeste,referral,25-34
C00123,2025-06-25,SP,Sudeste,referral,35-44
C00124,2025-04-09,MG,Sudeste,google_ads,35-44
C00125,2025-07-15,SP,Sudeste,organic_search,25-34
C00126,2025-11-23,MG,Sudeste,google_ads,18-24
C00127,2025-09-17,MG,Sudeste,paid_social,45-54
C00128,2025-11-10,SE,Nordeste,organic_search,25-34
C00129,2025-10-08,RS,Sul,google_ads,25-34
C00130,2025-01-18,SP,Sudeste,referral,35-44
C00131,2025-06-03,PR,Sul,google_ads,25-34
C00132,2025-03-21,SC,Sul,organic_search,25-34
C00133,2024-11-22,BA,Nordeste,paid_social,25-34
C00134,2025-02-01,BA,Nordeste,paid_social,35-44
C00135,2025-10-19,SP,Sudeste,organic_search,35-44
C00136,2025-05-18,PB,Nordeste,organic_search,35-44
C00137,2024-12-30,MG,Sudeste,paid_social,25-34
C00138,2025-08-11,MG,Sudeste,organic_search,45-54
C00139,2025-09-14,RJ,Sudeste,organic_search,35-44
C00140,2025-11-03,BA,Nordeste,paid_social,35-44
C00141,2025-05-25,MT,Centro-Oeste,google_ads,55+
C00142,2024-12-24,RO,Norte,google_ads,35-44
C00143,2025-08-02,RS,Sul,paid_social,25-34
C00144,2025-08-03,SP,Sudeste,organic_search,25-34
C00145,2025-11-06,SP,Sudeste,organic_search,35-44
C00146,2025-01-14,PR,Sul,paid_social,55+
C00147,2025-10-18,PB,Nordeste,organic_search,18-24
C00148,2025-08-29,AL,Nordeste,google_ads,25-34
C00149,2025-11-10,GO,Centro-Oeste,google_ads,18-24
C00150,2025-10-28,AM,Norte,organic_search,35-44
C00151,2025-11-02,PA,Norte,google_ads,45-54
C00152,2025-09-03,SP,Sudeste,organic_search,45-54
C00153,2025-02-21,RJ,Sudeste,paid_social,55+
C00154,2025-11-15,BA,Nordeste,organic_search,45-54
C00155,2025-08-29,SP,Sudeste,paid_social,25-34
C00156,2025-05-06,PI,Nordeste,referral,18-24
C00157,2025-11-20,MS,Centro-Oeste,referral,25-34
C00158,2025-09-22,SP,Sudeste,google_ads,35-44
C00159,2025-10-21,MT,Centro-Oeste,google_ads,45-54
C00160,2024-11-16,SP,Sudeste,paid_social,25-34
C00161,2025-10-14,PE,Nordeste,google_ads,25-34
C00162,2025-09-15,PR,Sul,organic_search,35-44
C00163,2025-03-18,RR,Norte,referral,25-34
C00164,2025-10-09,MS,Centro-Oeste,referral,25-34
C00165,2025-09-22,MG,Sudeste,referral,55+
C00166,2025-03-18,AC,Norte,organic_search,25-34
C00167,2025-08-20,SP,Sudeste,google_ads,35-44
C00168,2025-09-19,BA,Nordeste,google_ads,25-34
C00169,2025-05-12,RJ,Sudeste,organic_search,45-54
C00170,2025-04-11,DF,Centro-Oeste,organic_search,18-24
C00171,2025-04-06,DF,Centro-Oeste,google_ads,25-34
C00172,2025-11-12,CE,Nordeste,paid_social,25-34
C00173,2025-09-30,SE,Nordeste,referral,35-44
C00174,2025-09-12,SC,Sul,email,45-54
C00175,2025-07-18,MT,Centro-Oeste,email,18-24
C00176,2025-05-01,MG,Sudeste,organic_search,25-34
C00177,2025-12-21,SP,Sudeste,email,55+
C00178,2025-03-22,SP,Sudeste,email,25-34
C00179,2025-10-18,RJ,Sudeste,referral,35-44
C00180,2025-08-05,SP,Sudeste,organic_search,35-44
C00181,2025-10-16,ES,Sudeste,referral,25-34
C00182,2025-06-07,RS,Sul,referral,25-34
C00183,2025-11-02,RJ,Sudeste,google_ads,25-34
C00184,2025-10-02,MA,Nordeste,organic_search,35-44
C00185,2024-12-17,AM,Norte,paid_social,35-44
C00186,2025-09-14,PR,Sul,organic_search,35-44
C00187,2025-08-20,SP,Sudeste,organic_search,18-24
C00188,2025-08-01,SP,Sudeste,paid_social,25-34
C00189,2025-08-18,PB,Nordeste,google_ads,18-24
C00190,2025-07-07,DF,Centro-Oeste,organic_search,18-24
C00191,2025-10-23,PR,Sul,paid_social,25-34
C00192,2025-05-11,SC,Sul,google_ads,35-44
C00193,2025-07-22,PA,Norte,paid_social,45-54
C00194,2025-05-30,RJ,Sudeste,organic_search,35-44
C00195,2025-10-22,RJ,Sudeste,email,45-54
C00196,2025-04-19,SP,Sudeste,organic_search,25-34
C00197,2025-06-17,GO,Centro-Oeste,organic_search,35-44
C00198,2025-10-25,SP,Sudeste,organic_search,25-34
C00199,2025-04-19,MG,Sudeste,organic_search,25-34
C00200,2025-10-29,DF,Centro-Oeste,paid_social,35-44
C00201,2025-04-28,RJ,Sudeste,email,45-54
C00202,2025-08-30,PR,Sul,paid_social,55+
C00203,2025-05-31,PA,Norte,email,35-44
C00204,2025-09-12,ES,Sudeste,paid_social,35-44
C00205,2025-03-11,SP,Sudeste,google_ads,25-34
C00206,2025-09-10,PR,Sul,organic_search,25-34
C00207,2025-07-01,MT,Centro-Oeste,google_ads,55+
C00208,2025-09-25,RS,Sul,google_ads,35-44
C00209,2025-07-01,ES,Sudeste,referral,35-44
C00210,2025-09-25,SC,Sul,google_ads,35-44
C00211,2025-02-06,MG,Sudeste,email,35-44
C00212,2025-02-27,SP,Sudeste,paid_social,25-34
C00213,2025-11-17,SP,Sudeste,paid_social,35-44
C00214,2025-10-07,AM,Norte,paid_social,25-34
C00215,2025-06-10,CE,Nordeste,organic_search,55+
C00216,2025-04-26,RO,Norte,paid_social,25-34
C00217,2025-08-04,BA,Nordeste,organic_search,45-54
C00218,2025-08-14,SP,Sudeste,organic_search,25-34
C00219,2025-05-30,SC,Sul,email,18-24
C00220,2025-06-04,CE,Nordeste,referral,25-34
C00221,2025-10-15,SP,Sudeste,organic_search,35-44
C00222,2025-04-03,MG,Sudeste,paid_social,25-34
C00223,2025-05-31,AL,Nordeste,organic_search,18-24
C00224,2025-07-01,BA,Nordeste,organic_search,18-24
C00225,2025-03-07,PE,Nordeste,google_ads,35-44
C00226,2025-08-24,RJ,Sudeste,email,35-44
C00227,2025-06-05,MT,Centro-Oeste,email,55+
C00228,2025-11-01,BA,Nordeste,organic_search,35-44
C00229,2025-09-05,AP,Norte,google_ads,45-54
C00230,2025-08-11,MA,Nordeste,paid_social,35-44
C00231,2024-12-11,RS,Sul,paid_social,25-34
C00232,2025-09-04,PE,Nordeste,email,55+
C00233,2025-10-26,RR,Norte,google_ads,25-34
C00234,2025-05-30,MG,Sudeste,organic_search,25-34
C00235,2025-02-06,BA,Nordeste,organic_search,35-44
C00236,2025-11-12,SP,Sudeste,organic_search,35-44
C00237,2025-10-17,RS,Sul,organic_search,25-34
C00238,2024-12-30,ES,Sudeste,google_ads,35-44
C00239,2025-04-05,DF,Centro-Oeste,google_ads,35-44
C00240,2025-07-09,RJ,Sudeste,paid_social,45-54
C00241,2025-10-13,RS,Sul,referral,25-34
C00242,2025-03-23,BA,Nordeste,organic_search,45-54
C00243,2025-09-06,RN,Nordeste,paid_social,25-34
C00244,2025-07-02,RJ,Sudeste,google_ads,25-34
C00245,2025-08-03,SP,Sudeste,referral,25-34
C00246,2025-09-11,RJ,Sudeste,google_ads,35-44
C00247,2025-09-15,GO,Centro-Oeste,organic_search,55+
C00248,2025-07-24,RJ,Sudeste,google_ads,25-34
C00249,2025-03-16,AC,Norte,organic_search,25-34
C00250,2025-06-25,MG,Sudeste,paid_social,55+
C00251,2025-05-17,MG,Sudeste,organic_search,55+
C00252,2025-01-14,RN,Nordeste,organic_search,35-44
C00253,2025-03-17,GO,Centro-Oeste,email,18-24
C00254,2025-09-19,SP,Sudeste,google_ads,45-54
C00255,2025-10-22,BA,Nordeste,organic_search,45-54
C00256,2025-09-22,PR,Sul,paid_social,25-34
C00257,2025-10-28,MG,Sudeste,google_ads,35-44
C00258,2025-02-09,SP,Sudeste,organic_search,25-34
C00259,2025-06-20,DF,Centro-Oeste,google_ads,45-54
C00260,2025-04-24,RO,Norte,google_ads,25-34
C00261,2025-03-15,PA,Norte,paid_social,45-54
C00262,2025-11-17,PR,Sul,organic_search,45-54
C00263,2025-09-21,SC,Sul,google_ads,18-24
C00264,2025-05-26,SP,Sudeste,paid_social,25-34
C00265,2024-10-28,AM,Norte,referral,18-24
C00266,2025-07-17,PE,Nordeste,organic_search,25-34
C00267,2025-02-02,SP,Sudeste,google_ads,45-54
C00268,2025-08-14,MG,Sudeste,google_ads,45-54
C00269,2025-05-11,ES,Sudeste,organic_search,25-34
C00270,2025-06-10,CE,Nordeste,google_ads,35-44
C00271,2025-07-31,GO,Centro-Oeste,google_ads,25-34
C00272,2025-05-05,SP,Sudeste,organic_search,45-54
C00273,2025-01-28,RS,Sul,google_ads,55+
C00274,2025-11-26,BA,Nordeste,paid_social,18-24
C00275,2024-11-03,SP,Sudeste,email,18-24
C00276,2025-10-08,RS,Sul,paid_social,45-54
C00277,2025-06-06,RR,Norte,email,45-54
C00278,2025-09-11,RJ,Sudeste,google_ads,35-44
C00279,2025-01-29,SP,Sudeste,paid_social,35-44
C00280,2025-10-07,RJ,Sudeste,referral,55+
C00281,2025-06-17,MG,Sudeste,paid_social,35-44
C00282,2024-10-18,PR,Sul,referral,35-44
C00283,2024-11-22,AC,Norte,google_ads,25-34
C00284,2025-02-03,SP,Sudeste,google_ads,35-44
C00285,2025-03-26,PE,Nordeste,paid_social,45-54
C00286,2025-10-24,AP,Norte,google_ads,25-34
C00287,2025-10-22,PR,Sul,paid_social,35-44
C00288,2024-12-28,SP,Sudeste,organic_search,25-34
C00289,2025-01-02,MG,Sudeste,google_ads,55+
C00290,2025-05-05,RJ,Sudeste,google_ads,35-44
C00291,2025-07-22,PA,Norte,organic_search,55+
C00292,2025-04-06,PI,Nordeste,referral,18-24
C00293,2025-06-14,SC,Sul,email,18-24
C00294,2025-05-09,SP,Sudeste,email,25-34
C00295,2025-12-02,BA,Nordeste,paid_social,45-54
C00296,2025-08-22,AL,Nordeste,paid_social,45-54
C00297,2025-03-30,PA,Norte,organic_search,35-44
C00298,2024-12-03,MG,Sudeste,google_ads,35-44
C00299,2025-04-01,GO,Centro-Oeste,google_ads,45-54
C00300,2025-02-15,PB,Nordeste,organic_search,45-54
C00301,2025-04-04,PE,Nordeste,google_ads,55+
C00302,2025-05-30,SP,Sudeste,google_ads,18-24
C00303,2025-03-29,MT,Centro-Oeste,google_ads,45-54
C00304,2025-07-29,PI,Nordeste,referral,35-44
C00305,2025-08-04,PE,Nordeste,paid_social,35-44
C00306,2025-11-21,SP,Sudeste,google_ads,35-44
C00307,2025-06-04,SP,Sudeste,referral,45-54
C00308,2025-02-11,GO,Centro-Oeste,organic_search,45-54
C00309,2025-02-06,PE,Nordeste,google_ads,35-44
C00310,2025-11-01,RR,Norte,organic_search,25-34
C00311,2025-06-07,SC,Sul,paid_social,25-34
C00312,2025-10-07,SP,Sudeste,email,18-24
C00313,2025-10-26,MA,Nordeste,paid_social,25-34
C00314,2025-02-07,PR,Sul,organic_search,45-54
C00315,2025-05-09,GO,Centro-Oeste,google_ads,35-44
C00316,2025-09-07,RS,Sul,paid_social,18-24
C00317,2025-11-18,SP,Sudeste,paid_social,18-24
C00318,2025-11-28,RJ,Sudeste,email,55+
C00319,2024-12-08,RS,Sul,organic_search,25-34
C00320,2025-10-18,GO,Centro-Oeste,paid_social,25-34
C00321,2025-09-30,SP,Sudeste,organic_search,18-24
C00322,2025-11-02,RJ,Sudeste,referral,25-34
C00323,2025-09-25,DF,Centro-Oeste,google_ads,35-44
C00324,2025-11-26,AM,Norte,organic_search,18-24
C00325,2025-08-18,RJ,Sudeste,paid_social,25-34
C00326,2025-10-09,MG,Sudeste,email,55+
C00327,2025-08-04,BA,Nordeste,referral,25-34
C00328,2025-04-02,SP,Sudeste,google_ads,25-34
C00329,2025-08-14,SP,Sudeste,organic_search,45-54
C00330,2025-04-24,RJ,Sudeste,paid_social,25-34
C00331,2025-02-09,MS,Centro-Oeste,email,35-44
C00332,2025-09-18,SP,Sudeste,paid_social,18-24
C00333,2025-06-24,GO,Centro-Oeste,google_ads,25-34
C00334,2025-09-06,SP,Sudeste,google_ads,18-24
C00335,2025-05-26,PE,Nordeste,google_ads,55+
C00336,2025-04-18,DF,Centro-Oeste,google_ads,35-44
C00337,2025-04-21,RR,Norte,referral,35-44
C00338,2025-04-05,TO,Norte,google_ads,35-44
C00339,2025-05-28,AM,Norte,organic_search,25-34
C00340,2025-06-11,MG,Sudeste,referral,45-54
C00341,2025-03-25,SP,Sudeste,referral,35-44
C00342,2025-09-12,MA,Nordeste,paid_social,18-24
C00343,2025-08-12,RS,Sul,google_ads,55+
C00344,2025-10-09,SP,Sudeste,paid_social,25-34
C00345,2025-06-25,MA,Nordeste,paid_social,18-24
C00346,2025-03-14,RJ,Sudeste,referral,25-34
C00347,2025-01-24,SC,Sul,google_ads,35-44
C00348,2025-03-31,MG,Sudeste,referral,35-44
C00349,2025-10-25,RN,Nordeste,organic_search,18-24
C00350,2025-07-13,AM,Norte,google_ads,55+
C00351,2025-11-11,SP,Sudeste,paid_social,25-34
C00352,2025-06-17,MG,Sudeste,organic_search,25-34
C00353,2025-06-05,SP,Sudeste,organic_search,18-24
C00354,2024-12-02,SP,Sudeste,paid_social,55+
C00355,2024-10-22,SP,Sudeste,paid_social,25-34
C00356,2025-03-28,MG,Sudeste,organic_search,35-44
C00357,2025-02-20,PE,Nordeste,paid_social,18-24
C00358,2025-08-30,PR,Sul,organic_search,45-54
C00359,2025-03-25,MG,Sudeste,paid_social,25-34
C00360,2025-02-20,PA,Norte,organic_search,25-34
C00361,2025-09-12,MA,Nordeste,referral,18-24
C00362,2025-02-19,SP,Sudeste,organic_search,25-34
C00363,2024-11-14,RJ,Sudeste,email,55+
C00364,2025-09-28,MG,Sudeste,paid_social,45-54
C00365,2024-10-24,PB,Nordeste,referral,35-44
C00366,2025-01-20,MG,Sudeste,referral,55+
C00367,2025-11-24,CE,Nordeste,referral,55+
C00368,2024-10-19,PR,Sul,organic_search,45-54
C00369,2024-11-24,SC,Sul,google_ads,45-54
C00370,2025-03-31,GO,Centro-Oeste,google_ads,25-34
C00371,2025-07-18,PR,Sul,organic_search,25-34
C00372,2025-12-03,MA,Nordeste,paid_social,25-34
C00373,2025-03-25,ES,Sudeste,paid_social,25-34
C00374,2025-07-20,BA,Nordeste,paid_social,25-34
C00375,2025-06-19,SP,Sudeste,google_ads,25-34
C00376,2025-07-04,MG,Sudeste,email,35-44
C00377,2025-01-28,PA,Norte,referral,35-44
C00378,2025-04-09,SP,Sudeste,organic_search,25-34
C00379,2025-07-22,AC,Norte,paid_social,35-44
C00380,2025-05-09,PR,Sul,email,45-54
C00381,2025-09-23,BA,Nordeste,referral,25-34
C00382,2025-05-24,SP,Sudeste,paid_social,45-54
C00383,2025-10-08,MA,Nordeste,paid_social,55+
C00384,2025-06-10,RJ,Sudeste,organic_search,35-44
C00385,2025-10-16,DF,Centro-Oeste,paid_social,35-44
C00386,2025-09-21,BA,Nordeste,organic_search,55+
C00387,2025-04-24,SP,Sudeste,organic_search,18-24
C00388,2025-08-03,SP,Sudeste,paid_social,35-44
C00389,2025-07-16,RJ,Sudeste,paid_social,25-34
C00390,2025-03-10,PE,Nordeste,paid_social,45-54
C00391,2024-12-26,RS,Sul,paid_social,18-24
C00392,2025-04-13,AP,Norte,paid_social,35-44
C00393,2025-09-15,PR,Sul,organic_search,25-34
C00394,2025-10-07,BA,Nordeste,organic_search,35-44
C00395,2025-08-30,AM,Norte,paid_social,35-44
C00396,2025-08-18,PA,Norte,organic_search,35-44
C00397,2025-10-09,RN,Nordeste,google_ads,25-34
C00398,2025-07-04,SP,Sudeste,organic_search,25-34
C00399,2025-07-03,MG,Sudeste,paid_social,25-34
C00400,2025-02-22,RJ,Sudeste,organic_search,45-54
C00401,2025-04-21,ES,Sudeste,paid_social,45-54
C00402,2025-04-09,PB,Nordeste,organic_search,35-44
C00403,2025-10-06,MA,Nordeste,organic_search,25-34
C00404,2025-08-19,MG,Sudeste,referral,35-44
C00405,2025-06-29,SP,Sudeste,organic_search,45-54
C00406,2025-08-13,PE,Nordeste,organic_search,35-44
C00407,2025-09-21,PR,Sul,paid_social,35-44
C00408,2025-01-04,SP,Sudeste,organic_search,55+
C00409,2025-09-24,PE,Nordeste,google_ads,35-44
C00410,2025-01-27,SP,Sudeste,paid_social,45-54
C00411,2025-12-06,RJ,Sudeste,referral,25-34
C00412,2025-09-21,SP,Sudeste,paid_social,35-44
C00413,2025-03-15,SP,Sudeste,organic_search,35-44
C00414,2025-03-09,BA,Nordeste,paid_social,45-54
C00415,2025-07-23,RO,Norte,email,25-34
C00416,2024-12-27,SP,Sudeste,google_ads,45-54
C00417,2025-06-12,RJ,Sudeste,paid_social,35-44
C00418,2024-10-31,PA,Norte,email,18-24
C00419,2025-11-24,MG,Sudeste,organic_search,25-34
C00420,2025-09-27,SP,Sudeste,google_ads,25-34
C00421,2024-11-18,SP,Sudeste,google_ads,18-24
C00422,2025-03-26,SP,Sudeste,organic_search,18-24
C00423,2025-11-01,SP,Sudeste,organic_search,18-24
C00424,2025-08-15,MA,Nordeste,paid_social,45-54
C00425,2024-11-05,SP,Sudeste,email,25-34
C00426,2025-10-28,SP,Sudeste,organic_search,25-34
C00427,2025-10-02,MA,Nordeste,referral,55+
C00428,2025-04-05,RJ,Sudeste,organic_search,25-34
C00429,2025-06-08,SP,Sudeste,organic_search,55+
C00430,2024-12-02,PR,Sul,organic_search,25-34
C00431,2025-01-05,PI,Nordeste,paid_social,35-44
C00432,2025-07-13,RJ,Sudeste,google_ads,35-44
C00433,2025-11-01,AM,Norte,google_ads,35-44
C00434,2025-11-03,SP,Sudeste,organic_search,35-44
C00435,2025-09-15,SP,Sudeste,referral,35-44
C00436,2025-03-29,RS,Sul,google_ads,55+
C00437,2025-08-23,PE,Nordeste,paid_social,25-34
C00438,2025-05-25,BA,Nordeste,organic_search,35-44
C00439,2025-01-20,MG,Sudeste,email,18-24
C00440,2025-10-24,CE,Nordeste,google_ads,35-44
C00441,2025-06-18,SP,Sudeste,referral,25-34
C00442,2025-02-12,SP,Sudeste,email,55+
C00443,2025-06-01,AC,Norte,email,35-44
C00444,2025-02-14,MG,Sudeste,organic_search,18-24
C00445,2025-07-02,MG,Sudeste,paid_social,25-34
C00446,2025-11-07,GO,Centro-Oeste,email,18-24
C00447,2025-05-06,MG,Sudeste,referral,55+
C00448,2025-05-23,SP,Sudeste,google_ads,25-34
C00449,2024-11-12,RN,Nordeste,paid_social,18-24
C00450,2025-09-11,CE,Nordeste,paid_social,35-44
C00451,2025-11-03,RS,Sul,email,35-44
C00452,2025-04-11,AL,Nordeste,email,55+
C00453,2025-11-05,MG,Sudeste,google_ads,35-44
C00454,2025-09-01,MG,Sudeste,organic_search,35-44
C00455,2025-10-15,SP,Sudeste,organic_search,25-34
C00456,2025-05-17,SP,Sudeste,referral,25-34
C00457,2025-09-10,RJ,Sudeste,paid_social,25-34
C00458,2025-11-19,RJ,Sudeste,paid_social,45-54
C00459,2025-09-13,PA,Norte,referral,25-34
C00460,2025-09-15,RS,Sul,referral,18-24
C00461,2025-11-02,GO,Centro-Oeste,paid_social,55+
C00462,2025-11-25,RJ,Sudeste,email,25-34
C00463,2025-07-24,PE,Nordeste,paid_social,35-44
C00464,2025-08-25,MG,Sudeste,organic_search,25-34
C00465,2025-09-20,AL,Nordeste,organic_search,25-34
C00466,2025-07-24,SC,Sul,organic_search,35-44
C00467,2025-09-26,RJ,Sudeste,paid_social,35-44
C00468,2025-11-13,CE,Nordeste,referral,35-44
C00469,2025-06-09,BA,Nordeste,organic_search,25-34
C00470,2025-02-02,PR,Sul,organic_search,25-34
C00471,2025-05-06,RS,Sul,paid_social,25-34
C00472,2025-06-19,SP,Sudeste,google_ads,35-44
C00473,2025-08-08,PE,Nordeste,organic_search,35-44
C00474,2025-03-12,RJ,Sudeste,paid_social,55+
C00475,2024-12-17,RJ,Sudeste,paid_social,35-44
C00476,2025-05-05,CE,Nordeste,paid_social,25-34
C00477,2025-09-28,SP,Sudeste,email,45-54
C00478,2025-10-02,MA,Nordeste,google_ads,18-24
C00479,2025-05-12,MG,Sudeste,referral,18-24
C00480,2025-11-11,BA,Nordeste,organic_search,18-24
C00481,2025-06-04,TO,Norte,google_ads,25-34
C00482,2025-10-07,PA,Norte,google_ads,25-34
C00483,2025-05-08,SP,Sudeste,paid_social,25-34
C00484,2025-06-18,BA,Nordeste,email,35-44
C00485,2025-06-06,PA,Norte,referral,18-24
C00486,2025-09-13,AM,Norte,organic_search,35-44
C00487,2025-02-09,TO,Norte,referral,18-24
C00488,2025-06-30,AC,Norte,email,18-24
C00489,2025-09-02,MG,Sudeste,google_ads,18-24
C00490,2025-10-05,SP,Sudeste,organic_search,25-34
C00491,2024-12-04,BA,Nordeste,email,35-44
C00492,2025-02-22,MG,Sudeste,google_ads,35-44
C00493,2025-11-12,PA,Norte,email,55+
C00494,2025-04-25,MG,Sudeste,google_ads,18-24
C00495,2025-03-18,PR,Sul,email,45-54
C00496,2025-09-13,PA,Norte,google_ads,25-34
C00497,2025-08-19,PR,Sul,organic_search,45-54
C00498,2025-08-09,SP,Sudeste,google_ads,25-34
C00499,2025-08-28,BA,Nordeste,organic_search,35-44
C00500,2025-10-20,PR,Sul,paid_social,25-34
C00501,2025-11-03,BA,Nordeste,google_ads,35-44
C00502,2025-11-21,SP,Sudeste,paid_social,18-24
C00503,2025-09-15,DF,Centro-Oeste,organic_search,35-44
C00504,2024-12-29,SP,Sudeste,paid_social,18-24
C00505,2025-06-08,SP,Sudeste,google_ads,25-34
C00506,2025-10-12,MG,Sudeste,email,25-34
C00507,2025-11-02,RS,Sul,email,45-54
C00508,2025-11-16,PR,Sul,organic_search,45-54
C00509,2025-10-18,PR,Sul,organic_search,35-44
C00510,2024-12-17,BA,Nordeste,organic_search,18-24
C00511,2024-12-26,PE,Nordeste,paid_social,45-54
C00512,2025-07-04,SP,Sudeste,google_ads,45-54
C00513,2025-09-22,RS,Sul,paid_social,55+
C00514,2025-12-02,RN,Nordeste,paid_social,25-34
C00515,2025-07-13,SC,Sul,email,35-44
C00516,2025-06-07,SP,Sudeste,paid_social,25-34
C00517,2025-07-07,PE,Nordeste,organic_search,25-34
C00518,2025-01-28,SP,Sudeste,email,45-54
C00519,2025-05-05,RJ,Sudeste,organic_search,35-44
C00520,2025-09-22,SP,Sudeste,referral,55+
C00521,2025-02-25,MS,Centro-Oeste,organic_search,45-54
C00522,2025-03-22,PA,Norte,referral,45-54
C00523,2024-12-22,MT,Centro-Oeste,paid_social,25-34
C00524,2025-09-02,CE,Nordeste,organic_search,18-24
C00525,2025-06-28,SP,Sudeste,organic_search,25-34
C00526,2025-07-31,SP,Sudeste,paid_social,35-44
C00527,2024-10-27,MS,Centro-Oeste,paid_social,25-34
C00528,2025-10-05,SC,Sul,google_ads,25-34
C00529,2025-06-15,MG,Sudeste,referral,18-24
C00530,2025-11-26,RS,Sul,paid_social,35-44
C00531,2025-05-16,SP,Sudeste,google_ads,25-34
C00532,2025-10-03,BA,Nordeste,google_ads,25-34
C00533,2025-03-05,MG,Sudeste,paid_social,25-34
C00534,2025-04-19,SP,Sudeste,organic_search,55+
C00535,2025-06-01,MG,Sudeste,google_ads,45-54
C00536,2025-01-15,RJ,Sudeste,paid_social,25-34
C00537,2025-08-02,SC,Sul,email,55+
C00538,2025-05-05,AL,Nordeste,google_ads,35-44
C00539,2025-03-14,PR,Sul,organic_search,45-54
C00540,2025-07-09,RS,Sul,google_ads,18-24
C00541,2025-06-01,PB,Nordeste,paid_social,25-34
C00542,2025-10-18,CE,Nordeste,organic_search,25-34
C00543,2025-06-16,RJ,Sudeste,organic_search,35-44
C00544,2025-05-09,GO,Centro-Oeste,organic_search,25-34
C00545,2025-02-02,RJ,Sudeste,google_ads,25-34
C00546,2025-09-01,SP,Sudeste,paid_social,35-44
C00547,2025-06-11,RJ,Sudeste,email,25-34
C00548,2025-07-29,MG,Sudeste,google_ads,25-34
C00549,2025-10-06,AL,Nordeste,organic_search,25-34
C00550,2025-08-22,BA,Nordeste,email,35-44
C00551,2024-11-04,BA,Nordeste,referral,18-24
C00552,2025-07-31,SE,Nordeste,referral,25-34
C00553,2025-07-27,RO,Norte,email,25-34
C00554,2025-11-08,CE,Nordeste,organic_search,25-34
C00555,2025-10-03,SP,Sudeste,referral,25-34
C00556,2025-07-08,MG,Sudeste,organic_search,25-34
C00557,2025-09-06,RN,Nordeste,google_ads,35-44
C00558,2025-11-28,PI,Nordeste,referral,35-44
C00559,2025-08-11,SP,Sudeste,referral,25-34
C00560,2025-03-11,RS,Sul,paid_social,25-34
C00561,2025-09-24,GO,Centro-Oeste,organic_search,35-44
C00562,2025-11-16,GO,Centro-Oeste,organic_search,45-54
C00563,2025-05-17,MG,Sudeste,google_ads,55+
C00564,2025-11-16,RJ,Sudeste,paid_social,18-24
C00565,2025-09-18,SP,Sudeste,email,25-34
C00566,2025-09-28,RJ,Sudeste,referral,25-34
C00567,2025-05-21,MA,Nordeste,paid_social,18-24
C00568,2025-05-03,MG,Sudeste,google_ads,25-34
C00569,2025-04-30,SP,Sudeste,paid_social,35-44
C00570,2025-09-17,SP,Sudeste,organic_search,55+
C00571,2025-10-24,RJ,Sudeste,referral,25-34
C00572,2025-09-10,SP,Sudeste,organic_search,25-34
C00573,2025-10-23,MG,Sudeste,paid_social,45-54
C00574,2024-12-11,PI,Nordeste,paid_social,25-34
C00575,2025-09-03,ES,Sudeste,organic_search,25-34
C00576,2025-05-02,MG,Sudeste,google_ads,18-24
C00577,2025-11-11,RJ,Sudeste,referral,35-44
C00578,2025-11-16,PR,Sul,paid_social,25-34
C00579,2025-08-29,SP,Sudeste,google_ads,55+
C00580,2025-09-19,SP,Sudeste,organic_search,25-34
C00581,2025-04-08,RJ,Sudeste,referral,45-54
C00582,2025-06-14,SP,Sudeste,paid_social,35-44
C00583,2025-06-26,RJ,Sudeste,google_ads,25-34
C00584,2025-09-09,BA,Nordeste,email,25-34
C00585,2025-10-22,SP,Sudeste,organic_search,18-24
C00586,2025-11-11,PE,Nordeste,google_ads,25-34
C00587,2024-12-07,SP,Sudeste,email,18-24
C00588,2025-10-31,RS,Sul,organic_search,55+
C00589,2025-08-19,BA,Nordeste,organic_search,35-44
C00590,2025-07-24,RJ,Sudeste,organic_search,55+
C00591,2025-09-14,PR,Sul,organic_search,35-44
C00592,2025-10-27,MA,Nordeste,paid_social,25-34
C00593,2025-07-29,RN,Nordeste,referral,25-34
C00594,2025-09-05,BA,Nordeste,email,45-54
C00595,2025-10-15,GO,Centro-Oeste,paid_social,25-34
C00596,2025-05-06,RS,Sul,paid_social,35-44
C00597,2025-01-26,SC,Sul,organic_search,55+
C00598,2025-09-04,MG,Sudeste,referral,25-34
C00599,2025-02-10,SP,Sudeste,google_ads,25-34
C00600,2025-09-16,CE,Nordeste,email,18-24
C00601,2025-05-16,SP,Sudeste,referral,25-34
C00602,2025-08-31,MG,Sudeste,referral,18-24
C00603,2025-02-22,ES,Sudeste,organic_search,35-44
C00604,2025-03-12,SP,Sudeste,organic_search,55+
C00605,2025-05-31,RJ,Sudeste,email,18-24
C00606,2025-06-30,PE,Nordeste,google_ads,18-24
C00607,2025-03-06,BA,Nordeste,organic_search,25-34
C00608,2025-06-06,BA,Nordeste,paid_social,45-54
C00609,2024-11-21,CE,Nordeste,referral,35-44
C00610,2025-05-09,RJ,Sudeste,email,45-54
C00611,2025-11-29,SP,Sudeste,organic_search,25-34
C00612,2025-04-10,RO,Norte,organic_search,35-44
C00613,2025-04-04,RS,Sul,paid_social,25-34
C00614,2025-08-05,RN,Nordeste,organic_search,18-24
C00615,2025-01-01,SC,Sul,organic_search,45-54
C00616,2025-08-11,RJ,Sudeste,google_ads,45-54
C00617,2025-05-17,SP,Sudeste,paid_social,55+
C00618,2025-03-11,RJ,Sudeste,paid_social,25-34
C00619,2025-10-05,SP,Sudeste,organic_search,35-44
C00620,2025-10-21,SP,Sudeste,google_ads,45-54
C00621,2025-05-04,BA,Nordeste,google_ads,18-24
C00622,2025-10-27,RJ,Sudeste,referral,45-54
C00623,2025-02-19,CE,Nordeste,email,35-44
C00624,2025-03-02,CE,Nordeste,referral,45-54
C00625,2025-10-02,PB,Nordeste,google_ads,25-34
C00626,2025-01-03,PE,Nordeste,email,25-34
C00627,2024-12-19,CE,Nordeste,organic_search,25-34
C00628,2025-11-08,RJ,Sudeste,google_ads,25-34
C00629,2024-12-05,RS,Sul,google_ads,35-44
C00630,2025-02-16,GO,Centro-Oeste,email,45-54
C00631,2025-09-27,MG,Sudeste,google_ads,35-44
C00632,2025-08-17,SP,Sudeste,organic_search,25-34
C00633,2025-10-20,RJ,Sudeste,google_ads,18-24
C00634,2025-01-14,GO,Centro-Oeste,paid_social,18-24
C00635,2025-04-11,SP,Sudeste,referral,25-34
C00636,2025-02-13,SP,Sudeste,paid_social,45-54
C00637,2025-05-12,CE,Nordeste,paid_social,45-54
C00638,2025-10-10,PB,Nordeste,google_ads,35-44
C00639,2025-12-06,RS,Sul,google_ads,55+
C00640,2024-11-28,SP,Sudeste,paid_social,25-34
C00641,2025-03-29,RJ,Sudeste,organic_search,25-34
C00642,2025-04-19,PR,Sul,organic_search,18-24
C00643,2025-11-24,MG,Sudeste,google_ads,25-34
C00644,2025-11-15,CE,Nordeste,paid_social,25-34
C00645,2025-08-11,MA,Nordeste,email,35-44
C00646,2025-07-24,SC,Sul,google_ads,18-24
C00647,2025-07-23,GO,Centro-Oeste,paid_social,25-34
C00648,2025-04-23,SP,Sudeste,paid_social,25-34
C00649,2025-10-15,MG,Sudeste,google_ads,25-34
C00650,2025-02-13,SP,Sudeste,paid_social,25-34
C00651,2024-12-09,RJ,Sudeste,organic_search,25-34
C00652,2025-07-19,SC,Sul,email,35-44
C00653,2025-02-14,GO,Centro-Oeste,paid_social,45-54
C00654,2025-04-09,MS,Centro-Oeste,email,45-54
C00655,2025-03-01,RJ,Sudeste,paid_social,55+
C00656,2025-01-28,PR,Sul,referral,45-54
C00657,2024-12-26,SP,Sudeste,paid_social,45-54
C00658,2025-05-17,CE,Nordeste,google_ads,55+
C00659,2025-10-20,MT,Centro-Oeste,paid_social,35-44
C00660,2025-05-09,MT,Centro-Oeste,email,25-34
C00661,2025-10-11,SC,Sul,email,35-44
C00662,2025-02-08,RJ,Sudeste,google_ads,35-44
C00663,2025-12-10,RJ,Sudeste,paid_social,45-54
C00664,2025-10-09,AP,Norte,organic_search,25-34
C00665,2025-06-14,SC,Sul,email,25-34
C00666,2025-10-16,RJ,Sudeste,referral,35-44
C00667,2025-08-27,PE,Nordeste,paid_social,45-54
C00668,2025-01-12,SC,Sul,organic_search,35-44
C00669,2025-12-08,PE,Nordeste,organic_search,35-44
C00670,2025-10-08,PR,Sul,paid_social,25-34
C00671,2025-06-18,RJ,Sudeste,organic_search,45-54
C00672,2024-12-07,PR,Sul,paid_social,25-34
C00673,2025-08-12,SP,Sudeste,organic_search,18-24
C00674,2025-10-24,ES,Sudeste,paid_social,55+
C00675,2025-05-18,RJ,Sudeste,google_ads,55+
C00676,2025-07-24,ES,Sudeste,google_ads,35-44
C00677,2025-01-04,AP,Norte,paid_social,35-44
C00678,2025-11-29,AM,Norte,google_ads,18-24
C00679,2025-03-27,RS,Sul,organic_search,35-44
C00680,2025-11-02,MG,Sudeste,google_ads,45-54
C00681,2025-07-24,BA,Nordeste,paid_social,18-24
C00682,2025-03-24,SP,Sudeste,organic_search,45-54
C00683,2025-01-19,CE,Nordeste,organic_search,18-24
C00684,2025-02-02,DF,Centro-Oeste,google_ads,25-34
C00685,2025-06-28,SP,Sudeste,paid_social,35-44
C00686,2025-10-02,BA,Nordeste,email,35-44
C00687,2025-07-23,MS,Centro-Oeste,google_ads,25-34
C00688,2025-08-10,SP,Sudeste,organic_search,45-54
C00689,2025-08-24,RJ,Sudeste,paid_social,45-54
C00690,2025-07-06,SP,Sudeste,paid_social,25-34
C00691,2025-04-30,RO,Norte,google_ads,35-44
C00692,2025-11-13,SP,Sudeste,organic_search,25-34
C00693,2025-07-07,RS,Sul,google_ads,45-54
C00694,2025-04-28,BA,Nordeste,paid_social,35-44
C00695,2024-11-27,PE,Nordeste,google_ads,45-54
C00696,2025-12-18,BA,Nordeste,referral,35-44
C00697,2025-08-17,RJ,Sudeste,referral,25-34
C00698,2025-11-07,PA,Norte,google_ads,35-44
C00699,2025-09-08,PE,Nordeste,organic_search,25-34
C00700,2025-04-04,RJ,Sudeste,google_ads,35-44
C00701,2025-11-06,GO,Centro-Oeste,google_ads,55+
C00702,2025-10-06,RJ,Sudeste,paid_social,35-44
C00703,2025-05-11,PR,Sul,paid_social,35-44
C00704,2025-09-04,SC,Sul,email,25-34
C00705,2025-01-22,DF,Centro-Oeste,email,55+
C00706,2025-02-27,SP,Sudeste,organic_search,35-44
C00707,2025-07-27,PA,Norte,google_ads,25-34
C00708,2025-04-17,RJ,Sudeste,organic_search,25-34
C00709,2025-10-29,BA,Nordeste,organic_search,35-44
C00710,2025-11-21,MG,Sudeste,paid_social,25-34
C00711,2025-07-10,AP,Norte,referral,25-34
C00712,2025-07-24,MG,Sudeste,email,35-44
C00713,2025-12-06,MS,Centro-Oeste,paid_social,18-24
C00714,2024-10-10,MS,Centro-Oeste,organic_search,55+
C00715,2025-05-12,MG,Sudeste,organic_search,25-34
C00716,2025-06-08,PA,Norte,organic_search,18-24
C00717,2025-08-13,SP,Sudeste,google_ads,25-34
C00718,2025-11-16,CE,Nordeste,organic_search,25-34
C00719,2025-12-08,MG,Sudeste,google_ads,45-54
C00720,2024-12-20,GO,Centro-Oeste,paid_social,18-24
C00721,2025-02-25,SC,Sul,referral,25-34
C00722,2025-07-17,TO,Norte,referral,45-54
C00723,2025-08-21,RJ,Sudeste,google_ads,25-34
C00724,2025-04-09,MG,Sudeste,email,25-34
C00725,2025-12-11,PE,Nordeste,paid_social,25-34
C00726,2025-01-30,SC,Sul,paid_social,25-34
C00727,2025-10-29,SC,Sul,google_ads,35-44
C00728,2025-09-21,RJ,Sudeste,organic_search,25-34
C00729,2025-03-07,RJ,Sudeste,google_ads,35-44
C00730,2025-02-21,SP,Sudeste,email,18-24
C00731,2025-11-30,PR,Sul,paid_social,18-24
C00732,2025-08-13,RS,Sul,google_ads,45-54
C00733,2025-09-07,MA,Nordeste,referral,18-24
C00734,2025-02-22,SP,Sudeste,google_ads,35-44
C00735,2025-02-02,SP,Sudeste,google_ads,45-54
C00736,2025-10-18,PE,Nordeste,email,18-24
C00737,2025-10-07,PE,Nordeste,organic_search,45-54
C00738,2025-08-08,MG,Sudeste,paid_social,35-44
C00739,2025-07-19,SE,Nordeste,paid_social,35-44
C00740,2025-07-08,SP,Sudeste,google_ads,25-34
C00741,2025-09-22,PE,Nordeste,organic_search,45-54
C00742,2025-06-01,MG,Sudeste,organic_search,35-44
C00743,2025-02-23,PB,Nordeste,organic_search,25-34
C00744,2025-07-10,RJ,Sudeste,google_ads,45-54
C00745,2025-02-12,RN,Nordeste,organic_search,45-54
C00746,2025-04-01,PR,Sul,organic_search,25-34
C00747,2025-11-09,BA,Nordeste,organic_search,18-24
C00748,2025-07-12,RS,Sul,organic_search,25-34
C00749,2025-05-17,MG,Sudeste,paid_social,35-44
C00750,2025-11-07,BA,Nordeste,paid_social,25-34
C00751,2025-03-27,SP,Sudeste,google_ads,18-24
C00752,2025-01-03,MG,Sudeste,google_ads,35-44
C00753,2025-08-07,PA,Norte,referral,45-54
C00754,2025-02-08,RJ,Sudeste,organic_search,35-44
C00755,2025-02-05,SP,Sudeste,organic_search,35-44
C00756,2025-08-31,SP,Sudeste,referral,25-34
C00757,2025-04-27,BA,Nordeste,organic_search,45-54
C00758,2025-03-31,SP,Sudeste,google_ads,25-34
C00759,2024-11-10,RS,Sul,email,25-34
C00760,2025-11-27,SP,Sudeste,google_ads,25-34
C00761,2025-04-16,MG,Sudeste,referral,25-34
C00762,2025-09-26,MT,Centro-Oeste,organic_search,35-44
C00763,2025-03-07,SP,Sudeste,google_ads,55+
C00764,2025-09-22,MG,Sudeste,google_ads,45-54
C00765,2024-11-22,RN,Nordeste,organic_search,55+
C00766,2025-07-02,BA,Nordeste,organic_search,35-44
C00767,2025-09-23,SP,Sudeste,referral,25-34
C00768,2025-05-08,SC,Sul,referral,25-34
C00769,2025-01-30,AP,Norte,email,25-34
C00770,2025-09-28,GO,Centro-Oeste,paid_social,35-44
C00771,2024-12-01,RJ,Sudeste,organic_search,18-24
C00772,2025-05-01,MT,Centro-Oeste,organic_search,25-34
C00773,2025-10-18,SP,Sudeste,email,35-44
C00774,2025-03-25,PR,Sul,referral,55+
C00775,2025-12-03,SC,Sul,organic_search,25-34
C00776,2025-10-10,BA,Nordeste,paid_social,18-24
C00777,2025-02-25,RJ,Sudeste,google_ads,55+
C00778,2025-06-24,GO,Centro-Oeste,referral,25-34
C00779,2025-03-11,MG,Sudeste,paid_social,25-34
C00780,2025-11-04,SP,Sudeste,paid_social,25-34
C00781,2025-01-01,RJ,Sudeste,organic_search,25-34
C00782,2025-07-22,GO,Centro-Oeste,referral,25-34
C00783,2025-04-26,MG,Sudeste,google_ads,25-34
C00784,2024-11-26,PE,Nordeste,google_ads,25-34
C00785,2024-11-10,PE,Nordeste,email,45-54
C00786,2025-04-10,AP,Norte,referral,35-44
C00787,2025-08-26,BA,Nordeste,organic_search,45-54
C00788,2025-07-10,RJ,Sudeste,google_ads,35-44
C00789,2025-09-04,RS,Sul,google_ads,25-34
C00790,2024-12-06,SP,Sudeste,paid_social,35-44
C00791,2025-09-27,MT,Centro-Oeste,organic_search,18-24
C00792,2025-09-25,SC,Sul,organic_search,25-34
C00793,2025-01-27,SP,Sudeste,referral,25-34
C00794,2025-06-04,SP,Sudeste,google_ads,35-44
C00795,2024-10-21,AL,Nordeste,google_ads,55+
C00796,2025-04-30,PR,Sul,google_ads,25-34
C00797,2025-10-26,SP,Sudeste,referral,35-44
C00798,2025-08-27,PA,Norte,google_ads,25-34
C00799,2025-11-04,CE,Nordeste,paid_social,55+
C00800,2025-07-30,DF,Centro-Oeste,paid_social,25-34
C00801,2025-11-03,MA,Nordeste,referral,25-34
C00802,2025-02-01,SP,Sudeste,organic_search,35-44
C00803,2025-10-19,SP,Sudeste,organic_search,35-44
C00804,2025-09-05,PR,Sul,organic_search,18-24
C00805,2025-11-24,MG,Sudeste,paid_social,55+
C00806,2025-09-29,SC,Sul,organic_search,18-24
C00807,2025-03-25,AP,Norte,organic_search,25-34
C00808,2025-04-28,RJ,Sudeste,referral,25-34
C00809,2025-05-08,ES,Sudeste,paid_social,55+
C00810,2025-01-17,SP,Sudeste,organic_search,18-24
C00811,2025-11-17,SC,Sul,organic_search,55+
C00812,2025-09-27,PR,Sul,organic_search,25-34
C00813,2025-04-16,PE,Nordeste,referral,25-34
C00814,2025-10-08,RJ,Sudeste,paid_social,25-34
C00815,2025-04-22,SP,Sudeste,google_ads,35-44
C00816,2025-08-15,RS,Sul,google_ads,18-24
C00817,2025-09-24,AP,Norte,email,35-44
C00818,2024-12-17,PE,Nordeste,google_ads,45-54
C00819,2025-04-24,SP,Sudeste,organic_search,25-34
C00820,2025-04-08,MG,Sudeste,email,35-44
C00821,2025-10-13,SP,Sudeste,paid_social,35-44
C00822,2025-05-22,RJ,Sudeste,paid_social,45-54
C00823,2025-02-20,PR,Sul,organic_search,25-34
C00824,2025-07-07,PA,Norte,organic_search,35-44
C00825,2025-03-29,MG,Sudeste,organic_search,35-44
C00826,2025-01-07,MT,Centro-Oeste,google_ads,35-44
C00827,2025-01-29,RS,Sul,google_ads,45-54
C00828,2025-01-20,AP,Norte,referral,35-44
C00829,2025-05-05,MG,Sudeste,email,18-24
C00830,2025-11-29,MT,Centro-Oeste,google_ads,25-34
C00831,2025-10-04,SP,Sudeste,referral,35-44
C00832,2024-11-19,RJ,Sudeste,organic_search,18-24
C00833,2025-01-28,PR,Sul,paid_social,25-34
C00834,2025-11-14,RJ,Sudeste,organic_search,18-24
C00835,2025-10-15,SP,Sudeste,organic_search,25-34
C00836,2025-09-11,AM,Norte,referral,35-44
C00837,2025-05-25,SP,Sudeste,email,35-44
C00838,2025-10-31,DF,Centro-Oeste,paid_social,25-34
C00839,2025-09-23,ES,Sudeste,google_ads,18-24
C00840,2025-08-07,GO,Centro-Oeste,paid_social,55+
C00841,2025-10-29,RS,Sul,google_ads,25-34
C00842,2025-09-17,SC,Sul,paid_social,25-34
C00843,2025-11-18,BA,Nordeste,organic_search,45-54
C00844,2025-06-25,SP,Sudeste,paid_social,45-54
C00845,2025-06-10,PR,Sul,google_ads,45-54
C00846,2025-01-28,MT,Centro-Oeste,organic_search,45-54
C00847,2025-03-18,RS,Sul,organic_search,18-24
C00848,2025-08-15,RJ,Sudeste,organic_search,25-34
C00849,2025-10-27,SC,Sul,google_ads,18-24
C00850,2025-12-17,BA,Nordeste,referral,25-34
C00851,2025-08-14,RO,Norte,google_ads,18-24
C00852,2025-06-03,SP,Sudeste,google_ads,35-44
C00853,2025-08-13,SP,Sudeste,email,25-34
C00854,2025-09-04,AM,Norte,referral,45-54
C00855,2025-05-17,SP,Sudeste,google_ads,25-34
C00856,2025-09-20,SP,Sudeste,paid_social,25-34
C00857,2025-12-02,DF,Centro-Oeste,google_ads,35-44
C00858,2025-11-29,PE,Nordeste,google_ads,25-34
C00859,2025-05-30,GO,Centro-Oeste,google_ads,18-24
C00860,2025-06-04,PR,Sul,organic_search,25-34
C00861,2025-10-08,TO,Norte,google_ads,25-34
C00862,2025-08-23,RS,Sul,paid_social,18-24
C00863,2025-07-28,RJ,Sudeste,organic_search,18-24
C00864,2025-11-04,SP,Sudeste,paid_social,25-34
C00865,2025-08-31,MA,Nordeste,organic_search,18-24
C00866,2025-02-17,AL,Nordeste,organic_search,45-54
C00867,2025-07-13,RJ,Sudeste,google_ads,25-34
C00868,2025-07-13,MG,Sudeste,paid_social,45-54
C00869,2025-11-06,SP,Sudeste,google_ads,45-54
C00870,2025-11-13,GO,Centro-Oeste,email,45-54
C00871,2025-06-09,MG,Sudeste,organic_search,45-54
C00872,2025-07-22,MG,Sudeste,email,18-24
C00873,2025-10-13,MT,Centro-Oeste,google_ads,25-34
C00874,2025-10-13,SP,Sudeste,organic_search,35-44
C00875,2025-10-09,RJ,Sudeste,paid_social,35-44
C00876,2025-10-02,TO,Norte,paid_social,25-34
C00877,2025-09-22,MA,Nordeste,paid_social,18-24
C00878,2025-09-23,AC,Norte,google_ads,35-44
C00879,2025-05-17,RN,Nordeste,referral,35-44
C00880,2025-02-28,PR,Sul,organic_search,25-34
C00881,2025-07-05,RJ,Sudeste,google_ads,35-44
C00882,2025-06-08,SE,Nordeste,paid_social,18-24
C00883,2025-08-14,SP,Sudeste,paid_social,25-34
C00884,2025-07-06,MS,Centro-Oeste,google_ads,55+
C00885,2025-10-09,SP,Sudeste,google_ads,25-34
C00886,2025-10-15,PE,Nordeste,organic_search,25-34
C00887,2024-12-30,PE,Nordeste,google_ads,45-54
C00888,2025-04-16,SP,Sudeste,paid_social,18-24
C00889,2025-09-14,SP,Sudeste,organic_search,35-44
C00890,2025-08-18,RJ,Sudeste,google_ads,35-44
C00891,2025-02-15,CE,Nordeste,organic_search,45-54
C00892,2025-09-19,CE,Nordeste,organic_search,35-44
C00893,2025-09-07,CE,Nordeste,google_ads,25-34
C00894,2025-09-29,RS,Sul,organic_search,35-44
C00895,2025-05-31,RJ,Sudeste,google_ads,25-34
C00896,2025-11-08,DF,Centro-Oeste,google_ads,25-34
C00897,2025-08-11,DF,Centro-Oeste,referral,25-34
C00898,2025-10-11,RS,Sul,paid_social,45-54
C00899,2025-01-28,SP,Sudeste,google_ads,25-34
C00900,2025-05-17,RJ,Sudeste,google_ads,25-34
C00901,2025-04-27,PR,Sul,referral,45-54
C00902,2025-01-28,RS,Sul,paid_social,25-34
C00903,2025-09-30,MG,Sudeste,organic_search,45-54
C00904,2025-08-15,SP,Sudeste,organic_search,35-44
C00905,2025-11-12,SP,Sudeste,paid_social,25-34
C00906,2025-10-07,RJ,Sudeste,paid_social,55+
C00907,2025-08-27,RN,Nordeste,paid_social,35-44
C00908,2025-01-10,SP,Sudeste,organic_search,35-44
C00909,2025-03-13,RO,Norte,google_ads,35-44
C00910,2025-09-16,MG,Sudeste,google_ads,25-34
C00911,2025-04-05,SP,Sudeste,organic_search,35-44
C00912,2025-09-25,CE,Nordeste,google_ads,18-24
C00913,2025-12-04,SC,Sul,organic_search,35-44
C00914,2025-06-29,RJ,Sudeste,paid_social,45-54
C00915,2025-07-15,BA,Nordeste,google_ads,18-24
C00916,2025-09-20,SP,Sudeste,organic_search,35-44
C00917,2024-12-22,MS,Centro-Oeste,organic_search,25-34
C00918,2025-05-16,BA,Nordeste,email,18-24
C00919,2025-05-09,MG,Sudeste,email,55+
C00920,2025-09-11,BA,Nordeste,organic_search,25-34
C00921,2025-06-28,PB,Nordeste,paid_social,45-54
C00922,2025-11-02,RJ,Sudeste,organic_search,18-24
C00923,2025-04-18,MA,Nordeste,organic_search,35-44
C00924,2025-05-17,MG,Sudeste,organic_search,45-54
C00925,2025-10-08,SP,Sudeste,organic_search,35-44
C00926,2025-09-16,SC,Sul,email,35-44
C00927,2025-08-12,DF,Centro-Oeste,organic_search,25-34
C00928,2025-11-27,SE,Nordeste,paid_social,25-34
C00929,2025-10-31,SP,Sudeste,paid_social,35-44
C00930,2025-08-24,SC,Sul,email,45-54
C00931,2025-08-05,SC,Sul,organic_search,18-24
C00932,2024-12-07,RJ,Sudeste,paid_social,45-54
C00933,2024-12-23,DF,Centro-Oeste,google_ads,35-44
C00934,2025-09-23,MT,Centro-Oeste,referral,35-44
C00935,2025-10-19,RN,Nordeste,paid_social,18-24
C00936,2025-06-27,RN,Nordeste,email,25-34
C00937,2024-12-08,RJ,Sudeste,organic_search,18-24
C00938,2025-03-24,SP,Sudeste,organic_search,25-34
C00939,2025-02-19,SP,Sudeste,email,55+
C00940,2025-10-06,SP,Sudeste,email,45-54
C00941,2025-03-05,RJ,Sudeste,google_ads,35-44
C00942,2025-03-31,MG,Sudeste,paid_social,25-34
C00943,2024-11-12,PR,Sul,email,18-24
C00944,2025-02-21,RS,Sul,referral,25-34
C00945,2025-06-02,RJ,Sudeste,google_ads,35-44
C00946,2025-10-01,SP,Sudeste,google_ads,25-34
C00947,2025-08-05,CE,Nordeste,paid_social,25-34
C00948,2024-12-12,MG,Sudeste,organic_search,55+
C00949,2025-05-31,PA,Norte,paid_social,35-44
C00950,2025-03-02,SP,Sudeste,organic_search,45-54
C00951,2025-11-02,BA,Nordeste,email,25-34
C00952,2025-10-27,SP,Sudeste,google_ads,25-34
C00953,2025-06-03,SP,Sudeste,google_ads,55+
C00954,2025-08-03,MA,Nordeste,organic_search,25-34
C00955,2025-08-18,BA,Nordeste,paid_social,25-34
C00956,2025-07-19,RJ,Sudeste,google_ads,25-34
C00957,2025-10-29,SP,Sudeste,google_ads,35-44
C00958,2025-02-09,SP,Sudeste,paid_social,25-34
C00959,2025-06-01,CE,Nordeste,referral,35-44
C00960,2025-09-18,PA,Norte,paid_social,25-34
C00961,2025-10-11,MG,Sudeste,organic_search,35-44
C00962,2025-04-10,SC,Sul,organic_search,18-24
C00963,2025-01-15,PB,Nordeste,paid_social,25-34
C00964,2025-10-15,RS,Sul,paid_social,35-44
C00965,2024-12-13,ES,Sudeste,paid_social,25-34
C00966,2025-02-21,SP,Sudeste,paid_social,45-54
C00967,2025-11-18,TO,Norte,google_ads,35-44
C00968,2025-07-21,SP,Sudeste,organic_search,18-24
C00969,2025-05-10,SP,Sudeste,organic_search,55+
C00970,2025-09-12,SP,Sudeste,paid_social,45-54
C00971,2025-05-26,AC,Norte,organic_search,18-24
C00972,2025-08-28,SC,Sul,referral,25-34
C00973,2025-06-15,SP,Sudeste,paid_social,55+
C00974,2025-12-10,RN,Nordeste,organic_search,55+
C00975,2025-08-10,RJ,Sudeste,paid_social,55+
C00976,2025-11-29,RJ,Sudeste,organic_search,25-34
C00977,2025-03-07,MG,Sudeste,organic_search,35-44
C00978,2025-10-03,SC,Sul,organic_search,25-34
C00979,2025-05-21,SP,Sudeste,google_ads,35-44
C00980,2025-05-13,RO,Norte,referral,25-34
C00981,2025-08-30,SP,Sudeste,paid_social,35-44
C00982,2025-05-15,PR,Sul,organic_search,18-24
C00983,2025-01-30,RR,Norte,organic_search,25-34
C00984,2025-09-26,SC,Sul,organic_search,45-54
C00985,2025-11-04,MG,Sudeste,paid_social,25-34
C00986,2025-11-08,SP,Sudeste,paid_social,35-44
C00987,2025-08-07,SC,Sul,email,55+
C00988,2025-07-21,GO,Centro-Oeste,email,55+
C00989,2025-11-18,MT,Centro-Oeste,organic_search,25-34
C00990,2025-11-15,CE,Nordeste,google_ads,25-34
C00991,2025-07-30,SP,Sudeste,organic_search,25-34
C00992,2025-01-17,SP,Sudeste,paid_social,25-34
C00993,2025-05-28,AM,Norte,google_ads,35-44
C00994,2025-10-29,RN,Nordeste,paid_social,45-54
C00995,2025-12-13,MG,Sudeste,organic_search,35-44
C00996,2025-10-27,ES,Sudeste,organic_search,25-34
C00997,2025-07-26,SP,Sudeste,google_ads,35-44
C00998,2025-06-26,SP,Sudeste,organic_search,18-24
C00999,2025-11-21,RR,Norte,google_ads,55+
C01000,2025-04-09,PR,Sul,organic_search,55+
C01001,2025-08-26,SP,Sudeste,paid_social,55+
C01002,2025-09-27,SP,Sudeste,organic_search,25-34
C01003,2025-03-24,RJ,Sudeste,google_ads,35-44
C01004,2025-02-19,BA,Nordeste,paid_social,25-34
C01005,2025-03-16,MG,Sudeste,google_ads,55+
C01006,2025-10-11,RS,Sul,paid_social,25-34
C01007,2025-10-15,MG,Sudeste,google_ads,55+
C01008,2025-07-24,MG,Sudeste,organic_search,18-24
C01009,2025-07-13,MG,Sudeste,paid_social,35-44
C01010,2025-10-04,SE,Nordeste,google_ads,25-34
C01011,2025-01-18,MG,Sudeste,paid_social,55+
C01012,2025-09-21,PE,Nordeste,organic_search,35-44
C01013,2025-10-09,RJ,Sudeste,referral,55+
C01014,2025-07-28,SP,Sudeste,google_ads,35-44
C01015,2025-10-25,RJ,Sudeste,organic_search,25-34
C01016,2025-12-07,CE,Nordeste,organic_search,25-34
C01017,2025-01-23,ES,Sudeste,google_ads,45-54
C01018,2025-11-03,AM,Norte,organic_search,45-54
C01019,2024-12-29,MG,Sudeste,google_ads,45-54
C01020,2025-10-26,SP,Sudeste,referral,55+
C01021,2025-10-05,BA,Nordeste,google_ads,18-24
C01022,2025-06-29,RN,Nordeste,organic_search,35-44
C01023,2025-08-16,PE,Nordeste,email,35-44
C01024,2025-09-27,MG,Sudeste,email,55+
C01025,2025-11-03,RS,Sul,paid_social,45-54
C01026,2025-08-18,PB,Nordeste,paid_social,45-54
C01027,2025-10-21,PR,Sul,paid_social,35-44
C01028,2025-05-30,MS,Centro-Oeste,google_ads,55+
C01029,2025-01-01,SP,Sudeste,paid_social,25-34
C01030,2025-09-01,RJ,Sudeste,google_ads,35-44
C01031,2025-07-04,SP,Sudeste,organic_search,35-44
C01032,2025-07-30,CE,Nordeste,organic_search,25-34
C01033,2025-08-19,BA,Nordeste,google_ads,25-34
C01034,2025-06-18,BA,Nordeste,referral,25-34
C01035,2025-05-21,PR,Sul,organic_search,35-44
C01036,2025-09-19,SP,Sudeste,google_ads,25-34
C01037,2025-09-18,RJ,Sudeste,email,55+
C01038,2025-01-19,RN,Nordeste,organic_search,45-54
C01039,2025-06-24,GO,Centro-Oeste,referral,45-54
C01040,2025-08-27,BA,Nordeste,referral,25-34
C01041,2025-07-06,MA,Nordeste,email,18-24
C01042,2025-09-20,RN,Nordeste,google_ads,45-54
C01043,2025-08-19,SE,Nordeste,email,55+
C01044,2025-11-08,BA,Nordeste,paid_social,45-54
C01045,2025-07-23,SP,Sudeste,google_ads,45-54
C01046,2025-01-09,PE,Nordeste,paid_social,18-24
C01047,2025-04-04,CE,Nordeste,paid_social,25-34
C01048,2025-07-24,PI,Nordeste,email,35-44
C01049,2024-12-17,PA,Norte,google_ads,45-54
C01050,2025-10-17,SP,Sudeste,organic_search,35-44
C01051,2024-12-20,MA,Nordeste,google_ads,55+
C01052,2025-01-02,ES,Sudeste,paid_social,18-24
C01053,2025-12-01,SC,Sul,paid_social,18-24
C01054,2025-07-03,PE,Nordeste,paid_social,35-44
C01055,2025-09-13,CE,Nordeste,organic_search,35-44
C01056,2025-01-18,RS,Sul,paid_social,25-34
C01057,2025-09-07,PR,Sul,google_ads,35-44
C01058,2025-03-18,RS,Sul,google_ads,45-54
C01059,2025-07-02,RN,Nordeste,email,55+
C01060,2025-07-06,BA,Nordeste,referral,35-44
C01061,2025-04-06,RR,Norte,google_ads,35-44
C01062,2025-09-05,SC,Sul,google_ads,45-54
C01063,2025-03-16,AL,Nordeste,google_ads,55+
C01064,2025-07-29,SP,Sudeste,paid_social,25-34
C01065,2025-05-16,AP,Norte,organic_search,55+
C01066,2025-08-29,SP,Sudeste,paid_social,25-34
C01067,2025-05-18,PE,Nordeste,organic_search,55+
C01068,2025-11-23,RS,Sul,google_ads,18-24
C01069,2025-09-22,MA,Nordeste,paid_social,18-24
C01070,2025-04-16,MG,Sudeste,google_ads,18-24
C01071,2025-11-05,RJ,Sudeste,google_ads,18-24
C01072,2025-02-12,AP,Norte,google_ads,25-34
C01073,2025-07-19,MS,Centro-Oeste,email,25-34
C01074,2025-03-18,RJ,Sudeste,google_ads,25-34
C01075,2025-07-12,PE,Nordeste,organic_search,55+
C01076,2025-10-17,SP,Sudeste,google_ads,25-34
C01077,2025-10-11,RJ,Sudeste,organic_search,18-24
C01078,2024-12-04,RJ,Sudeste,referral,55+
C01079,2025-11-20,SP,Sudeste,paid_social,18-24
C01080,2025-08-04,MG,Sudeste,paid_social,35-44
C01081,2025-08-20,RJ,Sudeste,paid_social,25-34
C01082,2025-11-25,PB,Nordeste,referral,35-44
C01083,2025-06-08,MG,Sudeste,organic_search,18-24
C01084,2025-09-14,SP,Sudeste,paid_social,35-44
C01085,2025-07-27,PE,Nordeste,paid_social,35-44
C01086,2024-12-05,SP,Sudeste,paid_social,55+
C01087,2024-11-08,AM,Norte,paid_social,35-44
C01088,2025-05-07,RO,Norte,organic_search,55+
C01089,2025-07-25,GO,Centro-Oeste,organic_search,25-34
C01090,2025-09-24,SC,Sul,paid_social,18-24
C01091,2025-03-08,TO,Norte,google_ads,55+
C01092,2025-10-31,RJ,Sudeste,google_ads,18-24
C01093,2025-05-21,RJ,Sudeste,organic_search,18-24
C01094,2024-12-27,BA,Nordeste,google_ads,35-44
C01095,2025-04-11,RJ,Sudeste,google_ads,35-44
C01096,2025-11-09,RS,Sul,email,55+
C01097,2024-12-25,DF,Centro-Oeste,email,55+
C01098,2025-02-26,SC,Sul,organic_search,25-34
C01099,2025-11-22,SP,Sudeste,google_ads,25-34
C01100,2025-07-09,MG,Sudeste,google_ads,55+
C01101,2025-10-06,RJ,Sudeste,paid_social,45-54
C01102,2025-11-26,MG,Sudeste,paid_social,35-44
C01103,2025-08-28,SP,Sudeste,google_ads,18-24
C01104,2025-03-29,SP,Sudeste,organic_search,55+
C01105,2025-06-04,SP,Sudeste,google_ads,45-54
C01106,2025-11-10,CE,Nordeste,paid_social,25-34
C01107,2025-04-19,AM,Norte,google_ads,35-44
C01108,2025-08-11,SP,Sudeste,organic_search,35-44
C01109,2025-03-21,CE,Nordeste,google_ads,25-34
C01110,2025-03-16,AP,Norte,google_ads,35-44
C01111,2025-10-07,PE,Nordeste,paid_social,25-34
C01112,2024-11-02,GO,Centro-Oeste,google_ads,45-54
C01113,2025-09-16,SP,Sudeste,email,35-44
C01114,2025-03-09,AC,Norte,organic_search,45-54
C01115,2025-11-24,RS,Sul,google_ads,35-44
C01116,2025-01-07,MG,Sudeste,paid_social,35-44
C01117,2025-10-29,SP,Sudeste,paid_social,25-34
C01118,2025-09-21,PE,Nordeste,paid_social,25-34
C01119,2025-04-09,PA,Norte,referral,35-44
C01120,2025-10-14,RJ,Sudeste,paid_social,18-24
C01121,2024-11-10,MG,Sudeste,google_ads,35-44
C01122,2025-03-07,RS,Sul,paid_social,18-24
C01123,2024-11-20,MG,Sudeste,google_ads,25-34
C01124,2025-05-20,AP,Norte,referral,55+
C01125,2024-11-13,DF,Centro-Oeste,organic_search,35-44
C01126,2025-05-05,SP,Sudeste,organic_search,35-44
C01127,2025-12-01,RJ,Sudeste,paid_social,35-44
C01128,2025-03-01,PE,Nordeste,paid_social,35-44
C01129,2025-03-29,PA,Norte,organic_search,45-54
C01130,2025-05-10,AC,Norte,organic_search,55+
C01131,2024-11-30,PR,Sul,paid_social,35-44
C01132,2025-09-01,PB,Nordeste,google_ads,18-24
C01133,2025-09-29,RJ,Sudeste,referral,35-44
C01134,2025-03-25,MT,Centro-Oeste,organic_search,35-44
C01135,2025-07-08,AM,Norte,google_ads,35-44
C01136,2025-10-12,RJ,Sudeste,organic_search,35-44
C01137,2025-09-17,PE,Nordeste,paid_social,35-44
C01138,2025-03-01,SP,Sudeste,organic_search,18-24
C01139,2025-10-01,GO,Centro-Oeste,google_ads,35-44
C01140,2025-03-19,PR,Sul,paid_social,35-44
C01141,2025-07-07,MG,Sudeste,paid_social,35-44
C01142,2025-03-25,MG,Sudeste,organic_search,25-34
C01143,2025-10-20,RN,Nordeste,organic_search,35-44
C01144,2025-08-22,ES,Sudeste,google_ads,25-34
C01145,2025-10-25,RS,Sul,google_ads,35-44
C01146,2025-01-13,MG,Sudeste,organic_search,35-44
C01147,2025-11-10,SP,Sudeste,organic_search,18-24
C01148,2025-10-19,RJ,Sudeste,referral,45-54
C01149,2025-03-07,TO,Norte,referral,18-24
C01150,2024-11-29,RJ,Sudeste,paid_social,45-54
C01151,2025-10-12,RJ,Sudeste,paid_social,35-44
C01152,2025-03-08,SP,Sudeste,google_ads,45-54
C01153,2025-06-13,MG,Sudeste,paid_social,45-54
C01154,2025-06-03,PR,Sul,paid_social,18-24
C01155,2025-11-25,RS,Sul,paid_social,25-34
C01156,2025-11-09,SE,Nordeste,google_ads,25-34
C01157,2025-09-26,SP,Sudeste,paid_social,35-44
C01158,2025-04-27,BA,Nordeste,google_ads,25-34
C01159,2025-07-21,SP,Sudeste,referral,35-44
C01160,2025-11-09,SP,Sudeste,organic_search,45-54
C01161,2025-10-24,SP,Sudeste,paid_social,25-34
C01162,2025-05-20,MA,Nordeste,organic_search,25-34
C01163,2025-09-30,RS,Sul,referral,35-44
C01164,2025-01-20,SP,Sudeste,organic_search,45-54
C01165,2025-05-02,PI,Nordeste,google_ads,18-24
C01166,2025-02-24,RJ,Sudeste,paid_social,35-44
C01167,2025-03-19,RJ,Sudeste,email,18-24
C01168,2025-11-11,PR,Sul,google_ads,25-34
C01169,2025-12-06,SP,Sudeste,paid_social,25-34
C01170,2025-09-27,SC,Sul,google_ads,25-34
C01171,2025-10-27,BA,Nordeste,organic_search,18-24
C01172,2025-05-06,PR,Sul,email,18-24
C01173,2025-02-22,PE,Nordeste,paid_social,35-44
C01174,2025-06-24,MG,Sudeste,organic_search,18-24
C01175,2025-05-24,PA,Norte,google_ads,25-34
C01176,2025-10-02,SP,Sudeste,paid_social,35-44
C01177,2025-02-13,PB,Nordeste,email,55+
C01178,2025-09-30,MT,Centro-Oeste,organic_search,35-44
C01179,2025-05-15,RJ,Sudeste,google_ads,45-54
C01180,2025-02-17,RS,Sul,referral,45-54
C01181,2025-10-30,MG,Sudeste,referral,35-44
C01182,2025-01-30,MA,Nordeste,google_ads,25-34
C01183,2025-09-19,RS,Sul,referral,35-44
C01184,2025-06-20,PR,Sul,google_ads,18-24
C01185,2025-08-18,SP,Sudeste,paid_social,25-34
C01186,2025-07-17,RN,Nordeste,paid_social,45-54
C01187,2025-07-15,SP,Sudeste,organic_search,25-34
C01188,2025-01-08,PE,Nordeste,organic_search,25-34
C01189,2025-05-15,PE,Nordeste,organic_search,45-54
C01190,2025-09-08,PR,Sul,paid_social,18-24
C01191,2025-09-12,BA,Nordeste,google_ads,45-54
C01192,2025-09-07,SP,Sudeste,email,35-44
C01193,2025-06-02,MG,Sudeste,organic_search,25-34
C01194,2025-11-18,MA,Nordeste,paid_social,25-34
C01195,2025-09-25,PB,Nordeste,google_ads,25-34
C01196,2025-11-01,SP,Sudeste,paid_social,35-44
C01197,2025-03-29,RJ,Sudeste,email,45-54
C01198,2025-11-14,ES,Sudeste,organic_search,25-34
C01199,2025-01-31,MT,Centro-Oeste,organic_search,45-54
C01200,2025-04-06,BA,Nordeste,google_ads,35-44
C01201,2025-08-03,BA,Nordeste,google_ads,25-34
C01202,2025-02-24,SE,Nordeste,google_ads,35-44
C01203,2025-06-22,BA,Nordeste,organic_search,35-44
C01204,2025-09-01,RS,Sul,organic_search,18-24
C01205,2025-02-11,PB,Nordeste,organic_search,45-54
C01206,2025-05-19,GO,Centro-Oeste,referral,55+
C01207,2024-12-14,MG,Sudeste,google_ads,35-44
C01208,2025-03-20,RJ,Sudeste,google_ads,25-34
C01209,2025-10-03,SP,Sudeste,email,45-54
C01210,2025-04-22,ES,Sudeste,google_ads,45-54
C01211,2025-09-23,PE,Nordeste,paid_social,25-34
C01212,2025-04-11,AL,Nordeste,google_ads,45-54
C01213,2025-09-19,MG,Sudeste,organic_search,18-24
C01214,2025-10-08,RJ,Sudeste,paid_social,18-24
C01215,2025-05-06,PB,Nordeste,paid_social,25-34
C01216,2025-03-14,RJ,Sudeste,google_ads,35-44
C01217,2025-09-13,PA,Norte,paid_social,25-34
C01218,2024-12-03,PR,Sul,email,25-34
C01219,2025-04-02,MA,Nordeste,google_ads,35-44
C01220,2025-08-24,RJ,Sudeste,google_ads,18-24
C01221,2025-12-29,AP,Norte,google_ads,25-34
C01222,2025-08-31,SP,Sudeste,google_ads,25-34
C01223,2025-07-06,MG,Sudeste,email,45-54
C01224,2025-04-23,SP,Sudeste,organic_search,55+
C01225,2025-08-31,TO,Norte,paid_social,35-44
C01226,2025-07-13,PR,Sul,organic_search,35-44
C01227,2025-08-26,MG,Sudeste,organic_search,35-44
C01228,2025-04-16,RS,Sul,organic_search,45-54
C01229,2025-02-15,SE,Nordeste,paid_social,25-34
C01230,2025-04-25,PB,Nordeste,organic_search,55+
C01231,2025-04-08,CE,Nordeste,google_ads,45-54
C01232,2025-07-20,MG,Sudeste,paid_social,25-34
C01233,2025-09-19,SP,Sudeste,organic_search,18-24
C01234,2025-08-22,SP,Sudeste,paid_social,35-44
C01235,2025-11-29,RS,Sul,organic_search,25-34
C01236,2025-07-12,SP,Sudeste,organic_search,25-34
C01237,2025-03-04,CE,Nordeste,organic_search,25-34
C01238,2025-02-18,SC,Sul,email,25-34
C01239,2025-05-21,SP,Sudeste,google_ads,25-34
C01240,2025-01-02,BA,Nordeste,organic_search,55+
C01241,2025-04-11,SP,Sudeste,google_ads,35-44
C01242,2025-02-12,SP,Sudeste,email,35-44
C01243,2025-05-20,SP,Sudeste,google_ads,25-34
C01244,2024-12-08,RS,Sul,paid_social,18-24
C01245,2025-02-20,MA,Nordeste,google_ads,35-44
C01246,2024-12-12,SP,Sudeste,paid_social,35-44
C01247,2024-11-18,MG,Sudeste,paid_social,25-34
C01248,2025-09-27,PB,Nordeste,paid_social,25-34
C01249,2025-10-24,SP,Sudeste,google_ads,35-44
C01250,2025-06-04,MA,Nordeste,google_ads,35-44
C01251,2025-11-23,MA,Nordeste,paid_social,25-34
C01252,2025-11-19,CE,Nordeste,google_ads,25-34
C01253,2025-02-07,RN,Nordeste,organic_search,35-44
C01254,2025-09-24,PA,Norte,paid_social,25-34
C01255,2025-07-13,MG,Sudeste,organic_search,25-34
C01256,2025-10-04,GO,Centro-Oeste,email,35-44
C01257,2025-06-07,GO,Centro-Oeste,email,25-34
C01258,2025-09-27,SC,Sul,email,45-54
C01259,2024-11-06,AM,Norte,paid_social,25-34
C01260,2025-07-22,RS,Sul,referral,18-24
C01261,2025-11-29,BA,Nordeste,google_ads,35-44
C01262,2025-09-10,CE,Nordeste,paid_social,45-54
C01263,2025-02-12,SP,Sudeste,organic_search,25-34
C01264,2025-10-10,SE,Nordeste,google_ads,25-34
C01265,2025-07-11,SP,Sudeste,paid_social,25-34
C01266,2025-07-18,SP,Sudeste,organic_search,45-54
C01267,2025-08-24,SP,Sudeste,paid_social,25-34
C01268,2025-07-23,SP,Sudeste,organic_search,25-34
C01269,2025-08-02,SP,Sudeste,organic_search,25-34
C01270,2025-03-25,PB,Nordeste,paid_social,25-34
C01271,2025-11-26,PE,Nordeste,google_ads,18-24
C01272,2025-09-11,MA,Nordeste,organic_search,35-44
C01273,2025-04-21,RN,Nordeste,google_ads,25-34
C01274,2024-11-20,RJ,Sudeste,google_ads,18-24
C01275,2025-12-07,SP,Sudeste,email,18-24
C01276,2025-08-09,MG,Sudeste,organic_search,25-34
C01277,2025-09-08,RS,Sul,paid_social,45-54
C01278,2025-07-30,BA,Nordeste,google_ads,25-34
C01279,2025-07-10,SP,Sudeste,organic_search,35-44
C01280,2025-07-12,SP,Sudeste,google_ads,25-34
C01281,2025-01-07,SP,Sudeste,organic_search,45-54
C01282,2025-04-15,CE,Nordeste,paid_social,35-44
C01283,2025-11-29,RS,Sul,email,55+
C01284,2025-09-25,RJ,Sudeste,paid_social,35-44
C01285,2025-06-04,MA,Nordeste,organic_search,45-54
C01286,2025-09-27,SP,Sudeste,organic_search,45-54
C01287,2025-08-30,PR,Sul,paid_social,55+
C01288,2025-05-19,SP,Sudeste,organic_search,18-24
C01289,2025-08-11,SP,Sudeste,paid_social,55+
C01290,2025-08-18,RJ,Sudeste,google_ads,45-54
C01291,2025-11-25,CE,Nordeste,google_ads,35-44
C01292,2025-10-31,MG,Sudeste,email,35-44
C01293,2025-07-14,PR,Sul,organic_search,45-54
C01294,2025-03-09,RJ,Sudeste,organic_search,35-44
C01295,2025-05-27,PE,Nordeste,google_ads,35-44
C01296,2025-11-16,SP,Sudeste,paid_social,45-54
C01297,2025-07-08,SP,Sudeste,google_ads,18-24
C01298,2025-09-25,GO,Centro-Oeste,organic_search,45-54
C01299,2025-09-22,RS,Sul,google_ads,45-54
C01300,2025-05-29,SP,Sudeste,email,25-34
C01301,2024-12-21,RS,Sul,paid_social,18-24
C01302,2025-09-06,MT,Centro-Oeste,organic_search,18-24
C01303,2025-11-25,PR,Sul,google_ads,25-34
C01304,2025-10-01,SP,Sudeste,google_ads,45-54
C01305,2025-04-24,BA,Nordeste,organic_search,25-34
C01306,2025-06-16,SP,Sudeste,paid_social,18-24
C01307,2025-08-29,SP,Sudeste,organic_search,25-34
C01308,2025-07-24,PR,Sul,google_ads,55+
C01309,2025-08-10,SC,Sul,paid_social,45-54
C01310,2024-12-18,MS,Centro-Oeste,paid_social,35-44
C01311,2025-03-08,RS,Sul,google_ads,55+
C01312,2025-01-01,AP,Norte,organic_search,35-44
C01313,2025-09-22,AL,Nordeste,referral,35-44
C01314,2024-11-18,GO,Centro-Oeste,email,25-34
C01315,2025-11-13,MG,Sudeste,organic_search,35-44
C01316,2024-10-28,RJ,Sudeste,paid_social,18-24
C01317,2025-11-24,RJ,Sudeste,google_ads,55+
C01318,2025-07-10,SP,Sudeste,email,55+
C01319,2025-02-14,PR,Sul,paid_social,35-44
C01320,2025-09-14,BA,Nordeste,paid_social,35-44
C01321,2025-07-12,MG,Sudeste,organic_search,35-44
C01322,2025-07-20,DF,Centro-Oeste,organic_search,45-54
C01323,2025-06-09,CE,Nordeste,google_ads,45-54
C01324,2025-07-28,PR,Sul,organic_search,18-24
C01325,2025-11-17,RJ,Sudeste,organic_search,25-34
C01326,2025-03-17,BA,Nordeste,organic_search,25-34
C01327,2025-10-14,SP,Sudeste,paid_social,25-34
C01328,2024-11-04,AM,Norte,google_ads,55+
C01329,2025-06-24,SP,Sudeste,paid_social,35-44
C01330,2024-12-28,SP,Sudeste,organic_search,25-34
C01331,2025-03-11,RJ,Sudeste,organic_search,45-54
C01332,2025-02-25,CE,Nordeste,email,25-34
C01333,2025-11-05,RS,Sul,organic_search,35-44
C01334,2025-06-24,RJ,Sudeste,google_ads,45-54
C01335,2025-07-15,PR,Sul,google_ads,25-34
C01336,2025-12-05,SP,Sudeste,organic_search,55+
C01337,2025-04-24,PB,Nordeste,google_ads,45-54
C01338,2025-07-06,SP,Sudeste,paid_social,55+
C01339,2025-03-25,SP,Sudeste,google_ads,55+
C01340,2025-08-07,CE,Nordeste,paid_social,45-54
C01341,2024-11-30,SP,Sudeste,google_ads,35-44
C01342,2025-10-28,RJ,Sudeste,organic_search,25-34
C01343,2025-08-18,MT,Centro-Oeste,google_ads,18-24
C01344,2025-09-20,PR,Sul,google_ads,25-34
C01345,2025-10-02,SP,Sudeste,google_ads,25-34
C01346,2024-11-12,CE,Nordeste,organic_search,25-34
C01347,2025-11-09,ES,Sudeste,organic_search,25-34
C01348,2025-03-07,MG,Sudeste,email,25-34
C01349,2025-03-21,MG,Sudeste,referral,55+
C01350,2025-03-07,CE,Nordeste,google_ads,45-54
C01351,2025-01-31,RJ,Sudeste,paid_social,25-34
C01352,2025-10-03,PR,Sul,organic_search,18-24
C01353,2025-10-28,PR,Sul,google_ads,35-44
C01354,2025-08-25,AP,Norte,email,45-54
C01355,2025-09-27,MA,Nordeste,email,25-34
C01356,2025-08-05,BA,Nordeste,paid_social,55+
C01357,2025-04-30,BA,Nordeste,paid_social,25-34
C01358,2025-01-27,BA,Nordeste,organic_search,25-34
C01359,2025-09-07,PA,Norte,organic_search,45-54
C01360,2025-03-16,MG,Sudeste,google_ads,25-34
C01361,2025-06-03,SP,Sudeste,paid_social,18-24
C01362,2025-01-02,PA,Norte,google_ads,35-44
C01363,2025-11-06,MG,Sudeste,organic_search,45-54
C01364,2025-10-17,MT,Centro-Oeste,organic_search,45-54
C01365,2025-07-26,SP,Sudeste,organic_search,55+
C01366,2025-09-10,SP,Sudeste,paid_social,45-54
C01367,2025-11-10,BA,Nordeste,organic_search,18-24
C01368,2025-03-06,SC,Sul,email,35-44
C01369,2024-11-27,CE,Nordeste,paid_social,35-44
C01370,2025-01-28,RJ,Sudeste,paid_social,35-44
C01371,2025-09-19,SP,Sudeste,google_ads,25-34
C01372,2025-10-15,RJ,Sudeste,paid_social,25-34
C01373,2025-09-27,SC,Sul,organic_search,25-34
C01374,2025-03-03,SC,Sul,paid_social,25-34
C01375,2025-06-02,GO,Centro-Oeste,referral,45-54
C01376,2025-05-19,TO,Norte,google_ads,18-24
C01377,2025-10-01,BA,Nordeste,email,25-34
C01378,2025-09-25,MG,Sudeste,google_ads,18-24
C01379,2025-01-26,RO,Norte,paid_social,25-34
C01380,2025-11-29,PI,Nordeste,google_ads,35-44
C01381,2025-11-22,BA,Nordeste,organic_search,25-34
C01382,2024-12-15,CE,Nordeste,email,25-34
C01383,2025-08-20,PB,Nordeste,google_ads,25-34
C01384,2025-11-02,BA,Nordeste,organic_search,25-34
C01385,2025-11-13,SP,Sudeste,paid_social,45-54
C01386,2025-04-12,BA,Nordeste,google_ads,55+
C01387,2025-03-26,PR,Sul,paid_social,45-54
C01388,2025-04-04,RS,Sul,email,18-24
C01389,2025-10-04,AM,Norte,email,45-54
C01390,2025-09-16,PR,Sul,paid_social,25-34
C01391,2025-03-31,SP,Sudeste,google_ads,25-34
C01392,2025-07-29,AM,Norte,organic_search,35-44
C01393,2025-07-23,MT,Centro-Oeste,referral,45-54
C01394,2025-09-23,BA,Nordeste,organic_search,35-44
C01395,2025-03-04,SP,Sudeste,google_ads,45-54
C01396,2025-12-05,SP,Sudeste,paid_social,45-54
C01397,2025-09-23,SP,Sudeste,paid_social,25-34
C01398,2025-03-27,RS,Sul,organic_search,25-34
C01399,2025-05-08,SP,Sudeste,google_ads,35-44
C01400,2024-12-24,RR,Norte,paid_social,18-24
C01401,2025-05-24,SE,Nordeste,paid_social,45-54
C01402,2025-05-01,MT,Centro-Oeste,paid_social,18-24
C01403,2025-04-24,SP,Sudeste,google_ads,35-44
C01404,2025-05-27,CE,Nordeste,organic_search,45-54
C01405,2025-09-01,RJ,Sudeste,google_ads,45-54
C01406,2025-10-01,RJ,Sudeste,organic_search,35-44
C01407,2025-05-20,AM,Norte,paid_social,25-34
C01408,2025-01-18,RJ,Sudeste,paid_social,45-54
C01409,2025-01-26,CE,Nordeste,paid_social,25-34
C01410,2025-07-19,CE,Nordeste,email,25-34
C01411,2025-09-14,SC,Sul,google_ads,18-24
C01412,2025-06-28,AL,Nordeste,google_ads,45-54
C01413,2025-10-26,DF,Centro-Oeste,google_ads,35-44
C01414,2025-09-12,BA,Nordeste,paid_social,25-34
C01415,2025-06-14,SP,Sudeste,paid_social,35-44
C01416,2025-05-21,PR,Sul,google_ads,25-34
C01417,2025-06-05,MG,Sudeste,google_ads,25-34
C01418,2025-09-22,GO,Centro-Oeste,organic_search,45-54
C01419,2024-12-12,CE,Nordeste,google_ads,25-34
C01420,2025-06-21,AM,Norte,google_ads,35-44
C01421,2025-06-20,CE,Nordeste,google_ads,25-34
C01422,2025-11-06,RJ,Sudeste,google_ads,35-44
C01423,2025-02-04,SP,Sudeste,google_ads,35-44
C01424,2025-11-09,MG,Sudeste,google_ads,55+
C01425,2025-10-07,PI,Nordeste,organic_search,25-34
C01426,2025-06-02,SP,Sudeste,referral,35-44
C01427,2025-07-27,SP,Sudeste,organic_search,35-44
C01428,2025-11-21,SP,Sudeste,organic_search,35-44
C01429,2025-11-18,RJ,Sudeste,paid_social,25-34
C01430,2025-08-03,PR,Sul,organic_search,25-34
C01431,2025-10-08,MT,Centro-Oeste,referral,25-34
C01432,2025-11-06,PE,Nordeste,google_ads,25-34
C01433,2025-12-14,SP,Sudeste,referral,25-34
C01434,2025-01-09,RN,Nordeste,google_ads,45-54
C01435,2025-09-02,PR,Sul,organic_search,25-34
C01436,2025-05-14,RS,Sul,paid_social,35-44
C01437,2025-10-31,SP,Sudeste,google_ads,45-54
C01438,2025-06-05,MT,Centro-Oeste,organic_search,55+
C01439,2025-01-16,RN,Nordeste,email,35-44
C01440,2025-09-06,GO,Centro-Oeste,paid_social,25-34
C01441,2025-11-04,MG,Sudeste,organic_search,55+
C01442,2025-10-24,AM,Norte,google_ads,45-54
C01443,2025-06-21,CE,Nordeste,google_ads,45-54
C01444,2025-11-21,SP,Sudeste,paid_social,35-44
C01445,2025-03-30,MT,Centro-Oeste,google_ads,18-24
C01446,2025-11-03,SP,Sudeste,organic_search,25-34
C01447,2025-09-23,SP,Sudeste,organic_search,45-54
C01448,2025-03-10,CE,Nordeste,referral,45-54
C01449,2025-09-02,PE,Nordeste,organic_search,45-54
C01450,2025-08-12,MG,Sudeste,referral,55+
C01451,2025-11-05,CE,Nordeste,organic_search,25-34
C01452,2025-06-26,PE,Nordeste,google_ads,45-54
C01453,2025-07-09,RJ,Sudeste,google_ads,25-34
C01454,2025-10-08,AP,Norte,google_ads,45-54
C01455,2025-10-04,SP,Sudeste,google_ads,45-54
C01456,2025-02-26,RS,Sul,paid_social,35-44
C01457,2025-04-06,SP,Sudeste,paid_social,25-34
C01458,2025-02-02,PE,Nordeste,referral,25-34
C01459,2025-11-24,RS,Sul,email,45-54
C01460,2025-11-04,SC,Sul,google_ads,25-34
C01461,2024-11-07,PR,Sul,organic_search,25-34
C01462,2025-08-22,MG,Sudeste,referral,45-54
C01463,2025-07-11,MG,Sudeste,paid_social,35-44
C01464,2025-04-28,RS,Sul,google_ads,55+
C01465,2025-08-17,RS,Sul,organic_search,55+
C01466,2025-09-02,RO,Norte,email,25-34
C01467,2025-09-19,MG,Sudeste,paid_social,35-44
C01468,2025-08-31,SP,Sudeste,google_ads,25-34
C01469,2025-09-27,SP,Sudeste,organic_search,45-54
C01470,2025-06-04,SE,Nordeste,email,45-54
C01471,2025-01-09,SP,Sudeste,email,55+
C01472,2025-11-09,CE,Nordeste,email,25-34
C01473,2025-03-18,PA,Norte,paid_social,25-34
C01474,2025-12-08,RJ,Sudeste,paid_social,55+
C01475,2025-09-17,RS,Sul,paid_social,45-54
C01476,2025-10-02,SP,Sudeste,organic_search,55+
C01477,2025-11-06,RS,Sul,email,45-54
C01478,2025-01-02,PB,Nordeste,google_ads,35-44
C01479,2025-07-12,BA,Nordeste,organic_search,25-34
C01480,2025-02-24,RS,Sul,referral,25-34
C01481,2025-09-21,AL,Nordeste,referral,18-24
C01482,2025-04-23,CE,Nordeste,organic_search,45-54
C01483,2025-04-13,PE,Nordeste,google_ads,18-24
C01484,2025-10-11,SP,Sudeste,paid_social,25-34
C01485,2025-10-28,CE,Nordeste,google_ads,55+
C01486,2024-12-27,RJ,Sudeste,google_ads,35-44
C01487,2025-01-12,SE,Nordeste,referral,25-34
C01488,2025-09-14,SP,Sudeste,google_ads,45-54
C01489,2025-02-18,SP,Sudeste,referral,25-34
C01490,2025-03-27,BA,Nordeste,organic_search,25-34
C01491,2024-10-19,SP,Sudeste,google_ads,25-34
C01492,2025-08-20,PR,Sul,organic_search,55+
C01493,2025-03-21,RS,Sul,paid_social,25-34
C01494,2025-10-20,SP,Sudeste,google_ads,35-44
C01495,2025-02-14,PR,Sul,google_ads,55+
C01496,2025-06-25,SP,Sudeste,email,25-34
C01497,2025-02-06,BA,Nordeste,organic_search,18-24
C01498,2025-05-11,CE,Nordeste,email,55+
C01499,2025-09-25,SP,Sudeste,google_ads,35-44
C01500,2025-09-05,PI,Nordeste,paid_social,35-44
C01501,2025-09-04,RJ,Sudeste,paid_social,18-24
C01502,2025-02-20,SP,Sudeste,organic_search,35-44
C01503,2025-07-01,MG,Sudeste,google_ads,25-34
C01504,2025-08-17,PR,Sul,paid_social,25-34
C01505,2025-09-29,SP,Sudeste,organic_search,25-34
C01506,2025-09-09,SP,Sudeste,organic_search,35-44
C01507,2025-06-27,PR,Sul,google_ads,18-24
C01508,2025-10-01,SC,Sul,paid_social,25-34
C01509,2025-01-15,RJ,Sudeste,organic_search,45-54
C01510,2025-08-26,AM,Norte,organic_search,45-54
C01511,2025-08-21,SP,Sudeste,google_ads,45-54
C01512,2025-01-25,SP,Sudeste,paid_social,25-34
C01513,2025-07-02,AC,Norte,organic_search,35-44
C01514,2025-07-15,RJ,Sudeste,email,35-44
C01515,2025-05-14,MG,Sudeste,email,25-34
C01516,2025-03-21,GO,Centro-Oeste,paid_social,18-24
C01517,2025-12-20,RN,Nordeste,google_ads,25-34
C01518,2025-10-27,BA,Nordeste,email,25-34
C01519,2025-09-06,SP,Sudeste,referral,35-44
C01520,2025-11-13,RJ,Sudeste,paid_social,35-44
C01521,2025-11-12,RJ,Sudeste,paid_social,25-34
C01522,2025-09-17,RJ,Sudeste,google_ads,25-34
C01523,2025-10-28,BA,Nordeste,google_ads,45-54
C01524,2024-12-20,ES,Sudeste,paid_social,25-34
C01525,2025-07-24,PE,Nordeste,referral,35-44
C01526,2025-11-23,RO,Norte,organic_search,25-34
C01527,2025-02-11,BA,Nordeste,google_ads,25-34
C01528,2025-05-23,RJ,Sudeste,organic_search,35-44
C01529,2025-10-30,BA,Nordeste,organic_search,25-34
C01530,2025-06-05,MG,Sudeste,organic_search,25-34
C01531,2025-04-16,DF,Centro-Oeste,paid_social,35-44
C01532,2025-04-14,RJ,Sudeste,organic_search,35-44
C01533,2025-07-17,PE,Nordeste,organic_search,25-34
C01534,2025-05-05,DF,Centro-Oeste,google_ads,25-34
C01535,2025-01-12,SP,Sudeste,organic_search,45-54
C01536,2025-09-11,AM,Norte,organic_search,45-54
C01537,2024-12-18,PR,Sul,paid_social,25-34
C01538,2025-09-20,SP,Sudeste,paid_social,35-44
C01539,2025-07-03,PA,Norte,organic_search,45-54
C01540,2025-10-28,PA,Norte,google_ads,55+
C01541,2025-08-31,PR,Sul,email,45-54
C01542,2025-03-01,SP,Sudeste,organic_search,45-54
C01543,2025-10-04,SP,Sudeste,organic_search,45-54
C01544,2025-05-22,SP,Sudeste,google_ads,45-54
C01545,2025-05-14,SP,Sudeste,paid_social,45-54
C01546,2025-11-09,MG,Sudeste,organic_search,35-44
C01547,2025-10-02,GO,Centro-Oeste,email,25-34
C01548,2025-10-09,PE,Nordeste,email,45-54
C01549,2025-11-12,DF,Centro-Oeste,google_ads,45-54
C01550,2025-08-24,SP,Sudeste,paid_social,45-54
C01551,2025-10-25,PE,Nordeste,organic_search,35-44
C01552,2025-09-12,MA,Nordeste,paid_social,25-34
C01553,2025-06-07,SP,Sudeste,referral,25-34
C01554,2025-11-18,MG,Sudeste,email,35-44
C01555,2025-04-26,PR,Sul,organic_search,18-24
C01556,2025-02-04,RN,Nordeste,organic_search,18-24
C01557,2024-11-07,MG,Sudeste,organic_search,25-34
C01558,2025-07-04,PE,Nordeste,email,35-44
C01559,2025-07-08,SP,Sudeste,organic_search,25-34
C01560,2025-08-11,RJ,Sudeste,referral,25-34
C01561,2025-07-17,RR,Norte,organic_search,35-44
C01562,2025-11-08,PE,Nordeste,organic_search,25-34
C01563,2025-03-02,SP,Sudeste,organic_search,25-34
C01564,2025-06-28,SC,Sul,referral,35-44
C01565,2025-09-28,SP,Sudeste,paid_social,25-34
C01566,2025-08-31,MA,Nordeste,google_ads,35-44
C01567,2025-08-24,PR,Sul,referral,25-34
C01568,2025-05-23,SC,Sul,organic_search,55+
C01569,2025-01-14,PB,Nordeste,paid_social,25-34
C01570,2025-01-11,RS,Sul,google_ads,55+
C01571,2025-02-01,PB,Nordeste,paid_social,45-54
C01572,2025-04-16,PR,Sul,organic_search,35-44
C01573,2025-01-21,PR,Sul,email,18-24
C01574,2025-01-01,AC,Norte,paid_social,35-44
C01575,2025-08-18,RJ,Sudeste,organic_search,55+
C01576,2025-09-11,RR,Norte,organic_search,18-24
C01577,2025-11-03,RJ,Sudeste,paid_social,25-34
C01578,2025-08-08,AM,Norte,paid_social,25-34
C01579,2025-05-07,RN,Nordeste,email,35-44
C01580,2025-05-20,RS,Sul,organic_search,18-24
C01581,2025-03-11,AL,Nordeste,organic_search,35-44
C01582,2025-01-14,PB,Nordeste,organic_search,25-34
C01583,2025-10-04,SP,Sudeste,google_ads,45-54
C01584,2024-12-04,SP,Sudeste,paid_social,35-44
C01585,2025-09-18,SP,Sudeste,google_ads,35-44
C01586,2025-09-18,SP,Sudeste,paid_social,18-24
C01587,2025-09-26,PA,Norte,organic_search,35-44
C01588,2025-04-22,BA,Nordeste,paid_social,35-44
C01589,2025-06-30,ES,Sudeste,google_ads,25-34
C01590,2024-12-28,RS,Sul,organic_search,55+
C01591,2025-09-02,PA,Norte,organic_search,45-54
C01592,2025-02-13,SC,Sul,paid_social,35-44
C01593,2025-03-08,MA,Nordeste,referral,25-34
C01594,2025-11-10,RS,Sul,paid_social,55+
C01595,2025-10-09,PI,Nordeste,email,35-44
C01596,2025-03-18,SP,Sudeste,paid_social,35-44
C01597,2024-12-15,PB,Nordeste,google_ads,25-34
C01598,2025-09-29,MG,Sudeste,paid_social,25-34
C01599,2025-08-14,RJ,Sudeste,referral,45-54
C01600,2024-12-11,RN,Nordeste,google_ads,55+
C01601,2025-04-24,SP,Sudeste,google_ads,35-44
C01602,2025-08-02,PE,Nordeste,google_ads,55+
C01603,2025-09-16,MG,Sudeste,organic_search,25-34
C01604,2025-10-29,PR,Sul,organic_search,35-44
C01605,2025-09-23,SP,Sudeste,referral,55+
C01606,2025-03-20,SP,Sudeste,google_ads,45-54
C01607,2025-03-20,PR,Sul,google_ads,35-44
C01608,2025-09-07,BA,Nordeste,google_ads,25-34
C01609,2025-10-16,MG,Sudeste,organic_search,35-44
C01610,2025-11-25,RS,Sul,organic_search,45-54
C01611,2025-11-03,PR,Sul,organic_search,55+
C01612,2025-08-02,MT,Centro-Oeste,paid_social,25-34
C01613,2025-01-16,SP,Sudeste,google_ads,18-24
C01614,2025-11-09,PR,Sul,paid_social,18-24
C01615,2025-11-16,MG,Sudeste,paid_social,55+
C01616,2025-04-24,TO,Norte,organic_search,45-54
C01617,2025-03-02,MG,Sudeste,organic_search,18-24
C01618,2025-04-03,SP,Sudeste,organic_search,35-44
C01619,2025-08-05,DF,Centro-Oeste,google_ads,35-44
C01620,2025-10-11,PI,Nordeste,google_ads,25-34
C01621,2025-07-19,PB,Nordeste,organic_search,55+
C01622,2025-12-18,SP,Sudeste,referral,25-34
C01623,2025-09-26,AP,Norte,referral,35-44
C01624,2025-07-08,SP,Sudeste,paid_social,55+
C01625,2025-07-11,SP,Sudeste,paid_social,18-24
C01626,2024-10-21,SP,Sudeste,paid_social,45-54
C01627,2025-08-08,PA,Norte,paid_social,45-54
C01628,2025-11-18,RJ,Sudeste,paid_social,25-34
C01629,2024-12-30,SP,Sudeste,paid_social,35-44
C01630,2025-08-31,CE,Nordeste,paid_social,18-24
C01631,2025-07-06,PR,Sul,paid_social,25-34
C01632,2025-08-25,PE,Nordeste,paid_social,35-44
C01633,2024-11-02,SP,Sudeste,referral,25-34
C01634,2025-09-28,BA,Nordeste,google_ads,35-44
C01635,2024-12-28,RO,Norte,organic_search,25-34
C01636,2025-05-08,BA,Nordeste,referral,35-44
C01637,2025-02-19,SP,Sudeste,organic_search,35-44
C01638,2025-10-09,BA,Nordeste,paid_social,18-24
C01639,2025-02-08,BA,Nordeste,referral,25-34
C01640,2025-07-03,ES,Sudeste,organic_search,25-34
C01641,2025-10-15,MT,Centro-Oeste,paid_social,25-34
C01642,2025-09-08,TO,Norte,paid_social,45-54
C01643,2025-10-11,MG,Sudeste,google_ads,45-54
C01644,2025-06-05,RN,Nordeste,organic_search,25-34
C01645,2025-01-20,AM,Norte,google_ads,18-24
C01646,2025-07-25,PA,Norte,google_ads,25-34
C01647,2025-10-29,PR,Sul,google_ads,45-54
C01648,2025-09-01,GO,Centro-Oeste,organic_search,18-24
C01649,2025-09-12,SP,Sudeste,organic_search,25-34
C01650,2025-09-25,RJ,Sudeste,paid_social,25-34
C01651,2025-08-21,MG,Sudeste,google_ads,25-34
C01652,2025-01-24,MA,Nordeste,google_ads,18-24
C01653,2025-06-23,MS,Centro-Oeste,email,35-44
C01654,2025-06-18,RN,Nordeste,organic_search,35-44
C01655,2025-02-20,SP,Sudeste,organic_search,25-34
C01656,2025-02-19,ES,Sudeste,google_ads,35-44
C01657,2025-02-19,PE,Nordeste,organic_search,55+
C01658,2025-05-14,SP,Sudeste,paid_social,18-24
C01659,2025-10-01,SP,Sudeste,referral,35-44
C01660,2025-09-02,RR,Norte,organic_search,25-34
C01661,2025-02-16,RJ,Sudeste,email,25-34
C01662,2025-11-20,SP,Sudeste,paid_social,45-54
C01663,2025-10-20,RJ,Sudeste,google_ads,25-34
C01664,2025-03-25,RN,Nordeste,paid_social,18-24
C01665,2025-09-02,RJ,Sudeste,organic_search,35-44
C01666,2025-12-01,DF,Centro-Oeste,organic_search,18-24
C01667,2025-04-29,MG,Sudeste,referral,45-54
C01668,2025-03-29,RS,Sul,email,45-54
C01669,2025-06-03,BA,Nordeste,organic_search,35-44
C01670,2025-05-14,BA,Nordeste,email,55+
C01671,2025-10-23,RJ,Sudeste,organic_search,18-24
C01672,2025-06-22,MS,Centro-Oeste,organic_search,18-24
C01673,2025-09-06,RJ,Sudeste,google_ads,25-34
C01674,2025-04-06,RJ,Sudeste,organic_search,35-44
C01675,2024-10-31,RS,Sul,organic_search,25-34
C01676,2025-05-14,RJ,Sudeste,organic_search,25-34
C01677,2025-04-22,RS,Sul,organic_search,35-44
C01678,2025-05-14,SP,Sudeste,organic_search,18-24
C01679,2025-08-23,SP,Sudeste,referral,55+
C01680,2025-10-23,ES,Sudeste,organic_search,45-54
C01681,2025-05-04,RN,Nordeste,organic_search,25-34
C01682,2025-05-25,MA,Nordeste,paid_social,35-44
C01683,2025-12-12,SP,Sudeste,email,45-54
C01684,2025-04-28,RN,Nordeste,paid_social,35-44
C01685,2025-09-14,PB,Nordeste,email,25-34
C01686,2025-04-16,TO,Norte,email,35-44
C01687,2025-01-30,BA,Nordeste,organic_search,25-34
C01688,2025-08-05,AL,Nordeste,email,25-34
C01689,2025-02-28,TO,Norte,paid_social,25-34
C01690,2025-03-04,PA,Norte,organic_search,35-44
C01691,2025-03-26,PE,Nordeste,google_ads,55+
C01692,2025-07-01,MG,Sudeste,google_ads,55+
C01693,2025-03-05,AM,Norte,paid_social,45-54
C01694,2025-10-29,AL,Nordeste,organic_search,25-34
C01695,2025-09-02,CE,Nordeste,email,45-54
C01696,2025-05-16,RS,Sul,organic_search,35-44
C01697,2025-05-12,RJ,Sudeste,google_ads,55+
C01698,2025-02-05,PR,Sul,organic_search,35-44
C01699,2025-09-14,SP,Sudeste,google_ads,25-34
C01700,2025-06-11,MG,Sudeste,referral,18-24
C01701,2025-05-30,SP,Sudeste,paid_social,55+
C01702,2024-11-22,BA,Nordeste,google_ads,35-44
C01703,2025-07-10,GO,Centro-Oeste,paid_social,55+
C01704,2025-01-15,CE,Nordeste,paid_social,25-34
C01705,2025-10-27,PR,Sul,organic_search,55+
C01706,2025-10-25,SP,Sudeste,organic_search,35-44
C01707,2025-09-01,SP,Sudeste,organic_search,45-54
C01708,2025-06-17,SC,Sul,organic_search,25-34
C01709,2025-10-16,ES,Sudeste,organic_search,45-54
C01710,2025-11-14,RS,Sul,paid_social,25-34
C01711,2025-02-04,AM,Norte,referral,25-34
C01712,2025-10-29,MG,Sudeste,google_ads,45-54
C01713,2025-10-29,GO,Centro-Oeste,email,45-54
C01714,2025-12-23,GO,Centro-Oeste,email,35-44
C01715,2025-03-07,SP,Sudeste,google_ads,35-44
C01716,2025-02-01,SP,Sudeste,organic_search,35-44
C01717,2025-11-19,ES,Sudeste,paid_social,25-34
C01718,2025-11-17,PA,Norte,organic_search,18-24
C01719,2025-10-20,RS,Sul,google_ads,25-34
C01720,2025-09-21,SC,Sul,organic_search,18-24
C01721,2025-05-31,GO,Centro-Oeste,paid_social,35-44
C01722,2025-11-23,SP,Sudeste,organic_search,35-44
C01723,2025-03-29,MT,Centro-Oeste,paid_social,25-34
C01724,2025-01-28,SP,Sudeste,paid_social,25-34
C01725,2025-11-11,PR,Sul,paid_social,45-54
C01726,2025-10-17,RS,Sul,email,35-44
C01727,2025-10-11,DF,Centro-Oeste,paid_social,35-44
C01728,2025-04-13,PR,Sul,paid_social,55+
C01729,2025-05-04,MS,Centro-Oeste,paid_social,25-34
C01730,2025-03-21,PB,Nordeste,referral,18-24
C01731,2025-04-08,MT,Centro-Oeste,paid_social,45-54
C01732,2024-12-29,SP,Sudeste,google_ads,35-44
C01733,2025-09-25,AM,Norte,organic_search,18-24
C01734,2025-03-27,PR,Sul,organic_search,25-34
C01735,2025-06-16,SP,Sudeste,email,25-34
C01736,2025-06-29,CE,Nordeste,organic_search,18-24
C01737,2025-11-24,MS,Centro-Oeste,organic_search,45-54
C01738,2025-11-30,RN,Nordeste,paid_social,18-24
C01739,2025-11-29,AC,Norte,google_ads,18-24
C01740,2025-09-25,SP,Sudeste,organic_search,25-34
C01741,2025-07-14,PE,Nordeste,organic_search,25-34
C01742,2025-09-16,PB,Nordeste,organic_search,25-34
C01743,2025-10-01,GO,Centro-Oeste,paid_social,35-44
C01744,2025-10-18,RS,Sul,organic_search,25-34
C01745,2025-09-08,BA,Nordeste,organic_search,35-44
C01746,2025-01-27,SP,Sudeste,paid_social,18-24
C01747,2025-07-13,RJ,Sudeste,referral,35-44
C01748,2025-04-15,SP,Sudeste,organic_search,25-34
C01749,2025-05-14,PE,Nordeste,referral,35-44
C01750,2024-12-29,SP,Sudeste,organic_search,45-54
C01751,2025-10-12,MG,Sudeste,organic_search,35-44
C01752,2025-05-14,SP,Sudeste,email,25-34
C01753,2025-05-28,MG,Sudeste,google_ads,18-24
C01754,2025-09-03,SP,Sudeste,organic_search,35-44
C01755,2025-06-29,SP,Sudeste,google_ads,55+
C01756,2025-09-23,RS,Sul,paid_social,25-34
C01757,2025-09-07,SP,Sudeste,organic_search,25-34
C01758,2025-11-20,PE,Nordeste,email,18-24
C01759,2025-03-20,TO,Norte,google_ads,25-34
C01760,2025-02-12,CE,Nordeste,google_ads,35-44
C01761,2025-08-04,RS,Sul,paid_social,35-44
C01762,2025-08-26,MG,Sudeste,paid_social,25-34
C01763,2025-12-07,SP,Sudeste,organic_search,55+
C01764,2025-01-26,SP,Sudeste,organic_search,35-44
C01765,2025-03-27,RJ,Sudeste,paid_social,35-44
C01766,2025-06-21,SP,Sudeste,paid_social,35-44
C01767,2025-10-22,PE,Nordeste,paid_social,45-54
C01768,2025-08-23,MG,Sudeste,google_ads,35-44
C01769,2025-07-15,SP,Sudeste,paid_social,35-44
C01770,2024-12-23,SP,Sudeste,paid_social,55+
C01771,2025-11-06,SP,Sudeste,google_ads,45-54
C01772,2025-08-05,PA,Norte,organic_search,25-34
C01773,2025-11-02,BA,Nordeste,paid_social,55+
C01774,2025-01-13,RJ,Sudeste,google_ads,35-44
C01775,2025-10-11,SC,Sul,referral,35-44
C01776,2025-07-02,GO,Centro-Oeste,google_ads,25-34
C01777,2025-10-16,SP,Sudeste,paid_social,25-34
C01778,2025-10-14,RJ,Sudeste,paid_social,35-44
C01779,2025-05-12,PE,Nordeste,paid_social,45-54
C01780,2025-01-10,SP,Sudeste,paid_social,45-54
C01781,2025-11-01,SP,Sudeste,organic_search,55+
C01782,2025-07-20,AL,Nordeste,google_ads,35-44
C01783,2025-10-11,RS,Sul,paid_social,18-24
C01784,2025-06-09,PR,Sul,email,35-44
C01785,2025-08-21,AL,Nordeste,organic_search,25-34
C01786,2025-07-06,RJ,Sudeste,google_ads,25-34
C01787,2025-11-24,PI,Nordeste,google_ads,45-54
C01788,2025-03-22,PE,Nordeste,referral,25-34
C01789,2025-08-26,SC,Sul,paid_social,25-34
C01790,2025-11-05,RN,Nordeste,google_ads,25-34
C01791,2025-11-09,TO,Norte,organic_search,35-44
C01792,2025-10-31,RR,Norte,paid_social,35-44
C01793,2025-07-22,MG,Sudeste,referral,25-34
C01794,2025-10-09,MG,Sudeste,organic_search,25-34
C01795,2025-03-22,SP,Sudeste,organic_search,18-24
C01796,2025-11-04,SP,Sudeste,organic_search,35-44
C01797,2025-11-22,RS,Sul,paid_social,45-54
C01798,2025-06-03,SC,Sul,organic_search,45-54
C01799,2025-06-05,MG,Sudeste,organic_search,25-34
C01800,2025-04-27,PR,Sul,email,25-34
C01801,2025-05-02,PE,Nordeste,paid_social,45-54
C01802,2025-10-31,PE,Nordeste,paid_social,45-54
C01803,2025-01-11,SC,Sul,google_ads,25-34
C01804,2025-09-17,SP,Sudeste,google_ads,25-34
C01805,2025-05-30,SC,Sul,referral,35-44
C01806,2025-10-16,DF,Centro-Oeste,organic_search,18-24
C01807,2025-07-08,PE,Nordeste,organic_search,25-34
C01808,2025-11-21,DF,Centro-Oeste,paid_social,25-34
C01809,2025-10-05,SP,Sudeste,organic_search,55+
C01810,2025-09-06,MT,Centro-Oeste,paid_social,35-44
C01811,2025-09-03,PE,Nordeste,organic_search,18-24
C01812,2025-06-17,SC,Sul,referral,35-44
C01813,2025-11-30,DF,Centro-Oeste,organic_search,55+
C01814,2025-01-26,RJ,Sudeste,google_ads,25-34
C01815,2025-04-16,MA,Nordeste,google_ads,35-44
C01816,2025-04-08,PE,Nordeste,paid_social,25-34
C01817,2025-01-24,PI,Nordeste,referral,35-44
C01818,2025-05-28,SP,Sudeste,paid_social,35-44
C01819,2025-08-05,MG,Sudeste,paid_social,35-44
C01820,2025-05-08,AM,Norte,organic_search,35-44
C01821,2025-11-21,SC,Sul,paid_social,18-24
C01822,2025-05-11,RJ,Sudeste,paid_social,25-34
C01823,2025-08-19,MT,Centro-Oeste,referral,35-44
C01824,2025-08-25,PE,Nordeste,email,45-54
C01825,2025-05-20,RJ,Sudeste,organic_search,45-54
C01826,2024-11-21,PR,Sul,organic_search,25-34
C01827,2025-04-03,PE,Nordeste,google_ads,35-44
C01828,2024-12-31,TO,Norte,paid_social,25-34
C01829,2025-10-03,MG,Sudeste,email,35-44
C01830,2025-11-02,SP,Sudeste,paid_social,35-44
C01831,2025-05-16,RS,Sul,organic_search,35-44
C01832,2025-10-29,PB,Nordeste,organic_search,35-44
C01833,2025-10-09,SP,Sudeste,email,25-34
C01834,2025-06-01,RJ,Sudeste,paid_social,18-24
C01835,2025-05-27,RS,Sul,organic_search,45-54
C01836,2025-02-11,RS,Sul,referral,18-24
C01837,2025-12-03,PR,Sul,paid_social,55+
C01838,2024-11-12,SP,Sudeste,paid_social,25-34
C01839,2025-01-14,RS,Sul,paid_social,25-34
C01840,2025-08-17,RS,Sul,google_ads,35-44
C01841,2025-07-16,AP,Norte,referral,18-24
C01842,2025-10-14,GO,Centro-Oeste,referral,35-44
C01843,2025-10-23,PE,Nordeste,organic_search,25-34
C01844,2025-11-09,BA,Nordeste,paid_social,25-34
C01845,2025-05-05,AL,Nordeste,paid_social,35-44
C01846,2025-09-16,MT,Centro-Oeste,paid_social,25-34
C01847,2025-09-30,SP,Sudeste,paid_social,35-44
C01848,2025-10-31,MG,Sudeste,paid_social,18-24
C01849,2024-11-11,BA,Nordeste,paid_social,45-54
C01850,2025-11-28,RJ,Sudeste,organic_search,45-54
C01851,2025-01-21,PE,Nordeste,organic_search,35-44
C01852,2025-11-05,GO,Centro-Oeste,organic_search,35-44
C01853,2024-12-25,RS,Sul,paid_social,18-24
C01854,2025-06-13,BA,Nordeste,organic_search,25-34
C01855,2025-05-07,BA,Nordeste,organic_search,35-44
C01856,2025-05-02,ES,Sudeste,google_ads,18-24
C01857,2025-06-16,SE,Nordeste,google_ads,25-34
C01858,2025-09-30,SP,Sudeste,referral,35-44
C01859,2025-09-07,RJ,Sudeste,organic_search,35-44
C01860,2025-05-03,BA,Nordeste,paid_social,25-34
C01861,2025-10-19,RS,Sul,google_ads,55+
C01862,2025-05-20,PA,Norte,email,18-24
C01863,2025-09-10,RJ,Sudeste,organic_search,45-54
C01864,2025-07-16,RJ,Sudeste,organic_search,25-34
C01865,2025-04-18,CE,Nordeste,referral,18-24
C01866,2025-10-23,RJ,Sudeste,paid_social,25-34
C01867,2025-01-11,SP,Sudeste,organic_search,35-44
C01868,2025-02-06,MG,Sudeste,organic_search,18-24
C01869,2025-09-18,SP,Sudeste,organic_search,25-34
C01870,2025-03-07,MA,Nordeste,referral,18-24
C01871,2025-08-29,PA,Norte,paid_social,18-24
C01872,2025-03-01,SP,Sudeste,organic_search,45-54
C01873,2024-11-05,PR,Sul,google_ads,25-34
C01874,2024-12-13,SP,Sudeste,organic_search,25-34
C01875,2025-04-17,MG,Sudeste,paid_social,18-24
C01876,2025-02-18,RS,Sul,organic_search,35-44
C01877,2025-08-27,AM,Norte,google_ads,35-44
C01878,2025-10-12,SP,Sudeste,paid_social,35-44
C01879,2024-12-28,RJ,Sudeste,organic_search,25-34
C01880,2025-02-27,PA,Norte,organic_search,25-34
C01881,2025-03-03,RR,Norte,google_ads,25-34
C01882,2025-07-07,PA,Norte,organic_search,35-44
C01883,2025-06-15,SC,Sul,referral,25-34
C01884,2025-05-07,PA,Norte,organic_search,18-24
C01885,2025-05-03,PR,Sul,google_ads,25-34
C01886,2025-09-09,PA,Norte,google_ads,25-34
C01887,2025-03-22,RJ,Sudeste,paid_social,25-34
C01888,2025-08-24,SP,Sudeste,organic_search,45-54
C01889,2025-02-22,PA,Norte,organic_search,18-24
C01890,2024-11-26,RN,Nordeste,organic_search,55+
C01891,2025-10-25,RR,Norte,organic_search,25-34
C01892,2025-07-21,SP,Sudeste,organic_search,55+
C01893,2025-09-07,RJ,Sudeste,organic_search,35-44
C01894,2025-06-20,PR,Sul,paid_social,18-24
C01895,2025-10-02,DF,Centro-Oeste,referral,35-44
C01896,2025-10-23,MG,Sudeste,google_ads,25-34
C01897,2024-12-28,RJ,Sudeste,referral,45-54
C01898,2025-04-10,SP,Sudeste,google_ads,25-34
C01899,2025-04-16,RJ,Sudeste,email,25-34
C01900,2025-01-02,MG,Sudeste,organic_search,35-44
C01901,2025-02-08,PE,Nordeste,paid_social,45-54
C01902,2025-10-07,SP,Sudeste,paid_social,18-24
C01903,2025-09-19,MG,Sudeste,organic_search,35-44
C01904,2025-09-16,SP,Sudeste,organic_search,35-44
C01905,2025-12-05,PI,Nordeste,organic_search,25-34
C01906,2025-09-11,SP,Sudeste,organic_search,18-24
C01907,2025-08-02,CE,Nordeste,organic_search,35-44
C01908,2025-10-22,DF,Centro-Oeste,organic_search,25-34
C01909,2025-02-27,PE,Nordeste,organic_search,35-44
C01910,2025-08-04,SP,Sudeste,organic_search,25-34
C01911,2024-12-17,PB,Nordeste,email,35-44
C01912,2025-08-22,MT,Centro-Oeste,paid_social,35-44
C01913,2025-07-08,PE,Nordeste,google_ads,25-34
C01914,2025-09-10,SP,Sudeste,google_ads,25-34
C01915,2025-07-14,SP,Sudeste,paid_social,45-54
C01916,2025-07-19,SP,Sudeste,referral,18-24
C01917,2024-10-19,SP,Sudeste,organic_search,18-24
C01918,2025-09-20,RJ,Sudeste,referral,18-24
C01919,2025-09-17,SP,Sudeste,google_ads,35-44
C01920,2025-05-08,TO,Norte,email,25-34
C01921,2025-11-14,SP,Sudeste,paid_social,18-24
C01922,2025-12-06,SP,Sudeste,google_ads,35-44
C01923,2025-11-02,SP,Sudeste,organic_search,25-34
C01924,2025-06-15,SP,Sudeste,google_ads,25-34
C01925,2025-09-12,RJ,Sudeste,paid_social,25-34
C01926,2025-11-06,SP,Sudeste,paid_social,45-54
C01927,2025-08-12,CE,Nordeste,paid_social,45-54
C01928,2024-12-08,MA,Nordeste,google_ads,25-34
C01929,2024-11-13,SC,Sul,paid_social,25-34
C01930,2025-01-04,CE,Nordeste,organic_search,35-44
C01931,2025-04-15,GO,Centro-Oeste,paid_social,25-34
C01932,2025-07-02,ES,Sudeste,organic_search,25-34
C01933,2025-04-20,RJ,Sudeste,organic_search,25-34
C01934,2025-05-03,GO,Centro-Oeste,organic_search,18-24
C01935,2025-06-09,PE,Nordeste,google_ads,18-24
C01936,2025-06-18,BA,Nordeste,organic_search,45-54
C01937,2025-01-30,RN,Nordeste,organic_search,45-54
C01938,2025-10-14,PA,Norte,paid_social,35-44
C01939,2025-01-11,MG,Sudeste,google_ads,35-44
C01940,2025-10-07,MG,Sudeste,email,25-34
C01941,2025-11-08,SP,Sudeste,google_ads,35-44
C01942,2025-03-15,MG,Sudeste,referral,35-44
C01943,2025-11-15,RJ,Sudeste,referral,35-44
C01944,2025-09-16,SP,Sudeste,organic_search,25-34
C01945,2024-11-21,SP,Sudeste,paid_social,35-44
C01946,2025-08-20,PR,Sul,organic_search,25-34
C01947,2025-10-04,RO,Norte,organic_search,35-44
C01948,2025-08-17,BA,Nordeste,email,35-44
C01949,2025-11-24,SC,Sul,organic_search,45-54
C01950,2025-09-01,MG,Sudeste,organic_search,25-34
C01951,2025-02-01,SP,Sudeste,paid_social,25-34
C01952,2025-04-18,RJ,Sudeste,referral,25-34
C01953,2025-08-29,MG,Sudeste,paid_social,25-34
C01954,2024-12-16,RN,Nordeste,organic_search,18-24
C01955,2025-02-16,PR,Sul,google_ads,55+
C01956,2025-11-20,MA,Nordeste,email,35-44
C01957,2025-10-07,SE,Nordeste,referral,35-44
C01958,2025-10-18,PB,Nordeste,google_ads,25-34
C01959,2025-11-19,MG,Sudeste,email,35-44
C01960,2025-02-03,RJ,Sudeste,email,45-54
C01961,2025-08-19,MG,Sudeste,organic_search,25-34
C01962,2025-08-09,PR,Sul,referral,25-34
C01963,2025-06-06,RS,Sul,google_ads,35-44
C01964,2025-07-26,ES,Sudeste,referral,35-44
C01965,2025-10-09,GO,Centro-Oeste,google_ads,45-54
C01966,2025-09-07,MT,Centro-Oeste,paid_social,35-44
C01967,2024-12-24,RJ,Sudeste,google_ads,35-44
C01968,2025-02-23,BA,Nordeste,google_ads,25-34
C01969,2025-05-25,ES,Sudeste,organic_search,35-44
C01970,2025-12-06,PE,Nordeste,paid_social,45-54
C01971,2025-07-01,AM,Norte,email,25-34
C01972,2025-09-13,MS,Centro-Oeste,referral,18-24
C01973,2025-01-19,SP,Sudeste,organic_search,25-34
C01974,2025-06-17,GO,Centro-Oeste,google_ads,35-44
C01975,2025-10-14,CE,Nordeste,referral,18-24
C01976,2025-11-06,SC,Sul,google_ads,35-44
C01977,2025-11-14,RJ,Sudeste,google_ads,35-44
C01978,2025-02-23,BA,Nordeste,referral,25-34
C01979,2025-05-09,SP,Sudeste,referral,25-34
C01980,2024-11-28,PA,Norte,organic_search,45-54
C01981,2025-01-27,SP,Sudeste,email,18-24
C01982,2024-12-20,BA,Nordeste,organic_search,35-44
C01983,2025-03-09,AM,Norte,google_ads,35-44
C01984,2025-10-09,RN,Nordeste,email,45-54
C01985,2025-07-05,BA,Nordeste,referral,25-34
C01986,2025-02-13,BA,Nordeste,paid_social,35-44
C01987,2025-11-08,SP,Sudeste,google_ads,25-34
C01988,2024-10-30,PR,Sul,referral,25-34
C01989,2025-09-14,PE,Nordeste,google_ads,35-44
C01990,2024-12-24,MG,Sudeste,google_ads,25-34
C01991,2025-03-26,RJ,Sudeste,google_ads,25-34
C01992,2025-09-26,GO,Centro-Oeste,google_ads,25-34
C01993,2024-12-22,SP,Sudeste,paid_social,55+
C01994,2025-01-12,DF,Centro-Oeste,organic_search,55+
C01995,2024-11-06,PE,Nordeste,google_ads,25-34
C01996,2025-10-04,SP,Sudeste,google_ads,35-44
C01997,2025-08-02,MG,Sudeste,google_ads,18-24
C01998,2025-05-29,PR,Sul,organic_search,25-34
C01999,2025-10-01,MT,Centro-Oeste,paid_social,35-44
C02000,2024-12-16,MT,Centro-Oeste,paid_social,45-54
C02001,2025-06-01,SP,Sudeste,email,35-44
C02002,2025-07-28,AM,Norte,google_ads,35-44
C02003,2025-03-08,SP,Sudeste,organic_search,18-24
C02004,2025-05-02,RJ,Sudeste,google_ads,35-44
C02005,2025-09-09,BA,Nordeste,referral,25-34
C02006,2025-10-04,SP,Sudeste,paid_social,45-54
C02007,2025-08-27,SP,Sudeste,organic_search,25-34
C02008,2025-09-19,RS,Sul,google_ads,55+
C02009,2025-08-21,RO,Norte,organic_search,18-24
C02010,2025-02-14,MG,Sudeste,google_ads,45-54
C02011,2025-04-07,MT,Centro-Oeste,referral,35-44
C02012,2025-01-09,PA,Norte,paid_social,25-34
C02013,2025-03-26,SP,Sudeste,paid_social,35-44
C02014,2025-07-30,GO,Centro-Oeste,paid_social,35-44
C02015,2025-01-07,RJ,Sudeste,organic_search,45-54
C02016,2025-03-23,SP,Sudeste,organic_search,25-34
C02017,2024-12-31,MG,Sudeste,organic_search,25-34
C02018,2025-10-02,MT,Centro-Oeste,google_ads,25-34
C02019,2025-09-03,RS,Sul,google_ads,25-34
C02020,2025-08-22,AP,Norte,google_ads,18-24
C02021,2025-10-20,PR,Sul,paid_social,25-34
C02022,2025-01-04,BA,Nordeste,email,25-34
C02023,2025-10-19,RJ,Sudeste,google_ads,25-34
C02024,2025-08-29,ES,Sudeste,organic_search,25-34
C02025,2025-09-21,RJ,Sudeste,google_ads,18-24
C02026,2025-07-22,PR,Sul,organic_search,25-34
C02027,2025-04-05,SC,Sul,organic_search,35-44
C02028,2025-08-24,PE,Nordeste,email,25-34
C02029,2025-06-22,SC,Sul,paid_social,35-44
C02030,2024-12-14,SP,Sudeste,email,35-44
C02031,2024-12-21,SP,Sudeste,organic_search,35-44
C02032,2024-12-14,PR,Sul,paid_social,25-34
C02033,2025-09-14,SP,Sudeste,email,25-34
C02034,2024-12-26,SP,Sudeste,google_ads,18-24
C02035,2025-05-30,MG,Sudeste,email,35-44
C02036,2025-09-09,PE,Nordeste,google_ads,18-24
C02037,2025-08-16,SC,Sul,paid_social,25-34
C02038,2025-07-27,RO,Norte,email,35-44
C02039,2025-11-22,GO,Centro-Oeste,google_ads,25-34
C02040,2025-04-12,PE,Nordeste,google_ads,25-34
C02041,2025-04-27,BA,Nordeste,organic_search,25-34
C02042,2025-12-07,SP,Sudeste,paid_social,45-54
C02043,2025-11-05,RS,Sul,organic_search,55+
C02044,2025-07-03,BA,Nordeste,email,25-34
C02045,2025-09-18,SP,Sudeste,paid_social,25-34
C02046,2025-03-01,BA,Nordeste,email,35-44
C02047,2025-05-01,DF,Centro-Oeste,email,35-44
C02048,2024-12-05,PE,Nordeste,organic_search,35-44
C02049,2024-12-07,MG,Sudeste,referral,18-24
C02050,2025-01-03,SP,Sudeste,paid_social,35-44
C02051,2025-09-10,PR,Sul,organic_search,18-24
C02052,2025-09-29,SP,Sudeste,paid_social,18-24
C02053,2025-09-15,PA,Norte,paid_social,35-44
C02054,2025-01-02,PB,Nordeste,referral,18-24
C02055,2025-08-31,SC,Sul,organic_search,25-34
C02056,2025-07-05,RS,Sul,referral,35-44
C02057,2025-09-26,RO,Norte,organic_search,25-34
C02058,2025-10-04,RJ,Sudeste,google_ads,35-44
C02059,2025-04-04,SP,Sudeste,referral,35-44
C02060,2025-10-24,MA,Nordeste,organic_search,25-34
C02061,2025-10-02,MG,Sudeste,google_ads,18-24
C02062,2025-03-30,SP,Sudeste,paid_social,55+
C02063,2025-04-05,RJ,Sudeste,organic_search,25-34
C02064,2025-01-25,GO,Centro-Oeste,organic_search,18-24
C02065,2025-09-27,PR,Sul,google_ads,45-54
C02066,2024-12-11,RJ,Sudeste,organic_search,45-54
C02067,2025-04-25,MG,Sudeste,referral,35-44
C02068,2025-05-26,MG,Sudeste,organic_search,25-34
C02069,2025-10-20,PB,Nordeste,paid_social,35-44
C02070,2025-02-25,RS,Sul,paid_social,45-54
C02071,2025-04-11,SP,Sudeste,google_ads,45-54
C02072,2025-02-14,SP,Sudeste,organic_search,25-34
C02073,2024-12-27,MS,Centro-Oeste,google_ads,25-34
C02074,2025-10-20,RO,Norte,google_ads,35-44
C02075,2025-06-15,BA,Nordeste,organic_search,55+
C02076,2025-04-30,PE,Nordeste,paid_social,35-44
C02077,2025-09-28,RJ,Sudeste,organic_search,25-34
C02078,2025-01-30,SP,Sudeste,google_ads,35-44
C02079,2025-08-28,RS,Sul,organic_search,25-34
C02080,2025-09-18,SP,Sudeste,paid_social,45-54
C02081,2025-05-23,MG,Sudeste,organic_search,55+
C02082,2025-12-01,PR,Sul,organic_search,18-24
C02083,2024-12-15,RJ,Sudeste,organic_search,35-44
C02084,2025-05-15,AM,Norte,email,35-44
C02085,2025-08-10,PA,Norte,google_ads,55+
C02086,2025-02-12,MS,Centro-Oeste,referral,35-44
C02087,2025-10-24,RN,Nordeste,paid_social,35-44
C02088,2025-09-16,PR,Sul,organic_search,35-44
C02089,2025-02-15,PR,Sul,paid_social,45-54
C02090,2025-11-04,RJ,Sudeste,google_ads,45-54
C02091,2025-05-30,PE,Nordeste,google_ads,18-24
C02092,2025-02-19,AL,Nordeste,paid_social,55+
C02093,2025-04-12,MT,Centro-Oeste,paid_social,25-34
C02094,2025-03-05,RO,Norte,organic_search,35-44
C02095,2025-11-11,GO,Centro-Oeste,referral,18-24
C02096,2025-11-24,SP,Sudeste,referral,35-44
C02097,2025-06-05,SP,Sudeste,paid_social,35-44
C02098,2025-05-28,MS,Centro-Oeste,google_ads,45-54
C02099,2025-07-10,MG,Sudeste,google_ads,45-54
C02100,2025-09-15,CE,Nordeste,google_ads,25-34
C02101,2025-06-22,CE,Nordeste,paid_social,35-44
C02102,2025-10-09,SP,Sudeste,google_ads,45-54
C02103,2025-02-21,SP,Sudeste,google_ads,45-54
C02104,2025-03-31,GO,Centro-Oeste,referral,18-24
C02105,2025-05-13,SP,Sudeste,organic_search,45-54
C02106,2025-09-28,CE,Nordeste,google_ads,25-34
C02107,2025-04-14,SP,Sudeste,paid_social,25-34
C02108,2025-03-19,BA,Nordeste,paid_social,25-34
C02109,2025-11-09,PE,Nordeste,google_ads,25-34
C02110,2025-12-16,BA,Nordeste,organic_search,55+
C02111,2025-10-09,SE,Nordeste,google_ads,45-54
C02112,2025-10-20,RS,Sul,google_ads,25-34
C02113,2025-04-10,PA,Norte,organic_search,45-54
C02114,2025-04-11,CE,Nordeste,google_ads,25-34
C02115,2024-12-21,SC,Sul,referral,25-34
C02116,2025-09-08,MS,Centro-Oeste,paid_social,35-44
C02117,2025-03-20,RS,Sul,organic_search,25-34
C02118,2025-07-23,AC,Norte,paid_social,25-34
C02119,2025-11-03,MG,Sudeste,paid_social,25-34
C02120,2025-06-09,RS,Sul,organic_search,25-34
C02121,2025-02-14,BA,Nordeste,organic_search,55+
C02122,2025-08-19,SP,Sudeste,referral,25-34
C02123,2025-03-24,MG,Sudeste,paid_social,45-54
C02124,2025-09-29,PR,Sul,email,25-34
C02125,2024-10-21,SP,Sudeste,google_ads,25-34
C02126,2024-12-29,RN,Nordeste,organic_search,35-44
C02127,2025-07-12,GO,Centro-Oeste,google_ads,18-24
C02128,2025-09-28,GO,Centro-Oeste,email,25-34
C02129,2025-05-27,GO,Centro-Oeste,referral,45-54
C02130,2024-12-02,SP,Sudeste,google_ads,35-44
C02131,2025-01-19,SP,Sudeste,paid_social,25-34
C02132,2025-10-15,GO,Centro-Oeste,paid_social,55+
C02133,2025-10-17,MG,Sudeste,referral,35-44
C02134,2025-10-01,RJ,Sudeste,google_ads,35-44
C02135,2024-11-25,BA,Nordeste,google_ads,35-44
C02136,2025-01-12,MG,Sudeste,google_ads,18-24
C02137,2025-06-10,PA,Norte,referral,45-54
C02138,2025-06-17,CE,Nordeste,paid_social,25-34
C02139,2025-11-24,RS,Sul,paid_social,35-44
C02140,2025-10-16,PI,Nordeste,organic_search,45-54
C02141,2025-08-10,SP,Sudeste,paid_social,35-44
C02142,2025-10-01,BA,Nordeste,google_ads,35-44
C02143,2025-10-08,SP,Sudeste,referral,45-54
C02144,2025-06-15,RS,Sul,organic_search,25-34
C02145,2025-03-24,PI,Nordeste,paid_social,35-44
C02146,2025-03-09,SP,Sudeste,referral,25-34
C02147,2025-02-02,RJ,Sudeste,google_ads,25-34
C02148,2025-08-08,SP,Sudeste,referral,25-34
C02149,2025-03-11,PR,Sul,organic_search,55+
C02150,2025-10-16,AP,Norte,organic_search,55+
C02151,2025-08-27,RS,Sul,organic_search,35-44
C02152,2025-08-05,BA,Nordeste,google_ads,18-24
C02153,2025-05-03,SP,Sudeste,organic_search,25-34
C02154,2025-07-03,SP,Sudeste,google_ads,25-34
C02155,2025-10-16,BA,Nordeste,email,25-34
C02156,2025-09-10,SP,Sudeste,paid_social,35-44
C02157,2025-10-06,PE,Nordeste,paid_social,55+
C02158,2025-08-31,SP,Sudeste,paid_social,55+
C02159,2025-05-28,SC,Sul,organic_search,25-34
C02160,2025-10-20,PA,Norte,paid_social,35-44
C02161,2025-04-15,RS,Sul,referral,18-24
C02162,2025-06-02,AM,Norte,paid_social,45-54
C02163,2025-10-10,SP,Sudeste,google_ads,18-24
C02164,2025-10-22,MG,Sudeste,organic_search,25-34
C02165,2025-11-17,SP,Sudeste,paid_social,35-44
C02166,2025-09-27,RJ,Sudeste,paid_social,18-24
C02167,2025-11-15,PR,Sul,organic_search,25-34
C02168,2025-04-12,MG,Sudeste,organic_search,35-44
C02169,2025-09-24,RJ,Sudeste,google_ads,45-54
C02170,2025-03-17,SP,Sudeste,google_ads,18-24
C02171,2025-05-26,SP,Sudeste,paid_social,25-34
C02172,2024-12-24,SC,Sul,google_ads,45-54
C02173,2025-05-08,GO,Centro-Oeste,google_ads,25-34
C02174,2025-09-01,PA,Norte,paid_social,25-34
C02175,2025-11-19,TO,Norte,google_ads,25-34
C02176,2025-07-08,RN,Nordeste,google_ads,18-24
C02177,2025-04-29,PB,Nordeste,email,25-34
C02178,2025-11-14,RJ,Sudeste,paid_social,45-54
C02179,2025-09-09,MG,Sudeste,email,35-44
C02180,2025-01-08,GO,Centro-Oeste,organic_search,25-34
C02181,2025-09-26,SC,Sul,organic_search,55+
C02182,2025-09-26,RJ,Sudeste,organic_search,25-34
C02183,2025-01-31,MT,Centro-Oeste,referral,45-54
C02184,2025-01-04,SC,Sul,paid_social,25-34
C02185,2025-09-17,RS,Sul,organic_search,35-44
C02186,2025-02-23,DF,Centro-Oeste,referral,35-44
C02187,2025-09-18,RO,Norte,google_ads,45-54
C02188,2024-11-22,AL,Nordeste,referral,25-34
C02189,2025-09-12,RJ,Sudeste,email,18-24
C02190,2025-03-16,PR,Sul,email,55+
C02191,2025-09-01,PA,Norte,paid_social,35-44
C02192,2025-06-16,CE,Nordeste,google_ads,25-34
C02193,2025-09-07,RJ,Sudeste,organic_search,18-24
C02194,2025-09-14,RO,Norte,referral,25-34
C02195,2025-11-18,PE,Nordeste,email,45-54
C02196,2025-03-07,PI,Nordeste,organic_search,25-34
C02197,2025-09-21,DF,Centro-Oeste,google_ads,25-34
C02198,2025-10-13,SP,Sudeste,google_ads,45-54
C02199,2025-10-28,MG,Sudeste,organic_search,45-54
C02200,2024-10-13,MS,Centro-Oeste,organic_search,55+
C02201,2025-03-20,RJ,Sudeste,organic_search,55+
C02202,2025-04-18,SP,Sudeste,referral,25-34
C02203,2024-12-25,MG,Sudeste,paid_social,25-34
C02204,2025-05-20,ES,Sudeste,google_ads,25-34
C02205,2025-07-09,RJ,Sudeste,referral,25-34
C02206,2025-06-18,SP,Sudeste,organic_search,45-54
C02207,2025-03-22,SP,Sudeste,paid_social,35-44
C02208,2025-02-07,CE,Nordeste,google_ads,35-44
C02209,2025-09-18,RR,Norte,organic_search,35-44
C02210,2025-09-21,AM,Norte,google_ads,25-34
C02211,2025-09-06,RJ,Sudeste,paid_social,18-24
C02212,2024-10-24,SP,Sudeste,google_ads,35-44
C02213,2025-05-27,SP,Sudeste,organic_search,25-34
C02214,2024-11-17,RJ,Sudeste,paid_social,45-54
C02215,2025-04-29,RJ,Sudeste,google_ads,45-54
C02216,2025-02-09,BA,Nordeste,organic_search,18-24
C02217,2025-06-17,RJ,Sudeste,organic_search,25-34
C02218,2025-10-05,RO,Norte,organic_search,25-34
C02219,2025-01-22,RJ,Sudeste,referral,25-34
C02220,2024-12-03,RN,Nordeste,referral,25-34
C02221,2024-12-05,RN,Nordeste,organic_search,35-44
C02222,2025-11-13,PB,Nordeste,organic_search,45-54
C02223,2025-09-09,MA,Nordeste,organic_search,45-54
C02224,2025-09-03,RO,Norte,organic_search,45-54
C02225,2025-02-27,SP,Sudeste,referral,55+
C02226,2024-12-23,MG,Sudeste,google_ads,35-44
C02227,2025-09-06,RJ,Sudeste,paid_social,35-44
C02228,2025-04-07,RJ,Sudeste,organic_search,45-54
C02229,2025-09-21,MT,Centro-Oeste,email,45-54
C02230,2025-06-29,RS,Sul,google_ads,55+
C02231,2025-10-01,RJ,Sudeste,organic_search,35-44
C02232,2024-11-08,RJ,Sudeste,google_ads,45-54
C02233,2025-11-18,CE,Nordeste,paid_social,25-34
C02234,2025-07-26,BA,Nordeste,referral,55+
C02235,2025-03-31,RJ,Sudeste,referral,45-54
C02236,2025-09-25,PA,Norte,paid_social,25-34
C02237,2025-10-29,RJ,Sudeste,paid_social,25-34
C02238,2025-11-05,AL,Nordeste,google_ads,35-44
C02239,2025-08-05,AM,Norte,organic_search,45-54
C02240,2025-08-26,CE,Nordeste,paid_social,35-44
C02241,2025-11-14,RS,Sul,organic_search,25-34
C02242,2025-11-15,MG,Sudeste,google_ads,18-24
C02243,2025-11-09,CE,Nordeste,organic_search,55+
C02244,2025-05-21,BA,Nordeste,google_ads,25-34
C02245,2025-05-26,MG,Sudeste,organic_search,55+
C02246,2025-08-12,MG,Sudeste,google_ads,25-34
C02247,2025-11-21,RS,Sul,referral,35-44
C02248,2025-07-02,SP,Sudeste,email,25-34
C02249,2025-03-11,SC,Sul,organic_search,25-34
C02250,2025-11-10,AP,Norte,paid_social,25-34
C02251,2025-07-08,BA,Nordeste,paid_social,55+
C02252,2025-10-28,PR,Sul,organic_search,25-34
C02253,2025-11-02,MG,Sudeste,google_ads,35-44
C02254,2025-02-11,BA,Nordeste,paid_social,35-44
C02255,2025-09-04,SP,Sudeste,organic_search,35-44
C02256,2025-08-12,PR,Sul,paid_social,55+
C02257,2025-06-06,PE,Nordeste,google_ads,35-44
C02258,2025-10-03,MG,Sudeste,organic_search,35-44
C02259,2025-05-22,CE,Nordeste,organic_search,35-44
C02260,2025-09-03,PR,Sul,organic_search,35-44
C02261,2025-02-20,MA,Nordeste,paid_social,25-34
C02262,2025-09-06,RS,Sul,organic_search,25-34
C02263,2025-04-17,RO,Norte,organic_search,35-44
C02264,2025-07-20,AC,Norte,referral,55+
C02265,2025-10-05,SE,Nordeste,google_ads,45-54
C02266,2025-09-11,PR,Sul,organic_search,55+
C02267,2025-08-14,PE,Nordeste,google_ads,45-54
C02268,2025-10-22,SP,Sudeste,organic_search,45-54
C02269,2025-08-26,AC,Norte,email,45-54
C02270,2025-05-04,MG,Sudeste,email,25-34
C02271,2025-07-28,RS,Sul,paid_social,35-44
C02272,2024-12-21,RS,Sul,paid_social,25-34
C02273,2025-06-01,PE,Nordeste,organic_search,55+
C02274,2025-09-04,SP,Sudeste,organic_search,55+
C02275,2024-12-04,SP,Sudeste,paid_social,35-44
C02276,2025-03-05,MG,Sudeste,referral,35-44
C02277,2024-12-18,SP,Sudeste,organic_search,35-44
C02278,2025-04-03,BA,Nordeste,paid_social,55+
C02279,2025-09-07,RJ,Sudeste,referral,25-34
C02280,2025-11-28,AC,Norte,referral,25-34
C02281,2025-08-11,SP,Sudeste,google_ads,18-24
C02282,2025-04-27,SP,Sudeste,paid_social,25-34
C02283,2025-02-11,BA,Nordeste,organic_search,35-44
C02284,2025-10-08,ES,Sudeste,email,45-54
C02285,2025-01-29,CE,Nordeste,paid_social,35-44
C02286,2025-09-28,CE,Nordeste,google_ads,35-44
C02287,2025-03-04,SP,Sudeste,google_ads,45-54
C02288,2025-06-04,MT,Centro-Oeste,organic_search,35-44
C02289,2024-12-06,MG,Sudeste,referral,55+
C02290,2025-08-12,RJ,Sudeste,organic_search,45-54
C02291,2025-03-20,CE,Nordeste,paid_social,55+
C02292,2025-06-08,CE,Nordeste,organic_search,25-34
C02293,2025-05-03,RS,Sul,paid_social,25-34
C02294,2025-12-12,MG,Sudeste,organic_search,25-34
C02295,2025-07-14,SC,Sul,google_ads,18-24
C02296,2025-08-19,RN,Nordeste,google_ads,25-34
C02297,2025-10-01,RO,Norte,email,25-34
C02298,2025-04-26,SC,Sul,paid_social,35-44
C02299,2025-05-03,GO,Centro-Oeste,google_ads,25-34
C02300,2025-11-19,RJ,Sudeste,paid_social,25-34
C02301,2025-10-27,CE,Nordeste,organic_search,35-44
C02302,2025-01-19,BA,Nordeste,paid_social,35-44
C02303,2025-07-13,DF,Centro-Oeste,paid_social,18-24
C02304,2025-03-25,SP,Sudeste,google_ads,25-34
C02305,2025-11-03,RS,Sul,paid_social,25-34
C02306,2025-07-18,RJ,Sudeste,organic_search,35-44
C02307,2025-01-25,PR,Sul,email,55+
C02308,2025-06-09,TO,Norte,organic_search,55+
C02309,2025-07-30,SP,Sudeste,paid_social,55+
C02310,2024-12-12,MA,Nordeste,paid_social,55+
C02311,2025-05-20,AC,Norte,organic_search,25-34
C02312,2025-03-31,CE,Nordeste,paid_social,35-44
C02313,2024-11-22,RJ,Sudeste,paid_social,25-34
C02314,2025-07-05,RS,Sul,organic_search,55+
C02315,2025-09-06,BA,Nordeste,google_ads,35-44
C02316,2025-08-01,SC,Sul,google_ads,25-34
C02317,2025-08-24,SP,Sudeste,paid_social,35-44
C02318,2025-03-06,AM,Norte,paid_social,35-44
C02319,2025-05-24,ES,Sudeste,google_ads,18-24
C02320,2025-03-20,MA,Nordeste,paid_social,35-44
C02321,2025-09-08,MS,Centro-Oeste,organic_search,55+
C02322,2025-05-03,MG,Sudeste,organic_search,18-24
C02323,2025-11-15,SP,Sudeste,google_ads,25-34
C02324,2025-05-13,PR,Sul,google_ads,35-44
C02325,2025-09-30,MG,Sudeste,email,18-24
C02326,2025-10-04,BA,Nordeste,google_ads,45-54
C02327,2025-05-27,SP,Sudeste,paid_social,18-24
C02328,2024-12-18,SP,Sudeste,google_ads,25-34
C02329,2025-05-05,BA,Nordeste,referral,55+
C02330,2025-07-29,SP,Sudeste,paid_social,18-24
C02331,2025-10-16,SP,Sudeste,paid_social,45-54
C02332,2025-06-03,MG,Sudeste,organic_search,45-54
C02333,2025-01-17,PB,Nordeste,organic_search,35-44
C02334,2025-10-12,RJ,Sudeste,paid_social,18-24
C02335,2025-03-29,PI,Nordeste,google_ads,25-34
C02336,2025-05-29,SE,Nordeste,google_ads,45-54
C02337,2025-04-18,PR,Sul,google_ads,35-44
C02338,2025-09-19,RJ,Sudeste,paid_social,35-44
C02339,2025-03-03,PA,Norte,referral,25-34
C02340,2025-03-12,CE,Nordeste,email,35-44
C02341,2025-11-11,MT,Centro-Oeste,organic_search,18-24
C02342,2025-12-01,GO,Centro-Oeste,paid_social,35-44
C02343,2025-06-29,SC,Sul,organic_search,55+
C02344,2025-12-08,MG,Sudeste,google_ads,25-34
C02345,2025-05-27,DF,Centro-Oeste,organic_search,35-44
C02346,2025-11-06,RN,Nordeste,paid_social,25-34
C02347,2025-11-20,BA,Nordeste,paid_social,25-34
C02348,2025-04-09,RS,Sul,organic_search,35-44
C02349,2025-03-14,AM,Norte,google_ads,55+
C02350,2025-09-21,SP,Sudeste,google_ads,45-54
C02351,2025-03-22,TO,Norte,google_ads,55+
C02352,2025-04-03,MG,Sudeste,organic_search,18-24
C02353,2025-01-14,GO,Centro-Oeste,organic_search,25-34
C02354,2025-06-08,PR,Sul,google_ads,35-44
C02355,2025-07-11,AM,Norte,organic_search,35-44
C02356,2025-05-10,SP,Sudeste,referral,25-34
C02357,2025-03-10,RO,Norte,email,25-34
C02358,2025-09-17,SP,Sudeste,email,55+
C02359,2025-08-09,BA,Nordeste,paid_social,35-44
C02360,2025-02-16,RS,Sul,google_ads,45-54
C02361,2025-07-14,SP,Sudeste,referral,25-34
C02362,2025-08-23,PB,Nordeste,organic_search,35-44
C02363,2025-11-10,CE,Nordeste,organic_search,35-44
C02364,2025-06-16,SP,Sudeste,referral,25-34
C02365,2025-11-20,RJ,Sudeste,organic_search,25-34
C02366,2025-11-08,CE,Nordeste,referral,25-34
C02367,2025-03-28,ES,Sudeste,organic_search,18-24
C02368,2024-12-29,SP,Sudeste,google_ads,18-24
C02369,2025-02-11,PR,Sul,organic_search,18-24
C02370,2025-05-04,SP,Sudeste,google_ads,18-24
C02371,2025-11-07,PA,Norte,paid_social,35-44
C02372,2025-06-14,SP,Sudeste,organic_search,25-34
C02373,2025-07-18,CE,Nordeste,paid_social,25-34
C02374,2025-09-30,SP,Sudeste,google_ads,35-44
C02375,2025-04-24,MG,Sudeste,paid_social,25-34
C02376,2025-09-24,CE,Nordeste,referral,25-34
C02377,2024-12-02,RS,Sul,paid_social,18-24
C02378,2025-01-20,RJ,Sudeste,organic_search,25-34
C02379,2024-11-04,MT,Centro-Oeste,google_ads,25-34
C02380,2025-10-16,SP,Sudeste,email,55+
C02381,2025-09-14,SP,Sudeste,paid_social,35-44
C02382,2025-11-22,TO,Norte,organic_search,45-54
C02383,2025-04-01,SP,Sudeste,google_ads,18-24
C02384,2025-03-01,RJ,Sudeste,paid_social,18-24
C02385,2025-09-20,MG,Sudeste,referral,18-24
C02386,2025-05-02,DF,Centro-Oeste,paid_social,25-34
C02387,2025-07-13,SE,Nordeste,google_ads,18-24
C02388,2025-11-19,PR,Sul,organic_search,18-24
C02389,2025-06-17,BA,Nordeste,referral,45-54
C02390,2024-10-23,SP,Sudeste,organic_search,25-34
C02391,2025-04-23,BA,Nordeste,google_ads,18-24
C02392,2025-08-20,RJ,Sudeste,organic_search,35-44
C02393,2025-04-21,AC,Norte,google_ads,45-54
C02394,2025-03-03,CE,Nordeste,email,35-44
C02395,2025-09-14,BA,Nordeste,paid_social,35-44
C02396,2025-08-07,SP,Sudeste,google_ads,45-54
C02397,2025-08-20,MG,Sudeste,referral,35-44
C02398,2025-10-17,RS,Sul,paid_social,25-34
C02399,2025-10-26,SP,Sudeste,paid_social,45-54
C02400,2025-10-09,AM,Norte,email,25-34
C02401,2024-12-13,RN,Nordeste,email,55+
C02402,2025-02-18,BA,Nordeste,paid_social,45-54
C02403,2025-08-02,AM,Norte,referral,35-44
C02404,2025-10-23,SP,Sudeste,email,55+
C02405,2025-10-31,SP,Sudeste,email,45-54
C02406,2025-08-24,GO,Centro-Oeste,email,35-44
C02407,2025-03-30,GO,Centro-Oeste,email,25-34
C02408,2025-06-26,SP,Sudeste,google_ads,18-24
C02409,2025-10-31,MG,Sudeste,organic_search,35-44
C02410,2025-03-30,AL,Nordeste,organic_search,35-44
C02411,2025-10-12,GO,Centro-Oeste,email,45-54
C02412,2025-02-16,AL,Nordeste,paid_social,35-44
C02413,2025-10-18,MG,Sudeste,google_ads,35-44
C02414,2025-09-11,BA,Nordeste,paid_social,35-44
C02415,2025-09-26,SP,Sudeste,referral,25-34
C02416,2025-11-20,MG,Sudeste,google_ads,25-34
C02417,2025-05-06,MS,Centro-Oeste,paid_social,25-34
C02418,2025-09-24,SP,Sudeste,google_ads,35-44
C02419,2025-05-09,MG,Sudeste,paid_social,35-44
C02420,2025-07-13,SP,Sudeste,organic_search,35-44
C02421,2025-07-03,SP,Sudeste,google_ads,35-44
C02422,2025-05-10,SP,Sudeste,google_ads,45-54
C02423,2025-10-16,RJ,Sudeste,referral,45-54
C02424,2025-02-09,DF,Centro-Oeste,referral,35-44
C02425,2025-10-12,SP,Sudeste,paid_social,35-44
C02426,2025-10-19,MG,Sudeste,organic_search,45-54
C02427,2025-07-30,RJ,Sudeste,google_ads,35-44
C02428,2025-04-25,GO,Centro-Oeste,organic_search,45-54
C02429,2025-02-17,SP,Sudeste,paid_social,25-34
C02430,2025-10-11,SP,Sudeste,organic_search,35-44
C02431,2025-06-04,AL,Nordeste,google_ads,35-44
C02432,2025-03-05,SP,Sudeste,paid_social,55+
C02433,2025-08-29,MG,Sudeste,organic_search,25-34
C02434,2025-04-22,MG,Sudeste,organic_search,45-54
C02435,2025-09-25,CE,Nordeste,email,25-34
C02436,2025-04-05,SP,Sudeste,paid_social,25-34
C02437,2025-12-02,MG,Sudeste,email,25-34
C02438,2025-08-23,SC,Sul,google_ads,45-54
C02439,2025-04-26,AM,Norte,organic_search,25-34
C02440,2025-06-04,BA,Nordeste,paid_social,25-34
C02441,2024-12-03,SP,Sudeste,google_ads,18-24
C02442,2025-02-12,RR,Norte,organic_search,25-34
C02443,2025-05-06,MG,Sudeste,referral,55+
C02444,2025-07-22,BA,Nordeste,organic_search,35-44
C02445,2025-03-13,BA,Nordeste,organic_search,18-24
C02446,2025-10-27,SP,Sudeste,organic_search,35-44
C02447,2025-06-11,RR,Norte,paid_social,35-44
C02448,2025-05-12,SP,Sudeste,organic_search,25-34
C02449,2025-03-28,AL,Nordeste,organic_search,25-34
C02450,2025-04-18,SP,Sudeste,paid_social,35-44
C02451,2025-09-18,SP,Sudeste,google_ads,25-34
C02452,2025-11-24,RR,Norte,paid_social,55+
C02453,2025-04-20,MA,Nordeste,paid_social,25-34
C02454,2025-07-26,SC,Sul,paid_social,35-44
C02455,2024-11-24,SP,Sudeste,organic_search,35-44
C02456,2025-08-11,MG,Sudeste,organic_search,55+
C02457,2025-10-01,BA,Nordeste,google_ads,55+
C02458,2025-05-02,SP,Sudeste,email,25-34
C02459,2025-04-21,TO,Norte,google_ads,55+
C02460,2025-05-25,MT,Centro-Oeste,organic_search,45-54
C02461,2025-08-28,CE,Nordeste,organic_search,25-34
C02462,2025-08-17,PE,Nordeste,organic_search,25-34
C02463,2025-10-31,PE,Nordeste,email,35-44
C02464,2025-04-09,SP,Sudeste,organic_search,35-44
C02465,2025-07-09,PI,Nordeste,organic_search,18-24
C02466,2025-03-05,CE,Nordeste,google_ads,35-44
C02467,2025-06-25,MG,Sudeste,referral,55+
C02468,2025-05-09,SP,Sudeste,paid_social,55+
C02469,2025-11-24,PE,Nordeste,paid_social,35-44
C02470,2025-04-20,BA,Nordeste,organic_search,25-34
C02471,2025-01-08,GO,Centro-Oeste,paid_social,25-34
C02472,2024-10-20,SP,Sudeste,google_ads,18-24
C02473,2025-11-25,TO,Norte,paid_social,55+
C02474,2025-07-21,RJ,Sudeste,referral,55+
C02475,2025-09-16,BA,Nordeste,organic_search,18-24
C02476,2025-01-15,PI,Nordeste,referral,25-34
C02477,2025-05-07,PR,Sul,organic_search,55+
C02478,2025-03-24,GO,Centro-Oeste,organic_search,18-24
C02479,2025-10-22,SP,Sudeste,organic_search,18-24
C02480,2025-08-01,PR,Sul,google_ads,25-34
C02481,2025-06-05,MT,Centro-Oeste,email,55+
C02482,2025-01-28,SP,Sudeste,referral,18-24
C02483,2025-10-04,RJ,Sudeste,paid_social,25-34
C02484,2025-10-08,AM,Norte,organic_search,18-24
C02485,2025-11-14,SP,Sudeste,referral,25-34
C02486,2025-10-24,BA,Nordeste,google_ads,18-24
C02487,2025-09-05,SP,Sudeste,paid_social,45-54
C02488,2025-07-16,PE,Nordeste,referral,55+
C02489,2025-04-29,MG,Sudeste,organic_search,25-34
C02490,2025-01-02,SP,Sudeste,paid_social,35-44
C02491,2025-05-13,GO,Centro-Oeste,paid_social,45-54
C02492,2025-05-30,SP,Sudeste,paid_social,25-34
C02493,2025-09-03,RJ,Sudeste,referral,25-34
C02494,2025-07-24,SP,Sudeste,organic_search,18-24
C02495,2024-10-26,SP,Sudeste,organic_search,25-34
C02496,2025-06-09,SP,Sudeste,google_ads,35-44
C02497,2025-05-03,MA,Nordeste,google_ads,35-44
C02498,2025-10-18,SP,Sudeste,organic_search,35-44
C02499,2025-04-05,MA,Nordeste,email,45-54
C02500,2025-12-10,MA,Nordeste,referral,25-34
C02501,2025-10-27,MG,Sudeste,email,35-44
C02502,2025-09-16,SE,Nordeste,organic_search,35-44
C02503,2025-01-30,MG,Sudeste,organic_search,45-54
C02504,2025-08-04,PR,Sul,organic_search,25-34
C02505,2025-03-20,SP,Sudeste,paid_social,25-34
C02506,2025-03-15,SP,Sudeste,google_ads,25-34
C02507,2025-04-10,PR,Sul,referral,25-34
C02508,2025-11-03,SC,Sul,organic_search,35-44
C02509,2025-09-29,SP,Sudeste,google_ads,25-34
C02510,2025-03-18,GO,Centro-Oeste,google_ads,25-34
C02511,2025-09-30,MA,Nordeste,organic_search,25-34
C02512,2025-05-20,RJ,Sudeste,paid_social,18-24
C02513,2025-07-04,MG,Sudeste,email,18-24
C02514,2025-11-02,SC,Sul,google_ads,35-44
C02515,2025-09-14,RN,Nordeste,paid_social,35-44
C02516,2024-12-08,MA,Nordeste,organic_search,55+
C02517,2025-09-15,AC,Norte,google_ads,45-54
C02518,2025-05-09,BA,Nordeste,organic_search,35-44
C02519,2025-01-19,MG,Sudeste,google_ads,35-44
C02520,2025-07-18,TO,Norte,google_ads,35-44
C02521,2025-07-30,RO,Norte,paid_social,55+
C02522,2025-09-06,CE,Nordeste,organic_search,25-34
C02523,2025-09-13,MG,Sudeste,google_ads,45-54
C02524,2025-10-24,SP,Sudeste,paid_social,35-44
C02525,2025-08-22,PR,Sul,google_ads,25-34
C02526,2025-04-03,SC,Sul,paid_social,35-44
C02527,2025-09-27,RJ,Sudeste,paid_social,55+
C02528,2024-12-08,SP,Sudeste,paid_social,25-34
C02529,2025-09-03,BA,Nordeste,google_ads,18-24
C02530,2025-10-03,MG,Sudeste,email,55+
C02531,2025-01-27,RJ,Sudeste,referral,35-44
C02532,2025-05-23,RJ,Sudeste,google_ads,55+
C02533,2025-01-09,SP,Sudeste,google_ads,35-44
C02534,2025-10-09,BA,Nordeste,organic_search,35-44
C02535,2025-04-30,SE,Nordeste,google_ads,35-44
C02536,2025-09-06,PR,Sul,paid_social,25-34
C02537,2025-08-26,AM,Norte,organic_search,25-34
C02538,2025-02-13,SP,Sudeste,paid_social,35-44
C02539,2025-08-03,SP,Sudeste,paid_social,35-44
C02540,2025-05-01,RS,Sul,email,25-34
C02541,2025-04-29,BA,Nordeste,paid_social,35-44
C02542,2025-11-03,MG,Sudeste,google_ads,25-34
C02543,2025-04-20,SC,Sul,paid_social,35-44
C02544,2025-10-27,MG,Sudeste,referral,35-44
C02545,2025-08-20,MG,Sudeste,google_ads,25-34
C02546,2025-05-30,DF,Centro-Oeste,email,25-34
C02547,2025-11-17,SP,Sudeste,paid_social,25-34
C02548,2025-08-10,SP,Sudeste,organic_search,55+
C02549,2025-07-30,RR,Norte,google_ads,25-34
C02550,2025-06-03,PR,Sul,organic_search,35-44
C02551,2025-06-16,CE,Nordeste,email,18-24
C02552,2025-02-07,PB,Nordeste,organic_search,35-44
C02553,2025-03-01,MG,Sudeste,paid_social,35-44
C02554,2025-04-19,RS,Sul,organic_search,25-34
C02555,2025-12-13,SC,Sul,paid_social,55+
C02556,2025-07-26,SP,Sudeste,google_ads,35-44
C02557,2025-12-01,SP,Sudeste,google_ads,35-44
C02558,2025-10-11,SP,Sudeste,organic_search,18-24
C02559,2025-10-19,ES,Sudeste,paid_social,25-34
C02560,2025-09-09,AM,Norte,organic_search,35-44
C02561,2025-02-14,SP,Sudeste,email,25-34
C02562,2025-07-12,RS,Sul,google_ads,18-24
C02563,2025-11-22,PE,Nordeste,organic_search,35-44
C02564,2025-10-28,SP,Sudeste,email,35-44
C02565,2024-11-29,RS,Sul,organic_search,35-44
C02566,2025-11-11,CE,Nordeste,referral,18-24
C02567,2025-11-03,SP,Sudeste,organic_search,25-34
C02568,2025-07-11,GO,Centro-Oeste,paid_social,35-44
C02569,2025-09-28,GO,Centro-Oeste,paid_social,25-34
C02570,2025-09-10,SC,Sul,organic_search,25-34
C02571,2025-08-07,SP,Sudeste,email,45-54
C02572,2025-03-27,SP,Sudeste,organic_search,25-34
C02573,2025-07-04,SP,Sudeste,google_ads,25-34
C02574,2025-01-26,SC,Sul,email,25-34
C02575,2025-09-29,RS,Sul,organic_search,18-24
C02576,2025-05-22,SP,Sudeste,organic_search,25-34
C02577,2025-05-22,AP,Norte,organic_search,18-24
C02578,2025-01-17,BA,Nordeste,google_ads,45-54
C02579,2025-07-06,SP,Sudeste,paid_social,18-24
C02580,2025-04-01,SP,Sudeste,organic_search,45-54
C02581,2025-09-25,CE,Nordeste,organic_search,25-34
C02582,2025-09-05,SP,Sudeste,email,35-44
C02583,2024-11-30,ES,Sudeste,organic_search,35-44
C02584,2025-11-05,BA,Nordeste,referral,35-44
C02585,2025-01-20,BA,Nordeste,google_ads,35-44
C02586,2025-11-12,RJ,Sudeste,organic_search,25-34
C02587,2025-08-29,SP,Sudeste,organic_search,25-34
C02588,2025-11-17,PR,Sul,referral,25-34
C02589,2025-01-20,SP,Sudeste,google_ads,45-54
C02590,2025-03-01,DF,Centro-Oeste,organic_search,25-34
C02591,2025-03-23,RJ,Sudeste,organic_search,45-54
C02592,2025-04-18,RJ,Sudeste,organic_search,55+
C02593,2025-11-16,SC,Sul,referral,45-54
C02594,2025-08-17,MG,Sudeste,organic_search,35-44
C02595,2025-11-26,MG,Sudeste,email,25-34
C02596,2025-11-22,GO,Centro-Oeste,organic_search,55+
C02597,2025-03-29,PR,Sul,email,35-44
C02598,2025-10-14,RJ,Sudeste,google_ads,45-54
C02599,2025-09-14,SC,Sul,organic_search,18-24
C02600,2025-09-08,PE,Nordeste,referral,25-34
C02601,2025-10-28,SP,Sudeste,google_ads,25-34
C02602,2025-09-11,SP,Sudeste,google_ads,25-34
C02603,2025-10-26,SC,Sul,organic_search,55+
C02604,2025-08-16,MG,Sudeste,organic_search,18-24
C02605,2025-05-22,CE,Nordeste,paid_social,25-34
C02606,2025-07-27,RJ,Sudeste,google_ads,25-34
C02607,2025-08-19,MG,Sudeste,google_ads,45-54
C02608,2025-06-30,PB,Nordeste,paid_social,25-34
C02609,2025-07-11,MG,Sudeste,google_ads,55+
C02610,2025-10-19,MG,Sudeste,organic_search,35-44
C02611,2025-12-01,MA,Nordeste,paid_social,25-34
C02612,2025-08-04,SP,Sudeste,paid_social,25-34
C02613,2024-11-29,GO,Centro-Oeste,google_ads,18-24
C02614,2024-10-22,MG,Sudeste,paid_social,55+
C02615,2025-01-31,RJ,Sudeste,google_ads,35-44
C02616,2025-02-09,SP,Sudeste,organic_search,55+
C02617,2025-09-15,BA,Nordeste,paid_social,55+
C02618,2025-06-15,MG,Sudeste,google_ads,45-54
C02619,2025-11-11,PB,Nordeste,organic_search,45-54
C02620,2025-07-19,SP,Sudeste,referral,25-34
C02621,2025-04-03,BA,Nordeste,google_ads,55+
C02622,2025-02-08,SP,Sudeste,referral,55+
C02623,2025-07-21,BA,Nordeste,google_ads,25-34
C02624,2025-09-20,RS,Sul,referral,25-34
C02625,2025-04-18,SP,Sudeste,paid_social,45-54
C02626,2025-08-31,PA,Norte,organic_search,25-34
C02627,2025-01-11,SP,Sudeste,referral,35-44
C02628,2025-12-17,PR,Sul,paid_social,18-24
C02629,2025-09-19,PA,Norte,paid_social,35-44
C02630,2025-09-26,PA,Norte,referral,25-34
C02631,2025-09-30,SP,Sudeste,paid_social,45-54
C02632,2025-02-12,GO,Centro-Oeste,organic_search,55+
C02633,2025-10-14,SP,Sudeste,paid_social,25-34
C02634,2025-10-26,AC,Norte,referral,18-24
C02635,2025-07-15,MG,Sudeste,paid_social,35-44
C02636,2025-10-07,RJ,Sudeste,referral,35-44
C02637,2025-06-14,MA,Nordeste,email,45-54
C02638,2025-04-10,SP,Sudeste,organic_search,35-44
C02639,2025-07-15,RN,Nordeste,paid_social,55+
C02640,2025-04-21,RR,Norte,email,35-44
C02641,2025-09-23,MA,Nordeste,paid_social,25-34
C02642,2025-01-15,SP,Sudeste,email,18-24
C02643,2025-02-18,MG,Sudeste,email,18-24
C02644,2024-12-15,SP,Sudeste,google_ads,35-44
C02645,2025-07-06,RJ,Sudeste,paid_social,18-24
C02646,2025-09-22,DF,Centro-Oeste,paid_social,18-24
C02647,2025-11-11,SP,Sudeste,organic_search,45-54
C02648,2024-12-16,BA,Nordeste,paid_social,18-24
C02649,2025-09-07,BA,Nordeste,organic_search,35-44
C02650,2025-01-04,DF,Centro-Oeste,organic_search,25-34
C02651,2025-07-25,PA,Norte,organic_search,55+
C02652,2025-09-25,BA,Nordeste,paid_social,18-24
C02653,2025-09-14,ES,Sudeste,paid_social,35-44
C02654,2025-09-19,ES,Sudeste,paid_social,25-34
C02655,2025-09-20,AL,Nordeste,google_ads,25-34
C02656,2024-11-21,PR,Sul,google_ads,25-34
C02657,2025-10-12,PI,Nordeste,google_ads,25-34
C02658,2025-03-27,SP,Sudeste,organic_search,55+
C02659,2024-12-22,PE,Nordeste,google_ads,45-54
C02660,2025-08-24,AC,Norte,paid_social,35-44
C02661,2025-09-24,SP,Sudeste,google_ads,35-44
C02662,2025-01-14,PA,Norte,email,25-34
C02663,2025-03-13,SP,Sudeste,referral,35-44
C02664,2025-08-08,GO,Centro-Oeste,paid_social,35-44
C02665,2025-06-09,ES,Sudeste,paid_social,18-24
C02666,2025-10-14,AP,Norte,google_ads,45-54
C02667,2025-07-18,SC,Sul,email,35-44
C02668,2025-08-17,PA,Norte,paid_social,25-34
C02669,2025-08-21,SP,Sudeste,organic_search,35-44
C02670,2025-10-23,RJ,Sudeste,organic_search,35-44
C02671,2025-07-30,RS,Sul,organic_search,35-44
C02672,2025-01-25,RS,Sul,organic_search,35-44
C02673,2025-08-29,RJ,Sudeste,referral,25-34
C02674,2025-09-30,BA,Nordeste,organic_search,25-34
C02675,2025-08-03,CE,Nordeste,google_ads,25-34
C02676,2025-03-17,BA,Nordeste,organic_search,18-24
C02677,2025-08-19,RR,Norte,referral,35-44
C02678,2025-09-16,PE,Nordeste,google_ads,25-34
C02679,2025-08-21,PB,Nordeste,email,35-44
C02680,2025-09-21,GO,Centro-Oeste,email,25-34
C02681,2025-01-05,RS,Sul,email,45-54
C02682,2025-05-03,RJ,Sudeste,organic_search,55+
C02683,2025-10-23,SP,Sudeste,paid_social,35-44
C02684,2025-10-20,SP,Sudeste,organic_search,35-44
C02685,2024-11-16,DF,Centro-Oeste,email,25-34
C02686,2024-10-22,SP,Sudeste,paid_social,35-44
C02687,2025-11-04,AM,Norte,google_ads,55+
C02688,2025-11-16,SP,Sudeste,google_ads,35-44
C02689,2025-08-08,RJ,Sudeste,referral,25-34
C02690,2025-10-02,GO,Centro-Oeste,google_ads,35-44
C02691,2025-04-19,DF,Centro-Oeste,paid_social,25-34
C02692,2025-06-07,SP,Sudeste,organic_search,35-44
C02693,2025-09-11,ES,Sudeste,referral,35-44
C02694,2025-08-24,PR,Sul,google_ads,18-24
C02695,2025-03-30,RJ,Sudeste,google_ads,35-44
C02696,2025-10-17,RR,Norte,google_ads,18-24
C02697,2025-01-20,RS,Sul,paid_social,45-54
C02698,2025-01-23,PA,Norte,organic_search,18-24
C02699,2025-02-09,CE,Nordeste,google_ads,18-24
C02700,2025-09-08,GO,Centro-Oeste,paid_social,25-34
C02701,2024-11-16,SP,Sudeste,organic_search,18-24
C02702,2025-06-03,PR,Sul,google_ads,25-34
C02703,2025-05-13,RJ,Sudeste,organic_search,35-44
C02704,2025-09-12,MG,Sudeste,paid_social,25-34
C02705,2025-01-14,GO,Centro-Oeste,google_ads,25-34
C02706,2025-10-08,MG,Sudeste,google_ads,35-44
C02707,2025-10-30,CE,Nordeste,google_ads,25-34
C02708,2025-07-05,PA,Norte,referral,35-44
C02709,2024-12-09,PA,Norte,google_ads,25-34
C02710,2025-08-03,AP,Norte,referral,25-34
C02711,2024-12-18,SP,Sudeste,email,35-44
C02712,2025-10-09,RN,Nordeste,paid_social,25-34
C02713,2025-03-07,SC,Sul,organic_search,35-44
C02714,2025-06-29,PA,Norte,referral,35-44
C02715,2025-05-27,SP,Sudeste,organic_search,25-34
C02716,2025-05-22,SP,Sudeste,organic_search,18-24
C02717,2024-12-10,PR,Sul,organic_search,45-54
C02718,2025-04-02,GO,Centro-Oeste,organic_search,45-54
C02719,2025-04-21,RS,Sul,organic_search,35-44
C02720,2025-08-17,RJ,Sudeste,paid_social,45-54
C02721,2025-08-24,PR,Sul,paid_social,45-54
C02722,2025-02-20,RJ,Sudeste,email,25-34
C02723,2025-04-06,AL,Nordeste,google_ads,35-44
C02724,2025-07-20,SP,Sudeste,paid_social,45-54
C02725,2025-03-18,BA,Nordeste,paid_social,45-54
C02726,2025-07-05,SP,Sudeste,google_ads,35-44
C02727,2025-11-09,DF,Centro-Oeste,google_ads,35-44
C02728,2025-06-30,MG,Sudeste,paid_social,18-24
C02729,2025-07-03,PA,Norte,organic_search,25-34
C02730,2025-09-14,SC,Sul,referral,25-34
C02731,2025-09-07,PE,Nordeste,paid_social,35-44
C02732,2025-01-11,MG,Sudeste,google_ads,45-54
C02733,2025-08-27,RJ,Sudeste,paid_social,35-44
C02734,2025-09-01,SP,Sudeste,google_ads,25-34
C02735,2025-06-16,SC,Sul,email,18-24
C02736,2025-09-22,CE,Nordeste,referral,25-34
C02737,2025-04-18,RS,Sul,organic_search,18-24
C02738,2025-07-08,RJ,Sudeste,organic_search,45-54
C02739,2025-10-20,SP,Sudeste,organic_search,25-34
C02740,2025-04-12,PR,Sul,organic_search,25-34
C02741,2024-12-20,SP,Sudeste,paid_social,35-44
C02742,2025-05-25,TO,Norte,organic_search,25-34
C02743,2025-09-15,CE,Nordeste,email,25-34
C02744,2025-10-21,SP,Sudeste,paid_social,25-34
C02745,2025-07-24,PE,Nordeste,referral,45-54
C02746,2025-10-22,RS,Sul,organic_search,25-34
C02747,2024-10-29,BA,Nordeste,organic_search,35-44
C02748,2025-04-30,CE,Nordeste,email,25-34
C02749,2025-09-05,SP,Sudeste,google_ads,25-34
C02750,2025-09-04,SP,Sudeste,paid_social,25-34
C02751,2025-08-21,PR,Sul,paid_social,55+
C02752,2025-02-07,SP,Sudeste,organic_search,25-34
C02753,2025-06-19,RJ,Sudeste,email,55+
C02754,2025-06-02,MG,Sudeste,organic_search,25-34
C02755,2025-03-01,AP,Norte,email,45-54
C02756,2025-08-29,SP,Sudeste,referral,35-44
C02757,2025-05-26,PR,Sul,paid_social,25-34
C02758,2025-08-28,PR,Sul,paid_social,25-34
C02759,2025-09-05,PA,Norte,paid_social,55+
C02760,2025-06-22,SP,Sudeste,organic_search,35-44
C02761,2025-04-11,RS,Sul,referral,35-44
C02762,2025-09-04,MG,Sudeste,paid_social,25-34
C02763,2025-03-01,RJ,Sudeste,referral,45-54
C02764,2025-03-30,PR,Sul,email,45-54
C02765,2025-07-10,SP,Sudeste,email,25-34
C02766,2024-12-12,PE,Nordeste,organic_search,35-44
C02767,2025-09-06,RJ,Sudeste,organic_search,25-34
C02768,2025-11-13,SP,Sudeste,organic_search,35-44
C02769,2025-01-18,SC,Sul,google_ads,18-24
C02770,2025-09-28,MG,Sudeste,referral,18-24
C02771,2025-06-26,SP,Sudeste,paid_social,25-34
C02772,2025-10-19,ES,Sudeste,email,25-34
C02773,2025-11-04,SP,Sudeste,google_ads,55+
C02774,2024-12-03,BA,Nordeste,organic_search,25-34
C02775,2025-09-29,PA,Norte,google_ads,45-54
C02776,2025-08-20,ES,Sudeste,google_ads,35-44
C02777,2025-05-13,RJ,Sudeste,paid_social,25-34
C02778,2025-10-25,RN,Nordeste,paid_social,55+
C02779,2025-07-26,MG,Sudeste,paid_social,55+
C02780,2025-10-04,BA,Nordeste,email,45-54
C02781,2025-08-12,AL,Nordeste,organic_search,45-54
C02782,2025-09-01,PR,Sul,organic_search,25-34
C02783,2025-08-19,SP,Sudeste,organic_search,18-24
C02784,2025-09-20,PA,Norte,paid_social,35-44
C02785,2025-10-21,BA,Nordeste,organic_search,45-54
C02786,2025-03-16,SC,Sul,referral,25-34
C02787,2024-10-16,RJ,Sudeste,organic_search,25-34
C02788,2025-08-11,SP,Sudeste,paid_social,45-54
C02789,2025-06-08,RJ,Sudeste,paid_social,35-44
C02790,2025-06-06,SP,Sudeste,organic_search,25-34
C02791,2025-01-11,RS,Sul,google_ads,35-44
C02792,2025-08-04,SP,Sudeste,google_ads,25-34
C02793,2025-08-15,RJ,Sudeste,referral,35-44
C02794,2025-09-07,SE,Nordeste,paid_social,45-54
C02795,2025-03-21,PA,Norte,paid_social,35-44
C02796,2024-12-25,SP,Sudeste,organic_search,25-34
C02797,2025-09-05,RJ,Sudeste,paid_social,35-44
C02798,2025-05-05,AP,Norte,google_ads,25-34
C02799,2025-09-18,SC,Sul,organic_search,25-34
C02800,2025-09-06,SC,Sul,organic_search,35-44
C02801,2025-01-01,SP,Sudeste,referral,35-44
C02802,2025-11-22,ES,Sudeste,organic_search,25-34
C02803,2025-01-25,RS,Sul,referral,25-34
C02804,2025-10-21,PE,Nordeste,email,35-44
C02805,2025-04-13,SP,Sudeste,organic_search,35-44
C02806,2025-04-17,SP,Sudeste,paid_social,35-44
C02807,2025-04-04,PR,Sul,paid_social,25-34
C02808,2025-09-03,PR,Sul,paid_social,25-34
C02809,2025-08-06,SP,Sudeste,organic_search,25-34
C02810,2025-03-14,RJ,Sudeste,paid_social,35-44
C02811,2025-09-09,SP,Sudeste,organic_search,25-34
C02812,2025-01-18,SP,Sudeste,paid_social,25-34
C02813,2025-01-31,PR,Sul,paid_social,35-44
C02814,2025-10-22,RJ,Sudeste,paid_social,35-44
C02815,2025-07-25,MS,Centro-Oeste,paid_social,25-34
C02816,2025-08-16,SP,Sudeste,google_ads,18-24
C02817,2025-09-11,CE,Nordeste,google_ads,55+
C02818,2025-05-11,PA,Norte,paid_social,45-54
C02819,2025-03-11,GO,Centro-Oeste,paid_social,35-44
C02820,2025-01-19,ES,Sudeste,organic_search,35-44
C02821,2025-07-17,PR,Sul,organic_search,35-44
C02822,2025-01-25,RN,Nordeste,organic_search,18-24
C02823,2025-03-19,SP,Sudeste,paid_social,35-44
C02824,2025-10-06,RS,Sul,referral,25-34
C02825,2025-06-28,SP,Sudeste,paid_social,25-34
C02826,2024-11-23,RJ,Sudeste,organic_search,35-44
C02827,2025-04-07,SC,Sul,organic_search,35-44
C02828,2025-05-13,RJ,Sudeste,email,18-24
C02829,2024-12-23,MG,Sudeste,organic_search,35-44
C02830,2025-09-16,MS,Centro-Oeste,google_ads,25-34
C02831,2025-01-21,SP,Sudeste,paid_social,25-34
C02832,2025-09-27,RJ,Sudeste,organic_search,35-44
C02833,2024-12-27,SP,Sudeste,organic_search,18-24
C02834,2025-08-29,CE,Nordeste,paid_social,25-34
C02835,2025-06-08,PR,Sul,referral,25-34
C02836,2025-08-08,RR,Norte,organic_search,25-34
C02837,2025-10-22,SP,Sudeste,organic_search,25-34
C02838,2025-10-25,MS,Centro-Oeste,organic_search,35-44
C02839,2025-07-23,PI,Nordeste,referral,45-54
C02840,2024-12-11,RJ,Sudeste,email,55+
C02841,2025-09-09,SC,Sul,organic_search,25-34
C02842,2025-07-01,PR,Sul,email,25-34
C02843,2025-06-20,SP,Sudeste,email,35-44
C02844,2025-03-30,BA,Nordeste,organic_search,25-34
C02845,2025-03-31,SP,Sudeste,referral,25-34
C02846,2025-10-31,SP,Sudeste,google_ads,35-44
C02847,2025-07-25,SP,Sudeste,paid_social,45-54
C02848,2025-09-01,SP,Sudeste,google_ads,55+
C02849,2025-10-02,SC,Sul,google_ads,35-44
C02850,2025-11-19,RS,Sul,paid_social,25-34
C02851,2025-10-20,AM,Norte,email,35-44
C02852,2025-08-26,PR,Sul,google_ads,25-34
C02853,2025-10-22,MT,Centro-Oeste,referral,55+
C02854,2025-07-27,DF,Centro-Oeste,google_ads,25-34
C02855,2025-04-28,MA,Nordeste,organic_search,35-44
C02856,2025-09-14,CE,Nordeste,google_ads,45-54
C02857,2025-11-22,PI,Nordeste,referral,35-44
C02858,2025-07-26,SC,Sul,organic_search,18-24
C02859,2024-11-13,SC,Sul,organic_search,45-54
C02860,2025-11-01,PI,Nordeste,organic_search,55+
C02861,2025-11-08,SP,Sudeste,organic_search,55+
C02862,2025-10-07,MG,Sudeste,organic_search,55+
C02863,2025-10-30,SP,Sudeste,google_ads,55+
C02864,2025-06-21,PA,Norte,organic_search,35-44
C02865,2025-01-07,DF,Centro-Oeste,organic_search,25-34
C02866,2024-12-28,PR,Sul,google_ads,35-44
C02867,2025-10-29,PB,Nordeste,organic_search,18-24
C02868,2025-12-04,MG,Sudeste,paid_social,55+
C02869,2025-12-02,PR,Sul,google_ads,35-44
C02870,2025-10-14,DF,Centro-Oeste,google_ads,25-34
C02871,2025-07-14,RJ,Sudeste,email,18-24
C02872,2025-09-12,SC,Sul,paid_social,45-54
C02873,2025-06-09,SP,Sudeste,email,18-24
C02874,2025-11-13,SP,Sudeste,email,35-44
C02875,2025-03-04,ES,Sudeste,google_ads,18-24
C02876,2025-03-30,AP,Norte,referral,18-24
C02877,2024-12-21,MG,Sudeste,paid_social,45-54
C02878,2025-08-03,MT,Centro-Oeste,paid_social,55+
C02879,2025-06-15,SP,Sudeste,email,55+
C02880,2025-09-24,MG,Sudeste,paid_social,25-34
C02881,2025-06-13,PI,Nordeste,organic_search,55+
C02882,2025-02-25,ES,Sudeste,email,35-44
C02883,2025-10-18,PB,Nordeste,email,25-34
C02884,2025-03-01,RJ,Sudeste,paid_social,18-24
C02885,2025-02-11,SP,Sudeste,referral,25-34
C02886,2025-02-27,RS,Sul,organic_search,18-24
C02887,2025-09-03,PE,Nordeste,organic_search,45-54
C02888,2025-06-02,SP,Sudeste,referral,55+
C02889,2025-09-27,RJ,Sudeste,organic_search,35-44
C02890,2025-02-05,AM,Norte,organic_search,55+
C02891,2025-03-02,BA,Nordeste,organic_search,25-34
C02892,2025-05-22,SP,Sudeste,organic_search,25-34
C02893,2025-03-01,PA,Norte,paid_social,35-44
C02894,2025-05-23,MT,Centro-Oeste,organic_search,35-44
C02895,2025-09-22,RJ,Sudeste,google_ads,18-24
C02896,2025-06-30,RJ,Sudeste,google_ads,35-44
C02897,2025-12-25,RN,Nordeste,organic_search,25-34
C02898,2025-06-17,MG,Sudeste,google_ads,25-34
C02899,2025-04-25,RJ,Sudeste,paid_social,18-24
C02900,2025-09-19,MA,Nordeste,referral,45-54
C02901,2025-10-27,RJ,Sudeste,google_ads,25-34
C02902,2025-06-08,PA,Norte,google_ads,18-24
C02903,2025-01-27,MT,Centro-Oeste,organic_search,35-44
C02904,2025-01-15,SP,Sudeste,google_ads,35-44
C02905,2025-03-03,MG,Sudeste,google_ads,25-34
C02906,2025-02-05,ES,Sudeste,paid_social,35-44
C02907,2025-08-06,PR,Sul,google_ads,55+
C02908,2025-11-04,RS,Sul,paid_social,45-54
C02909,2025-08-04,AL,Nordeste,organic_search,18-24
C02910,2025-11-10,BA,Nordeste,organic_search,25-34
C02911,2025-11-01,MA,Nordeste,organic_search,35-44
C02912,2025-01-08,SP,Sudeste,organic_search,45-54
C02913,2025-01-15,BA,Nordeste,paid_social,55+
C02914,2025-01-08,MG,Sudeste,google_ads,25-34
C02915,2025-05-09,SP,Sudeste,organic_search,18-24
C02916,2025-01-17,RJ,Sudeste,google_ads,45-54
C02917,2025-06-18,PR,Sul,google_ads,25-34
C02918,2025-10-05,SE,Nordeste,organic_search,35-44
C02919,2024-11-14,PA,Norte,organic_search,18-24
C02920,2025-02-07,SP,Sudeste,referral,35-44
C02921,2025-10-10,BA,Nordeste,google_ads,18-24
C02922,2025-11-14,SP,Sudeste,google_ads,55+
C02923,2025-01-12,RS,Sul,referral,35-44
C02924,2025-11-17,MT,Centro-Oeste,organic_search,25-34
C02925,2025-08-07,RS,Sul,organic_search,25-34
C02926,2025-09-21,AC,Norte,paid_social,35-44
C02927,2025-07-20,GO,Centro-Oeste,paid_social,35-44
C02928,2025-08-06,AL,Nordeste,referral,35-44
C02929,2025-09-14,PA,Norte,paid_social,25-34
C02930,2025-10-27,RJ,Sudeste,google_ads,55+
C02931,2025-11-22,RJ,Sudeste,google_ads,25-34
C02932,2025-03-18,SP,Sudeste,organic_search,25-34
C02933,2025-10-03,MA,Nordeste,paid_social,35-44
C02934,2025-03-02,AP,Norte,email,35-44
C02935,2024-12-16,RJ,Sudeste,organic_search,25-34
C02936,2025-03-05,PE,Nordeste,organic_search,25-34
C02937,2025-07-30,MG,Sudeste,organic_search,35-44
C02938,2025-07-17,MG,Sudeste,google_ads,18-24
C02939,2025-01-21,SP,Sudeste,organic_search,18-24
C02940,2025-11-23,SP,Sudeste,organic_search,55+
C02941,2025-05-26,MG,Sudeste,paid_social,35-44
C02942,2024-10-31,PR,Sul,email,18-24
C02943,2025-06-25,MG,Sudeste,organic_search,25-34
C02944,2025-08-25,SP,Sudeste,google_ads,55+
C02945,2025-09-02,GO,Centro-Oeste,organic_search,35-44
C02946,2025-08-10,RS,Sul,google_ads,18-24
C02947,2025-03-25,AL,Nordeste,paid_social,35-44
C02948,2025-06-06,SP,Sudeste,paid_social,25-34
C02949,2025-04-26,MA,Nordeste,paid_social,45-54
C02950,2025-06-22,MG,Sudeste,google_ads,25-34
C02951,2025-01-28,MG,Sudeste,organic_search,35-44
C02952,2025-05-16,MG,Sudeste,organic_search,35-44
C02953,2025-02-13,PA,Norte,organic_search,35-44
C02954,2025-09-02,PE,Nordeste,organic_search,35-44
C02955,2025-09-15,MG,Sudeste,referral,55+
C02956,2025-04-10,DF,Centro-Oeste,referral,18-24
C02957,2025-02-19,SP,Sudeste,organic_search,25-34
C02958,2025-09-29,PR,Sul,organic_search,25-34
C02959,2025-07-25,MG,Sudeste,organic_search,45-54
C02960,2025-08-29,AL,Nordeste,paid_social,18-24
C02961,2024-11-05,RS,Sul,organic_search,18-24
C02962,2025-09-16,BA,Nordeste,organic_search,55+
C02963,2025-10-30,RJ,Sudeste,organic_search,25-34
C02964,2025-09-27,AM,Norte,google_ads,25-34
C02965,2025-07-19,TO,Norte,referral,55+
C02966,2025-11-15,RS,Sul,referral,25-34
C02967,2025-05-11,SC,Sul,paid_social,25-34
C02968,2025-07-30,RJ,Sudeste,paid_social,25-34
C02969,2025-04-05,PB,Nordeste,organic_search,35-44
C02970,2025-03-16,MS,Centro-Oeste,google_ads,55+
C02971,2025-10-14,RJ,Sudeste,google_ads,18-24
C02972,2025-11-08,MG,Sudeste,paid_social,55+
C02973,2025-06-07,SP,Sudeste,google_ads,45-54
C02974,2025-12-06,RJ,Sudeste,paid_social,35-44
C02975,2025-08-25,PB,Nordeste,email,55+
C02976,2025-08-31,RJ,Sudeste,organic_search,25-34
C02977,2025-06-20,AM,Norte,google_ads,18-24
C02978,2025-11-17,PA,Norte,referral,55+
C02979,2025-09-12,RS,Sul,google_ads,45-54
C02980,2025-03-13,PI,Nordeste,google_ads,25-34
C02981,2025-12-15,SP,Sudeste,organic_search,35-44
C02982,2025-09-18,SP,Sudeste,paid_social,25-34
C02983,2025-10-31,RS,Sul,email,55+
C02984,2025-09-07,PA,Norte,organic_search,25-34
C02985,2025-11-12,RS,Sul,organic_search,25-34
C02986,2025-10-05,SP,Sudeste,google_ads,25-34
C02987,2025-09-27,SP,Sudeste,paid_social,45-54
C02988,2025-04-02,SE,Nordeste,organic_search,55+
C02989,2025-06-19,RJ,Sudeste,organic_search,18-24
C02990,2025-11-10,RS,Sul,paid_social,45-54
C02991,2024-11-25,BA,Nordeste,email,18-24
C02992,2025-09-05,AP,Norte,google_ads,35-44
C02993,2024-11-12,SP,Sudeste,google_ads,25-34
C02994,2025-01-28,PA,Norte,email,25-34
C02995,2025-11-07,PR,Sul,organic_search,35-44
C02996,2025-02-16,SP,Sudeste,google_ads,45-54
C02997,2025-06-24,SE,Nordeste,organic_search,35-44
C02998,2025-11-09,MG,Sudeste,paid_social,18-24
C02999,2025-03-18,MS,Centro-Oeste,organic_search,25-34
C03000,2025-04-13,SP,Sudeste,organic_search,18-24
C03001,2025-11-12,MG,Sudeste,referral,35-44
C03002,2025-02-28,MT,Centro-Oeste,google_ads,25-34
C03003,2025-08-07,GO,Centro-Oeste,organic_search,18-24
C03004,2024-11-08,MT,Centro-Oeste,google_ads,45-54
C03005,2025-06-29,SP,Sudeste,organic_search,35-44
C03006,2025-02-23,RJ,Sudeste,google_ads,35-44
C03007,2025-09-10,SE,Nordeste,email,55+
C03008,2025-10-05,PR,Sul,paid_social,35-44
C03009,2025-01-04,MA,Nordeste,google_ads,45-54
C03010,2025-09-28,RO,Norte,paid_social,25-34
C03011,2025-11-13,RS,Sul,referral,25-34
C03012,2025-04-13,RJ,Sudeste,organic_search,25-34
C03013,2025-11-16,MT,Centro-Oeste,organic_search,55+
C03014,2025-05-03,PE,Nordeste,paid_social,35-44
C03015,2025-09-02,RJ,Sudeste,organic_search,45-54
C03016,2025-01-25,RJ,Sudeste,google_ads,25-34
C03017,2025-12-11,SP,Sudeste,google_ads,55+
C03018,2025-06-26,SC,Sul,paid_social,25-34
C03019,2025-10-26,GO,Centro-Oeste,email,45-54
C03020,2025-04-05,RS,Sul,google_ads,25-34
C03021,2025-03-08,PR,Sul,paid_social,25-34
C03022,2025-04-17,SP,Sudeste,organic_search,25-34
C03023,2025-02-01,ES,Sudeste,paid_social,25-34
C03024,2025-02-21,PI,Nordeste,google_ads,25-34
C03025,2025-07-13,PR,Sul,google_ads,55+
C03026,2025-10-24,SC,Sul,organic_search,55+
C03027,2024-11-23,SP,Sudeste,email,55+
C03028,2025-12-07,SP,Sudeste,paid_social,35-44
C03029,2025-07-13,SC,Sul,paid_social,55+
C03030,2025-08-13,SP,Sudeste,paid_social,55+
C03031,2025-07-10,RS,Sul,google_ads,35-44
C03032,2025-07-04,RJ,Sudeste,email,45-54
C03033,2025-08-01,PR,Sul,google_ads,25-34
C03034,2025-10-01,GO,Centro-Oeste,email,45-54
C03035,2025-12-08,PB,Nordeste,google_ads,18-24
C03036,2025-12-21,MT,Centro-Oeste,organic_search,25-34
C03037,2025-10-31,SP,Sudeste,paid_social,45-54
C03038,2025-10-15,AC,Norte,paid_social,18-24
C03039,2025-09-20,SP,Sudeste,paid_social,18-24
C03040,2025-11-11,SP,Sudeste,referral,25-34
C03041,2025-04-04,TO,Norte,paid_social,55+
C03042,2025-10-03,DF,Centro-Oeste,paid_social,35-44
C03043,2025-08-11,ES,Sudeste,email,35-44
C03044,2025-09-20,MG,Sudeste,paid_social,25-34
C03045,2025-03-18,RS,Sul,paid_social,45-54
C03046,2025-06-11,SP,Sudeste,google_ads,55+
C03047,2025-09-22,SP,Sudeste,google_ads,25-34
C03048,2025-03-08,RJ,Sudeste,google_ads,25-34
C03049,2025-09-10,MA,Nordeste,google_ads,45-54
C03050,2025-03-21,MG,Sudeste,referral,45-54
C03051,2025-06-01,SP,Sudeste,paid_social,35-44
C03052,2025-10-14,MS,Centro-Oeste,organic_search,25-34
C03053,2025-09-26,MG,Sudeste,organic_search,45-54
C03054,2025-06-21,SP,Sudeste,organic_search,55+
C03055,2025-11-05,GO,Centro-Oeste,paid_social,18-24
C03056,2025-10-10,AC,Norte,paid_social,35-44
C03057,2025-04-23,SP,Sudeste,paid_social,18-24
C03058,2025-03-24,RS,Sul,paid_social,25-34
C03059,2025-04-19,MG,Sudeste,google_ads,35-44
C03060,2025-09-27,CE,Nordeste,paid_social,35-44
C03061,2025-12-07,SP,Sudeste,paid_social,18-24
C03062,2025-04-23,PA,Norte,email,35-44
C03063,2025-02-20,RJ,Sudeste,paid_social,18-24
C03064,2025-10-09,RJ,Sudeste,referral,25-34
C03065,2025-09-15,RS,Sul,referral,45-54
C03066,2025-10-07,SP,Sudeste,google_ads,25-34
C03067,2025-04-08,MA,Nordeste,google_ads,18-24
C03068,2025-12-21,RJ,Sudeste,paid_social,18-24
C03069,2025-01-04,SP,Sudeste,google_ads,55+
C03070,2025-09-25,SE,Nordeste,email,25-34
C03071,2025-12-10,MA,Nordeste,referral,35-44
C03072,2025-12-01,RN,Nordeste,organic_search,25-34
C03073,2025-08-02,MG,Sudeste,paid_social,25-34
C03074,2025-10-02,SP,Sudeste,organic_search,25-34
C03075,2025-10-09,PR,Sul,organic_search,25-34
C03076,2025-04-27,SP,Sudeste,google_ads,25-34
C03077,2025-06-10,SP,Sudeste,google_ads,45-54
C03078,2025-11-06,RS,Sul,paid_social,55+
C03079,2025-07-28,SE,Nordeste,email,25-34
C03080,2025-06-03,GO,Centro-Oeste,email,35-44
C03081,2025-08-20,SP,Sudeste,email,35-44
C03082,2025-09-13,PA,Norte,email,35-44
C03083,2025-10-17,PA,Norte,paid_social,18-24
C03084,2025-10-07,SP,Sudeste,paid_social,25-34
C03085,2025-12-24,BA,Nordeste,google_ads,25-34
C03086,2025-04-02,SP,Sudeste,organic_search,18-24
C03087,2024-11-27,RJ,Sudeste,paid_social,25-34
C03088,2025-09-23,RJ,Sudeste,paid_social,35-44
C03089,2025-05-19,SP,Sudeste,google_ads,25-34
C03090,2025-08-16,MT,Centro-Oeste,organic_search,35-44
C03091,2025-11-19,PR,Sul,organic_search,18-24
C03092,2025-10-27,AM,Norte,google_ads,18-24
C03093,2025-10-29,RS,Sul,referral,18-24
C03094,2025-10-26,SC,Sul,paid_social,18-24
C03095,2025-08-25,BA,Nordeste,google_ads,35-44
C03096,2025-05-03,MA,Nordeste,referral,45-54
C03097,2025-10-06,PR,Sul,paid_social,18-24
C03098,2025-12-01,RS,Sul,paid_social,45-54
C03099,2024-11-23,AM,Norte,organic_search,25-34
C03100,2025-10-19,RJ,Sudeste,referral,25-34
C03101,2025-07-29,CE,Nordeste,paid_social,35-44
C03102,2025-04-03,PA,Norte,organic_search,25-34
C03103,2025-05-13,MA,Nordeste,organic_search,25-34
C03104,2025-05-26,PA,Norte,email,25-34
C03105,2025-01-17,SC,Sul,referral,55+
C03106,2025-03-08,SP,Sudeste,google_ads,35-44
C03107,2025-10-04,AP,Norte,organic_search,25-34
C03108,2025-10-02,RR,Norte,organic_search,35-44
C03109,2025-06-26,SP,Sudeste,organic_search,45-54
C03110,2025-10-06,BA,Nordeste,organic_search,35-44
C03111,2025-07-26,BA,Nordeste,organic_search,25-34
C03112,2025-10-01,SP,Sudeste,organic_search,18-24
C03113,2025-09-07,AM,Norte,paid_social,18-24
C03114,2025-03-07,RS,Sul,organic_search,35-44
C03115,2025-06-28,SP,Sudeste,paid_social,18-24
C03116,2025-01-08,RS,Sul,referral,18-24
C03117,2025-09-16,ES,Sudeste,paid_social,25-34
C03118,2024-12-17,MG,Sudeste,paid_social,25-34
C03119,2025-03-05,PB,Nordeste,organic_search,18-24
C03120,2025-03-27,RJ,Sudeste,google_ads,35-44
C03121,2025-04-08,GO,Centro-Oeste,organic_search,25-34
C03122,2025-08-11,SP,Sudeste,paid_social,25-34
C03123,2025-07-21,MG,Sudeste,organic_search,45-54
C03124,2025-09-27,CE,Nordeste,organic_search,35-44
C03125,2025-10-07,RJ,Sudeste,google_ads,45-54
C03126,2025-05-28,CE,Nordeste,organic_search,35-44
C03127,2025-09-27,SP,Sudeste,organic_search,25-34
C03128,2025-09-12,SP,Sudeste,organic_search,35-44
C03129,2025-09-18,CE,Nordeste,organic_search,18-24
C03130,2024-11-21,PB,Nordeste,google_ads,35-44
C03131,2025-04-19,GO,Centro-Oeste,email,25-34
C03132,2025-05-18,AM,Norte,google_ads,45-54
C03133,2025-09-06,MG,Sudeste,organic_search,35-44
C03134,2025-07-02,CE,Nordeste,google_ads,25-34
C03135,2025-07-30,DF,Centro-Oeste,email,25-34
C03136,2025-07-31,SP,Sudeste,email,35-44
C03137,2025-09-09,SP,Sudeste,organic_search,45-54
C03138,2024-11-17,CE,Nordeste,google_ads,25-34
C03139,2025-11-05,BA,Nordeste,organic_search,35-44
C03140,2025-09-11,RJ,Sudeste,google_ads,25-34
C03141,2025-08-06,SP,Sudeste,email,35-44
C03142,2025-03-19,SP,Sudeste,google_ads,18-24
C03143,2025-03-27,MG,Sudeste,organic_search,25-34
C03144,2025-07-03,PR,Sul,paid_social,35-44
C03145,2025-11-13,SP,Sudeste,google_ads,45-54
C03146,2025-10-04,AM,Norte,referral,18-24
C03147,2025-09-02,PR,Sul,paid_social,25-34
C03148,2025-07-31,MA,Nordeste,paid_social,25-34
C03149,2025-08-06,GO,Centro-Oeste,google_ads,25-34
C03150,2025-01-22,MG,Sudeste,referral,35-44
C03151,2025-08-08,MG,Sudeste,paid_social,45-54
C03152,2025-01-31,MT,Centro-Oeste,referral,25-34
C03153,2024-12-16,CE,Nordeste,referral,55+
C03154,2025-06-27,BA,Nordeste,paid_social,18-24
C03155,2024-12-26,MG,Sudeste,google_ads,35-44
C03156,2025-07-13,DF,Centro-Oeste,organic_search,35-44
C03157,2025-06-30,RJ,Sudeste,referral,25-34
C03158,2025-04-28,RJ,Sudeste,google_ads,45-54
C03159,2025-10-27,RJ,Sudeste,google_ads,25-34
C03160,2025-08-11,SP,Sudeste,paid_social,35-44
C03161,2025-05-23,DF,Centro-Oeste,google_ads,25-34
C03162,2025-04-26,SP,Sudeste,paid_social,35-44
C03163,2025-07-15,RJ,Sudeste,paid_social,35-44
C03164,2025-10-01,PB,Nordeste,google_ads,18-24
C03165,2025-07-24,CE,Nordeste,google_ads,25-34
C03166,2025-06-19,MT,Centro-Oeste,email,25-34
C03167,2025-10-18,MG,Sudeste,email,35-44
C03168,2025-01-10,SC,Sul,organic_search,25-34
C03169,2025-02-19,SP,Sudeste,referral,35-44
C03170,2025-08-16,SC,Sul,paid_social,35-44
C03171,2025-04-18,RS,Sul,referral,35-44
C03172,2025-09-01,RS,Sul,google_ads,35-44
C03173,2024-11-18,MA,Nordeste,email,35-44
C03174,2025-10-07,MG,Sudeste,google_ads,25-34
C03175,2025-09-03,MG,Sudeste,paid_social,18-24
C03176,2025-08-07,SP,Sudeste,paid_social,35-44
C03177,2025-01-31,SP,Sudeste,google_ads,35-44
C03178,2025-11-02,MG,Sudeste,referral,25-34
C03179,2025-05-16,GO,Centro-Oeste,google_ads,55+
C03180,2025-10-16,RJ,Sudeste,google_ads,35-44
C03181,2025-09-02,MG,Sudeste,google_ads,18-24
C03182,2025-07-23,RJ,Sudeste,organic_search,25-34
C03183,2025-06-21,MA,Nordeste,paid_social,18-24
C03184,2025-07-16,PB,Nordeste,organic_search,55+
C03185,2025-09-16,BA,Nordeste,google_ads,25-34
C03186,2025-06-14,SE,Nordeste,paid_social,18-24
C03187,2025-09-28,PR,Sul,email,35-44
C03188,2025-08-06,RN,Nordeste,google_ads,25-34
C03189,2025-10-26,SP,Sudeste,referral,35-44
C03190,2025-10-07,RS,Sul,referral,55+
C03191,2025-02-26,SP,Sudeste,organic_search,45-54
C03192,2025-11-20,MG,Sudeste,organic_search,25-34
C03193,2025-10-12,MG,Sudeste,email,45-54
C03194,2025-11-02,MT,Centro-Oeste,paid_social,25-34
C03195,2025-01-22,RJ,Sudeste,google_ads,55+
C03196,2025-06-01,BA,Nordeste,organic_search,18-24
C03197,2025-10-15,AP,Norte,organic_search,35-44
C03198,2025-09-07,PI,Nordeste,referral,18-24
C03199,2025-02-06,SP,Sudeste,google_ads,25-34
C03200,2025-12-03,PR,Sul,google_ads,25-34
C03201,2025-09-02,SP,Sudeste,paid_social,25-34
C03202,2025-08-20,PA,Norte,google_ads,25-34
C03203,2025-02-04,RN,Nordeste,google_ads,35-44
C03204,2025-10-18,RS,Sul,organic_search,35-44
C03205,2025-05-06,TO,Norte,google_ads,18-24
C03206,2025-06-22,RJ,Sudeste,organic_search,35-44
C03207,2025-09-26,SP,Sudeste,paid_social,18-24
C03208,2024-12-06,RS,Sul,email,25-34
C03209,2025-05-20,PI,Nordeste,organic_search,25-34
C03210,2025-05-17,RJ,Sudeste,paid_social,35-44
C03211,2025-05-31,PR,Sul,email,18-24
C03212,2025-03-19,PB,Nordeste,organic_search,25-34
C03213,2025-10-16,MG,Sudeste,paid_social,25-34
C03214,2025-12-09,RS,Sul,google_ads,35-44
C03215,2025-08-31,PR,Sul,email,35-44
C03216,2025-08-17,CE,Nordeste,organic_search,55+
C03217,2025-06-16,SP,Sudeste,email,35-44
C03218,2025-09-10,SP,Sudeste,paid_social,18-24
C03219,2025-01-10,RS,Sul,referral,35-44
C03220,2025-04-04,SP,Sudeste,email,18-24
C03221,2025-10-22,AM,Norte,organic_search,35-44
C03222,2025-10-03,MT,Centro-Oeste,google_ads,18-24
C03223,2025-11-03,SE,Nordeste,organic_search,35-44
C03224,2025-03-19,BA,Nordeste,google_ads,18-24
C03225,2025-06-30,RS,Sul,email,55+
C03226,2025-01-27,CE,Nordeste,email,35-44
C03227,2025-04-08,RN,Nordeste,google_ads,18-24
C03228,2025-10-11,PA,Norte,google_ads,35-44
C03229,2025-11-06,GO,Centro-Oeste,organic_search,45-54
C03230,2025-03-13,DF,Centro-Oeste,paid_social,45-54
C03231,2025-04-17,PE,Nordeste,email,25-34
C03232,2025-11-19,DF,Centro-Oeste,google_ads,18-24
C03233,2025-11-12,MG,Sudeste,organic_search,55+
C03234,2024-11-01,RJ,Sudeste,paid_social,35-44
C03235,2025-08-09,SP,Sudeste,google_ads,25-34
C03236,2025-09-24,MT,Centro-Oeste,organic_search,25-34
C03237,2025-03-28,CE,Nordeste,google_ads,18-24
C03238,2025-10-10,PE,Nordeste,organic_search,35-44
C03239,2025-01-13,MG,Sudeste,paid_social,35-44
C03240,2025-02-11,SE,Nordeste,organic_search,45-54
C03241,2025-01-25,RS,Sul,google_ads,25-34
C03242,2025-10-01,PR,Sul,google_ads,35-44
C03243,2025-05-24,RR,Norte,google_ads,35-44
C03244,2025-07-24,MG,Sudeste,referral,35-44
C03245,2025-05-15,RN,Nordeste,referral,45-54
C03246,2025-07-16,TO,Norte,paid_social,18-24
C03247,2025-10-19,SP,Sudeste,paid_social,55+
C03248,2025-09-08,SP,Sudeste,paid_social,25-34
C03249,2025-09-24,AM,Norte,paid_social,45-54
C03250,2025-04-23,PR,Sul,google_ads,35-44
C03251,2025-08-18,PE,Nordeste,organic_search,45-54
C03252,2025-06-24,MG,Sudeste,paid_social,25-34
C03253,2025-04-06,RS,Sul,organic_search,18-24
C03254,2025-10-01,BA,Nordeste,organic_search,25-34
C03255,2025-05-04,GO,Centro-Oeste,google_ads,25-34
C03256,2025-02-03,SP,Sudeste,referral,25-34
C03257,2025-06-01,RJ,Sudeste,google_ads,35-44
C03258,2025-05-16,PE,Nordeste,referral,55+
C03259,2025-10-01,RJ,Sudeste,google_ads,55+
C03260,2025-01-10,BA,Nordeste,google_ads,18-24
C03261,2025-02-22,RJ,Sudeste,referral,35-44
C03262,2025-02-03,MG,Sudeste,organic_search,25-34
C03263,2025-09-14,BA,Nordeste,email,25-34
C03264,2025-02-09,RJ,Sudeste,google_ads,45-54
C03265,2025-05-03,RJ,Sudeste,google_ads,35-44
C03266,2025-08-14,PR,Sul,google_ads,18-24
C03267,2025-08-01,MS,Centro-Oeste,google_ads,55+
C03268,2025-11-07,MG,Sudeste,google_ads,35-44
C03269,2025-07-24,DF,Centro-Oeste,paid_social,45-54
C03270,2025-08-24,SC,Sul,google_ads,25-34
C03271,2025-10-09,SP,Sudeste,paid_social,35-44
C03272,2025-10-18,CE,Nordeste,organic_search,35-44
C03273,2025-03-01,MS,Centro-Oeste,organic_search,55+
C03274,2025-09-03,RJ,Sudeste,organic_search,45-54
C03275,2025-05-29,PR,Sul,paid_social,45-54
C03276,2025-10-19,AM,Norte,organic_search,35-44
C03277,2025-03-16,TO,Norte,google_ads,45-54
C03278,2025-02-20,MG,Sudeste,organic_search,45-54
C03279,2024-12-19,RJ,Sudeste,referral,25-34
C03280,2025-08-26,CE,Nordeste,google_ads,25-34
C03281,2024-10-23,GO,Centro-Oeste,organic_search,55+
C03282,2025-07-14,MG,Sudeste,paid_social,25-34
C03283,2025-10-03,RS,Sul,organic_search,55+
C03284,2025-04-14,RJ,Sudeste,google_ads,35-44
C03285,2025-05-29,BA,Nordeste,paid_social,25-34
C03286,2025-09-28,PE,Nordeste,organic_search,25-34
C03287,2025-05-21,SP,Sudeste,organic_search,18-24
C03288,2025-07-19,AM,Norte,organic_search,25-34
C03289,2024-12-27,PE,Nordeste,organic_search,25-34
C03290,2025-05-30,PR,Sul,email,35-44
C03291,2025-05-08,RJ,Sudeste,paid_social,35-44
C03292,2025-11-10,PE,Nordeste,email,25-34
C03293,2025-01-17,SP,Sudeste,organic_search,18-24
C03294,2025-05-10,SP,Sudeste,organic_search,18-24
C03295,2025-11-04,SP,Sudeste,organic_search,45-54
C03296,2025-11-20,SP,Sudeste,organic_search,45-54
C03297,2025-10-30,MT,Centro-Oeste,paid_social,45-54
C03298,2025-10-17,MG,Sudeste,organic_search,55+
C03299,2025-09-13,PR,Sul,google_ads,35-44
C03300,2025-06-06,RJ,Sudeste,google_ads,25-34
C03301,2025-11-21,SP,Sudeste,paid_social,35-44
C03302,2025-10-02,MT,Centro-Oeste,referral,25-34
C03303,2025-02-10,PR,Sul,organic_search,18-24
C03304,2025-08-08,SE,Nordeste,organic_search,25-34
C03305,2025-08-02,RR,Norte,paid_social,45-54
C03306,2024-12-29,PE,Nordeste,referral,35-44
C03307,2025-10-03,RS,Sul,email,25-34
C03308,2025-03-09,MA,Nordeste,organic_search,45-54
C03309,2025-07-12,ES,Sudeste,paid_social,18-24
C03310,2025-10-20,PI,Nordeste,email,25-34
C03311,2025-09-17,RN,Nordeste,referral,25-34
C03312,2025-01-26,SP,Sudeste,organic_search,55+
C03313,2025-07-19,ES,Sudeste,paid_social,45-54
C03314,2025-01-15,MG,Sudeste,google_ads,55+
C03315,2025-04-18,SC,Sul,email,25-34
C03316,2025-01-10,SC,Sul,paid_social,35-44
C03317,2025-08-09,MG,Sudeste,google_ads,18-24
C03318,2025-04-08,SP,Sudeste,paid_social,45-54
C03319,2025-11-03,PR,Sul,paid_social,45-54
C03320,2025-09-02,MG,Sudeste,organic_search,45-54
C03321,2025-04-21,SP,Sudeste,google_ads,25-34
C03322,2024-12-20,SP,Sudeste,organic_search,25-34
C03323,2025-04-11,SP,Sudeste,referral,35-44
C03324,2025-04-26,PR,Sul,organic_search,25-34
C03325,2024-11-30,MT,Centro-Oeste,email,25-34
C03326,2025-04-30,AL,Nordeste,paid_social,45-54
C03327,2025-10-19,SP,Sudeste,referral,55+
C03328,2025-09-26,SP,Sudeste,referral,55+
C03329,2025-07-18,SC,Sul,google_ads,25-34
C03330,2024-12-28,GO,Centro-Oeste,email,55+
C03331,2025-04-20,RJ,Sudeste,paid_social,35-44
C03332,2025-03-16,PR,Sul,paid_social,55+
C03333,2025-10-31,AC,Norte,organic_search,45-54
C03334,2025-08-10,MG,Sudeste,organic_search,25-34
C03335,2025-03-30,RN,Nordeste,email,25-34
C03336,2025-11-12,PR,Sul,google_ads,25-34
C03337,2025-02-19,BA,Nordeste,paid_social,25-34
C03338,2025-11-18,RJ,Sudeste,organic_search,35-44
C03339,2025-01-07,MG,Sudeste,paid_social,25-34
C03340,2025-01-01,RJ,Sudeste,paid_social,45-54
C03341,2025-05-26,SP,Sudeste,organic_search,45-54
C03342,2025-10-28,SC,Sul,organic_search,25-34
C03343,2025-10-27,SP,Sudeste,organic_search,35-44
C03344,2025-07-15,RJ,Sudeste,email,25-34
C03345,2025-10-04,SP,Sudeste,paid_social,45-54
C03346,2025-07-01,RJ,Sudeste,google_ads,35-44
C03347,2024-11-27,MG,Sudeste,paid_social,55+
C03348,2025-05-07,CE,Nordeste,google_ads,55+
C03349,2025-07-28,PE,Nordeste,organic_search,25-34
C03350,2025-05-30,RJ,Sudeste,google_ads,18-24
C03351,2025-11-14,AP,Norte,organic_search,18-24
C03352,2025-06-18,MG,Sudeste,organic_search,18-24
C03353,2025-10-04,CE,Nordeste,paid_social,35-44
C03354,2025-01-08,PR,Sul,google_ads,55+
C03355,2025-08-19,SP,Sudeste,paid_social,25-34
C03356,2025-09-22,CE,Nordeste,paid_social,18-24
C03357,2025-11-23,RR,Norte,google_ads,45-54
C03358,2024-12-10,ES,Sudeste,organic_search,55+
C03359,2025-09-25,RJ,Sudeste,google_ads,18-24
C03360,2025-11-13,RS,Sul,referral,35-44
C03361,2025-08-15,SP,Sudeste,google_ads,25-34
C03362,2025-05-12,PR,Sul,paid_social,35-44
C03363,2024-12-22,DF,Centro-Oeste,google_ads,25-34
C03364,2025-10-28,RS,Sul,google_ads,18-24
C03365,2025-02-28,ES,Sudeste,google_ads,18-24
C03366,2025-08-13,RS,Sul,organic_search,35-44
C03367,2025-01-15,CE,Nordeste,paid_social,18-24
C03368,2025-11-15,MG,Sudeste,organic_search,25-34
C03369,2025-10-21,MG,Sudeste,organic_search,25-34
C03370,2025-04-28,RR,Norte,paid_social,25-34
C03371,2025-10-04,SP,Sudeste,paid_social,35-44
C03372,2025-11-06,MG,Sudeste,paid_social,35-44
C03373,2025-03-12,SE,Nordeste,organic_search,35-44
C03374,2025-07-15,PE,Nordeste,paid_social,45-54
C03375,2025-10-06,RN,Nordeste,google_ads,25-34
C03376,2025-11-16,RJ,Sudeste,referral,55+
C03377,2025-08-14,PA,Norte,email,45-54
C03378,2024-10-31,SP,Sudeste,google_ads,25-34
C03379,2025-01-06,SP,Sudeste,google_ads,35-44
C03380,2025-06-26,SP,Sudeste,paid_social,55+
C03381,2025-06-10,BA,Nordeste,paid_social,35-44
C03382,2025-11-12,BA,Nordeste,google_ads,35-44
C03383,2025-11-06,RS,Sul,google_ads,35-44
C03384,2025-07-08,PE,Nordeste,google_ads,18-24
C03385,2025-12-12,MG,Sudeste,email,35-44
C03386,2025-08-09,SP,Sudeste,referral,45-54
C03387,2024-12-30,BA,Nordeste,google_ads,18-24
C03388,2025-04-09,SP,Sudeste,organic_search,18-24
C03389,2025-04-25,PE,Nordeste,google_ads,35-44
C03390,2025-07-28,SP,Sudeste,referral,45-54
C03391,2025-08-16,AC,Norte,paid_social,45-54
C03392,2025-09-11,RJ,Sudeste,email,55+
C03393,2025-02-19,RS,Sul,referral,35-44
C03394,2025-10-06,SP,Sudeste,paid_social,35-44
C03395,2025-09-06,RS,Sul,google_ads,35-44
C03396,2025-08-29,MT,Centro-Oeste,google_ads,25-34
C03397,2025-09-10,SP,Sudeste,google_ads,18-24
C03398,2025-01-09,SP,Sudeste,paid_social,25-34
C03399,2025-05-31,SP,Sudeste,google_ads,35-44
C03400,2025-10-04,RJ,Sudeste,organic_search,45-54
C03401,2024-10-31,RS,Sul,referral,55+
C03402,2025-11-04,SP,Sudeste,google_ads,18-24
C03403,2025-11-12,BA,Nordeste,paid_social,18-24
C03404,2025-03-09,MG,Sudeste,organic_search,25-34
C03405,2025-11-20,PR,Sul,google_ads,18-24
C03406,2025-10-01,RJ,Sudeste,referral,55+
C03407,2025-07-21,MG,Sudeste,paid_social,25-34
C03408,2025-09-03,CE,Nordeste,paid_social,45-54
C03409,2025-09-17,SC,Sul,organic_search,25-34
C03410,2025-02-07,PE,Nordeste,google_ads,35-44
C03411,2025-10-14,SP,Sudeste,organic_search,25-34
C03412,2025-03-22,PI,Nordeste,paid_social,25-34
C03413,2025-09-11,MG,Sudeste,paid_social,25-34
C03414,2025-10-05,SP,Sudeste,google_ads,25-34
C03415,2025-08-10,SP,Sudeste,organic_search,55+
C03416,2025-09-23,SP,Sudeste,email,35-44
C03417,2025-02-11,BA,Nordeste,organic_search,35-44
C03418,2024-11-08,SC,Sul,paid_social,55+
C03419,2025-07-12,RJ,Sudeste,organic_search,25-34
C03420,2025-08-08,MG,Sudeste,paid_social,25-34
C03421,2025-09-17,RN,Nordeste,google_ads,55+
C03422,2025-05-06,SC,Sul,paid_social,35-44
C03423,2025-03-09,ES,Sudeste,referral,25-34
C03424,2025-06-22,RS,Sul,paid_social,25-34
C03425,2025-11-08,BA,Nordeste,organic_search,35-44
C03426,2025-06-01,SC,Sul,organic_search,35-44
C03427,2025-11-06,SC,Sul,organic_search,25-34
C03428,2025-11-07,PB,Nordeste,organic_search,45-54
C03429,2025-09-03,GO,Centro-Oeste,paid_social,18-24
C03430,2025-05-25,SC,Sul,email,25-34
C03431,2025-11-09,CE,Nordeste,email,18-24
C03432,2025-11-19,SP,Sudeste,google_ads,18-24
C03433,2025-06-16,MT,Centro-Oeste,google_ads,55+
C03434,2025-10-29,RS,Sul,referral,25-34
C03435,2025-10-19,RN,Nordeste,organic_search,35-44
C03436,2025-10-11,RS,Sul,google_ads,35-44
C03437,2025-04-03,RS,Sul,referral,45-54
C03438,2025-08-01,MG,Sudeste,organic_search,18-24
C03439,2025-11-11,RJ,Sudeste,email,35-44
C03440,2025-01-10,AP,Norte,google_ads,55+
C03441,2025-05-03,SP,Sudeste,organic_search,25-34
C03442,2025-05-16,ES,Sudeste,google_ads,18-24
C03443,2025-01-07,MA,Nordeste,paid_social,45-54
C03444,2025-08-05,DF,Centro-Oeste,organic_search,18-24
C03445,2025-11-18,SP,Sudeste,organic_search,55+
C03446,2025-04-07,GO,Centro-Oeste,referral,45-54
C03447,2025-06-07,PR,Sul,referral,25-34
C03448,2025-05-11,RS,Sul,paid_social,25-34
C03449,2025-09-14,ES,Sudeste,organic_search,35-44
C03450,2025-08-30,RS,Sul,organic_search,25-34
C03451,2025-02-13,RJ,Sudeste,referral,25-34
C03452,2025-06-28,SP,Sudeste,organic_search,35-44
C03453,2025-08-29,RN,Nordeste,google_ads,25-34
C03454,2025-09-05,AP,Norte,referral,35-44
C03455,2025-01-18,SP,Sudeste,google_ads,18-24
C03456,2025-02-25,CE,Nordeste,email,45-54
C03457,2025-05-29,PI,Nordeste,organic_search,25-34
C03458,2025-11-21,MS,Centro-Oeste,organic_search,25-34
C03459,2025-10-05,SP,Sudeste,organic_search,18-24
C03460,2025-04-24,PI,Nordeste,paid_social,18-24
C03461,2025-02-14,RJ,Sudeste,organic_search,25-34
C03462,2025-09-21,RJ,Sudeste,google_ads,25-34
C03463,2025-08-04,AM,Norte,paid_social,25-34
C03464,2025-10-01,SP,Sudeste,paid_social,45-54
C03465,2025-04-09,SP,Sudeste,google_ads,35-44
C03466,2025-08-02,DF,Centro-Oeste,organic_search,55+
C03467,2025-11-06,AP,Norte,paid_social,35-44
C03468,2025-08-19,PA,Norte,paid_social,35-44
C03469,2025-08-03,SC,Sul,paid_social,45-54
C03470,2025-09-25,SC,Sul,google_ads,45-54
C03471,2025-04-23,RS,Sul,organic_search,35-44
C03472,2025-06-07,PE,Nordeste,organic_search,35-44
C03473,2025-02-02,SP,Sudeste,paid_social,35-44
C03474,2025-10-16,PR,Sul,referral,18-24
C03475,2025-09-08,RJ,Sudeste,google_ads,25-34
C03476,2025-05-28,SP,Sudeste,email,45-54
C03477,2025-07-13,PE,Nordeste,google_ads,18-24
C03478,2025-01-11,RJ,Sudeste,paid_social,35-44
C03479,2025-08-29,RN,Nordeste,organic_search,35-44
C03480,2025-09-19,SP,Sudeste,email,25-34
C03481,2025-07-27,MA,Nordeste,paid_social,35-44
C03482,2025-09-11,SP,Sudeste,google_ads,45-54
C03483,2025-08-16,RN,Nordeste,organic_search,35-44
C03484,2025-08-20,RN,Nordeste,organic_search,18-24
C03485,2025-04-23,PE,Nordeste,email,25-34
C03486,2025-07-12,MG,Sudeste,email,18-24
C03487,2025-05-11,PA,Norte,paid_social,25-34
C03488,2025-07-06,RS,Sul,paid_social,18-24
C03489,2025-02-02,MG,Sudeste,organic_search,25-34
C03490,2025-11-01,RR,Norte,paid_social,25-34
C03491,2025-02-11,RS,Sul,referral,35-44
C03492,2025-02-26,BA,Nordeste,referral,25-34
C03493,2025-05-20,PI,Nordeste,organic_search,18-24
C03494,2025-06-20,SP,Sudeste,email,45-54
C03495,2025-11-08,RN,Nordeste,paid_social,35-44
C03496,2024-12-20,BA,Nordeste,google_ads,55+
C03497,2025-08-29,SC,Sul,google_ads,35-44
C03498,2025-08-10,PE,Nordeste,organic_search,25-34
C03499,2025-09-05,PE,Nordeste,referral,18-24
C03500,2025-02-14,SP,Sudeste,email,25-34
C03501,2025-05-31,RS,Sul,email,25-34
C03502,2025-11-24,SC,Sul,organic_search,25-34
C03503,2024-12-02,SE,Nordeste,paid_social,45-54
C03504,2025-03-21,MG,Sudeste,paid_social,35-44
C03505,2025-10-31,BA,Nordeste,paid_social,18-24
C03506,2025-09-07,MS,Centro-Oeste,organic_search,55+
C03507,2025-10-06,SP,Sudeste,paid_social,35-44
C03508,2024-12-07,PR,Sul,google_ads,55+
C03509,2024-10-22,MG,Sudeste,google_ads,35-44
C03510,2025-10-25,SC,Sul,paid_social,45-54
C03511,2025-03-12,RJ,Sudeste,referral,45-54
C03512,2025-10-28,RS,Sul,email,25-34
C03513,2025-06-17,ES,Sudeste,google_ads,35-44
C03514,2025-09-13,PR,Sul,paid_social,35-44
C03515,2025-12-24,PR,Sul,paid_social,18-24
C03516,2025-06-09,SP,Sudeste,organic_search,18-24
C03517,2024-11-05,PA,Norte,organic_search,25-34
C03518,2025-08-12,BA,Nordeste,paid_social,45-54
C03519,2025-05-07,SP,Sudeste,paid_social,35-44
C03520,2025-10-27,PR,Sul,referral,55+
C03521,2025-01-08,SP,Sudeste,google_ads,55+
C03522,2025-09-28,SP,Sudeste,google_ads,35-44
C03523,2025-09-24,RJ,Sudeste,paid_social,45-54
C03524,2025-07-16,MT,Centro-Oeste,organic_search,25-34
C03525,2025-11-14,RS,Sul,paid_social,45-54
C03526,2025-01-07,AP,Norte,organic_search,18-24
C03527,2025-08-23,SP,Sudeste,referral,35-44
C03528,2025-10-18,RS,Sul,organic_search,25-34
C03529,2025-04-11,BA,Nordeste,organic_search,35-44
C03530,2025-10-13,SP,Sudeste,google_ads,45-54
C03531,2025-04-08,ES,Sudeste,organic_search,45-54
C03532,2024-12-27,RN,Nordeste,google_ads,25-34
C03533,2025-10-27,PR,Sul,paid_social,35-44
C03534,2025-04-07,RJ,Sudeste,email,25-34
C03535,2025-05-22,SP,Sudeste,organic_search,18-24
C03536,2025-04-03,SP,Sudeste,organic_search,45-54
C03537,2024-12-13,MG,Sudeste,organic_search,35-44
C03538,2025-06-20,PE,Nordeste,paid_social,25-34
C03539,2025-07-30,SP,Sudeste,organic_search,25-34
C03540,2025-10-27,SP,Sudeste,google_ads,35-44
C03541,2025-02-20,GO,Centro-Oeste,paid_social,35-44
C03542,2024-12-05,SP,Sudeste,google_ads,35-44
C03543,2025-12-04,PE,Nordeste,google_ads,35-44
C03544,2025-06-28,SP,Sudeste,google_ads,18-24
C03545,2025-01-04,MA,Nordeste,organic_search,35-44
C03546,2025-08-19,RS,Sul,paid_social,35-44
C03547,2025-06-24,AL,Nordeste,google_ads,25-34
C03548,2025-08-20,SP,Sudeste,email,45-54
C03549,2025-11-10,SP,Sudeste,organic_search,18-24
C03550,2025-08-29,SP,Sudeste,google_ads,25-34
C03551,2025-06-02,SP,Sudeste,organic_search,18-24
C03552,2025-08-27,MG,Sudeste,organic_search,45-54
C03553,2025-09-11,RJ,Sudeste,organic_search,25-34
C03554,2025-07-08,AM,Norte,organic_search,25-34
C03555,2025-11-30,CE,Nordeste,referral,25-34
C03556,2025-05-14,RJ,Sudeste,google_ads,25-34
C03557,2025-04-18,GO,Centro-Oeste,google_ads,25-34
C03558,2025-08-29,GO,Centro-Oeste,referral,25-34
C03559,2025-07-14,AL,Nordeste,paid_social,45-54
C03560,2025-04-07,SP,Sudeste,google_ads,45-54
C03561,2025-03-31,BA,Nordeste,paid_social,35-44
C03562,2025-07-11,PR,Sul,organic_search,35-44
C03563,2025-06-23,RN,Nordeste,google_ads,35-44
C03564,2025-09-10,RS,Sul,google_ads,25-34
C03565,2025-05-01,SP,Sudeste,referral,45-54
C03566,2025-09-12,ES,Sudeste,email,25-34
C03567,2024-11-03,CE,Nordeste,paid_social,45-54
C03568,2025-01-12,PA,Norte,organic_search,35-44
C03569,2025-09-11,AP,Norte,paid_social,25-34
C03570,2025-04-13,MG,Sudeste,google_ads,18-24
C03571,2024-11-18,SP,Sudeste,organic_search,55+
C03572,2025-06-25,RJ,Sudeste,organic_search,35-44
C03573,2025-09-25,PE,Nordeste,email,35-44
C03574,2025-05-04,SP,Sudeste,google_ads,55+
C03575,2024-11-13,RJ,Sudeste,paid_social,45-54
C03576,2025-04-18,RJ,Sudeste,paid_social,35-44
C03577,2025-01-30,RS,Sul,google_ads,35-44
C03578,2025-10-27,GO,Centro-Oeste,email,45-54
C03579,2025-01-07,RS,Sul,paid_social,35-44
C03580,2025-07-31,RJ,Sudeste,paid_social,35-44
C03581,2025-10-06,RJ,Sudeste,paid_social,35-44
C03582,2025-02-05,RS,Sul,paid_social,25-34
C03583,2025-06-23,AL,Nordeste,paid_social,35-44
C03584,2025-10-10,PR,Sul,referral,55+
C03585,2025-12-01,RS,Sul,paid_social,25-34
C03586,2025-06-29,MT,Centro-Oeste,paid_social,35-44
C03587,2024-12-19,PR,Sul,paid_social,45-54
C03588,2025-10-18,SP,Sudeste,google_ads,25-34
C03589,2025-03-10,RJ,Sudeste,google_ads,25-34
C03590,2025-07-22,MA,Nordeste,organic_search,45-54
C03591,2025-10-16,RN,Nordeste,paid_social,25-34
C03592,2025-09-17,BA,Nordeste,organic_search,35-44
C03593,2025-10-25,RJ,Sudeste,organic_search,25-34
C03594,2025-11-22,SP,Sudeste,google_ads,35-44
C03595,2025-12-08,SP,Sudeste,organic_search,35-44
C03596,2025-02-14,RS,Sul,email,25-34
C03597,2025-05-08,AP,Norte,paid_social,25-34
C03598,2025-09-18,RR,Norte,google_ads,55+
C03599,2025-08-19,RO,Norte,email,18-24
C03600,2025-08-19,PR,Sul,paid_social,25-34
C03601,2025-08-31,MA,Nordeste,google_ads,18-24
C03602,2025-10-28,AC,Norte,paid_social,45-54
C03603,2025-07-24,SP,Sudeste,organic_search,18-24
C03604,2025-08-06,CE,Nordeste,organic_search,35-44
C03605,2025-09-22,RJ,Sudeste,google_ads,35-44
C03606,2025-04-17,RR,Norte,referral,25-34
C03607,2025-03-12,AM,Norte,organic_search,45-54
C03608,2025-05-29,SC,Sul,organic_search,25-34
C03609,2025-05-07,PA,Norte,google_ads,18-24
C03610,2025-04-06,SP,Sudeste,organic_search,18-24
C03611,2025-07-18,BA,Nordeste,google_ads,25-34
C03612,2025-12-02,SP,Sudeste,organic_search,35-44
C03613,2025-04-23,GO,Centro-Oeste,referral,45-54
C03614,2025-02-19,RJ,Sudeste,google_ads,45-54
C03615,2024-10-31,BA,Nordeste,organic_search,45-54
C03616,2025-10-25,PE,Nordeste,paid_social,55+
C03617,2025-10-04,DF,Centro-Oeste,organic_search,25-34
C03618,2025-10-10,BA,Nordeste,paid_social,25-34
C03619,2025-04-21,RJ,Sudeste,organic_search,18-24
C03620,2025-10-04,SP,Sudeste,organic_search,35-44
C03621,2025-01-25,SP,Sudeste,email,25-34
C03622,2025-09-05,PE,Nordeste,organic_search,35-44
C03623,2025-10-02,PA,Norte,referral,25-34
C03624,2025-10-25,RJ,Sudeste,google_ads,35-44
C03625,2025-11-10,MA,Nordeste,paid_social,25-34
C03626,2025-02-09,PA,Norte,google_ads,35-44
C03627,2025-09-12,RO,Norte,organic_search,25-34
C03628,2025-10-29,MG,Sudeste,email,25-34
C03629,2024-12-03,RS,Sul,google_ads,18-24
C03630,2025-05-14,PE,Nordeste,email,35-44
C03631,2025-10-08,PB,Nordeste,referral,18-24
C03632,2025-08-11,PE,Nordeste,google_ads,45-54
C03633,2025-12-08,SP,Sudeste,google_ads,25-34
C03634,2025-11-06,TO,Norte,paid_social,25-34
C03635,2025-08-02,SP,Sudeste,paid_social,25-34
C03636,2025-06-12,SP,Sudeste,organic_search,25-34
C03637,2024-12-27,RS,Sul,paid_social,55+
C03638,2025-09-20,SP,Sudeste,organic_search,25-34
C03639,2025-09-23,RJ,Sudeste,organic_search,18-24
C03640,2025-08-31,RJ,Sudeste,google_ads,18-24
C03641,2025-09-28,MG,Sudeste,organic_search,18-24
C03642,2025-02-15,CE,Nordeste,paid_social,45-54
C03643,2025-08-24,RJ,Sudeste,referral,35-44
C03644,2025-11-21,AL,Nordeste,organic_search,35-44
C03645,2025-03-31,RJ,Sudeste,organic_search,45-54
C03646,2025-10-20,SC,Sul,paid_social,25-34
C03647,2025-09-13,MG,Sudeste,google_ads,45-54
C03648,2025-07-30,AM,Norte,email,35-44
C03649,2025-01-29,SP,Sudeste,google_ads,18-24
C03650,2025-03-18,TO,Norte,organic_search,35-44
C03651,2024-12-01,PA,Norte,referral,45-54
C03652,2025-07-10,SP,Sudeste,paid_social,18-24
C03653,2025-03-10,MG,Sudeste,google_ads,25-34
C03654,2025-09-09,SP,Sudeste,paid_social,45-54
C03655,2025-04-29,ES,Sudeste,organic_search,25-34
C03656,2025-10-27,SP,Sudeste,paid_social,18-24
C03657,2025-10-19,BA,Nordeste,paid_social,35-44
C03658,2025-03-04,PA,Norte,organic_search,55+
C03659,2025-10-01,PR,Sul,email,25-34
C03660,2025-08-04,RS,Sul,paid_social,35-44
C03661,2025-02-06,PA,Norte,google_ads,35-44
C03662,2025-09-16,SP,Sudeste,organic_search,18-24
C03663,2025-04-30,ES,Sudeste,paid_social,18-24
C03664,2025-06-16,DF,Centro-Oeste,organic_search,25-34
C03665,2025-09-06,AP,Norte,email,25-34
C03666,2025-09-01,RJ,Sudeste,email,35-44
C03667,2025-03-18,SP,Sudeste,paid_social,25-34
C03668,2025-05-21,SP,Sudeste,organic_search,25-34
C03669,2025-09-02,PE,Nordeste,google_ads,45-54
C03670,2025-06-30,SP,Sudeste,referral,25-34
C03671,2025-10-02,MG,Sudeste,paid_social,18-24
C03672,2025-04-11,AC,Norte,organic_search,55+
C03673,2025-04-29,DF,Centro-Oeste,organic_search,18-24
C03674,2025-12-01,PR,Sul,email,18-24
C03675,2025-08-18,MG,Sudeste,organic_search,35-44
C03676,2025-04-18,BA,Nordeste,google_ads,25-34
C03677,2025-05-17,RJ,Sudeste,paid_social,25-34
C03678,2025-04-24,MG,Sudeste,organic_search,35-44
C03679,2025-05-19,MG,Sudeste,google_ads,45-54
C03680,2025-02-27,SC,Sul,paid_social,18-24
C03681,2025-04-26,SP,Sudeste,email,18-24
C03682,2025-02-23,MG,Sudeste,email,25-34
C03683,2025-12-11,PA,Norte,google_ads,45-54
C03684,2025-04-18,AC,Norte,paid_social,45-54
C03685,2025-10-22,PR,Sul,paid_social,25-34
C03686,2025-11-04,SP,Sudeste,paid_social,55+
C03687,2025-09-11,RS,Sul,referral,25-34
C03688,2025-04-26,RN,Nordeste,paid_social,25-34
C03689,2025-05-05,RS,Sul,paid_social,45-54
C03690,2025-01-27,PE,Nordeste,email,25-34
C03691,2025-05-18,PR,Sul,organic_search,55+
C03692,2025-10-09,SP,Sudeste,paid_social,35-44
C03693,2025-09-11,BA,Nordeste,google_ads,25-34
C03694,2025-04-11,BA,Nordeste,organic_search,35-44
C03695,2025-04-03,PE,Nordeste,email,45-54
C03696,2025-11-06,SP,Sudeste,organic_search,35-44
C03697,2025-09-23,RN,Nordeste,referral,45-54
C03698,2025-01-31,SP,Sudeste,google_ads,45-54
C03699,2025-08-10,RJ,Sudeste,email,25-34
C03700,2025-09-05,SP,Sudeste,organic_search,25-34
C03701,2025-03-23,SP,Sudeste,paid_social,35-44
C03702,2025-06-24,SP,Sudeste,referral,25-34
C03703,2025-07-29,RR,Norte,organic_search,45-54
C03704,2025-11-16,RJ,Sudeste,organic_search,45-54
C03705,2025-09-16,PA,Norte,referral,35-44
C03706,2025-08-09,PR,Sul,organic_search,35-44
C03707,2025-10-10,SP,Sudeste,paid_social,35-44
C03708,2025-01-16,SP,Sudeste,organic_search,35-44
C03709,2025-07-26,SP,Sudeste,organic_search,25-34
C03710,2025-09-25,MG,Sudeste,organic_search,25-34
C03711,2025-07-19,MA,Nordeste,google_ads,55+
C03712,2025-08-10,SP,Sudeste,paid_social,25-34
C03713,2025-09-26,SP,Sudeste,email,25-34
C03714,2025-07-18,MG,Sudeste,google_ads,18-24
C03715,2024-10-27,SP,Sudeste,paid_social,45-54
C03716,2025-10-17,SP,Sudeste,email,35-44
C03717,2025-01-11,RJ,Sudeste,referral,35-44
C03718,2025-11-10,GO,Centro-Oeste,google_ads,25-34
C03719,2025-07-15,CE,Nordeste,google_ads,25-34
C03720,2025-07-23,SP,Sudeste,google_ads,25-34
C03721,2025-11-07,BA,Nordeste,paid_social,25-34
C03722,2025-01-03,SE,Nordeste,paid_social,18-24
C03723,2024-11-30,SP,Sudeste,organic_search,25-34
C03724,2025-03-25,SP,Sudeste,paid_social,35-44
C03725,2025-10-01,SP,Sudeste,paid_social,25-34
C03726,2025-01-11,RO,Norte,paid_social,35-44
C03727,2025-10-06,MA,Nordeste,paid_social,55+
C03728,2025-04-09,MS,Centro-Oeste,email,25-34
C03729,2025-08-01,SP,Sudeste,paid_social,45-54
C03730,2024-11-23,RJ,Sudeste,google_ads,35-44
C03731,2025-09-21,GO,Centro-Oeste,google_ads,25-34
C03732,2025-09-21,MT,Centro-Oeste,organic_search,55+
C03733,2025-11-28,SC,Sul,google_ads,18-24
C03734,2025-04-28,PR,Sul,organic_search,55+
C03735,2025-01-26,MG,Sudeste,organic_search,18-24
C03736,2025-07-14,SP,Sudeste,google_ads,45-54
C03737,2025-01-14,PR,Sul,organic_search,35-44
C03738,2025-11-01,MG,Sudeste,paid_social,55+
C03739,2025-09-14,SP,Sudeste,google_ads,25-34
C03740,2025-01-13,RJ,Sudeste,paid_social,25-34
C03741,2025-10-07,PI,Nordeste,referral,35-44
C03742,2025-01-10,SP,Sudeste,google_ads,35-44
C03743,2025-06-19,RJ,Sudeste,paid_social,45-54
C03744,2025-01-14,RS,Sul,organic_search,35-44
C03745,2025-02-01,BA,Nordeste,paid_social,25-34
C03746,2025-04-25,SC,Sul,organic_search,55+
C03747,2025-06-21,SP,Sudeste,paid_social,35-44
C03748,2025-09-18,SC,Sul,paid_social,55+
C03749,2025-10-23,RJ,Sudeste,google_ads,35-44
C03750,2025-08-10,SP,Sudeste,paid_social,18-24
C03751,2025-08-02,AP,Norte,organic_search,25-34
C03752,2025-06-29,MG,Sudeste,google_ads,25-34
C03753,2024-11-08,RJ,Sudeste,paid_social,55+
C03754,2025-07-02,PR,Sul,paid_social,35-44
C03755,2025-11-20,SP,Sudeste,paid_social,25-34
C03756,2025-11-25,CE,Nordeste,referral,25-34
C03757,2025-08-13,RJ,Sudeste,organic_search,45-54
C03758,2024-12-30,PA,Norte,paid_social,25-34
C03759,2025-11-08,SP,Sudeste,paid_social,25-34
C03760,2025-05-09,RN,Nordeste,paid_social,18-24
C03761,2025-11-23,BA,Nordeste,organic_search,55+
C03762,2025-01-20,SP,Sudeste,paid_social,45-54
C03763,2024-12-16,PA,Norte,organic_search,35-44
C03764,2025-09-05,PR,Sul,google_ads,25-34
C03765,2025-03-19,CE,Nordeste,email,25-34
C03766,2025-11-15,AM,Norte,paid_social,35-44
C03767,2025-09-09,PE,Nordeste,paid_social,45-54
C03768,2025-07-01,BA,Nordeste,google_ads,35-44
C03769,2025-08-21,PE,Nordeste,organic_search,25-34
C03770,2025-06-14,GO,Centro-Oeste,paid_social,35-44
C03771,2025-10-28,SP,Sudeste,google_ads,25-34
C03772,2025-04-10,MT,Centro-Oeste,paid_social,35-44
C03773,2025-03-30,GO,Centro-Oeste,organic_search,45-54
C03774,2025-09-27,RS,Sul,google_ads,25-34
C03775,2025-09-15,CE,Nordeste,paid_social,25-34
C03776,2025-09-08,SP,Sudeste,paid_social,25-34
C03777,2025-09-30,SP,Sudeste,organic_search,18-24
C03778,2025-07-07,TO,Norte,paid_social,18-24
C03779,2025-03-09,SC,Sul,referral,25-34
C03780,2025-04-11,SP,Sudeste,google_ads,25-34
C03781,2025-07-19,RJ,Sudeste,organic_search,55+
C03782,2024-11-20,PR,Sul,organic_search,45-54
C03783,2025-11-28,SP,Sudeste,organic_search,45-54
C03784,2025-04-12,RS,Sul,organic_search,25-34
C03785,2025-04-10,SP,Sudeste,google_ads,18-24
C03786,2025-01-17,RJ,Sudeste,organic_search,18-24
C03787,2025-03-05,MG,Sudeste,paid_social,25-34
C03788,2025-08-08,SP,Sudeste,google_ads,55+
C03789,2025-09-07,SC,Sul,organic_search,45-54
C03790,2025-02-09,PE,Nordeste,email,35-44
C03791,2025-11-10,RS,Sul,google_ads,45-54
C03792,2025-08-14,RJ,Sudeste,organic_search,45-54
C03793,2025-05-09,MS,Centro-Oeste,email,25-34
C03794,2025-10-12,SP,Sudeste,paid_social,25-34
C03795,2025-07-06,SP,Sudeste,referral,18-24
C03796,2025-06-27,PR,Sul,referral,45-54
C03797,2025-05-21,SP,Sudeste,google_ads,55+
C03798,2025-04-20,MG,Sudeste,paid_social,18-24
C03799,2025-04-24,MG,Sudeste,organic_search,45-54
C03800,2025-01-13,SP,Sudeste,organic_search,25-34
C03801,2025-06-25,RS,Sul,google_ads,55+
C03802,2025-09-03,SP,Sudeste,paid_social,25-34
C03803,2025-09-11,SP,Sudeste,google_ads,18-24
C03804,2025-12-15,RR,Norte,organic_search,25-34
C03805,2025-02-25,PB,Nordeste,google_ads,25-34
C03806,2025-09-25,SP,Sudeste,google_ads,25-34
C03807,2025-12-11,RJ,Sudeste,referral,45-54
C03808,2025-03-19,AL,Nordeste,paid_social,18-24
C03809,2025-02-10,PB,Nordeste,organic_search,35-44
C03810,2025-10-08,DF,Centro-Oeste,paid_social,25-34
C03811,2025-09-30,PA,Norte,organic_search,35-44
C03812,2025-04-02,RS,Sul,organic_search,35-44
C03813,2025-03-21,SP,Sudeste,google_ads,45-54
C03814,2025-09-22,PA,Norte,organic_search,18-24
C03815,2025-10-21,CE,Nordeste,email,18-24
C03816,2025-03-18,SP,Sudeste,paid_social,25-34
C03817,2025-01-25,SP,Sudeste,google_ads,35-44
C03818,2024-12-25,RS,Sul,organic_search,45-54
C03819,2024-12-19,PR,Sul,paid_social,45-54
C03820,2025-06-17,MG,Sudeste,referral,55+
C03821,2025-08-29,BA,Nordeste,email,25-34
C03822,2025-07-13,MG,Sudeste,paid_social,55+
C03823,2024-12-15,BA,Nordeste,organic_search,45-54
C03824,2025-09-21,ES,Sudeste,google_ads,35-44
C03825,2025-05-26,MG,Sudeste,email,35-44
C03826,2025-09-08,RS,Sul,organic_search,25-34
C03827,2025-10-09,SP,Sudeste,google_ads,18-24
C03828,2025-02-01,MG,Sudeste,google_ads,55+
C03829,2025-10-24,RS,Sul,organic_search,35-44
C03830,2025-02-07,RR,Norte,google_ads,45-54
C03831,2025-02-26,BA,Nordeste,paid_social,18-24
C03832,2025-05-14,RJ,Sudeste,organic_search,45-54
C03833,2024-12-29,RS,Sul,organic_search,45-54
C03834,2025-10-26,CE,Nordeste,organic_search,25-34
C03835,2025-05-15,PE,Nordeste,google_ads,25-34
C03836,2025-08-18,CE,Nordeste,organic_search,45-54
C03837,2025-11-10,MG,Sudeste,google_ads,25-34
C03838,2025-01-05,AM,Norte,google_ads,45-54
C03839,2025-08-19,BA,Nordeste,paid_social,35-44
C03840,2025-02-22,AC,Norte,google_ads,35-44
C03841,2025-12-03,RO,Norte,organic_search,35-44
C03842,2025-12-10,SP,Sudeste,google_ads,35-44
C03843,2025-03-11,PA,Norte,paid_social,45-54
C03844,2025-08-29,PA,Norte,paid_social,18-24
C03845,2025-11-27,RJ,Sudeste,referral,55+
C03846,2024-12-07,GO,Centro-Oeste,paid_social,18-24
C03847,2025-09-15,MG,Sudeste,email,35-44
C03848,2025-01-25,GO,Centro-Oeste,organic_search,45-54
C03849,2025-07-31,GO,Centro-Oeste,email,25-34
C03850,2025-05-11,SC,Sul,paid_social,55+
C03851,2025-04-13,SP,Sudeste,paid_social,35-44
C03852,2025-11-09,GO,Centro-Oeste,google_ads,45-54
C03853,2025-10-07,MG,Sudeste,organic_search,25-34
C03854,2025-05-19,RS,Sul,organic_search,55+
C03855,2025-10-18,PR,Sul,google_ads,18-24
C03856,2025-08-22,PB,Nordeste,organic_search,25-34
C03857,2025-10-20,SP,Sudeste,google_ads,18-24
C03858,2025-07-21,SP,Sudeste,referral,35-44
C03859,2025-03-22,AM,Norte,google_ads,25-34
C03860,2025-09-05,SP,Sudeste,paid_social,35-44
C03861,2025-11-14,SC,Sul,organic_search,35-44
C03862,2025-09-22,SP,Sudeste,referral,25-34
C03863,2024-12-07,AL,Nordeste,email,45-54
C03864,2025-10-13,BA,Nordeste,google_ads,45-54
C03865,2025-09-01,PE,Nordeste,referral,55+
C03866,2025-07-03,SP,Sudeste,organic_search,25-34
C03867,2025-02-27,RS,Sul,google_ads,45-54
C03868,2025-07-06,SP,Sudeste,google_ads,25-34
C03869,2025-11-24,MG,Sudeste,email,35-44
C03870,2025-05-24,SP,Sudeste,google_ads,18-24
C03871,2025-02-20,PE,Nordeste,paid_social,25-34
C03872,2025-09-13,BA,Nordeste,referral,18-24
C03873,2025-01-13,BA,Nordeste,organic_search,18-24
C03874,2025-04-27,MG,Sudeste,email,25-34
C03875,2025-08-13,BA,Nordeste,google_ads,35-44
C03876,2025-10-29,PA,Norte,google_ads,45-54
C03877,2025-01-21,RJ,Sudeste,paid_social,35-44
C03878,2025-06-12,SP,Sudeste,organic_search,25-34
C03879,2025-03-21,RJ,Sudeste,paid_social,18-24
C03880,2025-09-14,PE,Nordeste,organic_search,55+
C03881,2025-04-28,RS,Sul,organic_search,55+
C03882,2025-06-16,RJ,Sudeste,email,35-44
C03883,2025-04-28,PA,Norte,google_ads,25-34
C03884,2024-12-16,BA,Nordeste,google_ads,55+
C03885,2025-10-10,CE,Nordeste,referral,25-34
C03886,2025-08-17,PB,Nordeste,google_ads,18-24
C03887,2025-10-08,PA,Norte,google_ads,35-44
C03888,2025-05-04,GO,Centro-Oeste,organic_search,45-54
C03889,2025-09-13,MG,Sudeste,paid_social,25-34
C03890,2025-07-06,MG,Sudeste,paid_social,25-34
C03891,2024-10-23,RJ,Sudeste,paid_social,18-24
C03892,2025-09-21,SP,Sudeste,paid_social,45-54
C03893,2025-09-20,RJ,Sudeste,paid_social,35-44
C03894,2025-05-20,MG,Sudeste,email,35-44
C03895,2025-03-02,RO,Norte,paid_social,45-54
C03896,2025-09-30,MT,Centro-Oeste,referral,25-34
C03897,2025-06-24,MG,Sudeste,paid_social,25-34
C03898,2025-09-03,SC,Sul,google_ads,25-34
C03899,2025-03-13,SP,Sudeste,paid_social,25-34
C03900,2025-07-16,SC,Sul,organic_search,45-54
C03901,2025-05-26,SP,Sudeste,organic_search,35-44
C03902,2025-11-28,SP,Sudeste,organic_search,35-44
C03903,2024-12-14,MG,Sudeste,organic_search,45-54
C03904,2025-03-22,SP,Sudeste,google_ads,35-44
C03905,2025-01-16,SP,Sudeste,google_ads,35-44
C03906,2025-03-18,ES,Sudeste,google_ads,45-54
C03907,2025-04-24,AM,Norte,paid_social,45-54
C03908,2025-04-05,SC,Sul,organic_search,25-34
C03909,2025-08-04,SC,Sul,google_ads,35-44
C03910,2025-05-16,PB,Nordeste,paid_social,45-54
C03911,2025-10-21,SP,Sudeste,google_ads,45-54
C03912,2025-08-12,BA,Nordeste,referral,18-24
C03913,2025-10-23,SP,Sudeste,organic_search,18-24
C03914,2024-11-18,RS,Sul,paid_social,25-34
C03915,2025-05-15,SP,Sudeste,google_ads,55+
C03916,2025-06-09,SP,Sudeste,email,25-34
C03917,2025-06-19,MG,Sudeste,referral,25-34
C03918,2025-07-16,BA,Nordeste,paid_social,35-44
C03919,2025-08-29,SP,Sudeste,paid_social,25-34
C03920,2025-04-27,PE,Nordeste,organic_search,45-54
C03921,2025-02-18,RO,Norte,organic_search,55+
C03922,2025-11-15,SP,Sudeste,google_ads,35-44
C03923,2025-12-22,PB,Nordeste,email,35-44
C03924,2025-05-02,GO,Centro-Oeste,referral,35-44
C03925,2025-10-01,PE,Nordeste,organic_search,25-34
C03926,2025-05-03,RJ,Sudeste,organic_search,25-34
C03927,2025-01-10,RJ,Sudeste,organic_search,35-44
C03928,2025-10-01,PR,Sul,email,45-54
C03929,2025-10-22,PE,Nordeste,email,25-34
C03930,2025-01-21,SP,Sudeste,organic_search,55+
C03931,2025-10-20,MG,Sudeste,paid_social,45-54
C03932,2025-12-04,SP,Sudeste,paid_social,55+
C03933,2024-10-30,SP,Sudeste,organic_search,35-44
C03934,2025-01-15,RR,Norte,email,45-54
C03935,2025-01-31,RS,Sul,google_ads,18-24
C03936,2025-04-05,RS,Sul,organic_search,35-44
C03937,2025-07-25,RS,Sul,organic_search,35-44
C03938,2024-11-26,BA,Nordeste,organic_search,25-34
C03939,2025-04-30,RJ,Sudeste,organic_search,35-44
C03940,2025-06-24,RJ,Sudeste,google_ads,35-44
C03941,2025-11-23,RS,Sul,google_ads,18-24
C03942,2025-10-07,PB,Nordeste,email,18-24
C03943,2025-03-09,DF,Centro-Oeste,organic_search,35-44
C03944,2025-04-09,SP,Sudeste,organic_search,25-34
C03945,2025-07-12,SP,Sudeste,paid_social,45-54
C03946,2025-10-11,CE,Nordeste,paid_social,35-44
C03947,2024-11-27,PE,Nordeste,email,18-24
C03948,2025-07-13,MG,Sudeste,paid_social,35-44
C03949,2025-03-21,SE,Nordeste,google_ads,45-54
C03950,2025-01-21,RJ,Sudeste,google_ads,18-24
C03951,2025-07-09,PI,Nordeste,paid_social,35-44
C03952,2025-09-02,DF,Centro-Oeste,google_ads,45-54
C03953,2025-09-26,PR,Sul,google_ads,45-54
C03954,2024-12-22,SP,Sudeste,google_ads,35-44
C03955,2025-11-08,SP,Sudeste,referral,18-24
C03956,2024-11-05,AC,Norte,google_ads,35-44
C03957,2024-11-26,CE,Nordeste,google_ads,35-44
C03958,2025-10-16,RR,Norte,google_ads,25-34
C03959,2025-02-24,PR,Sul,email,45-54
C03960,2025-05-02,SP,Sudeste,organic_search,35-44
C03961,2025-08-24,PI,Nordeste,referral,35-44
C03962,2025-12-21,SP,Sudeste,paid_social,35-44
C03963,2025-04-29,SP,Sudeste,organic_search,35-44
C03964,2025-11-19,MG,Sudeste,organic_search,55+
C03965,2025-08-20,BA,Nordeste,paid_social,18-24
C03966,2025-07-04,AM,Norte,organic_search,25-34
C03967,2025-02-28,SE,Nordeste,paid_social,35-44
C03968,2025-07-12,SP,Sudeste,paid_social,18-24
C03969,2025-09-14,PE,Nordeste,organic_search,25-34
C03970,2025-11-15,RJ,Sudeste,referral,18-24
C03971,2025-07-29,SP,Sudeste,paid_social,25-34
C03972,2024-11-18,ES,Sudeste,referral,25-34
C03973,2025-08-08,PA,Norte,organic_search,18-24
C03974,2024-11-24,PE,Nordeste,paid_social,25-34
C03975,2025-08-03,GO,Centro-Oeste,organic_search,25-34
C03976,2025-10-24,MA,Nordeste,referral,35-44
C03977,2025-09-18,MA,Nordeste,google_ads,25-34
C03978,2025-09-07,ES,Sudeste,organic_search,45-54
C03979,2025-10-04,SP,Sudeste,google_ads,55+
C03980,2025-10-05,SP,Sudeste,paid_social,45-54
C03981,2025-11-03,BA,Nordeste,paid_social,25-34
C03982,2025-05-07,SC,Sul,email,25-34
C03983,2025-03-20,SP,Sudeste,paid_social,18-24
C03984,2025-10-05,PR,Sul,organic_search,25-34
C03985,2025-10-04,RS,Sul,referral,25-34
C03986,2025-07-12,PE,Nordeste,email,35-44
C03987,2025-07-18,SP,Sudeste,paid_social,18-24
C03988,2025-11-30,RS,Sul,paid_social,25-34
C03989,2025-01-13,GO,Centro-Oeste,google_ads,25-34
C03990,2025-01-16,RO,Norte,google_ads,35-44
C03991,2025-08-25,SC,Sul,paid_social,45-54
C03992,2025-01-29,MT,Centro-Oeste,organic_search,25-34
C03993,2025-01-02,PA,Norte,paid_social,35-44
C03994,2025-06-22,RS,Sul,email,35-44
C03995,2024-12-23,SP,Sudeste,paid_social,35-44
C03996,2025-03-05,RJ,Sudeste,google_ads,35-44
C03997,2025-11-05,SP,Sudeste,paid_social,35-44
C03998,2025-08-14,PB,Nordeste,organic_search,35-44
C03999,2025-02-11,PR,Sul,organic_search,35-44
C04000,2025-11-15,BA,Nordeste,google_ads,25-34
C04001,2025-05-01,MG,Sudeste,organic_search,55+
C04002,2025-08-29,SE,Nordeste,email,18-24
C04003,2025-10-26,RS,Sul,paid_social,18-24
C04004,2025-06-25,RO,Norte,email,45-54
C04005,2025-02-22,PR,Sul,paid_social,35-44
C04006,2025-10-10,SP,Sudeste,paid_social,35-44
C04007,2025-07-24,MG,Sudeste,organic_search,35-44
C04008,2025-02-23,RJ,Sudeste,paid_social,35-44
C04009,2025-06-16,RS,Sul,referral,35-44
C04010,2025-06-10,RS,Sul,organic_search,35-44
C04011,2025-10-21,RS,Sul,organic_search,55+
C04012,2025-10-22,MG,Sudeste,referral,25-34
C04013,2025-02-18,AC,Norte,organic_search,18-24
C04014,2025-06-08,SP,Sudeste,organic_search,55+
C04015,2025-03-02,RJ,Sudeste,google_ads,55+
C04016,2025-11-17,TO,Norte,google_ads,35-44
C04017,2025-07-15,MT,Centro-Oeste,google_ads,18-24
C04018,2025-05-02,RO,Norte,paid_social,55+
C04019,2025-07-24,BA,Nordeste,organic_search,45-54
C04020,2025-07-12,SP,Sudeste,google_ads,45-54
C04021,2025-02-03,MG,Sudeste,referral,35-44
C04022,2025-02-02,SP,Sudeste,paid_social,45-54
C04023,2025-11-18,PE,Nordeste,paid_social,25-34
C04024,2025-03-14,CE,Nordeste,google_ads,55+
C04025,2024-12-23,PI,Nordeste,paid_social,25-34
C04026,2025-07-10,SP,Sudeste,organic_search,25-34
C04027,2025-10-03,RJ,Sudeste,paid_social,25-34
C04028,2025-06-21,RJ,Sudeste,organic_search,35-44
C04029,2025-02-11,SC,Sul,google_ads,25-34
C04030,2025-07-23,TO,Norte,organic_search,35-44
C04031,2025-09-10,MG,Sudeste,referral,18-24
C04032,2025-02-05,BA,Nordeste,referral,55+
C04033,2025-10-11,MG,Sudeste,google_ads,45-54
C04034,2025-05-30,MS,Centro-Oeste,google_ads,25-34
C04035,2025-06-22,CE,Nordeste,paid_social,45-54
C04036,2025-10-21,GO,Centro-Oeste,email,45-54
C04037,2025-09-18,DF,Centro-Oeste,organic_search,55+
C04038,2025-09-19,RJ,Sudeste,paid_social,25-34
C04039,2025-08-04,BA,Nordeste,paid_social,45-54
C04040,2025-08-17,PE,Nordeste,paid_social,25-34
C04041,2024-12-10,RJ,Sudeste,paid_social,45-54
C04042,2025-06-13,SP,Sudeste,email,25-34
C04043,2025-10-16,MA,Nordeste,google_ads,25-34
C04044,2024-11-10,SP,Sudeste,organic_search,55+
C04045,2025-09-29,SC,Sul,referral,25-34
C04046,2025-11-18,SP,Sudeste,paid_social,18-24
C04047,2025-09-11,PR,Sul,organic_search,25-34
C04048,2025-07-20,CE,Nordeste,google_ads,25-34
C04049,2025-11-04,PR,Sul,organic_search,18-24
C04050,2025-09-23,MG,Sudeste,paid_social,18-24
C04051,2025-09-22,DF,Centro-Oeste,referral,35-44
C04052,2025-01-26,RJ,Sudeste,organic_search,45-54
C04053,2025-05-30,RJ,Sudeste,paid_social,55+
C04054,2025-12-13,MA,Nordeste,email,25-34
C04055,2025-03-17,SP,Sudeste,organic_search,25-34
C04056,2024-12-15,PR,Sul,organic_search,35-44
C04057,2025-08-19,MA,Nordeste,organic_search,25-34
C04058,2025-10-04,DF,Centro-Oeste,organic_search,25-34
C04059,2025-10-20,RJ,Sudeste,paid_social,35-44
C04060,2025-09-15,PR,Sul,email,45-54
C04061,2025-06-11,SP,Sudeste,google_ads,25-34
C04062,2025-09-14,RJ,Sudeste,paid_social,45-54
C04063,2025-03-02,MA,Nordeste,google_ads,45-54
C04064,2025-03-23,SP,Sudeste,organic_search,35-44
C04065,2025-03-24,SP,Sudeste,email,25-34
C04066,2025-05-25,CE,Nordeste,google_ads,35-44
C04067,2025-10-15,PE,Nordeste,google_ads,45-54
C04068,2025-07-17,MG,Sudeste,organic_search,45-54
C04069,2025-09-20,SP,Sudeste,referral,25-34
C04070,2025-05-12,CE,Nordeste,organic_search,35-44
C04071,2025-08-13,SC,Sul,paid_social,18-24
C04072,2025-09-01,SC,Sul,organic_search,35-44
C04073,2025-08-19,MT,Centro-Oeste,google_ads,25-34
C04074,2025-09-26,SP,Sudeste,organic_search,25-34
C04075,2025-08-21,BA,Nordeste,referral,45-54
C04076,2025-11-13,ES,Sudeste,referral,18-24
C04077,2025-12-15,PR,Sul,organic_search,45-54
C04078,2024-12-23,MS,Centro-Oeste,paid_social,55+
C04079,2025-04-06,SP,Sudeste,referral,18-24
C04080,2025-11-27,PE,Nordeste,google_ads,25-34
C04081,2025-04-06,PI,Nordeste,organic_search,25-34
C04082,2025-08-30,RS,Sul,organic_search,45-54
C04083,2025-07-14,CE,Nordeste,organic_search,25-34
C04084,2025-04-22,RJ,Sudeste,paid_social,35-44
C04085,2025-03-23,AP,Norte,paid_social,18-24
C04086,2025-11-06,SC,Sul,google_ads,35-44
C04087,2025-01-26,MG,Sudeste,referral,25-34
C04088,2025-09-15,MT,Centro-Oeste,organic_search,35-44
C04089,2025-12-11,GO,Centro-Oeste,google_ads,25-34
C04090,2025-09-30,SP,Sudeste,organic_search,45-54
C04091,2025-10-05,MG,Sudeste,paid_social,35-44
C04092,2024-12-25,BA,Nordeste,email,25-34
C04093,2025-04-02,RJ,Sudeste,organic_search,18-24
C04094,2025-07-14,MG,Sudeste,google_ads,25-34
C04095,2025-03-09,BA,Nordeste,email,45-54
C04096,2025-11-07,SP,Sudeste,organic_search,45-54
C04097,2025-10-30,RS,Sul,organic_search,45-54
C04098,2025-11-11,MG,Sudeste,google_ads,25-34
C04099,2025-03-23,RJ,Sudeste,organic_search,35-44
C04100,2025-06-03,MG,Sudeste,google_ads,35-44
C04101,2025-04-08,MG,Sudeste,organic_search,25-34
C04102,2025-03-30,RJ,Sudeste,organic_search,35-44
C04103,2025-05-21,AM,Norte,referral,45-54
C04104,2025-05-19,SP,Sudeste,paid_social,45-54
C04105,2025-09-08,RS,Sul,organic_search,18-24
C04106,2025-10-20,SP,Sudeste,paid_social,55+
C04107,2025-10-08,AM,Norte,organic_search,25-34
C04108,2025-12-04,SP,Sudeste,organic_search,25-34
C04109,2025-08-02,ES,Sudeste,google_ads,55+
C04110,2025-09-25,MG,Sudeste,referral,55+
C04111,2025-07-28,SP,Sudeste,organic_search,35-44
C04112,2025-07-16,PB,Nordeste,organic_search,18-24
C04113,2025-06-12,SP,Sudeste,referral,25-34
C04114,2025-10-14,PB,Nordeste,referral,35-44
C04115,2025-09-12,SE,Nordeste,email,35-44
C04116,2025-03-02,RR,Norte,referral,25-34
C04117,2025-01-20,MG,Sudeste,referral,25-34
C04118,2025-09-11,RJ,Sudeste,email,25-34
C04119,2025-09-01,PA,Norte,google_ads,45-54
C04120,2025-11-04,ES,Sudeste,organic_search,45-54
C04121,2025-08-21,AL,Nordeste,paid_social,18-24
C04122,2025-10-22,MG,Sudeste,paid_social,18-24
C04123,2025-08-26,PR,Sul,organic_search,45-54
C04124,2025-10-25,SC,Sul,organic_search,18-24
C04125,2025-06-29,RJ,Sudeste,email,45-54
C04126,2025-06-14,RS,Sul,organic_search,25-34
C04127,2025-09-23,SP,Sudeste,paid_social,25-34
C04128,2025-11-01,MS,Centro-Oeste,email,18-24
C04129,2025-07-25,MT,Centro-Oeste,organic_search,55+
C04130,2025-10-31,SP,Sudeste,google_ads,55+
C04131,2025-11-16,SP,Sudeste,google_ads,25-34
C04132,2025-01-20,CE,Nordeste,email,45-54
C04133,2025-07-10,MA,Nordeste,organic_search,18-24
C04134,2024-12-29,MG,Sudeste,paid_social,18-24
C04135,2025-10-14,SP,Sudeste,organic_search,25-34
C04136,2025-10-19,MT,Centro-Oeste,paid_social,25-34
C04137,2025-05-11,SP,Sudeste,organic_search,35-44
C04138,2025-03-16,PB,Nordeste,google_ads,35-44
C04139,2025-08-01,PA,Norte,email,35-44
C04140,2025-05-26,PE,Nordeste,google_ads,25-34
C04141,2025-04-25,SC,Sul,google_ads,25-34
C04142,2024-12-18,RS,Sul,google_ads,55+
C04143,2025-09-28,SP,Sudeste,organic_search,55+
C04144,2025-11-26,MA,Nordeste,organic_search,25-34
C04145,2025-01-11,RS,Sul,email,45-54
C04146,2025-06-18,MG,Sudeste,organic_search,45-54
C04147,2025-03-19,RN,Nordeste,organic_search,35-44
C04148,2025-01-01,AM,Norte,email,35-44
C04149,2025-10-16,BA,Nordeste,paid_social,18-24
C04150,2025-03-23,MG,Sudeste,organic_search,18-24
C04151,2025-03-14,RS,Sul,email,25-34
C04152,2025-07-16,PE,Nordeste,organic_search,45-54
C04153,2024-12-14,PR,Sul,google_ads,35-44
C04154,2025-09-23,SP,Sudeste,organic_search,25-34
C04155,2025-01-24,PR,Sul,paid_social,45-54
C04156,2025-01-02,MG,Sudeste,organic_search,55+
C04157,2025-03-31,MA,Nordeste,paid_social,25-34
C04158,2025-09-13,RS,Sul,paid_social,25-34
C04159,2025-06-17,RJ,Sudeste,google_ads,35-44
C04160,2025-04-20,SP,Sudeste,google_ads,25-34
C04161,2025-10-16,ES,Sudeste,paid_social,25-34
C04162,2025-09-03,RS,Sul,google_ads,25-34
C04163,2025-10-18,PB,Nordeste,organic_search,35-44
C04164,2025-12-16,MT,Centro-Oeste,email,45-54
C04165,2025-12-06,ES,Sudeste,organic_search,25-34
C04166,2025-10-01,RJ,Sudeste,google_ads,18-24
C04167,2025-04-28,MG,Sudeste,organic_search,45-54
C04168,2025-11-25,PA,Norte,google_ads,35-44
C04169,2025-07-03,RJ,Sudeste,google_ads,55+
C04170,2025-05-24,AM,Norte,referral,25-34
C04171,2025-11-12,SP,Sudeste,google_ads,25-34
C04172,2025-10-11,SP,Sudeste,google_ads,35-44
C04173,2025-11-18,SC,Sul,paid_social,25-34
C04174,2025-10-10,SP,Sudeste,organic_search,45-54
C04175,2025-10-11,MG,Sudeste,organic_search,25-34
C04176,2025-06-22,PA,Norte,email,25-34
C04177,2024-11-29,SP,Sudeste,google_ads,55+
C04178,2025-01-07,SP,Sudeste,paid_social,25-34
C04179,2025-11-26,BA,Nordeste,google_ads,35-44
C04180,2025-08-06,PE,Nordeste,google_ads,25-34
C04181,2025-06-24,PB,Nordeste,organic_search,25-34
C04182,2025-11-25,RO,Norte,organic_search,35-44
C04183,2025-11-04,AP,Norte,google_ads,55+
C04184,2025-06-02,MG,Sudeste,google_ads,25-34
C04185,2024-12-10,SP,Sudeste,google_ads,18-24
C04186,2025-02-01,MG,Sudeste,organic_search,18-24
C04187,2025-06-01,SP,Sudeste,google_ads,25-34
C04188,2025-05-21,DF,Centro-Oeste,google_ads,18-24
C04189,2025-02-02,MG,Sudeste,organic_search,45-54
C04190,2025-04-15,SP,Sudeste,organic_search,25-34
C04191,2025-07-20,PR,Sul,organic_search,55+
C04192,2025-10-18,SC,Sul,google_ads,18-24
C04193,2025-10-06,MG,Sudeste,paid_social,35-44
C04194,2025-08-28,PR,Sul,organic_search,55+
C04195,2025-08-29,RS,Sul,organic_search,25-34
C04196,2025-07-16,SP,Sudeste,paid_social,45-54
C04197,2025-07-21,MG,Sudeste,google_ads,35-44
C04198,2025-05-23,SP,Sudeste,email,25-34
C04199,2025-11-26,TO,Norte,organic_search,18-24
C04200,2025-05-13,RS,Sul,paid_social,25-34
C04201,2025-01-08,BA,Nordeste,google_ads,35-44
C04202,2025-02-11,PB,Nordeste,organic_search,45-54
C04203,2025-09-06,SP,Sudeste,paid_social,25-34
C04204,2025-10-27,CE,Nordeste,organic_search,18-24
C04205,2025-10-22,RJ,Sudeste,paid_social,18-24
C04206,2025-08-31,PE,Nordeste,organic_search,55+
C04207,2025-05-12,PB,Nordeste,organic_search,35-44
C04208,2025-11-06,RJ,Sudeste,google_ads,25-34
C04209,2025-10-20,SP,Sudeste,email,18-24
C04210,2025-01-12,SP,Sudeste,referral,18-24
C04211,2025-09-28,DF,Centro-Oeste,paid_social,25-34
C04212,2024-11-25,PE,Nordeste,paid_social,55+
C04213,2025-11-13,SP,Sudeste,paid_social,25-34
C04214,2025-10-27,MS,Centro-Oeste,google_ads,25-34
C04215,2025-06-25,SC,Sul,google_ads,25-34
C04216,2025-04-09,SP,Sudeste,paid_social,55+
C04217,2025-04-01,BA,Nordeste,email,45-54
C04218,2025-04-27,SP,Sudeste,organic_search,18-24
C04219,2025-11-06,SP,Sudeste,organic_search,25-34
C04220,2025-02-28,MG,Sudeste,paid_social,45-54
C04221,2025-05-09,RJ,Sudeste,google_ads,18-24
C04222,2025-04-19,SP,Sudeste,organic_search,55+
C04223,2025-09-13,CE,Nordeste,referral,45-54
C04224,2024-11-20,CE,Nordeste,organic_search,35-44
C04225,2025-07-23,RJ,Sudeste,organic_search,18-24
C04226,2024-12-06,PB,Nordeste,google_ads,25-34
C04227,2024-11-04,SP,Sudeste,paid_social,55+
C04228,2025-10-31,RJ,Sudeste,paid_social,25-34
C04229,2025-10-08,PA,Norte,email,35-44
C04230,2025-07-08,PA,Norte,google_ads,18-24
C04231,2025-05-21,SP,Sudeste,organic_search,35-44
C04232,2025-04-20,ES,Sudeste,google_ads,45-54
C04233,2025-01-17,AM,Norte,organic_search,18-24
C04234,2025-06-26,ES,Sudeste,google_ads,25-34
C04235,2025-05-23,RN,Nordeste,referral,25-34
C04236,2025-10-24,ES,Sudeste,google_ads,35-44
C04237,2025-03-26,SC,Sul,google_ads,45-54
C04238,2025-09-21,MA,Nordeste,organic_search,25-34
C04239,2025-04-02,SC,Sul,referral,25-34
C04240,2025-09-15,SP,Sudeste,organic_search,25-34
C04241,2025-09-18,MT,Centro-Oeste,google_ads,45-54
C04242,2025-10-12,GO,Centro-Oeste,paid_social,35-44
C04243,2025-02-09,RJ,Sudeste,organic_search,25-34
C04244,2024-10-24,BA,Nordeste,organic_search,55+
C04245,2025-01-10,RS,Sul,google_ads,35-44
C04246,2024-11-25,RJ,Sudeste,google_ads,45-54
C04247,2025-01-20,RS,Sul,google_ads,55+
C04248,2025-03-18,SC,Sul,organic_search,25-34
C04249,2025-02-27,SC,Sul,google_ads,25-34
C04250,2025-06-09,MA,Nordeste,paid_social,25-34
C04251,2025-01-15,MG,Sudeste,organic_search,35-44
C04252,2025-11-30,SP,Sudeste,google_ads,18-24
C04253,2025-08-05,RJ,Sudeste,google_ads,35-44
C04254,2025-09-29,SP,Sudeste,google_ads,35-44
C04255,2024-12-10,GO,Centro-Oeste,paid_social,25-34
C04256,2025-08-15,SP,Sudeste,paid_social,25-34
C04257,2025-11-16,SP,Sudeste,paid_social,25-34
C04258,2025-08-14,GO,Centro-Oeste,paid_social,55+
C04259,2024-12-26,SP,Sudeste,paid_social,25-34
C04260,2025-07-14,BA,Nordeste,google_ads,45-54
C04261,2025-07-09,BA,Nordeste,referral,25-34
C04262,2025-07-17,AM,Norte,organic_search,35-44
C04263,2025-06-17,RJ,Sudeste,google_ads,25-34
C04264,2025-02-16,DF,Centro-Oeste,paid_social,18-24
C04265,2025-07-31,MG,Sudeste,email,18-24
C04266,2025-08-21,DF,Centro-Oeste,google_ads,25-34
C04267,2025-02-02,AP,Norte,organic_search,45-54
C04268,2025-03-29,RS,Sul,organic_search,25-34
C04269,2025-06-10,BA,Nordeste,organic_search,25-34
C04270,2025-03-07,PE,Nordeste,email,18-24
C04271,2025-12-05,CE,Nordeste,google_ads,25-34
C04272,2025-06-03,BA,Nordeste,google_ads,45-54
C04273,2025-10-11,AM,Norte,paid_social,55+
C04274,2025-10-08,SC,Sul,organic_search,25-34
C04275,2025-01-21,PR,Sul,google_ads,25-34
C04276,2025-07-20,AM,Norte,organic_search,45-54
C04277,2025-07-29,PR,Sul,paid_social,55+
C04278,2025-04-24,GO,Centro-Oeste,paid_social,45-54
C04279,2025-09-02,BA,Nordeste,google_ads,35-44
C04280,2025-05-18,PB,Nordeste,organic_search,18-24
C04281,2025-09-03,SP,Sudeste,referral,25-34
C04282,2025-10-08,PB,Nordeste,email,45-54
C04283,2025-07-22,MG,Sudeste,email,25-34
C04284,2025-09-15,PR,Sul,paid_social,18-24
C04285,2025-09-21,MA,Nordeste,organic_search,35-44
C04286,2025-09-06,RJ,Sudeste,email,35-44
C04287,2025-02-02,PR,Sul,google_ads,25-34
C04288,2025-07-04,MG,Sudeste,organic_search,35-44
C04289,2025-07-24,CE,Nordeste,organic_search,35-44
C04290,2025-11-21,RS,Sul,paid_social,25-34
C04291,2025-11-17,MG,Sudeste,google_ads,25-34
C04292,2025-10-08,MS,Centro-Oeste,organic_search,35-44
C04293,2025-10-16,SP,Sudeste,referral,25-34
C04294,2025-05-03,BA,Nordeste,organic_search,18-24
C04295,2025-09-30,SP,Sudeste,paid_social,18-24
C04296,2025-05-16,MG,Sudeste,referral,25-34
C04297,2024-12-06,PB,Nordeste,referral,18-24
C04298,2025-05-21,PA,Norte,paid_social,18-24
C04299,2025-06-01,RS,Sul,email,45-54
C04300,2025-07-15,BA,Nordeste,paid_social,45-54
C04301,2025-09-30,BA,Nordeste,organic_search,18-24
C04302,2025-02-23,SP,Sudeste,email,18-24
C04303,2025-11-16,SP,Sudeste,referral,35-44
C04304,2025-07-09,MS,Centro-Oeste,google_ads,18-24
C04305,2025-05-25,CE,Nordeste,paid_social,25-34
C04306,2025-11-02,SP,Sudeste,google_ads,25-34
C04307,2025-12-03,AM,Norte,organic_search,35-44
C04308,2025-10-24,DF,Centro-Oeste,paid_social,18-24
C04309,2025-05-22,RS,Sul,referral,18-24
C04310,2025-03-14,PA,Norte,email,25-34
C04311,2025-03-13,RJ,Sudeste,organic_search,25-34
C04312,2025-11-19,AL,Nordeste,google_ads,18-24
C04313,2025-05-05,RJ,Sudeste,email,45-54
C04314,2025-09-14,SP,Sudeste,google_ads,35-44
C04315,2025-07-06,RO,Norte,email,35-44
C04316,2024-12-10,BA,Nordeste,google_ads,25-34
C04317,2025-07-23,GO,Centro-Oeste,organic_search,45-54
C04318,2025-11-28,ES,Sudeste,referral,55+
C04319,2025-07-19,SP,Sudeste,paid_social,25-34
C04320,2025-11-23,BA,Nordeste,google_ads,25-34
C04321,2025-09-21,SP,Sudeste,referral,18-24
C04322,2025-03-20,SP,Sudeste,paid_social,45-54
C04323,2025-02-22,SP,Sudeste,organic_search,55+
C04324,2024-12-13,SP,Sudeste,paid_social,25-34
C04325,2025-11-03,SP,Sudeste,organic_search,25-34
C04326,2025-09-27,AL,Nordeste,organic_search,25-34
C04327,2025-09-08,PI,Nordeste,organic_search,18-24
C04328,2025-09-11,MG,Sudeste,email,18-24
C04329,2025-01-07,PA,Norte,email,25-34
C04330,2025-07-18,SC,Sul,email,25-34
C04331,2025-11-03,SP,Sudeste,organic_search,35-44
C04332,2025-11-19,SP,Sudeste,google_ads,35-44
C04333,2024-12-19,BA,Nordeste,paid_social,25-34
C04334,2024-11-07,RR,Norte,organic_search,18-24
C04335,2025-09-07,MG,Sudeste,paid_social,45-54
C04336,2024-11-30,BA,Nordeste,google_ads,35-44
C04337,2025-10-24,RJ,Sudeste,google_ads,35-44
C04338,2025-06-21,SP,Sudeste,paid_social,25-34
C04339,2025-06-02,SP,Sudeste,organic_search,45-54
C04340,2025-12-06,SP,Sudeste,google_ads,25-34
C04341,2025-03-13,SP,Sudeste,google_ads,25-34
C04342,2025-01-21,SP,Sudeste,google_ads,35-44
C04343,2025-08-07,PA,Norte,google_ads,55+
C04344,2025-06-04,PR,Sul,organic_search,55+
C04345,2025-10-16,SP,Sudeste,email,25-34
C04346,2025-11-14,MG,Sudeste,paid_social,25-34
C04347,2025-11-01,PI,Nordeste,paid_social,35-44
C04348,2025-07-07,SP,Sudeste,organic_search,55+
C04349,2025-10-28,DF,Centro-Oeste,organic_search,55+
C04350,2025-06-03,CE,Nordeste,paid_social,25-34
C04351,2025-08-08,RJ,Sudeste,organic_search,45-54
C04352,2025-11-25,SP,Sudeste,paid_social,25-34
C04353,2025-09-11,RJ,Sudeste,organic_search,25-34
C04354,2025-08-02,RS,Sul,organic_search,55+
C04355,2025-05-25,SP,Sudeste,organic_search,45-54
C04356,2025-09-19,CE,Nordeste,google_ads,25-34
C04357,2024-12-21,AM,Norte,organic_search,55+
C04358,2024-12-14,GO,Centro-Oeste,referral,18-24
C04359,2025-09-09,RJ,Sudeste,organic_search,45-54
C04360,2025-04-20,MS,Centro-Oeste,paid_social,35-44
C04361,2025-09-13,PB,Nordeste,google_ads,25-34
C04362,2025-03-22,SP,Sudeste,google_ads,55+
C04363,2025-01-26,SC,Sul,organic_search,25-34
C04364,2025-07-29,MT,Centro-Oeste,organic_search,35-44
C04365,2024-12-25,RJ,Sudeste,referral,18-24
C04366,2025-09-26,SC,Sul,organic_search,35-44
C04367,2025-03-18,AL,Nordeste,paid_social,45-54
C04368,2025-10-20,PR,Sul,paid_social,25-34
C04369,2025-05-15,RN,Nordeste,paid_social,18-24
C04370,2025-09-12,ES,Sudeste,google_ads,45-54
C04371,2025-10-10,GO,Centro-Oeste,organic_search,55+
C04372,2025-07-20,MT,Centro-Oeste,organic_search,25-34
C04373,2024-11-01,BA,Nordeste,paid_social,35-44
C04374,2025-10-09,SP,Sudeste,google_ads,45-54
C04375,2025-07-16,AM,Norte,organic_search,45-54
C04376,2025-08-22,PR,Sul,paid_social,35-44
C04377,2025-11-03,SP,Sudeste,paid_social,18-24
C04378,2025-07-22,RJ,Sudeste,google_ads,25-34
C04379,2025-07-06,RJ,Sudeste,google_ads,55+
C04380,2025-10-26,DF,Centro-Oeste,google_ads,35-44
C04381,2025-09-06,RJ,Sudeste,google_ads,25-34
C04382,2024-12-24,PE,Nordeste,paid_social,25-34
C04383,2025-09-25,RS,Sul,email,25-34
C04384,2025-02-19,SP,Sudeste,paid_social,35-44
C04385,2025-07-13,SP,Sudeste,google_ads,35-44
C04386,2024-11-28,AM,Norte,paid_social,25-34
C04387,2025-09-12,RS,Sul,paid_social,35-44
C04388,2025-03-30,PR,Sul,google_ads,25-34
C04389,2025-07-20,RS,Sul,google_ads,18-24
C04390,2024-11-24,PR,Sul,google_ads,25-34
C04391,2025-01-10,SP,Sudeste,google_ads,18-24
C04392,2025-04-26,MT,Centro-Oeste,organic_search,25-34
C04393,2025-05-26,SE,Nordeste,google_ads,35-44
C04394,2025-07-11,TO,Norte,paid_social,25-34
C04395,2025-04-12,SP,Sudeste,google_ads,18-24
C04396,2025-01-18,PE,Nordeste,google_ads,18-24
C04397,2025-11-06,MG,Sudeste,paid_social,18-24
C04398,2025-01-25,MG,Sudeste,paid_social,18-24
C04399,2025-05-17,PA,Norte,google_ads,25-34
C04400,2025-04-30,RJ,Sudeste,email,25-34
C04401,2025-04-25,PR,Sul,referral,18-24
C04402,2025-07-07,RS,Sul,organic_search,35-44
C04403,2025-01-11,SP,Sudeste,paid_social,25-34
C04404,2025-11-15,SC,Sul,google_ads,18-24
C04405,2025-09-10,MG,Sudeste,paid_social,35-44
C04406,2025-06-25,PR,Sul,referral,25-34
C04407,2025-09-20,RJ,Sudeste,organic_search,35-44
C04408,2025-10-08,DF,Centro-Oeste,paid_social,18-24
C04409,2025-06-28,RJ,Sudeste,google_ads,35-44
C04410,2025-10-03,AC,Norte,paid_social,18-24
C04411,2025-01-16,PE,Nordeste,paid_social,35-44
C04412,2025-03-11,SC,Sul,referral,25-34
C04413,2025-06-13,PE,Nordeste,email,25-34
C04414,2025-10-13,SP,Sudeste,paid_social,35-44
C04415,2025-04-25,AC,Norte,paid_social,25-34
C04416,2025-09-16,GO,Centro-Oeste,paid_social,35-44
C04417,2025-10-10,SP,Sudeste,paid_social,25-34
C04418,2025-02-11,MG,Sudeste,organic_search,25-34
C04419,2025-08-21,CE,Nordeste,paid_social,25-34
C04420,2025-09-23,MT,Centro-Oeste,referral,25-34
C04421,2025-11-07,MG,Sudeste,paid_social,45-54
C04422,2025-09-09,SP,Sudeste,google_ads,25-34
C04423,2025-06-12,PR,Sul,paid_social,35-44
C04424,2025-02-15,SE,Nordeste,referral,35-44
C04425,2025-10-03,MA,Nordeste,paid_social,45-54
C04426,2025-05-02,RN,Nordeste,organic_search,25-34
C04427,2025-04-07,RR,Norte,email,35-44
C04428,2025-09-04,SP,Sudeste,organic_search,45-54
C04429,2025-05-16,RN,Nordeste,paid_social,25-34
C04430,2025-10-28,MT,Centro-Oeste,paid_social,55+
C04431,2025-04-21,CE,Nordeste,organic_search,35-44
C04432,2025-07-15,PR,Sul,referral,25-34
C04433,2025-12-27,SP,Sudeste,organic_search,18-24
C04434,2025-04-17,RO,Norte,google_ads,35-44
C04435,2025-08-25,MA,Nordeste,organic_search,25-34
C04436,2025-10-07,RJ,Sudeste,paid_social,45-54
C04437,2025-09-10,DF,Centro-Oeste,google_ads,45-54
C04438,2025-06-01,MG,Sudeste,organic_search,18-24
C04439,2025-03-22,MA,Nordeste,email,25-34
C04440,2025-10-31,CE,Nordeste,google_ads,25-34
C04441,2025-10-27,SP,Sudeste,paid_social,25-34
C04442,2024-11-09,GO,Centro-Oeste,google_ads,35-44
C04443,2025-03-21,SP,Sudeste,google_ads,25-34
C04444,2025-01-01,MG,Sudeste,google_ads,35-44
C04445,2025-10-29,SP,Sudeste,organic_search,45-54
C04446,2025-10-17,PR,Sul,organic_search,25-34
C04447,2025-10-12,RJ,Sudeste,organic_search,18-24
C04448,2025-07-21,DF,Centro-Oeste,google_ads,25-34
C04449,2024-12-28,RR,Norte,paid_social,18-24
C04450,2025-04-09,MT,Centro-Oeste,referral,35-44
C04451,2025-04-04,SP,Sudeste,google_ads,25-34
C04452,2025-05-18,MG,Sudeste,paid_social,35-44
C04453,2024-12-29,SE,Nordeste,organic_search,25-34
C04454,2025-02-23,CE,Nordeste,organic_search,45-54
C04455,2025-03-26,SP,Sudeste,paid_social,25-34
C04456,2025-08-13,TO,Norte,google_ads,25-34
C04457,2025-05-11,MG,Sudeste,google_ads,25-34
C04458,2025-11-23,BA,Nordeste,organic_search,55+
C04459,2025-09-08,PA,Norte,email,18-24
C04460,2025-06-24,MG,Sudeste,organic_search,35-44
C04461,2025-09-16,PR,Sul,email,35-44
C04462,2025-06-18,SP,Sudeste,paid_social,18-24
C04463,2025-05-03,MG,Sudeste,paid_social,25-34
C04464,2025-05-23,SP,Sudeste,referral,18-24
C04465,2025-04-25,PE,Nordeste,paid_social,25-34
C04466,2025-10-11,PE,Nordeste,organic_search,35-44
C04467,2025-10-21,MT,Centro-Oeste,paid_social,35-44
C04468,2025-03-08,SP,Sudeste,paid_social,18-24
C04469,2025-07-11,DF,Centro-Oeste,organic_search,25-34
C04470,2025-07-01,PE,Nordeste,google_ads,25-34
C04471,2025-07-03,RS,Sul,email,35-44
C04472,2025-11-20,PA,Norte,google_ads,25-34
C04473,2025-08-13,RS,Sul,google_ads,18-24
C04474,2025-02-22,RJ,Sudeste,google_ads,35-44
C04475,2025-02-11,MG,Sudeste,email,35-44
C04476,2024-12-25,RJ,Sudeste,paid_social,18-24
C04477,2025-09-21,MG,Sudeste,google_ads,18-24
C04478,2024-12-05,PR,Sul,email,25-34
C04479,2024-10-18,RJ,Sudeste,organic_search,25-34
C04480,2025-08-29,SP,Sudeste,google_ads,55+
C04481,2025-12-07,PR,Sul,paid_social,25-34
C04482,2025-08-04,AM,Norte,paid_social,45-54
C04483,2025-07-06,PR,Sul,google_ads,55+
C04484,2025-02-25,PR,Sul,organic_search,25-34
C04485,2025-11-17,PB,Nordeste,google_ads,25-34
C04486,2025-11-24,RJ,Sudeste,organic_search,25-34
C04487,2025-05-20,RS,Sul,email,25-34
C04488,2025-11-17,PA,Norte,google_ads,35-44
C04489,2025-07-23,MT,Centro-Oeste,paid_social,25-34
C04490,2025-05-13,SP,Sudeste,paid_social,25-34
C04491,2025-03-15,PE,Nordeste,organic_search,45-54
C04492,2024-12-03,PR,Sul,referral,55+
C04493,2025-12-01,RR,Norte,organic_search,25-34
C04494,2025-02-03,MT,Centro-Oeste,organic_search,25-34
C04495,2025-11-13,ES,Sudeste,organic_search,35-44
C04496,2025-08-16,BA,Nordeste,paid_social,18-24
C04497,2025-08-24,SP,Sudeste,organic_search,25-34
C04498,2025-01-12,RJ,Sudeste,organic_search,25-34
C04499,2025-09-17,RJ,Sudeste,organic_search,25-34
C04500,2025-06-10,CE,Nordeste,paid_social,25-34
C04501,2025-12-17,SP,Sudeste,google_ads,25-34
C04502,2025-09-24,CE,Nordeste,google_ads,35-44
C04503,2025-09-18,RJ,Sudeste,google_ads,18-24
C04504,2025-03-29,RJ,Sudeste,google_ads,18-24
C04505,2025-09-12,GO,Centro-Oeste,organic_search,55+
C04506,2025-08-27,MG,Sudeste,organic_search,35-44
C04507,2025-11-04,CE,Nordeste,email,25-34
C04508,2025-01-31,CE,Nordeste,organic_search,25-34
C04509,2025-04-27,SC,Sul,referral,45-54
C04510,2025-07-24,SP,Sudeste,google_ads,55+
C04511,2025-02-06,PR,Sul,paid_social,35-44
C04512,2025-06-18,RJ,Sudeste,referral,35-44
C04513,2025-09-14,SC,Sul,paid_social,25-34
C04514,2025-12-09,RS,Sul,organic_search,35-44
C04515,2025-04-28,SP,Sudeste,paid_social,35-44
C04516,2025-04-04,SP,Sudeste,paid_social,18-24
C04517,2025-07-10,SP,Sudeste,organic_search,35-44
C04518,2025-05-06,SP,Sudeste,paid_social,25-34
C04519,2025-05-18,RJ,Sudeste,google_ads,35-44
C04520,2025-04-23,SP,Sudeste,email,45-54
C04521,2025-08-29,SP,Sudeste,referral,35-44
C04522,2025-09-23,PR,Sul,organic_search,35-44
C04523,2025-06-09,RJ,Sudeste,organic_search,25-34
C04524,2025-09-10,TO,Norte,paid_social,25-34
C04525,2025-11-01,SC,Sul,paid_social,45-54
C04526,2025-05-10,PA,Norte,organic_search,35-44
C04527,2025-03-21,DF,Centro-Oeste,google_ads,35-44
C04528,2025-05-15,MT,Centro-Oeste,google_ads,35-44
C04529,2025-09-19,RJ,Sudeste,referral,45-54
C04530,2024-11-09,SP,Sudeste,organic_search,25-34
C04531,2025-06-22,PR,Sul,google_ads,25-34
C04532,2025-03-09,MA,Nordeste,google_ads,35-44
C04533,2024-12-10,SP,Sudeste,referral,25-34
C04534,2025-09-12,RR,Norte,email,25-34
C04535,2025-03-24,GO,Centro-Oeste,google_ads,35-44
C04536,2025-06-02,MG,Sudeste,referral,25-34
C04537,2024-12-30,MG,Sudeste,organic_search,25-34
C04538,2025-07-31,RN,Nordeste,organic_search,18-24
C04539,2025-09-30,PR,Sul,paid_social,25-34
C04540,2025-09-11,BA,Nordeste,google_ads,45-54
C04541,2025-07-26,RO,Norte,organic_search,45-54
C04542,2025-10-10,MG,Sudeste,email,35-44
C04543,2025-01-29,RS,Sul,google_ads,35-44
C04544,2025-09-11,PI,Nordeste,paid_social,25-34
C04545,2025-11-17,PR,Sul,google_ads,45-54
C04546,2025-02-05,RS,Sul,paid_social,55+
C04547,2025-02-10,SP,Sudeste,referral,18-24
C04548,2025-09-23,PR,Sul,organic_search,35-44
C04549,2025-05-07,PA,Norte,paid_social,35-44
C04550,2025-09-14,MG,Sudeste,referral,35-44
C04551,2025-09-18,ES,Sudeste,google_ads,25-34
C04552,2025-10-29,PR,Sul,paid_social,55+
C04553,2025-09-05,RJ,Sudeste,google_ads,35-44
C04554,2025-02-01,AM,Norte,google_ads,35-44
C04555,2024-12-27,CE,Nordeste,google_ads,55+
C04556,2025-05-05,PA,Norte,organic_search,25-34
C04557,2024-10-27,RJ,Sudeste,paid_social,35-44
C04558,2025-08-22,SP,Sudeste,organic_search,25-34
C04559,2025-05-27,PE,Nordeste,paid_social,35-44
C04560,2025-01-10,RS,Sul,email,25-34
C04561,2025-03-06,SP,Sudeste,email,18-24
C04562,2025-04-05,MG,Sudeste,google_ads,35-44
C04563,2025-03-15,GO,Centro-Oeste,organic_search,45-54
C04564,2025-01-31,ES,Sudeste,referral,35-44
C04565,2025-10-01,AM,Norte,google_ads,25-34
C04566,2024-12-23,MG,Sudeste,organic_search,35-44
C04567,2025-09-30,SP,Sudeste,organic_search,35-44
C04568,2025-10-27,BA,Nordeste,organic_search,25-34
C04569,2025-08-23,RR,Norte,paid_social,55+
C04570,2025-08-18,MT,Centro-Oeste,paid_social,35-44
C04571,2025-08-05,BA,Nordeste,organic_search,25-34
C04572,2025-06-28,SC,Sul,organic_search,45-54
C04573,2025-10-03,MG,Sudeste,google_ads,35-44
C04574,2025-05-04,SP,Sudeste,paid_social,35-44
C04575,2025-08-30,PR,Sul,google_ads,45-54
C04576,2025-03-27,MG,Sudeste,google_ads,25-34
C04577,2025-11-18,SC,Sul,referral,45-54
C04578,2025-11-08,SP,Sudeste,paid_social,18-24
C04579,2025-11-19,SP,Sudeste,organic_search,55+
C04580,2025-08-12,SP,Sudeste,organic_search,35-44
C04581,2025-04-12,BA,Nordeste,email,25-34
C04582,2025-12-02,SP,Sudeste,paid_social,25-34
C04583,2025-03-04,PR,Sul,organic_search,45-54
C04584,2025-08-26,GO,Centro-Oeste,paid_social,25-34
C04585,2025-10-08,TO,Norte,paid_social,18-24
C04586,2025-06-12,SP,Sudeste,paid_social,45-54
C04587,2025-10-07,CE,Nordeste,paid_social,45-54
C04588,2025-06-10,SP,Sudeste,google_ads,18-24
C04589,2025-09-18,GO,Centro-Oeste,paid_social,35-44
C04590,2025-03-10,SC,Sul,paid_social,25-34
C04591,2025-11-12,SP,Sudeste,paid_social,25-34
C04592,2025-11-20,BA,Nordeste,google_ads,25-34
C04593,2025-09-21,PA,Norte,organic_search,25-34
C04594,2025-03-14,RJ,Sudeste,google_ads,25-34
C04595,2025-08-02,GO,Centro-Oeste,paid_social,35-44
C04596,2025-09-18,SP,Sudeste,google_ads,25-34
C04597,2025-08-19,RJ,Sudeste,organic_search,25-34
C04598,2025-10-06,BA,Nordeste,paid_social,35-44
C04599,2025-04-09,RS,Sul,paid_social,18-24
C04600,2025-04-30,RJ,Sudeste,google_ads,35-44
C04601,2024-12-22,SP,Sudeste,paid_social,55+
C04602,2025-05-20,AL,Nordeste,paid_social,25-34
C04603,2025-05-31,PE,Nordeste,paid_social,25-34
C04604,2025-08-31,SP,Sudeste,google_ads,35-44
C04605,2024-12-21,AM,Norte,organic_search,55+
C04606,2025-10-05,PA,Norte,paid_social,25-34
C04607,2025-03-31,RJ,Sudeste,organic_search,45-54
C04608,2025-02-05,SP,Sudeste,referral,35-44
C04609,2024-10-27,PE,Nordeste,organic_search,35-44
C04610,2024-11-26,SC,Sul,organic_search,55+
C04611,2025-04-27,PB,Nordeste,organic_search,25-34
C04612,2025-11-22,RS,Sul,paid_social,55+
C04613,2025-08-01,RS,Sul,paid_social,55+
C04614,2025-05-10,SP,Sudeste,google_ads,45-54
C04615,2025-11-03,ES,Sudeste,paid_social,35-44
C04616,2025-02-09,PE,Nordeste,google_ads,35-44
C04617,2024-12-15,MS,Centro-Oeste,paid_social,55+
C04618,2025-05-31,SC,Sul,organic_search,35-44
C04619,2025-07-12,MG,Sudeste,google_ads,35-44
C04620,2025-09-14,PE,Nordeste,paid_social,25-34
C04621,2025-11-04,PA,Norte,google_ads,25-34
C04622,2025-09-15,SP,Sudeste,email,45-54
C04623,2025-08-31,SE,Nordeste,paid_social,25-34
C04624,2025-07-10,PE,Nordeste,organic_search,18-24
C04625,2025-08-07,RR,Norte,paid_social,25-34
C04626,2024-11-04,SP,Sudeste,google_ads,45-54
C04627,2024-12-21,BA,Nordeste,organic_search,35-44
C04628,2025-01-29,BA,Nordeste,google_ads,18-24
C04629,2025-06-21,ES,Sudeste,organic_search,25-34
C04630,2025-10-05,MA,Nordeste,email,25-34
C04631,2025-04-10,DF,Centro-Oeste,paid_social,18-24
C04632,2025-09-21,RJ,Sudeste,google_ads,35-44
C04633,2025-09-01,SP,Sudeste,paid_social,25-34
C04634,2025-07-29,MT,Centro-Oeste,referral,18-24
C04635,2025-08-02,RN,Nordeste,organic_search,55+
C04636,2024-11-09,RS,Sul,email,45-54
C04637,2025-09-27,RJ,Sudeste,organic_search,25-34
C04638,2025-05-14,PE,Nordeste,google_ads,35-44
C04639,2025-01-04,SP,Sudeste,google_ads,25-34
C04640,2025-06-15,RS,Sul,google_ads,25-34
C04641,2025-08-22,SC,Sul,referral,25-34
C04642,2025-11-13,RS,Sul,paid_social,18-24
C04643,2025-05-20,SP,Sudeste,google_ads,35-44
C04644,2025-03-01,PB,Nordeste,paid_social,35-44
C04645,2025-08-14,SP,Sudeste,paid_social,35-44
C04646,2025-01-22,RJ,Sudeste,google_ads,18-24
C04647,2025-10-27,CE,Nordeste,email,25-34
C04648,2025-07-16,RS,Sul,organic_search,35-44
C04649,2025-01-18,PR,Sul,referral,35-44
C04650,2025-01-08,PA,Norte,email,18-24
C04651,2025-01-21,BA,Nordeste,google_ads,18-24
C04652,2025-05-12,BA,Nordeste,paid_social,35-44
C04653,2025-09-20,SP,Sudeste,google_ads,18-24
C04654,2025-09-22,MG,Sudeste,organic_search,35-44
C04655,2025-09-30,RS,Sul,organic_search,25-34
C04656,2025-09-30,SC,Sul,organic_search,35-44
C04657,2025-09-13,RJ,Sudeste,google_ads,25-34
C04658,2025-07-29,MT,Centro-Oeste,organic_search,18-24
C04659,2025-03-23,RJ,Sudeste,google_ads,35-44
C04660,2025-07-10,PR,Sul,paid_social,45-54
C04661,2025-06-09,GO,Centro-Oeste,google_ads,35-44
C04662,2025-10-08,MG,Sudeste,email,55+
C04663,2025-10-25,PR,Sul,organic_search,35-44
C04664,2025-06-28,RS,Sul,organic_search,35-44
C04665,2024-12-20,AP,Norte,referral,18-24
C04666,2025-01-11,MG,Sudeste,referral,25-34
C04667,2025-01-26,SP,Sudeste,google_ads,45-54
C04668,2025-09-28,SP,Sudeste,paid_social,35-44
C04669,2025-03-21,PI,Nordeste,paid_social,18-24
C04670,2025-06-28,RJ,Sudeste,paid_social,35-44
C04671,2025-10-12,ES,Sudeste,google_ads,25-34
C04672,2025-01-03,PE,Nordeste,paid_social,25-34
C04673,2025-08-02,SP,Sudeste,organic_search,25-34
C04674,2025-02-22,SP,Sudeste,google_ads,25-34
C04675,2025-04-29,MG,Sudeste,google_ads,25-34
C04676,2025-11-11,SC,Sul,organic_search,25-34
C04677,2025-05-28,ES,Sudeste,google_ads,25-34
C04678,2025-07-03,SP,Sudeste,organic_search,35-44
C04679,2025-08-03,BA,Nordeste,paid_social,35-44
C04680,2025-08-12,PB,Nordeste,paid_social,35-44
C04681,2025-11-08,BA,Nordeste,organic_search,55+
C04682,2025-03-05,SP,Sudeste,google_ads,55+
C04683,2025-11-12,PR,Sul,google_ads,25-34
C04684,2025-07-08,TO,Norte,google_ads,35-44
C04685,2025-11-29,MG,Sudeste,google_ads,25-34
C04686,2025-02-19,RJ,Sudeste,google_ads,18-24
C04687,2025-10-07,BA,Nordeste,paid_social,45-54
C04688,2025-07-24,AM,Norte,organic_search,18-24
C04689,2025-12-04,PR,Sul,referral,25-34
C04690,2025-09-10,MG,Sudeste,organic_search,45-54
C04691,2025-09-19,PI,Nordeste,paid_social,45-54
C04692,2025-11-24,CE,Nordeste,email,35-44
C04693,2025-03-24,SP,Sudeste,paid_social,45-54
C04694,2025-05-21,SP,Sudeste,organic_search,25-34
C04695,2025-07-03,RJ,Sudeste,email,18-24
C04696,2025-07-15,RJ,Sudeste,referral,45-54
C04697,2025-03-16,PR,Sul,google_ads,25-34
C04698,2025-10-29,BA,Nordeste,paid_social,55+
C04699,2025-06-22,PB,Nordeste,referral,25-34
C04700,2025-10-13,AL,Nordeste,organic_search,35-44
C04701,2024-11-21,MA,Nordeste,email,45-54
C04702,2025-09-28,PB,Nordeste,organic_search,18-24
C04703,2025-08-28,SP,Sudeste,paid_social,45-54
C04704,2025-08-05,AC,Norte,paid_social,45-54
C04705,2025-08-12,BA,Nordeste,google_ads,25-34
C04706,2025-08-06,MA,Nordeste,google_ads,25-34
C04707,2025-09-18,PA,Norte,paid_social,25-34
C04708,2025-07-11,MG,Sudeste,google_ads,25-34
C04709,2025-10-05,PR,Sul,organic_search,45-54
C04710,2025-01-16,PI,Nordeste,email,45-54
C04711,2025-06-19,SP,Sudeste,google_ads,35-44
C04712,2025-11-28,SP,Sudeste,email,25-34
C04713,2025-08-20,RJ,Sudeste,google_ads,18-24
C04714,2025-03-12,RN,Nordeste,email,35-44
C04715,2025-09-23,RJ,Sudeste,google_ads,45-54
C04716,2024-10-26,SP,Sudeste,organic_search,18-24
C04717,2025-10-09,RJ,Sudeste,email,25-34
C04718,2025-07-07,SP,Sudeste,paid_social,25-34
C04719,2025-07-07,PB,Nordeste,organic_search,45-54
C04720,2025-10-10,SP,Sudeste,organic_search,25-34
C04721,2025-10-04,RS,Sul,google_ads,45-54
C04722,2025-04-14,SP,Sudeste,paid_social,18-24
C04723,2024-12-31,SP,Sudeste,paid_social,45-54
C04724,2024-11-26,SP,Sudeste,google_ads,25-34
C04725,2025-06-16,AC,Norte,organic_search,25-34
C04726,2025-11-20,RS,Sul,google_ads,25-34
C04727,2024-12-28,SP,Sudeste,google_ads,25-34
C04728,2025-04-19,PB,Nordeste,organic_search,25-34
C04729,2025-10-02,PE,Nordeste,referral,25-34
C04730,2025-08-16,CE,Nordeste,organic_search,18-24
C04731,2025-05-18,ES,Sudeste,paid_social,45-54
C04732,2025-05-31,SP,Sudeste,google_ads,55+
C04733,2025-06-17,MG,Sudeste,organic_search,45-54
C04734,2025-10-03,SP,Sudeste,paid_social,35-44
C04735,2024-11-06,MS,Centro-Oeste,email,25-34
C04736,2024-11-03,PE,Nordeste,google_ads,35-44
C04737,2025-10-19,TO,Norte,paid_social,25-34
C04738,2025-01-01,BA,Nordeste,email,35-44
C04739,2025-05-26,RJ,Sudeste,referral,18-24
C04740,2025-07-25,AP,Norte,email,45-54
C04741,2025-12-10,SP,Sudeste,paid_social,55+
C04742,2025-10-15,SE,Nordeste,referral,35-44
C04743,2025-04-18,PR,Sul,organic_search,25-34
C04744,2025-10-14,PR,Sul,paid_social,35-44
C04745,2025-10-22,DF,Centro-Oeste,google_ads,55+
C04746,2025-11-25,MG,Sudeste,paid_social,45-54
C04747,2025-07-21,SP,Sudeste,organic_search,25-34
C04748,2025-06-09,RJ,Sudeste,google_ads,25-34
C04749,2025-07-09,AM,Norte,paid_social,18-24
C04750,2025-02-01,SP,Sudeste,organic_search,25-34
C04751,2025-03-15,MG,Sudeste,google_ads,35-44
C04752,2025-08-24,PR,Sul,referral,45-54
C04753,2025-11-04,RJ,Sudeste,paid_social,18-24
C04754,2025-11-27,SP,Sudeste,google_ads,25-34
C04755,2025-01-08,PA,Norte,referral,35-44
C04756,2025-09-13,PA,Norte,paid_social,35-44
C04757,2025-07-11,PR,Sul,email,25-34
C04758,2025-08-21,SC,Sul,paid_social,25-34
C04759,2025-04-28,SP,Sudeste,organic_search,25-34
C04760,2025-05-07,MG,Sudeste,google_ads,25-34
C04761,2025-11-03,AL,Nordeste,google_ads,35-44
C04762,2025-03-26,RN,Nordeste,paid_social,25-34
C04763,2025-11-09,SP,Sudeste,organic_search,25-34
C04764,2024-12-30,PR,Sul,organic_search,25-34
C04765,2025-11-06,PA,Norte,paid_social,25-34
C04766,2025-01-08,RS,Sul,referral,35-44
C04767,2025-02-20,PR,Sul,organic_search,35-44
C04768,2024-10-18,BA,Nordeste,organic_search,35-44
C04769,2025-11-28,ES,Sudeste,organic_search,25-34
C04770,2025-08-10,SP,Sudeste,google_ads,55+
C04771,2025-02-03,DF,Centro-Oeste,organic_search,25-34
C04772,2025-11-03,SC,Sul,email,18-24
C04773,2025-04-07,AP,Norte,google_ads,35-44
C04774,2025-05-13,SP,Sudeste,organic_search,45-54
C04775,2025-08-08,PA,Norte,paid_social,35-44
C04776,2025-03-26,GO,Centro-Oeste,paid_social,25-34
C04777,2025-09-30,BA,Nordeste,paid_social,35-44
C04778,2025-02-23,PE,Nordeste,google_ads,25-34
C04779,2025-01-10,MG,Sudeste,paid_social,35-44
C04780,2025-09-22,MA,Nordeste,google_ads,35-44
C04781,2025-07-11,PR,Sul,google_ads,45-54
C04782,2025-10-17,SP,Sudeste,google_ads,35-44
C04783,2025-11-06,AL,Nordeste,organic_search,18-24
C04784,2025-03-13,BA,Nordeste,google_ads,25-34
C04785,2025-07-25,RS,Sul,google_ads,18-24
C04786,2025-11-24,GO,Centro-Oeste,organic_search,35-44
C04787,2025-04-25,AP,Norte,organic_search,25-34
C04788,2025-01-12,SP,Sudeste,paid_social,35-44
C04789,2025-06-21,RS,Sul,google_ads,45-54
C04790,2025-12-03,RJ,Sudeste,organic_search,25-34
C04791,2025-03-27,SP,Sudeste,google_ads,25-34
C04792,2024-12-02,RS,Sul,organic_search,25-34
C04793,2025-08-17,CE,Nordeste,organic_search,55+
C04794,2024-11-06,AM,Norte,paid_social,35-44
C04795,2025-07-11,SP,Sudeste,organic_search,18-24
C04796,2025-10-28,MG,Sudeste,google_ads,25-34
C04797,2025-08-12,SP,Sudeste,organic_search,35-44
C04798,2025-10-26,PA,Norte,organic_search,55+
C04799,2025-11-15,BA,Nordeste,email,35-44
C04800,2025-10-20,SP,Sudeste,organic_search,55+
C04801,2025-11-04,CE,Nordeste,google_ads,35-44
C04802,2025-01-07,MG,Sudeste,email,45-54
C04803,2025-04-08,SP,Sudeste,google_ads,35-44
C04804,2025-12-16,BA,Nordeste,paid_social,18-24
C04805,2024-11-01,PR,Sul,paid_social,18-24
C04806,2025-04-15,CE,Nordeste,referral,18-24
C04807,2025-07-05,MG,Sudeste,paid_social,55+
C04808,2025-03-13,SP,Sudeste,paid_social,45-54
C04809,2025-10-06,SP,Sudeste,paid_social,25-34
C04810,2025-03-28,RS,Sul,email,25-34
C04811,2025-05-14,PA,Norte,email,55+
C04812,2025-04-27,BA,Nordeste,organic_search,55+
C04813,2025-06-24,SP,Sudeste,paid_social,45-54
C04814,2025-05-25,RR,Norte,organic_search,18-24
C04815,2025-07-13,MA,Nordeste,organic_search,45-54
C04816,2025-08-30,SP,Sudeste,google_ads,35-44
C04817,2025-08-20,SP,Sudeste,google_ads,45-54
C04818,2025-06-20,SP,Sudeste,google_ads,18-24
C04819,2025-08-14,MG,Sudeste,google_ads,18-24
C04820,2025-11-16,PA,Norte,google_ads,55+
C04821,2025-08-04,RJ,Sudeste,organic_search,35-44
C04822,2025-10-01,SP,Sudeste,google_ads,18-24
C04823,2025-05-25,BA,Nordeste,organic_search,18-24
C04824,2025-11-16,RJ,Sudeste,referral,25-34
C04825,2025-01-01,RJ,Sudeste,referral,35-44
C04826,2025-04-04,BA,Nordeste,paid_social,35-44
C04827,2025-10-31,BA,Nordeste,google_ads,25-34
C04828,2025-09-12,SP,Sudeste,paid_social,25-34
C04829,2025-01-19,PE,Nordeste,google_ads,45-54
C04830,2025-07-02,SP,Sudeste,organic_search,25-34
C04831,2025-05-26,SP,Sudeste,organic_search,18-24
C04832,2025-01-23,SC,Sul,paid_social,45-54
C04833,2024-10-23,ES,Sudeste,organic_search,55+
C04834,2025-09-01,MG,Sudeste,referral,55+
C04835,2025-05-04,SP,Sudeste,paid_social,25-34
C04836,2025-10-13,SP,Sudeste,google_ads,25-34
C04837,2025-09-20,PE,Nordeste,organic_search,45-54
C04838,2025-02-07,AL,Nordeste,google_ads,45-54
C04839,2025-02-19,ES,Sudeste,email,35-44
C04840,2025-09-11,BA,Nordeste,google_ads,55+
C04841,2025-07-26,SC,Sul,organic_search,18-24
C04842,2025-10-19,BA,Nordeste,google_ads,18-24
C04843,2024-11-27,RS,Sul,email,35-44
C04844,2025-07-30,SP,Sudeste,paid_social,45-54
C04845,2025-10-19,SP,Sudeste,organic_search,18-24
C04846,2025-10-20,SP,Sudeste,referral,35-44
C04847,2025-09-30,MG,Sudeste,paid_social,45-54
C04848,2025-02-03,SP,Sudeste,google_ads,35-44
C04849,2025-03-03,BA,Nordeste,google_ads,25-34
C04850,2024-12-10,SP,Sudeste,organic_search,25-34
C04851,2025-06-27,ES,Sudeste,paid_social,35-44
C04852,2025-08-05,PR,Sul,organic_search,25-34
C04853,2025-10-22,PE,Nordeste,referral,35-44
C04854,2025-09-20,PR,Sul,paid_social,25-34
C04855,2025-03-17,RJ,Sudeste,organic_search,35-44
C04856,2025-09-03,PR,Sul,email,25-34
C04857,2025-07-05,RJ,Sudeste,email,55+
C04858,2024-11-13,SP,Sudeste,paid_social,25-34
C04859,2025-09-02,CE,Nordeste,paid_social,35-44
C04860,2025-11-21,SP,Sudeste,google_ads,35-44
C04861,2025-02-11,SP,Sudeste,paid_social,25-34
C04862,2025-06-20,BA,Nordeste,google_ads,25-34
C04863,2025-01-21,SP,Sudeste,organic_search,25-34
C04864,2025-08-10,BA,Nordeste,organic_search,45-54
C04865,2025-09-03,SP,Sudeste,referral,45-54
C04866,2025-07-20,CE,Nordeste,organic_search,25-34
C04867,2025-10-24,PE,Nordeste,google_ads,25-34
C04868,2025-11-03,AP,Norte,organic_search,45-54
C04869,2025-07-27,MG,Sudeste,referral,18-24
C04870,2025-05-22,PR,Sul,organic_search,35-44
C04871,2025-10-25,BA,Nordeste,paid_social,45-54
C04872,2025-10-26,PE,Nordeste,google_ads,35-44
C04873,2025-04-11,BA,Nordeste,paid_social,45-54
C04874,2025-02-28,MG,Sudeste,google_ads,25-34
C04875,2024-12-28,RJ,Sudeste,referral,35-44
C04876,2025-08-16,SP,Sudeste,google_ads,25-34
C04877,2025-12-06,RS,Sul,paid_social,25-34
C04878,2025-10-15,SP,Sudeste,organic_search,18-24
C04879,2025-09-28,SP,Sudeste,google_ads,25-34
C04880,2024-11-30,PE,Nordeste,google_ads,25-34
C04881,2025-11-28,SP,Sudeste,paid_social,35-44
C04882,2025-09-01,PR,Sul,google_ads,18-24
C04883,2025-02-16,MG,Sudeste,email,35-44
C04884,2025-05-24,SP,Sudeste,email,45-54
C04885,2025-08-12,SP,Sudeste,paid_social,35-44
C04886,2025-06-22,PE,Nordeste,paid_social,25-34
C04887,2025-07-19,SC,Sul,referral,25-34
C04888,2025-04-28,SP,Sudeste,google_ads,25-34
C04889,2025-05-22,SP,Sudeste,google_ads,55+
C04890,2024-12-18,MS,Centro-Oeste,paid_social,18-24
C04891,2025-09-24,DF,Centro-Oeste,email,18-24
C04892,2025-11-05,PB,Nordeste,paid_social,18-24
C04893,2025-05-09,ES,Sudeste,paid_social,25-34
C04894,2025-10-20,MG,Sudeste,email,45-54
C04895,2025-05-10,AM,Norte,paid_social,25-34
C04896,2025-04-26,RO,Norte,paid_social,55+
C04897,2025-09-29,AM,Norte,paid_social,35-44
C04898,2025-11-19,AM,Norte,referral,45-54
C04899,2025-08-09,SP,Sudeste,referral,25-34
C04900,2025-02-04,SP,Sudeste,email,35-44
C04901,2024-12-22,DF,Centro-Oeste,organic_search,45-54
C04902,2025-11-24,RJ,Sudeste,organic_search,55+
C04903,2025-02-22,MG,Sudeste,paid_social,25-34
C04904,2025-12-01,SP,Sudeste,organic_search,35-44
C04905,2025-08-12,MS,Centro-Oeste,organic_search,45-54
C04906,2025-01-02,CE,Nordeste,paid_social,55+
C04907,2024-10-26,MG,Sudeste,paid_social,18-24
C04908,2025-07-25,RJ,Sudeste,referral,25-34
C04909,2025-09-20,ES,Sudeste,email,25-34
C04910,2024-11-10,RJ,Sudeste,organic_search,45-54
C04911,2025-06-15,DF,Centro-Oeste,referral,18-24
C04912,2025-05-03,DF,Centro-Oeste,email,25-34
C04913,2025-05-21,PR,Sul,email,35-44
C04914,2024-12-08,SC,Sul,referral,25-34
C04915,2025-01-03,RJ,Sudeste,google_ads,25-34
C04916,2025-04-24,SP,Sudeste,google_ads,45-54
C04917,2025-03-03,RS,Sul,paid_social,25-34
C04918,2025-09-15,SP,Sudeste,google_ads,25-34
C04919,2025-04-15,MG,Sudeste,organic_search,35-44
C04920,2025-11-08,SP,Sudeste,organic_search,35-44
C04921,2025-03-01,PA,Norte,organic_search,45-54
C04922,2025-08-04,DF,Centro-Oeste,google_ads,25-34
C04923,2025-12-03,RN,Nordeste,paid_social,35-44
C04924,2025-05-06,PR,Sul,organic_search,25-34
C04925,2025-06-07,SP,Sudeste,paid_social,45-54
C04926,2025-10-24,SP,Sudeste,google_ads,35-44
C04927,2025-05-17,DF,Centro-Oeste,referral,25-34
C04928,2025-02-16,MA,Nordeste,organic_search,55+
C04929,2025-10-07,SP,Sudeste,organic_search,18-24
C04930,2025-07-29,ES,Sudeste,organic_search,35-44
C04931,2025-05-26,TO,Norte,paid_social,55+
C04932,2025-05-29,RS,Sul,referral,25-34
C04933,2025-03-15,SC,Sul,google_ads,45-54
C04934,2025-05-10,PB,Nordeste,email,25-34
C04935,2025-10-02,RS,Sul,referral,25-34
C04936,2025-11-10,AM,Norte,paid_social,45-54
C04937,2025-08-20,RJ,Sudeste,google_ads,35-44
C04938,2025-06-06,RJ,Sudeste,google_ads,45-54
C04939,2025-03-26,RN,Nordeste,organic_search,35-44
C04940,2025-12-06,MG,Sudeste,paid_social,25-34
C04941,2024-11-19,RR,Norte,google_ads,35-44
C04942,2025-08-24,SC,Sul,organic_search,35-44
C04943,2025-02-19,PA,Norte,google_ads,35-44
C04944,2025-02-11,SP,Sudeste,google_ads,45-54
C04945,2025-10-02,BA,Nordeste,google_ads,45-54
C04946,2025-08-31,PR,Sul,google_ads,45-54
C04947,2025-08-02,PA,Norte,paid_social,35-44
C04948,2025-01-12,RJ,Sudeste,google_ads,55+
C04949,2025-09-21,SP,Sudeste,organic_search,25-34
C04950,2024-11-28,MG,Sudeste,organic_search,25-34
C04951,2025-11-09,CE,Nordeste,organic_search,35-44
C04952,2025-10-04,SP,Sudeste,organic_search,25-34
C04953,2025-01-17,PA,Norte,paid_social,55+
C04954,2025-04-08,RN,Nordeste,organic_search,18-24
C04955,2024-12-22,RS,Sul,paid_social,35-44
C04956,2025-02-02,BA,Nordeste,paid_social,25-34
C04957,2025-11-06,SP,Sudeste,organic_search,45-54
C04958,2025-11-06,SP,Sudeste,paid_social,25-34
C04959,2025-06-06,PR,Sul,referral,55+
C04960,2025-01-27,PB,Nordeste,paid_social,45-54
C04961,2025-09-10,SP,Sudeste,referral,35-44
C04962,2024-12-27,RJ,Sudeste,organic_search,35-44
C04963,2025-07-14,MG,Sudeste,google_ads,45-54
C04964,2025-12-06,TO,Norte,organic_search,45-54
C04965,2025-09-23,DF,Centro-Oeste,paid_social,45-54
C04966,2025-10-27,SP,Sudeste,paid_social,55+
C04967,2025-02-06,PE,Nordeste,organic_search,35-44
C04968,2025-04-12,PR,Sul,organic_search,35-44
C04969,2025-10-11,RS,Sul,organic_search,55+
C04970,2025-01-29,SP,Sudeste,email,25-34
C04971,2025-03-09,AL,Nordeste,paid_social,45-54
C04972,2025-06-11,AM,Norte,email,45-54
C04973,2025-03-22,RJ,Sudeste,organic_search,18-24
C04974,2025-10-24,PE,Nordeste,paid_social,35-44
C04975,2025-11-02,RJ,Sudeste,paid_social,45-54
C04976,2025-07-30,RJ,Sudeste,organic_search,45-54
C04977,2025-09-22,MG,Sudeste,organic_search,35-44
C04978,2025-05-12,MG,Sudeste,email,18-24
C04979,2025-08-15,PR,Sul,google_ads,35-44
C04980,2025-07-09,SP,Sudeste,paid_social,45-54
C04981,2025-07-01,TO,Norte,paid_social,45-54
C04982,2025-07-19,RJ,Sudeste,organic_search,35-44
C04983,2025-11-10,RS,Sul,organic_search,35-44
C04984,2025-04-25,SP,Sudeste,google_ads,45-54
C04985,2025-02-12,PE,Nordeste,organic_search,18-24
C04986,2025-10-09,ES,Sudeste,google_ads,35-44
C04987,2025-07-10,MG,Sudeste,organic_search,45-54
C04988,2025-10-03,PR,Sul,google_ads,45-54
C04989,2025-08-01,CE,Nordeste,email,25-34
C04990,2025-11-16,GO,Centro-Oeste,organic_search,35-44
C04991,2025-12-02,MG,Sudeste,email,25-34
C04992,2024-11-24,SP,Sudeste,organic_search,35-44
C04993,2025-06-18,RJ,Sudeste,referral,45-54
C04994,2025-08-04,SP,Sudeste,referral,25-34
C04995,2025-10-25,SP,Sudeste,referral,45-54
C04996,2025-06-18,AP,Norte,organic_search,25-34
C04997,2025-11-14,PA,Norte,referral,55+
C04998,2025-04-24,AL,Nordeste,organic_search,25-34
C04999,2025-09-14,RJ,Sudeste,email,25-34
C05000,2025-06-02,MG,Sudeste,organic_search,55+
