order_id,customer_id,order_date,channel,payment_method,coupon_code,shipping_cost,delivery_days,status,review_score
A00001,C00354,2025-01-01,app,boleto,,11.65,3,delivered,
A00002,C00425,2025-01-01,marketplace,pix,,17.91,1,delivered,4
A00003,C00714,2025-01-01,marketplace,credit_card,,17.1,12,delivered,4
A00004,C02232,2025-01-01,app,credit_card,BEMVINDO10,13.92,3,delivered,
A00005,C02368,2025-01-01,site,credit_card,,11.52,7,delivered,4
A00006,C02747,2025-01-01,marketplace,credit_card,BEMVINDO10,28.31,15,delivered,
A00007,C03234,2025-01-01,app,credit_card,,13.54,3,delivered,
A00008,C03833,2025-01-01,site,pix,,20.15,5,delivered,4
A00009,C04627,2025-01-01,app,credit_card,BEMVINDO10,25.56,7,delivered,
A00010,C04716,2025-01-01,app,credit_card,BEMVINDO10,15.49,2,delivered,
A00011,C00109,2025-01-02,app,credit_card,,20.3,10,delivered,
A00012,C01584,2025-01-02,site,pix,,14.38,2,delivered,4
A00013,C02032,2025-01-02,app,credit_card,,20.98,7,delivered,
A00014,C02961,2025-01-02,app,pix,,13.59,6,delivered,4
A00015,C04833,2025-01-02,site,credit_card,,18.7,,canceled,
A00016,C00627,2025-01-03,app,pix,,29.17,9,delivered,5
A00017,C01094,2025-01-03,app,pix,,27.53,11,delivered,4
A00018,C02126,2025-01-03,marketplace,credit_card,,28.83,10,delivered,
A00019,C02200,2025-01-03,marketplace,pix,,18.61,4,delivered,5
A00020,C02614,2025-01-03,site,credit_card,,14.2,4,delivered,3
A00021,C04768,2025-01-03,app,credit_card,,30.05,12,delivered,3
A00022,C04907,2025-01-03,site,pix,,13.5,5,delivered,
A00023,C00160,2025-01-04,app,credit_card,,13.54,1,delivered,5
A00024,C00527,2025-01-04,site,credit_card,,18.04,7,returned,
A00025,C00765,2025-01-04,site,credit_card,BEMVINDO10,24.61,5,delivered,5
A00026,C00965,2025-01-04,marketplace,pix,,11.83,5,delivered,5
A00027,C01123,2025-01-04,app,boleto,BEMVINDO10,16.82,5,delivered,4
A00028,C02188,2025-01-04,app,pix,,26.16,9,delivered,3
A00029,C02214,2025-01-04,app,pix,,10.67,5,delivered,
A00030,C02711,2025-01-04,app,boleto,,13.63,5,delivered,3
A00031,C03891,2025-01-04,site,pix,,15.14,3,delivered,5
A00032,C03938,2025-01-04,marketplace,credit_card,BEMVINDO10,25.89,6,delivered,
A00033,C04442,2025-01-04,app,credit_card,BEMVINDO10,20.64,4,delivered,4
A00034,C04735,2025-01-04,app,pix,,26.11,9,delivered,4
A00035,C00133,2025-01-05,app,pix,,28.94,9,returned,
A00036,C00185,2025-01-05,site,pix,BEMVINDO10,27.57,11,delivered,4
A00037,C00282,2025-01-05,site,pix,,19.81,11,delivered,
A00038,C00368,2025-01-05,app,pix,,15.12,4,delivered,
A00039,C01316,2025-01-05,site,credit_card,,11.0,3,delivered,5
A00040,C01995,2025-01-05,site,pix,,25.18,8,delivered,3
A00041,C02212,2025-01-05,site,pix,,10.76,4,delivered,5
A00042,C03173,2025-01-05,app,pix,,26.95,9,delivered,4
A00043,C04537,2025-01-05,app,credit_card,,15.66,4,delivered,4
A00044,C04950,2025-01-05,site,boleto,,14.87,6,returned,
A00045,C00759,2025-01-06,app,credit_card,,20.8,9,delivered,4
A00046,C02787,2025-01-06,site,boleto,,15.5,4,delivered,5
A00047,C04156,2025-01-06,site,pix,,12.95,7,delivered,4
A00048,C04533,2025-01-06,app,credit_card,,16.49,2,delivered,
A00049,C00265,2025-01-07,marketplace,credit_card,,31.09,7,delivered,4
A00050,C02472,2025-01-07,app,credit_card,BEMVINDO10,15.01,3,delivered,4
A00051,C02709,2025-01-07,app,credit_card,,27.78,12,delivered,
A00052,C02859,2025-01-07,site,credit_card,BEMVINDO10,12.6,5,delivered,5
A00053,C03567,2025-01-07,site,credit_card,,16.15,15,delivered,3
A00054,C04617,2025-01-07,marketplace,pix,BEMVINDO10,16.42,3,delivered,4
A00055,C00099,2025-01-08,site,pix,,14.65,3,delivered,5
A00056,C00672,2025-01-08,app,credit_card,,15.32,12,delivered,3
A00057,C00826,2025-01-08,site,credit_card,,26.78,7,delivered,4
A00058,C00917,2025-01-08,marketplace,credit_card,,28.55,6,delivered,4
A00059,C01486,2025-01-08,app,pix,,15.46,5,delivered,
A00060,C01828,2025-01-08,marketplace,credit_card,,32.08,13,delivered,4
A00061,C01849,2025-01-08,site,pix,,33.52,8,delivered,5
A00062,C02125,2025-01-08,marketplace,boleto,,11.97,,canceled,
A00063,C02214,2025-01-08,app,pix,,11.12,6,delivered,5
A00064,C02490,2025-01-08,app,boleto,BEMVINDO10,14.84,3,delivered,
A00065,C02766,2025-01-08,site,credit_card,,30.6,15,delivered,4
A00066,C02833,2025-01-08,site,pix,BEMVINDO10,16.42,3,delivered,5
A00067,C03281,2025-01-08,site,pix,,24.61,4,delivered,5
A00068,C03325,2025-01-08,app,pix,,22.6,7,delivered,3
A00069,C03387,2025-01-08,marketplace,credit_card,,29.66,14,delivered,3
A00070,C03517,2025-01-08,site,pix,,29.24,12,delivered,2
A00071,C04373,2025-01-08,site,credit_card,,26.58,13,delivered,3
A00072,C04479,2025-01-08,site,credit_card,,14.49,2,delivered,
A00073,C04639,2025-01-08,site,pix,,14.57,5,delivered,
A00074,C00066,2025-01-09,app,credit_card,,23.19,7,delivered,4
A00075,C00142,2025-01-09,app,pix,BEMVINDO10,23.05,10,delivered,4
A00076,C00275,2025-01-09,site,pix,,14.91,3,delivered,5
A00077,C00355,2025-01-09,site,credit_card,,13.8,4,delivered,4
A00078,C00363,2025-01-09,site,credit_card,,16.34,4,delivered,5
A00079,C00418,2025-01-09,site,boleto,,38.91,16,delivered,
A00080,C00677,2025-01-09,marketplace,credit_card,,35.28,17,delivered,5
A00081,C00720,2025-01-09,site,pix,,23.43,14,delivered,4
A00082,C00784,2025-01-09,marketplace,credit_card,,23.01,16,delivered,2
A00083,C01086,2025-01-09,marketplace,pix,BEMVINDO10,14.06,8,delivered,4
A00084,C01491,2025-01-09,app,pix,,10.84,3,delivered,4
A00085,C02656,2025-01-09,app,credit_card,,19.47,6,delivered,4
A00086,C02686,2025-01-09,app,credit_card,,11.22,2,delivered,5
A00087,C04357,2025-01-09,app,credit_card,,34.43,26,delivered,1
A00088,C01314,2025-01-10,app,credit_card,,24.4,5,delivered,4
A00089,C01838,2025-01-10,site,credit_card,BEMVINDO10,13.27,5,delivered,3
A00090,C01917,2025-01-10,site,credit_card,,13.63,4,delivered,
A00091,C02034,2025-01-10,site,credit_card,,14.74,4,delivered,5
A00092,C02048,2025-01-10,marketplace,pix,,27.0,3,delivered,5
A00093,C02701,2025-01-10,site,credit_card,,12.77,5,delivered,5
A00094,C03715,2025-01-10,marketplace,pix,,13.46,3,delivered,5
A00095,C03863,2025-01-10,marketplace,pix,,24.5,16,delivered,
A00096,C04566,2025-01-10,site,credit_card,,13.35,,canceled,
A00097,C04880,2025-01-10,app,pix,,27.05,8,delivered,
A00098,C01218,2025-01-11,site,credit_card,,19.98,6,delivered,
A00099,C02130,2025-01-11,app,credit_card,,16.08,3,delivered,5
A00100,C02991,2025-01-11,marketplace,pix,,36.14,13,delivered,4
A00101,C03118,2025-01-11,app,credit_card,,15.78,4,delivered,3
A00102,C03496,2025-01-11,site,pix,,19.57,9,delivered,4
A00103,C03956,2025-01-11,marketplace,credit_card,,31.49,11,delivered,3
A00104,C04227,2025-01-11,app,credit_card,,15.23,3,delivered,4
A00105,C00574,2025-01-12,site,pix,,28.96,14,delivered,3
A00106,C00651,2025-01-12,site,credit_card,,15.66,2,delivered,4
A00107,C01131,2025-01-12,site,boleto,BEMVINDO10,19.36,9,delivered,3
A00108,C01471,2025-01-12,app,credit_card,,9.48,3,delivered,5
A00109,C02495,2025-01-12,marketplace,credit_card,BEMVINDO10,13.87,6,delivered,5
A00110,C02865,2025-01-12,marketplace,pix,,25.03,4,delivered,4
A00111,C03208,2025-01-12,marketplace,pix,BEMVINDO10,16.05,8,delivered,4
A00112,C03234,2025-01-12,app,boleto,,14.82,,canceled,
A00113,C03637,2025-01-12,marketplace,credit_card,,21.99,7,delivered,
A00114,C04212,2025-01-12,app,credit_card,,29.26,6,delivered,4
A00115,C04382,2025-01-12,site,pix,,29.94,6,delivered,3
A00116,C04557,2025-01-12,app,credit_card,,11.8,4,delivered,5
A00117,C04701,2025-01-12,app,pix,,25.29,7,delivered,5
A00118,C00431,2025-01-13,site,credit_card,,25.46,4,delivered,4
A00119,C01419,2025-01-13,marketplace,credit_card,,30.32,8,delivered,3
A00120,C03099,2025-01-13,marketplace,credit_card,,35.25,12,delivered,3
A00121,C03306,2025-01-13,site,pix,BEMVINDO10,29.31,14,delivered,3
A00122,C03722,2025-01-13,site,credit_card,,28.79,9,delivered,4
A00123,C03927,2025-01-13,app,credit_card,,13.99,6,delivered,3
A00124,C04134,2025-01-13,app,credit_card,BEMVINDO10,12.04,4,delivered,5
A00125,C04334,2025-01-13,app,pix,,34.9,12,delivered,4
A00126,C04672,2025-01-13,site,credit_card,BEMVINDO10,25.89,5,delivered,
A00127,C04736,2025-01-13,site,credit_card,,28.11,9,delivered,3
A00128,C04738,2025-01-13,site,boleto,BEMVINDO10,28.14,13,delivered,
A00129,C00365,2025-01-14,site,credit_card,,24.99,7,delivered,4
A00130,C00475,2025-01-14,site,credit_card,,13.2,2,delivered,5
A00131,C01626,2025-01-14,marketplace,credit_card,,14.2,5,delivered,4
A00132,C04391,2025-01-14,app,credit_card,,16.32,2,delivered,
A00133,C04610,2025-01-14,marketplace,credit_card,BEMVINDO10,19.18,5,delivered,
A00134,C04766,2025-01-14,app,pix,,22.19,8,delivered,
A00135,C00041,2025-01-15,app,credit_card,,23.98,10,delivered,
A00136,C00103,2025-01-15,site,credit_card,,24.98,3,delivered,5
A00137,C00319,2025-01-15,site,pix,,15.7,4,delivered,
A00138,C00943,2025-01-15,site,boleto,,22.04,6,delivered,
A00139,C03347,2025-01-15,app,credit_card,,12.09,3,delivered,5
A00140,C03401,2025-01-15,site,credit_card,,17.7,7,delivered,5
A00141,C03579,2025-01-15,site,credit_card,,20.02,7,delivered,4
A00142,C04244,2025-01-15,site,credit_card,,30.75,11,delivered,3
A00143,C04910,2025-01-15,marketplace,credit_card,,14.42,3,delivered,
A00144,C00085,2025-01-16,site,credit_card,BEMVINDO10,15.64,4,delivered,5
A00145,C00523,2025-01-16,app,credit_card,,18.91,6,delivered,5
A00146,C00551,2025-01-16,app,boleto,,31.39,23,delivered,1
A00147,C00795,2025-01-16,app,credit_card,,27.75,8,delivered,
A00148,C01613,2025-01-16,marketplace,pix,BEMVINDO10,18.3,5,delivered,
A00149,C01826,2025-01-16,app,boleto,,21.76,3,delivered,5
A00150,C01873,2025-01-16,site,pix,,11.97,6,delivered,
A00151,C01929,2025-01-16,site,pix,,17.93,15,delivered,
A00152,C02390,2025-01-16,app,boleto,,16.32,3,delivered,5
A00153,C02565,2025-01-16,site,pix,BEMVINDO10,18.53,5,delivered,5
A00154,C03990,2025-01-16,site,credit_card,,29.64,14,delivered,
A00155,C04794,2025-01-16,app,pix,,28.89,12,delivered,3
A00156,C00298,2025-01-17,site,credit_card,,15.62,2,delivered,
A00157,C00449,2025-01-17,marketplace,boleto,,20.25,,canceled,
A00158,C01346,2025-01-17,app,credit_card,,26.49,8,delivered,
A00159,C01702,2025-01-17,marketplace,credit_card,,23.87,5,delivered,
A00160,C02017,2025-01-17,app,boleto,,15.78,3,delivered,
A00161,C02441,2025-01-17,site,pix,,11.03,3,delivered,4
A00162,C03532,2025-01-17,marketplace,credit_card,,28.7,5,delivered,
A00163,C04666,2025-01-17,app,credit_card,,14.85,2,delivered,4
A00164,C01121,2025-01-18,site,boleto,BEMVINDO10,16.12,3,delivered,
A00165,C01487,2025-01-18,app,pix,,33.11,12,returned,
A00166,C02066,2025-01-18,site,pix,,15.04,3,delivered,5
A00167,C04044,2025-01-18,site,credit_card,,13.6,5,delivered,5
A00168,C04177,2025-01-18,app,credit_card,,16.57,4,delivered,5
A00169,C04226,2025-01-18,site,pix,,27.32,6,delivered,
A00170,C04246,2025-01-18,marketplace,boleto,,12.3,,canceled,
A00171,C04792,2025-01-18,marketplace,credit_card,BEMVINDO10,20.08,8,delivered,5
A00172,C00695,2025-01-19,app,pix,,35.28,12,delivered,4
A00173,C01046,2025-01-19,app,boleto,BEMVINDO10,23.52,13,delivered,3
A00174,C01087,2025-01-19,app,credit_card,,29.97,11,delivered,3
A00175,C01732,2025-01-19,site,credit_card,BEMVINDO10,12.89,7,delivered,4
A00176,C02073,2025-01-19,app,pix,,22.15,6,delivered,5
A00177,C02685,2025-01-19,app,boleto,BEMVINDO10,24.84,12,delivered,4
A00178,C02866,2025-01-19,site,credit_card,,20.69,6,delivered,4
A00179,C02919,2025-01-19,site,pix,,34.24,12,delivered,
A00180,C03379,2025-01-19,app,pix,,12.12,5,delivered,
A00181,C03615,2025-01-19,site,boleto,,27.67,5,delivered,
A00182,C01078,2025-01-20,marketplace,credit_card,,15.51,7,delivered,
A00183,C01125,2025-01-20,marketplace,pix,,22.44,10,delivered,3
A00184,C02935,2025-01-20,app,credit_card,,13.31,5,delivered,3
A00185,C03378,2025-01-20,app,pix,,13.02,3,delivered,4
A00186,C03509,2025-01-20,site,credit_card,,14.33,2,delivered,4
A00187,C03537,2025-01-20,site,credit_card,,16.17,2,delivered,4
A00188,C04041,2025-01-20,marketplace,pix,BEMVINDO10,12.4,2,delivered,
A00189,C04950,2025-01-20,site,pix,,16.79,5,delivered,4
A00190,C00408,2025-01-21,app,credit_card,BEMVINDO10,11.46,4,returned,
A00191,C00421,2025-01-21,site,pix,,12.09,2,delivered,5
A00192,C01029,2025-01-21,app,credit_card,,15.36,1,delivered,5
A00193,C01259,2025-01-21,marketplace,boleto,BEMVINDO10,31.59,10,delivered,5
A00194,C01341,2025-01-21,site,pix,,12.74,5,delivered,5
A00195,C01557,2025-01-21,app,credit_card,,13.23,3,delivered,5
A00196,C01629,2025-01-21,marketplace,boleto,,12.57,5,delivered,3
A00197,C01633,2025-01-21,site,credit_card,BEMVINDO10,14.03,2,delivered,
A00198,C02711,2025-01-21,app,credit_card,,13.82,4,delivered,4
A00199,C02942,2025-01-21,marketplace,credit_card,BEMVINDO10,19.64,,canceled,
A00200,C03004,2025-01-21,site,boleto,,20.34,3,delivered,5
A00201,C03279,2025-01-21,marketplace,boleto,,11.25,9,delivered,4
A00202,C04805,2025-01-21,marketplace,credit_card,,16.43,5,delivered,
A00203,C00283,2025-01-22,app,credit_card,BEMVINDO10,39.66,24,returned,
A00204,C00609,2025-01-22,site,credit_card,,14.57,7,delivered,5
A00205,C01434,2025-01-22,marketplace,credit_card,BEMVINDO10,21.75,6,delivered,4
A00206,C01582,2025-01-22,marketplace,credit_card,,32.71,,canceled,
A00207,C02681,2025-01-22,site,credit_card,,19.99,5,delivered,5
A00208,C02840,2025-01-22,app,credit_card,BEMVINDO10,12.57,3,delivered,5
A00209,C03130,2025-01-22,app,credit_card,,27.85,10,delivered,4
A00210,C03443,2025-01-22,site,pix,,21.75,13,delivered,2
A00211,C03575,2025-01-22,app,boleto,,18.54,,canceled,
A00212,C03823,2025-01-22,app,pix,,22.03,6,delivered,
A00213,C03972,2025-01-22,site,pix,,16.18,2,delivered,4
A00214,C03974,2025-01-22,app,credit_card,,25.42,10,delivered,4
A00215,C04210,2025-01-22,site,credit_card,,17.6,5,delivered,5
A00216,C04609,2025-01-22,marketplace,credit_card,,24.45,16,delivered,
A00217,C00112,2025-01-23,app,pix,,22.06,3,delivered,
A00218,C00416,2025-01-23,app,pix,,12.83,2,delivered,4
A00219,C01597,2025-01-23,app,credit_card,,28.45,,canceled,
A00220,C01945,2025-01-23,site,pix,,17.31,3,delivered,4
A00221,C02030,2025-01-23,app,pix,,10.39,4,delivered,4
A00222,C02791,2025-01-23,app,credit_card,,17.23,5,delivered,
A00223,C03758,2025-01-23,app,pix,,30.03,17,delivered,
A00224,C04390,2025-01-23,app,pix,,19.17,8,delivered,4
A00225,C04649,2025-01-23,site,credit_card,,17.59,,canceled,
A00226,C01301,2025-01-24,marketplace,pix,,23.17,4,delivered,
A00227,C01988,2025-01-24,marketplace,pix,,17.11,8,delivered,
A00228,C02220,2025-01-24,marketplace,pix,,28.43,9,delivered,
A00229,C03087,2025-01-24,marketplace,boleto,,16.4,4,delivered,
A00230,C04365,2025-01-24,app,pix,,13.95,4,delivered,
A00231,C00629,2025-01-25,marketplace,credit_card,,17.79,11,returned,
A00232,C00634,2025-01-25,marketplace,pix,,23.66,4,delivered,
A00233,C01274,2025-01-25,site,pix,,12.76,5,delivered,4
A00234,C02184,2025-01-25,marketplace,boleto,,19.6,4,delivered,
A00235,C02203,2025-01-25,marketplace,credit_card,,13.03,2,delivered,4
A00236,C02313,2025-01-25,marketplace,pix,,12.85,7,delivered,5
A00237,C02455,2025-01-25,app,pix,,19.7,10,delivered,4
A00238,C02993,2025-01-25,site,boleto,,14.08,7,returned,
A00239,C03069,2025-01-25,marketplace,pix,,14.15,5,delivered,5
A00240,C03621,2025-01-25,site,credit_card,,9.09,5,delivered,
A00241,C03651,2025-01-25,site,credit_card,BEMVINDO10,32.75,4,delivered,5
A00242,C04297,2025-01-25,site,pix,,25.01,8,delivered,3
A00243,C00298,2025-01-26,marketplace,pix,,10.96,2,delivered,
A00244,C00771,2025-01-26,site,credit_card,,15.3,4,delivered,5
A00245,C01675,2025-01-26,marketplace,credit_card,,17.88,3,delivered,5
A00246,C02769,2025-01-26,site,pix,BEMVINDO10,14.94,6,delivered,4
A00247,C03009,2025-01-26,marketplace,pix,,34.99,14,delivered,4
A00248,C03260,2025-01-26,app,pix,,30.75,7,delivered,
A00249,C03818,2025-01-26,marketplace,credit_card,,16.54,4,delivered,5
A00250,C03933,2025-01-26,app,pix,,14.49,3,delivered,4
A00251,C04078,2025-01-26,site,pix,,16.38,4,delivered,4
A00252,C04391,2025-01-26,app,pix,FRETEGRATIS,0.0,5,delivered,4
A00253,C03629,2025-01-27,marketplace,credit_card,,16.86,4,delivered,5
A00254,C03742,2025-01-27,site,pix,BEMVINDO10,12.11,7,delivered,5
A00255,C04142,2025-01-27,app,credit_card,,19.23,5,delivered,
A00256,C00765,2025-01-28,site,pix,,21.83,10,delivered,
A00257,C00785,2025-01-28,marketplace,pix,,26.94,11,delivered,4
A00258,C01461,2025-01-28,site,credit_card,,16.24,10,delivered,
A00259,C01911,2025-01-28,marketplace,credit_card,,25.82,8,delivered,3
A00260,C02115,2025-01-28,site,pix,,16.77,6,delivered,
A00261,C02289,2025-01-28,site,credit_card,,16.89,6,delivered,5
A00262,C03782,2025-01-28,site,credit_card,,20.92,12,delivered,5
A00263,C04025,2025-01-28,site,pix,,24.95,8,delivered,5
A00264,C04245,2025-01-28,site,credit_card,,13.59,8,delivered,
A00265,C04626,2025-01-28,marketplace,credit_card,,15.94,1,delivered,5
A00266,C00795,2025-01-29,app,boleto,,23.69,7,delivered,4
A00267,C01486,2025-01-29,app,pix,,14.01,5,delivered,
A00268,C02826,2025-01-29,marketplace,pix,BEMVINDO10,13.09,2,delivered,5
A00269,C04636,2025-01-29,marketplace,pix,BEMVINDO10,18.78,5,delivered,
A00270,C04710,2025-01-29,app,pix,,26.22,10,delivered,
A00271,C01150,2025-01-30,site,pix,,13.01,2,delivered,
A00272,C01244,2025-01-30,site,credit_card,,17.51,5,delivered,4
A00273,C01328,2025-01-30,app,credit_card,BEMVINDO10,32.08,15,delivered,4
A00274,C01362,2025-01-30,marketplace,credit_card,BEMVINDO10,27.75,17,delivered,4
A00275,C01379,2025-01-30,site,pix,,37.67,15,delivered,3
A00276,C02214,2025-01-30,app,boleto,,17.16,4,delivered,5
A00277,C03440,2025-01-30,marketplace,credit_card,,27.57,11,delivered,
A00278,C03877,2025-01-30,app,credit_card,,10.18,6,delivered,5
A00279,C04092,2025-01-30,site,credit_card,BEMVINDO10,29.49,6,delivered,5
A00280,C04117,2025-01-30,marketplace,pix,BEMVINDO10,13.91,,canceled,
A00281,C04396,2025-01-30,app,credit_card,,33.58,11,delivered,3
A00282,C00504,2025-01-31,site,pix,,12.24,3,delivered,4
A00283,C00810,2025-01-31,site,pix,BEMVINDO10,12.49,6,delivered,4
A00284,C01112,2025-01-31,marketplace,credit_card,BEMVINDO10,17.64,9,delivered,5
A00285,C01990,2025-01-31,marketplace,pix,,17.95,2,delivered,5
A00286,C02585,2025-01-31,site,credit_card,BEMVINDO10,28.44,12,delivered,
A00287,C03177,2025-01-31,app,boleto,,13.24,4,delivered,5
A00288,C03418,2025-01-31,app,credit_card,,18.37,9,returned,
A00289,C03571,2025-01-31,app,boleto,,15.99,3,delivered,5
A00290,C04185,2025-01-31,marketplace,pix,BEMVINDO10,14.82,2,delivered,5
A00291,C04411,2025-01-31,marketplace,credit_card,,28.73,7,returned,
A00292,C04727,2025-01-31,app,boleto,,13.14,4,delivered,4
A00293,C04941,2025-01-31,marketplace,credit_card,,30.24,7,delivered,
A00294,C04955,2025-01-31,site,pix,,23.35,6,delivered,4
A00295,C00887,2025-02-01,site,pix,,25.92,8,delivered,4
A00296,C02000,2025-02-01,site,pix,,21.16,7,delivered,5
A00297,C02379,2025-02-01,site,boleto,,25.38,6,delivered,
A00298,C02615,2025-02-01,app,pix,,16.18,4,delivered,
A00299,C02820,2025-02-02,app,credit_card,BEMVINDO10,14.61,6,delivered,3
A00300,C03737,2025-02-02,app,credit_card,,21.13,3,delivered,5
A00301,C03838,2025-02-02,app,credit_card,,35.19,13,delivered,3
A00302,C04449,2025-02-02,site,pix,,30.6,17,delivered,4
A00303,C04530,2025-02-02,app,pix,,15.56,2,delivered,5
A00304,C04901,2025-02-02,app,credit_card,,25.18,3,delivered,5
A00305,C00052,2025-02-03,site,pix,,14.9,2,delivered,5
A00306,C00992,2025-02-03,app,boleto,,16.29,3,delivered,
A00307,C02049,2025-02-03,site,credit_card,,14.58,2,delivered,5
A00308,C02353,2025-02-03,site,credit_card,,19.25,9,delivered,5
A00309,C03138,2025-02-03,site,pix,BEMVINDO10,25.67,6,delivered,
A00310,C03914,2025-02-03,site,credit_card,,20.79,6,delivered,
A00311,C04788,2025-02-03,app,credit_card,,15.66,4,delivered,
A00312,C03753,2025-02-04,marketplace,credit_card,,13.71,4,delivered,5
A00313,C01853,2025-02-05,site,pix,,19.12,5,delivered,
A00314,C04189,2025-02-05,app,pix,,14.29,4,delivered,4
A00315,C04601,2025-02-05,marketplace,credit_card,,12.91,2,delivered,
A00316,C03473,2025-02-06,app,credit_card,,14.3,2,delivered,4
A00317,C03740,2025-02-06,site,credit_card,,17.53,7,delivered,4
A00318,C04858,2025-02-06,site,credit_card,,15.72,6,delivered,4
A00319,C04992,2025-02-06,site,pix,BEMVINDO10,19.14,3,delivered,5
A00320,C00231,2025-02-07,site,credit_card,,14.8,6,delivered,5
A00321,C00369,2025-02-07,site,credit_card,,23.76,5,delivered,5
A00322,C02803,2025-02-07,app,pix,BEMVINDO10,22.72,9,delivered,
A00323,C03152,2025-02-07,site,pix,,19.39,4,delivered,5
A00324,C03933,2025-02-07,app,pix,,13.32,4,delivered,4
A00325,C03954,2025-02-07,marketplace,boleto,,12.26,3,delivered,4
A00326,C04316,2025-02-07,site,pix,,24.8,5,delivered,5
A00327,C04329,2025-02-07,marketplace,credit_card,,30.79,12,delivered,4
A00328,C04914,2025-02-07,app,credit_card,BEMVINDO10,18.88,5,delivered,5
A00329,C04962,2025-02-07,marketplace,credit_card,,16.0,2,delivered,
A00330,C02083,2025-02-08,site,credit_card,,13.4,8,delivered,
A00331,C02135,2025-02-08,site,boleto,,27.31,6,delivered,4
A00332,C02705,2025-02-08,site,credit_card,BEMVINDO10,25.65,13,delivered,3
A00333,C02903,2025-02-08,site,credit_card,,23.33,2,delivered,5
A00334,C02904,2025-02-08,site,boleto,,17.22,1,delivered,5
A00335,C03027,2025-02-08,site,credit_card,,16.18,8,delivered,5
A00336,C03726,2025-02-08,marketplace,credit_card,,28.83,8,delivered,4
A00337,C04287,2025-02-08,site,credit_card,,16.76,10,delivered,3
A00338,C04608,2025-02-08,marketplace,credit_card,,11.57,3,delivered,
A00339,C00038,2025-02-09,site,pix,,25.14,,canceled,
A00340,C02275,2025-02-09,site,credit_card,,14.02,5,delivered,3
A00341,C02424,2025-02-09,app,pix,BEMVINDO10,16.4,8,delivered,4
A00342,C02471,2025-02-09,marketplace,pix,,20.11,11,delivered,4
A00343,C02662,2025-02-09,site,pix,,32.89,14,delivered,
A00344,C04052,2025-02-09,site,pix,,17.18,3,delivered,4
A00345,C04178,2025-02-09,app,boleto,,9.91,2,delivered,4
A00346,C04453,2025-02-09,site,credit_card,,30.89,18,delivered,5
A00347,C04724,2025-02-09,site,credit_card,BEMVINDO10,15.29,2,delivered,5
A00348,C00545,2025-02-10,site,credit_card,,15.27,5,delivered,
A00349,C01369,2025-02-10,site,credit_card,,30.4,2,delivered,4
A00350,C01764,2025-02-10,marketplace,pix,,14.48,6,delivered,
A00351,C02516,2025-02-10,app,credit_card,,27.21,6,delivered,
A00352,C03023,2025-02-10,site,pix,,13.51,4,delivered,5
A00353,C03745,2025-02-10,marketplace,credit_card,BEMVINDO10,20.73,9,delivered,4
A00354,C04478,2025-02-10,app,credit_card,BEMVINDO10,21.06,3,delivered,5
A00355,C00137,2025-02-11,site,boleto,,15.68,6,delivered,5
A00356,C00933,2025-02-11,marketplace,pix,,27.49,6,delivered,5
A00357,C01051,2025-02-11,site,pix,,22.6,10,delivered,
A00358,C01954,2025-02-11,site,pix,,22.46,5,delivered,5
A00359,C01982,2025-02-11,site,pix,,28.42,10,delivered,4
A00360,C02648,2025-02-11,site,pix,BEMVINDO10,30.65,7,delivered,5
A00361,C02801,2025-02-11,site,boleto,,11.33,2,delivered,4
A00362,C03339,2025-02-11,site,credit_card,,16.92,1,delivered,
A00363,C00735,2025-02-12,app,boleto,BEMVINDO10,12.36,5,delivered,5
A00364,C03330,2025-02-12,app,credit_card,,22.75,6,delivered,4
A00365,C04492,2025-02-12,app,boleto,,12.58,9,delivered,3
A00366,C00832,2025-02-13,app,credit_card,,14.6,8,delivered,4
A00367,C02583,2025-02-13,app,credit_card,,11.12,2,delivered,
A00368,C04148,2025-02-13,site,boleto,,34.08,10,delivered,4
A00369,C04324,2025-02-13,app,credit_card,,13.84,6,delivered,5
A00370,C04555,2025-02-13,app,credit_card,,25.99,14,returned,
A00371,C04750,2025-02-13,app,pix,,14.97,5,delivered,4
A00372,C04843,2025-02-13,site,credit_card,,18.05,6,delivered,
A00373,C04915,2025-02-13,site,pix,,13.74,5,returned,
A00374,C00491,2025-02-14,site,pix,,36.01,7,delivered,4
A00375,C01382,2025-02-14,site,pix,,22.79,14,delivered,3
A00376,C02442,2025-02-14,site,pix,BEMVINDO10,32.05,12,delivered,
A00377,C02831,2025-02-14,marketplace,credit_card,,13.76,4,delivered,3
A00378,C02877,2025-02-14,marketplace,pix,,11.59,3,delivered,5
A00379,C03723,2025-02-14,app,boleto,,13.24,3,delivered,5
A00380,C00937,2025-02-15,app,boleto,,13.87,5,delivered,5
A00381,C01247,2025-02-15,app,pix,BEMVINDO10,15.79,8,returned,
A00382,C01890,2025-02-15,site,pix,BEMVINDO10,17.41,10,delivered,4
A00383,C02226,2025-02-15,marketplace,pix,,13.47,7,delivered,4
A00384,C03358,2025-02-15,marketplace,boleto,,13.99,7,delivered,
A00385,C03503,2025-02-15,marketplace,credit_card,,24.96,9,delivered,
A00386,C04189,2025-02-15,app,credit_card,,11.51,4,delivered,5
A00387,C04224,2025-02-15,app,credit_card,,26.4,,canceled,
A00388,C00439,2025-02-16,site,credit_card,,12.64,5,delivered,4
A00389,C01937,2025-02-16,marketplace,credit_card,,23.96,5,delivered,
A00390,C02031,2025-02-16,app,credit_card,BEMVINDO10,15.51,3,delivered,5
A00391,C02221,2025-02-16,app,credit_card,,25.91,12,delivered,4
A00392,C02378,2025-02-16,site,pix,,15.12,3,delivered,5
A00393,C02627,2025-02-16,marketplace,credit_card,,13.24,3,delivered,4
A00394,C02829,2025-02-16,site,credit_card,BEMVINDO10,14.05,2,delivered,5
A00395,C04336,2025-02-16,site,credit_card,,19.17,9,delivered,4
A00396,C04386,2025-02-16,site,credit_card,,27.79,4,delivered,5
A00397,C00103,2025-02-17,site,pix,,22.08,6,delivered,
A00398,C01746,2025-02-17,marketplace,pix,,9.91,3,delivered,4
A00399,C01874,2025-02-17,site,pix,,14.85,6,delivered,4
A00400,C02796,2025-02-17,marketplace,credit_card,,14.8,2,delivered,4
A00401,C03489,2025-02-17,app,pix,,17.66,1,delivered,4
A00402,C03995,2025-02-17,app,pix,,12.87,4,delivered,4
A00403,C04944,2025-02-17,app,boleto,,14.44,3,delivered,5
A00404,C01240,2025-02-18,site,credit_card,,25.59,6,delivered,5
A00405,C01955,2025-02-18,site,pix,,17.99,4,delivered,4
A00406,C04476,2025-02-18,site,pix,,11.23,3,delivered,
A00407,C04605,2025-02-18,marketplace,credit_card,,39.0,18,delivered,3
A00408,C00004,2025-02-19,site,pix,BEMVINDO10,15.88,4,delivered,4
A00409,C00668,2025-02-19,app,credit_card,BEMVINDO10,21.4,6,delivered,4
A00410,C00832,2025-02-19,app,credit_card,,11.89,3,delivered,5
A00411,C01836,2025-02-19,app,pix,,14.73,6,delivered,4
A00412,C01993,2025-02-19,site,credit_card,,14.12,2,delivered,4
A00413,C02310,2025-02-19,site,boleto,,21.57,11,delivered,
A00414,C03226,2025-02-19,marketplace,credit_card,,28.67,10,delivered,5
A00415,C03526,2025-02-19,site,credit_card,,27.27,7,delivered,4
A00416,C03957,2025-02-19,marketplace,credit_card,,26.24,4,delivered,5
A00417,C04134,2025-02-19,app,pix,,16.06,4,delivered,
A00418,C01478,2025-02-20,app,credit_card,,29.04,13,delivered,4
A00419,C01780,2025-02-20,marketplace,pix,,15.15,4,delivered,4
A00420,C03596,2025-02-20,app,credit_card,,22.74,2,delivered,
A00421,C03846,2025-02-20,app,credit_card,,20.75,8,returned,
A00422,C00745,2025-02-21,marketplace,credit_card,,22.61,8,delivered,
A00423,C01408,2025-02-21,app,pix,,13.62,2,delivered,
A00424,C01900,2025-02-21,site,credit_card,,10.27,4,delivered,
A00425,C01980,2025-02-21,site,credit_card,,34.92,11,delivered,4
A00426,C02086,2025-02-21,marketplace,pix,,23.01,5,delivered,5
A00427,C02377,2025-02-21,app,credit_card,,16.47,5,delivered,
A00428,C02913,2025-02-21,marketplace,credit_card,BEMVINDO10,29.92,10,delivered,
A00429,C03730,2025-02-21,site,credit_card,,12.64,3,delivered,
A00430,C03884,2025-02-21,marketplace,credit_card,BEMVINDO10,31.67,12,delivered,
A00431,C00076,2025-02-22,site,pix,,36.12,13,delivered,4
A00432,C00430,2025-02-22,marketplace,credit_card,,18.36,6,delivered,5
A00433,C00545,2025-02-22,site,pix,,11.21,1,delivered,5
A00434,C00640,2025-02-22,marketplace,pix,,16.7,5,delivered,
A00435,C00966,2025-02-22,marketplace,pix,,14.11,2,delivered,5
A00436,C02328,2025-02-22,app,pix,,9.85,3,delivered,
A00437,C02578,2025-02-22,site,boleto,,28.81,21,delivered,
A00438,C03542,2025-02-22,site,pix,,15.2,4,delivered,5
A00439,C03626,2025-02-22,app,pix,,22.43,10,delivered,4
A00440,C03947,2025-02-22,marketplace,credit_card,,29.14,16,delivered,
A00441,C01750,2025-02-23,marketplace,credit_card,BEMVINDO10,11.72,3,delivered,
A00442,C02613,2025-02-23,marketplace,pix,,21.86,6,delivered,5
A00443,C02622,2025-02-23,marketplace,credit_card,,17.12,5,delivered,5
A00444,C02644,2025-02-23,site,credit_card,,12.82,5,delivered,4
A00445,C02914,2025-02-23,app,credit_card,,17.89,2,delivered,
A00446,C03219,2025-02-23,marketplace,pix,,13.76,5,delivered,
A00447,C03587,2025-02-23,site,pix,,17.9,7,delivered,4
A00448,C03762,2025-02-23,app,pix,,9.06,3,delivered,
A00449,C04247,2025-02-23,marketplace,credit_card,,17.2,4,delivered,
A00450,C00932,2025-02-24,marketplace,pix,BEMVINDO10,13.72,4,delivered,5
A00451,C01635,2025-02-24,app,credit_card,,31.55,10,returned,
A00452,C02277,2025-02-24,site,credit_card,,15.7,5,delivered,5
A00453,C03199,2025-02-24,marketplace,credit_card,,13.38,5,delivered,4
A00454,C03354,2025-02-24,site,credit_card,,18.12,,canceled,
A00455,C04202,2025-02-24,site,credit_card,,29.42,9,delivered,5
A00456,C04767,2025-02-24,app,credit_card,,12.76,3,delivered,4
A00457,C04778,2025-02-24,site,credit_card,BEMVINDO10,28.83,6,delivered,5
A00458,C00116,2025-02-25,site,credit_card,,27.02,7,delivered,4
A00459,C00597,2025-02-25,app,credit_card,,17.21,5,delivered,4
A00460,C00802,2025-02-25,marketplace,credit_card,,16.28,2,delivered,4
A00461,C01017,2025-02-25,site,credit_card,,14.7,4,delivered,5
A00462,C01253,2025-02-25,site,pix,,27.01,9,delivered,3
A00463,C01571,2025-02-25,marketplace,pix,,27.41,9,delivered,4
A00464,C01967,2025-02-25,site,credit_card,,14.99,1,returned,
A00465,C03642,2025-02-25,marketplace,credit_card,,30.01,6,delivered,5
A00466,C00366,2025-02-26,site,credit_card,,12.34,2,delivered,4
A00467,C01330,2025-02-26,marketplace,credit_card,,12.0,2,delivered,5
A00468,C01929,2025-02-26,site,credit_card,,14.87,3,delivered,5
A00469,C04021,2025-02-26,site,boleto,,14.28,2,delivered,4
A00470,C04201,2025-02-26,app,credit_card,,25.66,11,delivered,
A00471,C04264,2025-02-26,site,credit_card,,22.76,7,delivered,
A00472,C04863,2025-02-26,marketplace,pix,,15.87,5,delivered,
A00473,C04890,2025-02-26,app,credit_card,,22.95,12,delivered,4
A00474,C00603,2025-02-27,marketplace,credit_card,,10.26,4,delivered,5
A00475,C00743,2025-02-27,site,pix,,32.82,5,delivered,5
A00476,C02561,2025-02-27,site,pix,,17.61,5,delivered,5
A00477,C02890,2025-02-27,site,boleto,,30.0,12,delivered,4
A00478,C04259,2025-02-27,site,boleto,,16.92,5,delivered,5
A00479,C04424,2025-02-27,app,credit_card,,29.68,14,delivered,
A00480,C04651,2025-02-27,site,pix,,25.25,11,delivered,4
A00481,C00258,2025-02-28,site,pix,,14.04,5,delivered,
A00482,C02774,2025-02-28,app,pix,,27.98,9,delivered,
A00483,C02912,2025-02-28,app,credit_card,,14.68,3,delivered,5
A00484,C03262,2025-02-28,marketplace,credit_card,,11.33,2,returned,
A00485,C00846,2025-03-01,marketplace,credit_card,,18.56,4,delivered,5
A00486,C01078,2025-03-01,marketplace,credit_card,,14.52,6,delivered,
A00487,C03023,2025-03-01,site,pix,,12.35,3,delivered,5
A00488,C03903,2025-03-01,site,pix,,19.39,3,delivered,4
A00489,C04665,2025-03-01,app,credit_card,,34.31,31,delivered,1
A00490,C01246,2025-03-02,marketplace,pix,BEMVINDO10,13.38,5,delivered,
A00491,C01928,2025-03-02,marketplace,pix,,30.63,4,delivered,4
A00492,C01939,2025-03-02,app,credit_card,,14.5,2,delivered,4
A00493,C02010,2025-03-02,site,pix,,10.78,4,delivered,4
A00494,C02732,2025-03-02,app,credit_card,,14.28,4,delivered,5
A00495,C03521,2025-03-02,site,credit_card,,15.03,6,delivered,4
A00496,C04029,2025-03-02,marketplace,credit_card,,20.93,3,delivered,
A00497,C01207,2025-03-03,marketplace,credit_card,,13.36,2,returned,
A00498,C02064,2025-03-03,marketplace,pix,,23.7,6,delivered,4
A00499,C02659,2025-03-03,marketplace,pix,,22.87,8,delivered,4
A00500,C02699,2025-03-03,app,pix,,24.05,7,delivered,5
A00501,C02741,2025-03-03,app,pix,,14.31,2,delivered,
A00502,C03508,2025-03-03,marketplace,credit_card,BEMVINDO10,17.85,6,delivered,4
A00503,C03577,2025-03-03,site,credit_card,,19.71,4,delivered,5
A00504,C03954,2025-03-03,site,credit_card,FRETEGRATIS,0.0,3,delivered,
A00505,C04116,2025-03-03,app,boleto,,25.14,14,delivered,1
A00506,C04646,2025-03-03,marketplace,boleto,,13.97,7,delivered,
A00507,C04956,2025-03-03,app,pix,,26.26,17,delivered,4
A00508,C00252,2025-03-04,app,credit_card,,20.67,17,delivered,2
A00509,C01590,2025-03-04,site,pix,,16.66,6,delivered,5
A00510,C01960,2025-03-04,site,pix,,16.06,3,delivered,5
A00511,C02272,2025-03-04,marketplace,pix,,17.88,,canceled,
A00512,C02528,2025-03-04,site,credit_card,,10.56,4,delivered,5
A00513,C03927,2025-03-04,app,pix,,11.64,3,delivered,5
A00514,C04255,2025-03-04,site,pix,,19.96,5,delivered,5
A00515,C00059,2025-03-05,marketplace,credit_card,,33.88,13,delivered,3
A00516,C00212,2025-03-05,app,pix,BEMVINDO10,15.02,2,delivered,5
A00517,C00510,2025-03-05,site,pix,,25.85,20,delivered,
A00518,C00511,2025-03-05,marketplace,credit_card,,29.13,12,delivered,3
A00519,C00597,2025-03-05,marketplace,credit_card,,21.32,6,delivered,4
A00520,C00948,2025-03-05,site,pix,,12.87,3,delivered,5
A00521,C01281,2025-03-05,site,credit_card,,13.67,6,delivered,4
A00522,C01563,2025-03-05,site,pix,,10.0,4,delivered,
A00523,C01569,2025-03-05,marketplace,pix,,28.74,4,delivered,
A00524,C01573,2025-03-05,marketplace,pix,,19.67,4,delivered,
A00525,C02672,2025-03-05,site,pix,,21.06,1,delivered,5
A00526,C02822,2025-03-05,app,pix,BEMVINDO10,30.6,10,returned,
A00527,C03105,2025-03-05,site,pix,BEMVINDO10,20.63,6,delivered,4
A00528,C04484,2025-03-05,site,credit_card,,17.9,8,delivered,3
A00529,C04628,2025-03-05,marketplace,credit_card,,26.96,11,delivered,3
A00530,C04850,2025-03-05,app,pix,,14.88,2,delivered,5
A00531,C00587,2025-03-06,site,credit_card,,11.14,3,delivered,
A00532,C00755,2025-03-06,marketplace,pix,,11.94,5,delivered,5
A00533,C00790,2025-03-06,site,boleto,BEMVINDO10,16.06,9,delivered,5
A00534,C01019,2025-03-06,app,pix,,11.21,6,delivered,5
A00535,C01312,2025-03-06,site,credit_card,,36.69,8,delivered,3
A00536,C01370,2025-03-06,site,pix,,16.66,8,delivered,5
A00537,C02012,2025-03-06,site,credit_card,BEMVINDO10,35.05,12,delivered,4
A00538,C02200,2025-03-06,marketplace,credit_card,,17.78,6,delivered,4
A00539,C02717,2025-03-06,app,credit_card,BEMVINDO10,24.36,6,delivered,
A00540,C03717,2025-03-06,app,pix,,12.56,3,delivered,
A00541,C04444,2025-03-06,site,pix,,15.0,3,delivered,5
A00542,C04825,2025-03-06,marketplace,credit_card,,16.05,7,delivered,4
A00543,C04875,2025-03-06,app,credit_card,,11.27,3,delivered,5
A00544,C00053,2025-03-07,site,pix,,23.42,,canceled,
A00545,C00088,2025-03-07,app,credit_card,,25.05,7,delivered,
A00546,C00656,2025-03-07,app,credit_card,,15.84,6,delivered,
A00547,C01524,2025-03-07,site,pix,,14.71,5,delivered,3
A00548,C01689,2025-03-07,site,pix,BEMVINDO10,33.76,10,delivered,4
A00549,C02220,2025-03-07,marketplace,boleto,,31.63,6,delivered,5
A00550,C02402,2025-03-07,app,pix,,24.38,10,delivered,4
A00551,C03744,2025-03-07,site,credit_card,,19.98,5,delivered,5
A00552,C03790,2025-03-07,app,credit_card,,29.2,14,delivered,4
A00553,C03993,2025-03-07,site,pix,,28.78,11,delivered,4
A00554,C00754,2025-03-08,app,pix,,13.22,3,delivered,4
A00555,C00784,2025-03-08,app,credit_card,,24.21,19,delivered,3
A00556,C00795,2025-03-08,app,pix,,26.33,12,delivered,4
A00557,C00958,2025-03-08,app,credit_card,,12.75,3,delivered,4
A00558,C01038,2025-03-08,app,pix,,28.96,,canceled,
A00559,C01600,2025-03-08,site,credit_card,,24.9,5,delivered,5
A00560,C02196,2025-03-08,marketplace,boleto,BEMVINDO10,25.63,10,delivered,
A00561,C02285,2025-03-08,site,pix,,25.42,4,returned,
A00562,C02429,2025-03-08,site,credit_card,,13.84,3,delivered,4
A00563,C02519,2025-03-08,app,credit_card,,17.99,5,delivered,
A00564,C03016,2025-03-08,marketplace,pix,,9.59,3,delivered,4
A00565,C03322,2025-03-08,app,pix,BEMVINDO10,14.05,5,delivered,
A00566,C03526,2025-03-08,site,pix,,32.65,9,delivered,
A00567,C03819,2025-03-08,site,credit_card,BEMVINDO10,19.01,7,delivered,4
A00568,C04013,2025-03-08,app,credit_card,,29.72,3,delivered,4
A00569,C04153,2025-03-08,app,pix,,18.0,4,delivered,4
A00570,C04494,2025-03-08,app,credit_card,BEMVINDO10,18.17,6,delivered,4
A00571,C00545,2025-03-09,site,credit_card,,12.47,3,delivered,4
A00572,C00785,2025-03-09,marketplace,credit_card,,25.74,13,delivered,3
A00573,C01527,2025-03-09,app,credit_card,,26.48,12,delivered,3
A00574,C01574,2025-03-09,app,credit_card,BEMVINDO10,30.85,11,delivered,3
A00575,C02590,2025-03-09,app,credit_card,,29.17,8,delivered,
A00576,C03303,2025-03-09,marketplace,pix,,17.62,6,delivered,4
A00577,C03763,2025-03-09,marketplace,credit_card,,31.86,11,delivered,4
A00578,C03935,2025-03-09,marketplace,pix,,14.76,5,delivered,4
A00579,C04056,2025-03-09,marketplace,credit_card,BEMVINDO10,13.08,7,delivered,5
A00580,C04267,2025-03-09,marketplace,credit_card,,29.2,14,delivered,
A00581,C04560,2025-03-09,site,pix,BEMVINDO10,16.13,3,delivered,3
A00582,C04832,2025-03-09,marketplace,pix,,18.7,4,delivered,5
A00583,C00059,2025-03-10,site,pix,,25.09,9,delivered,5
A00584,C00391,2025-03-10,site,credit_card,,17.6,3,delivered,5
A00585,C01319,2025-03-10,app,credit_card,BEMVINDO10,17.19,9,delivered,3
A00586,C01374,2025-03-10,site,pix,,20.35,8,delivered,4
A00587,C01537,2025-03-10,app,credit_card,BEMVINDO10,19.29,4,delivered,3
A00588,C02401,2025-03-10,site,pix,,27.55,7,delivered,3
A00589,C03934,2025-03-10,app,pix,,31.45,12,delivered,
A00590,C04134,2025-03-10,app,pix,,17.28,4,delivered,5
A00591,C01199,2025-03-11,site,pix,,22.29,6,delivered,4
A00592,C01491,2025-03-11,app,pix,,17.36,5,delivered,4
A00593,C01535,2025-03-11,app,credit_card,BEMVINDO10,14.29,3,delivered,
A00594,C01897,2025-03-11,app,pix,,16.75,,canceled,
A00595,C02089,2025-03-11,site,pix,,18.63,4,delivered,
A00596,C03116,2025-03-11,site,credit_card,,16.49,12,delivered,3
A00597,C04906,2025-03-11,site,credit_card,,21.41,15,delivered,2
A00598,C00029,2025-03-12,app,pix,,27.33,6,returned,
A00599,C00074,2025-03-12,marketplace,credit_card,,18.91,,canceled,
A00600,C00289,2025-03-12,site,boleto,BEMVINDO10,14.94,2,delivered,5
A00601,C00511,2025-03-12,marketplace,pix,,19.51,11,delivered,3
A00602,C01358,2025-03-12,app,credit_card,,21.98,4,delivered,4
A00603,C01458,2025-03-12,marketplace,credit_card,,30.71,6,returned,
A00604,C01868,2025-03-12,app,boleto,,15.08,2,delivered,3
A00605,C01879,2025-03-12,site,pix,,15.24,6,delivered,4
A00606,C02125,2025-03-12,marketplace,pix,,13.03,3,delivered,4
A00607,C02276,2025-03-12,app,pix,,11.69,1,delivered,3
A00608,C03289,2025-03-12,app,pix,BEMVINDO10,28.11,11,delivered,
A00609,C03455,2025-03-12,site,credit_card,,11.32,4,delivered,
A00610,C03758,2025-03-12,app,credit_card,,31.2,5,delivered,
A00611,C04543,2025-03-12,marketplace,credit_card,,19.83,4,delivered,4
A00612,C04554,2025-03-12,marketplace,pix,,31.52,19,delivered,3
A00613,C04667,2025-03-12,site,pix,BEMVINDO10,11.9,6,delivered,3
A00614,C01017,2025-03-13,site,credit_card,,11.73,5,delivered,4
A00615,C01164,2025-03-13,app,pix,,14.83,4,delivered,
A00616,C01803,2025-03-13,app,credit_card,,22.46,4,delivered,5
A00617,C01951,2025-03-13,app,credit_card,,16.12,4,delivered,
A00618,C03024,2025-03-13,site,pix,,25.42,7,delivered,5
A00619,C03155,2025-03-13,app,credit_card,,15.45,3,delivered,
A00620,C04087,2025-03-13,site,credit_card,,13.72,2,delivered,5
A00621,C00288,2025-03-14,site,credit_card,BEMVINDO10,14.27,3,delivered,4
A00622,C00599,2025-03-14,app,boleto,BEMVINDO10,14.16,1,delivered,
A00623,C01491,2025-03-14,app,boleto,,15.15,,canceled,
A00624,C01716,2025-03-14,app,credit_card,BEMVINDO10,12.44,4,delivered,4
A00625,C02022,2025-03-14,site,pix,,25.87,15,delivered,2
A00626,C02934,2025-03-14,marketplace,credit_card,,38.56,11,delivered,4
A00627,C03168,2025-03-14,marketplace,pix,BEMVINDO10,21.7,8,delivered,5
A00628,C03239,2025-03-14,site,credit_card,BEMVINDO10,16.68,3,delivered,4
A00629,C03273,2025-03-14,marketplace,credit_card,,25.56,3,delivered,4
A00630,C03478,2025-03-14,site,credit_card,BEMVINDO10,16.48,5,delivered,5
A00631,C03950,2025-03-14,marketplace,credit_card,,16.65,6,delivered,
A00632,C04251,2025-03-14,site,pix,,15.67,3,delivered,5
A00633,C04333,2025-03-14,app,pix,,24.03,14,delivered,
A00634,C04358,2025-03-14,site,credit_card,,23.7,5,delivered,5
A00635,C00016,2025-03-15,app,pix,,13.7,3,delivered,5
A00636,C00134,2025-03-15,app,boleto,BEMVINDO10,26.83,5,delivered,5
A00637,C00238,2025-03-15,app,pix,,13.51,3,delivered,4
A00638,C00653,2025-03-15,site,pix,BEMVINDO10,20.03,5,delivered,5
A00639,C01049,2025-03-15,site,pix,,30.56,5,delivered,5
A00640,C01310,2025-03-15,marketplace,credit_card,,19.48,4,delivered,5
A00641,C01456,2025-03-15,app,credit_card,BEMVINDO10,16.0,6,delivered,4
A00642,C01867,2025-03-15,app,credit_card,BEMVINDO10,13.38,7,delivered,4
A00643,C02476,2025-03-15,site,pix,,27.99,9,returned,
A00644,C03153,2025-03-15,site,pix,,22.93,18,delivered,
A00645,C03312,2025-03-15,marketplace,pix,,15.68,3,delivered,5
A00646,C03787,2025-03-15,app,pix,BEMVINDO10,16.59,6,delivered,
A00647,C03817,2025-03-15,marketplace,credit_card,,14.23,7,delivered,
A00648,C04666,2025-03-15,app,credit_card,,12.87,6,delivered,
A00649,C00752,2025-03-16,site,credit_card,,15.23,2,delivered,5
A00650,C01889,2025-03-16,app,pix,,29.53,9,delivered,4
A00651,C02015,2025-03-16,site,credit_card,,11.72,5,delivered,
A00652,C02054,2025-03-16,app,credit_card,BEMVINDO10,26.28,6,delivered,4
A00653,C02538,2025-03-16,app,pix,,14.76,2,delivered,5
A00654,C02650,2025-03-16,site,pix,,22.89,9,delivered,5
A00655,C02819,2025-03-16,site,credit_card,BEMVINDO10,24.06,5,delivered,3
A00656,C00036,2025-03-17,marketplace,pix,BEMVINDO10,10.12,4,delivered,5
A00657,C00818,2025-03-17,marketplace,pix,,22.58,2,delivered,3
A00658,C01690,2025-03-17,app,pix,,35.79,11,delivered,4
A00659,C01698,2025-03-17,site,credit_card,BEMVINDO10,19.42,9,delivered,5
A00660,C01954,2025-03-17,marketplace,pix,,25.05,15,delivered,
A00661,C02172,2025-03-17,app,credit_card,,18.82,4,delivered,5
A00662,C02697,2025-03-17,marketplace,credit_card,BEMVINDO10,17.21,4,delivered,4
A00663,C03241,2025-03-17,marketplace,credit_card,,15.1,5,delivered,4
A00664,C04186,2025-03-17,marketplace,pix,,15.33,3,delivered,4
A00665,C04764,2025-03-17,site,credit_card,BEMVINDO10,18.43,6,delivered,4
A00666,C04933,2025-03-17,marketplace,pix,,19.5,6,delivered,3
A00667,C00444,2025-03-18,site,boleto,,17.53,2,delivered,5
A00668,C00609,2025-03-18,marketplace,pix,,17.68,13,delivered,4
A00669,C00755,2025-03-18,marketplace,credit_card,,16.11,2,delivered,4
A00670,C00827,2025-03-18,app,pix,,15.73,6,delivered,5
A00671,C01512,2025-03-18,site,pix,,14.09,2,delivered,5
A00672,C01880,2025-03-18,app,pix,,31.69,9,delivered,4
A00673,C02214,2025-03-18,marketplace,pix,,9.88,4,delivered,5
A00674,C02261,2025-03-18,site,pix,,22.01,11,delivered,
A00675,C02906,2025-03-18,app,boleto,BEMVINDO10,13.79,5,delivered,5
A00676,C02939,2025-03-18,marketplace,credit_card,BEMVINDO10,15.07,4,delivered,
A00677,C02951,2025-03-18,marketplace,pix,,17.1,5,delivered,4
A00678,C02996,2025-03-18,marketplace,pix,,12.2,4,delivered,3
A00679,C04341,2025-03-18,marketplace,credit_card,,12.48,2,delivered,5
A00680,C04723,2025-03-18,site,credit_card,,13.27,2,delivered,4
A00681,C00038,2025-03-19,marketplace,credit_card,,27.95,14,delivered,
A00682,C00166,2025-03-19,app,pix,BEMVINDO10,32.83,8,delivered,
A00683,C00267,2025-03-19,site,credit_card,,11.24,1,delivered,
A00684,C00626,2025-03-19,site,credit_card,BEMVINDO10,21.06,15,delivered,4
A00685,C01423,2025-03-19,site,pix,BEMVINDO10,15.15,2,delivered,5
A00686,C01570,2025-03-19,app,credit_card,,17.36,7,delivered,5
A00687,C01770,2025-03-19,app,pix,,13.36,4,delivered,5
A00688,C01839,2025-03-19,app,credit_card,BEMVINDO10,19.64,5,delivered,5
A00689,C01945,2025-03-19,site,pix,,13.97,3,delivered,5
A00690,C02108,2025-03-19,marketplace,credit_card,,27.21,7,delivered,
A00691,C02732,2025-03-19,app,pix,,12.74,2,delivered,
A00692,C02882,2025-03-19,marketplace,credit_card,,17.61,3,delivered,5
A00693,C03779,2025-03-19,app,credit_card,BEMVINDO10,17.62,4,delivered,4
A00694,C03989,2025-03-19,site,credit_card,,19.88,4,delivered,
A00695,C00657,2025-03-20,marketplace,credit_card,,15.82,5,delivered,4
A00696,C00662,2025-03-20,app,credit_card,,16.29,4,delivered,5
A00697,C01052,2025-03-20,app,credit_card,,17.87,3,delivered,4
A00698,C01881,2025-03-20,site,pix,,22.39,17,delivered,3
A00699,C01945,2025-03-20,site,credit_card,,10.1,6,delivered,4
A00700,C02050,2025-03-20,site,boleto,,14.46,4,delivered,5
A00701,C02103,2025-03-20,site,pix,,13.88,7,delivered,3
A00702,C02146,2025-03-20,marketplace,credit_card,,9.74,3,delivered,5
A00703,C02147,2025-03-20,site,pix,BEMVINDO10,13.79,5,delivered,4
A00704,C03002,2025-03-20,marketplace,pix,,25.32,7,delivered,3
A00705,C03363,2025-03-20,site,pix,,22.92,3,delivered,4
A00706,C01097,2025-03-21,marketplace,boleto,,22.92,7,delivered,4
A00707,C01400,2025-03-21,marketplace,pix,,28.03,7,delivered,5
A00708,C01661,2025-03-21,site,credit_card,,15.13,5,delivered,4
A00709,C01983,2025-03-21,site,credit_card,,34.99,11,delivered,5
A00710,C02180,2025-03-21,app,credit_card,,23.13,9,delivered,5
A00711,C02221,2025-03-21,app,pix,,30.11,12,returned,
A00712,C03063,2025-03-21,marketplace,credit_card,,15.0,4,delivered,5
A00713,C03992,2025-03-21,marketplace,pix,,20.05,14,delivered,
A00714,C04771,2025-03-21,site,boleto,BEMVINDO10,18.43,2,delivered,4
A00715,C04802,2025-03-21,app,credit_card,BEMVINDO10,13.63,4,delivered,
A00716,C00058,2025-03-22,app,credit_card,,19.06,3,delivered,5
A00717,C00413,2025-03-22,site,pix,BEMVINDO10,18.7,3,delivered,4
A00718,C00706,2025-03-22,app,pix,,15.45,2,delivered,5
A00719,C00755,2025-03-22,marketplace,pix,,15.08,3,delivered,5
A00720,C01242,2025-03-22,site,pix,,16.29,3,delivered,
A00721,C01942,2025-03-22,app,pix,BEMVINDO10,14.08,5,delivered,3
A00722,C02709,2025-03-22,app,pix,,39.06,12,delivered,4
A00723,C03840,2025-03-22,app,credit_card,,30.02,12,delivered,
A00724,C03899,2025-03-22,app,credit_card,,17.6,3,delivered,
A00725,C04367,2025-03-22,marketplace,credit_card,BEMVINDO10,27.61,14,delivered,2
A00726,C04784,2025-03-22,marketplace,pix,BEMVINDO10,31.59,9,delivered,4
A00727,C04921,2025-03-22,marketplace,pix,BEMVINDO10,31.82,2,delivered,5
A00728,C00518,2025-03-23,site,credit_card,,19.11,3,delivered,5
A00729,C00781,2025-03-23,site,credit_card,BEMVINDO10,12.76,4,delivered,5
A00730,C00866,2025-03-23,marketplace,boleto,,23.0,12,delivered,
A00731,C00899,2025-03-23,site,credit_card,,11.38,1,delivered,5
A00732,C00902,2025-03-23,marketplace,credit_card,,19.56,9,delivered,4
A00733,C01408,2025-03-23,app,boleto,,15.1,2,delivered,5
A00734,C01439,2025-03-23,site,credit_card,BEMVINDO10,34.07,12,delivered,
A00735,C02360,2025-03-23,app,pix,,20.53,8,delivered,4
A00736,C02505,2025-03-23,app,credit_card,BEMVINDO10,17.64,5,delivered,
A00737,C02923,2025-03-23,site,pix,,18.01,3,delivered,4
A00738,C03106,2025-03-23,marketplace,boleto,,13.07,11,delivered,5
A00739,C03340,2025-03-23,marketplace,pix,,11.88,5,delivered,4
A00740,C03451,2025-03-23,site,credit_card,,11.29,6,delivered,3
A00741,C04546,2025-03-23,site,credit_card,,23.39,8,delivered,
A00742,C04890,2025-03-23,app,credit_card,,21.47,6,delivered,4
A00743,C00833,2025-03-24,site,pix,,19.74,2,delivered,5
A00744,C01091,2025-03-24,marketplace,pix,,27.59,20,delivered,3
A00745,C03545,2025-03-24,site,boleto,,26.77,10,delivered,3
A00746,C03758,2025-03-24,app,credit_card,,26.51,11,delivered,4
A00747,C04498,2025-03-24,site,credit_card,,17.16,3,delivered,
A00748,C00130,2025-03-25,marketplace,pix,,16.53,3,delivered,
A00749,C00205,2025-03-25,app,credit_card,,15.34,3,delivered,
A00750,C01116,2025-03-25,marketplace,credit_card,,17.81,3,delivered,4
A00751,C01332,2025-03-25,site,pix,BEMVINDO10,26.84,5,delivered,5
A00752,C01930,2025-03-25,app,credit_card,,20.54,17,delivered,2
A00753,C02632,2025-03-25,site,pix,,25.81,12,delivered,3
A00754,C03461,2025-03-25,marketplace,credit_card,BEMVINDO10,15.69,2,delivered,5
A00755,C03661,2025-03-25,app,pix,,28.88,15,delivered,3
A00756,C03698,2025-03-25,site,credit_card,,13.6,3,delivered,
A00757,C03904,2025-03-25,site,boleto,BEMVINDO10,15.96,5,delivered,5
A00758,C04024,2025-03-25,app,credit_card,,29.65,8,delivered,
A00759,C04418,2025-03-25,app,credit_card,,14.25,7,returned,
A00760,C00365,2025-03-26,app,boleto,,25.46,12,delivered,3
A00761,C00939,2025-03-26,site,pix,,11.06,4,delivered,
A00762,C01146,2025-03-26,app,credit_card,,15.21,5,delivered,5
A00763,C01489,2025-03-26,marketplace,credit_card,,13.27,2,delivered,5
A00764,C01851,2025-03-26,site,credit_card,,26.19,4,delivered,4
A00765,C01980,2025-03-26,app,credit_card,,28.38,27,delivered,
A00766,C02713,2025-03-26,app,pix,,22.95,6,delivered,5
A00767,C03373,2025-03-26,site,credit_card,,25.19,7,delivered,5
A00768,C03398,2025-03-26,marketplace,credit_card,,13.83,3,delivered,5
A00769,C00604,2025-03-27,site,pix,,16.3,,canceled,
A00770,C00683,2025-03-27,app,credit_card,,23.32,7,delivered,4
A00771,C01182,2025-03-27,site,credit_card,,27.43,5,delivered,5
A00772,C02000,2025-03-27,site,pix,,24.26,11,delivered,3
A00773,C02369,2025-03-27,site,pix,,14.81,6,delivered,3
A00774,C03023,2025-03-27,site,pix,,14.92,4,delivered,5
A00775,C03680,2025-03-27,site,credit_card,BEMVINDO10,26.64,3,delivered,
A00776,C03999,2025-03-27,site,pix,,18.29,7,delivered,3
A00777,C04005,2025-03-27,site,pix,,20.33,9,delivered,3
A00778,C04032,2025-03-27,marketplace,credit_card,,30.66,12,delivered,3
A00779,C04791,2025-03-27,app,pix,,15.52,2,delivered,5
A00780,C00042,2025-03-28,site,credit_card,,13.31,9,delivered,5
A00781,C00153,2025-03-28,site,credit_card,,16.77,6,delivered,3
A00782,C00235,2025-03-28,marketplace,credit_card,,27.48,15,delivered,
A00783,C00536,2025-03-28,app,pix,,14.29,4,delivered,
A00784,C01994,2025-03-28,site,credit_card,,19.32,5,delivered,
A00785,C04142,2025-03-28,app,pix,,11.42,7,delivered,5
A00786,C00308,2025-03-29,site,credit_card,,22.14,2,delivered,
A00787,C00347,2025-03-29,marketplace,credit_card,BEMVINDO10,22.28,4,delivered,4
A00788,C00356,2025-03-29,app,credit_card,,15.04,3,delivered,5
A00789,C00941,2025-03-29,app,credit_card,,11.89,5,delivered,
A00790,C01188,2025-03-29,site,credit_card,,29.83,14,delivered,2
A00791,C02249,2025-03-29,marketplace,credit_card,,16.92,5,delivered,5
A00792,C02752,2025-03-29,site,credit_card,,15.44,3,delivered,5
A00793,C02893,2025-03-29,marketplace,credit_card,,34.52,13,returned,
A00794,C03195,2025-03-29,site,credit_card,,9.33,4,delivered,4
A00795,C03277,2025-03-29,site,credit_card,,37.07,23,returned,
A00796,C03491,2025-03-29,app,pix,,18.06,6,delivered,4
A00797,C04566,2025-03-29,site,pix,,11.63,4,delivered,5
A00798,C04590,2025-03-29,marketplace,credit_card,BEMVINDO10,21.32,4,delivered,5
A00799,C00629,2025-03-30,marketplace,boleto,,16.04,7,delivered,5
A00800,C00651,2025-03-30,site,credit_card,,11.17,5,delivered,4
A00801,C02936,2025-03-30,site,credit_card,,22.91,5,delivered,4
A00802,C02957,2025-03-30,marketplace,credit_card,BEMVINDO10,13.26,2,delivered,
A00803,C02994,2025-03-30,app,pix,,37.14,10,returned,
A00804,C03404,2025-03-30,app,credit_card,,13.22,4,delivered,4
A00805,C03873,2025-03-30,site,credit_card,,28.83,17,delivered,2
A00806,C03930,2025-03-30,site,credit_card,,12.77,4,delivered,
A00807,C04052,2025-03-30,site,pix,,15.21,6,delivered,4
A00808,C04779,2025-03-30,marketplace,pix,,13.19,4,delivered,5
A00809,C00615,2025-03-31,site,credit_card,,19.5,6,delivered,5
A00810,C00807,2025-03-31,marketplace,boleto,,26.32,24,delivered,
A00811,C01177,2025-03-31,site,pix,,29.58,10,delivered,3
A00812,C01448,2025-03-31,marketplace,credit_card,,25.71,11,delivered,2
A00813,C02533,2025-03-31,site,pix,BEMVINDO10,9.87,6,delivered,
A00814,C03708,2025-03-31,app,credit_card,,11.01,2,delivered,
A00815,C04508,2025-03-31,app,credit_card,,26.84,8,delivered,4
A00816,C00093,2025-04-01,app,pix,BEMVINDO10,21.17,6,delivered,4
A00817,C00705,2025-04-01,app,pix,,19.41,7,delivered,5
A00818,C00746,2025-04-01,site,credit_card,BEMVINDO10,19.98,4,delivered,5
A00819,C00769,2025-04-01,app,credit_card,,29.67,20,delivered,4
A00820,C00944,2025-04-01,marketplace,pix,BEMVINDO10,13.65,4,delivered,5
A00821,C01167,2025-04-01,app,pix,,15.06,4,delivered,
A00822,C01473,2025-04-01,marketplace,pix,,33.72,7,delivered,4
A00823,C02235,2025-04-01,site,credit_card,,13.27,4,delivered,5
A00824,C02383,2025-04-01,site,boleto,,10.09,5,delivered,4
A00825,C02698,2025-04-01,site,credit_card,,28.64,12,delivered,4
A00826,C03191,2025-04-01,site,credit_card,,12.93,7,delivered,4
A00827,C03649,2025-04-01,marketplace,credit_card,BEMVINDO10,13.57,3,delivered,5
A00828,C04342,2025-04-01,app,credit_card,,16.32,6,delivered,
A00829,C04644,2025-04-01,app,credit_card,,27.01,19,delivered,4
A00830,C04939,2025-04-01,marketplace,pix,,23.98,8,delivered,4
A00831,C04970,2025-04-01,site,pix,BEMVINDO10,15.23,3,delivered,4
A00832,C00132,2025-04-02,site,credit_card,,17.18,5,delivered,5
A00833,C00309,2025-04-02,app,credit_card,,26.06,17,delivered,
A00834,C00607,2025-04-02,app,pix,BEMVINDO10,26.77,13,delivered,3
A00835,C00630,2025-04-02,marketplace,credit_card,BEMVINDO10,20.57,3,delivered,
A00836,C00784,2025-04-02,site,credit_card,,23.44,5,delivered,
A00837,C00828,2025-04-02,site,pix,,26.18,8,delivered,4
A00838,C01114,2025-04-02,site,pix,BEMVINDO10,45.41,10,delivered,4
A00839,C01246,2025-04-02,marketplace,pix,,13.14,5,delivered,5
A00840,C01704,2025-04-02,marketplace,boleto,,34.12,9,delivered,
A00841,C02054,2025-04-02,app,pix,,24.17,7,delivered,5
A00842,C02136,2025-04-02,site,credit_card,,14.56,3,delivered,
A00843,C03417,2025-04-02,app,pix,,22.08,20,delivered,
A00844,C03542,2025-04-02,site,boleto,,11.49,,canceled,
A00845,C03905,2025-04-02,site,pix,,14.01,1,returned,
A00846,C04134,2025-04-02,app,credit_card,,15.79,2,delivered,5
A00847,C04403,2025-04-02,site,pix,BEMVINDO10,11.65,2,delivered,
A00848,C04594,2025-04-02,site,pix,,12.24,,canceled,
A00849,C00222,2025-04-03,app,credit_card,,13.94,2,delivered,
A00850,C01409,2025-04-03,site,credit_card,BEMVINDO10,27.25,6,delivered,4
A00851,C01581,2025-04-03,marketplace,credit_card,,27.91,4,delivered,5
A00852,C01795,2025-04-03,marketplace,credit_card,,18.46,7,delivered,5
A00853,C01986,2025-04-03,marketplace,credit_card,,23.18,14,delivered,4
A00854,C02121,2025-04-03,app,credit_card,BEMVINDO10,31.26,13,delivered,5
A00855,C02384,2025-04-03,site,credit_card,,12.9,5,delivered,4
A00856,C02812,2025-04-03,site,pix,,13.69,2,delivered,5
A00857,C03021,2025-04-03,site,credit_card,,19.85,6,delivered,5
A00858,C03367,2025-04-03,app,pix,,24.43,6,delivered,5
A00859,C03722,2025-04-03,site,pix,,34.93,14,delivered,
A00860,C04576,2025-04-03,marketplace,credit_card,,14.87,3,delivered,
A00861,C00063,2025-04-04,marketplace,pix,,31.51,12,delivered,5
A00862,C00146,2025-04-04,site,pix,,20.98,6,delivered,
A00863,C01645,2025-04-04,site,boleto,,31.65,18,delivered,3
A00864,C02466,2025-04-04,site,credit_card,BEMVINDO10,21.16,9,returned,
A00865,C03437,2025-04-04,site,credit_card,,17.35,10,delivered,4
A00866,C03690,2025-04-04,app,pix,,28.82,14,delivered,4
A00867,C03800,2025-04-04,site,pix,,14.55,2,delivered,5
A00868,C03943,2025-04-04,site,pix,,25.15,7,delivered,
A00869,C04275,2025-04-04,marketplace,pix,,24.34,,canceled,
A00870,C04890,2025-04-04,app,credit_card,,20.61,5,delivered,5
A00871,C00729,2025-04-05,marketplace,credit_card,,12.29,3,delivered,4
A00872,C00730,2025-04-05,app,credit_card,,14.24,2,delivered,
A00873,C01167,2025-04-05,app,credit_card,,10.9,3,delivered,
A00874,C01524,2025-04-05,app,pix,,16.22,4,delivered,5
A00875,C01954,2025-04-05,site,boleto,,27.62,,canceled,
A00876,C02764,2025-04-05,app,credit_card,,15.46,6,delivered,4
A00877,C03203,2025-04-05,site,pix,BEMVINDO10,27.69,12,delivered,3
A00878,C03511,2025-04-05,site,pix,,17.4,7,delivered,3
A00879,C03587,2025-04-05,site,boleto,,21.75,3,delivered,5
A00880,C03645,2025-04-05,marketplace,credit_card,,13.33,3,delivered,3
A00881,C03682,2025-04-05,app,credit_card,BEMVINDO10,15.36,6,delivered,4
A00882,C03999,2025-04-05,site,credit_card,,13.87,9,delivered,3
A00883,C04185,2025-04-05,marketplace,credit_card,FRETEGRATIS,0.0,3,delivered,4
A00884,C04233,2025-04-05,app,credit_card,,29.37,23,delivered,
A00885,C04583,2025-04-05,site,pix,,23.28,7,delivered,
A00886,C04829,2025-04-05,site,credit_card,BEMVINDO10,23.95,8,delivered,
A00887,C04833,2025-04-05,site,credit_card,,12.16,5,delivered,
A00888,C04953,2025-04-05,marketplace,pix,,21.16,12,delivered,
A00889,C00983,2025-04-06,site,credit_card,,35.52,,canceled,
A00890,C01011,2025-04-06,app,credit_card,,12.12,7,delivered,5
A00891,C01056,2025-04-06,site,credit_card,,22.06,5,delivered,5
A00892,C01140,2025-04-06,app,pix,,19.71,4,delivered,5
A00893,C01493,2025-04-06,site,credit_card,,21.25,6,delivered,5
A00894,C01509,2025-04-06,site,credit_card,,13.82,3,delivered,4
A00895,C01760,2025-04-06,site,pix,,29.21,7,delivered,4
A00896,C01814,2025-04-06,site,credit_card,,12.99,6,delivered,5
A00897,C02482,2025-04-06,marketplace,credit_card,BEMVINDO10,13.57,4,delivered,
A00898,C02999,2025-04-06,marketplace,pix,,25.98,6,delivered,4
A00899,C03281,2025-04-06,site,credit_card,,23.52,9,delivered,5
A00900,C04755,2025-04-06,marketplace,pix,BEMVINDO10,30.89,13,delivered,3
A00901,C04874,2025-04-06,site,boleto,,13.1,2,delivered,4
A00902,C00539,2025-04-07,site,credit_card,,17.09,5,delivered,4
A00903,C00672,2025-04-07,app,pix,,15.29,3,delivered,5
A00904,C00938,2025-04-07,site,credit_card,,17.63,3,delivered,5
A00905,C01208,2025-04-07,site,pix,,13.65,4,delivered,5
A00906,C01445,2025-04-07,app,pix,,21.81,7,delivered,3
A00907,C01593,2025-04-07,app,pix,BEMVINDO10,27.78,18,delivered,2
A00908,C02307,2025-04-07,site,credit_card,,17.21,4,delivered,5
A00909,C02920,2025-04-07,site,credit_card,,14.85,2,delivered,
A00910,C03877,2025-04-07,app,credit_card,,11.68,5,delivered,4
A00911,C04052,2025-04-07,site,pix,,16.14,5,delivered,
A00912,C04928,2025-04-07,marketplace,pix,,27.2,2,delivered,
A00913,C04973,2025-04-07,site,pix,,16.62,8,delivered,4
A00914,C00253,2025-04-08,site,credit_card,,25.04,9,delivered,4
A00915,C00273,2025-04-08,marketplace,pix,,20.14,7,delivered,
A00916,C00314,2025-04-08,marketplace,pix,,21.23,6,delivered,
A00917,C00751,2025-04-08,site,pix,,14.74,4,delivered,5
A00918,C00908,2025-04-08,site,credit_card,,17.42,4,delivered,
A00919,C01003,2025-04-08,site,credit_card,,16.09,3,delivered,5
A00920,C01047,2025-04-08,app,credit_card,,25.18,7,delivered,5
A00921,C01166,2025-04-08,app,pix,,14.35,4,delivered,4
A00922,C02642,2025-04-08,app,pix,,14.14,3,delivered,
A00923,C02685,2025-04-08,app,pix,,25.82,7,delivered,4
A00924,C02885,2025-04-08,site,credit_card,,12.0,4,delivered,5
A00925,C03314,2025-04-08,marketplace,credit_card,,14.79,6,delivered,
A00926,C03316,2025-04-08,marketplace,credit_card,,15.18,5,delivered,5
A00927,C03354,2025-04-08,site,credit_card,,10.81,4,delivered,4
A00928,C03568,2025-04-08,app,pix,,36.13,19,delivered,3
A00929,C03579,2025-04-08,site,credit_card,,15.02,9,delivered,
A00930,C03816,2025-04-08,app,credit_card,,13.77,3,delivered,4
A00931,C03906,2025-04-08,app,pix,,12.4,5,delivered,
A00932,C04427,2025-04-08,site,pix,,24.25,16,delivered,5
A00933,C04650,2025-04-08,site,credit_card,,35.91,13,delivered,3
A00934,C00442,2025-04-09,app,boleto,,17.65,3,delivered,5
A00935,C00487,2025-04-09,site,boleto,,35.77,13,delivered,
A00936,C01116,2025-04-09,marketplace,credit_card,,17.46,3,delivered,4
A00937,C01263,2025-04-09,site,pix,,15.37,5,delivered,5
A00938,C01331,2025-04-09,app,pix,,11.12,7,delivered,4
A00939,C01491,2025-04-09,app,pix,,12.85,3,delivered,5
A00940,C01618,2025-04-09,site,credit_card,,9.52,5,delivered,
A00941,C02013,2025-04-09,marketplace,pix,,15.23,3,delivered,5
A00942,C02283,2025-04-09,site,credit_card,,25.87,8,delivered,4
A00943,C02291,2025-04-09,app,credit_card,,27.49,12,delivered,3
A00944,C02552,2025-04-09,app,credit_card,,26.26,19,delivered,2
A00945,C02589,2025-04-09,marketplace,credit_card,,14.77,4,delivered,5
A00946,C02752,2025-04-09,site,pix,,14.96,4,delivered,3
A00947,C02845,2025-04-09,site,pix,BEMVINDO10,14.14,2,delivered,5
A00948,C02919,2025-04-09,site,credit_card,,36.59,9,delivered,4
A00949,C03500,2025-04-09,site,pix,BEMVINDO10,13.77,3,delivered,5
A00950,C03983,2025-04-09,site,pix,,10.58,8,delivered,
A00951,C04145,2025-04-09,marketplace,pix,,16.82,9,delivered,5
A00952,C04398,2025-04-09,site,credit_card,,13.8,8,delivered,
A00953,C04646,2025-04-09,marketplace,credit_card,,14.85,3,delivered,
A00954,C04773,2025-04-09,marketplace,boleto,,31.11,17,delivered,3
A00955,C00414,2025-04-10,app,pix,,32.45,8,delivered,4
A00956,C00623,2025-04-10,marketplace,credit_card,,32.8,7,delivered,4
A00957,C01229,2025-04-10,site,pix,,27.25,6,delivered,5
A00958,C01238,2025-04-10,app,boleto,,15.99,4,delivered,5
A00959,C01398,2025-04-10,site,pix,,12.68,7,delivered,
A00960,C01570,2025-04-10,app,credit_card,,12.91,5,delivered,5
A00961,C01637,2025-04-10,site,pix,,13.78,2,delivered,5
A00962,C01734,2025-04-10,site,credit_card,BEMVINDO10,14.02,3,delivered,5
A00963,C02145,2025-04-10,app,boleto,,31.62,9,delivered,
A00964,C02916,2025-04-10,site,credit_card,,14.38,5,delivered,5
A00965,C03006,2025-04-10,app,boleto,BEMVINDO10,13.46,1,delivered,5
A00966,C03785,2025-04-10,marketplace,credit_card,BEMVINDO10,10.86,5,delivered,
A00967,C03830,2025-04-10,site,credit_card,,30.98,11,delivered,2
A00968,C03967,2025-04-10,app,pix,,35.64,20,delivered,2
A00969,C04065,2025-04-10,site,pix,,14.53,5,delivered,4
A00970,C04388,2025-04-10,app,pix,,15.8,4,delivered,5
A00971,C04532,2025-04-10,marketplace,credit_card,,29.57,13,delivered,3
A00972,C04861,2025-04-10,marketplace,pix,BEMVINDO10,11.65,3,delivered,5
A00973,C00279,2025-04-11,app,credit_card,,12.78,2,delivered,
A00974,C00618,2025-04-11,site,pix,,13.57,4,delivered,4
A00975,C00726,2025-04-11,site,credit_card,BEMVINDO10,16.53,7,delivered,4
A00976,C00729,2025-04-11,site,pix,,12.77,5,delivered,4
A00977,C00963,2025-04-11,marketplace,credit_card,,29.46,6,delivered,4
A00978,C01238,2025-04-11,app,pix,,18.25,8,delivered,5
A00979,C01617,2025-04-11,app,pix,BEMVINDO10,16.1,3,delivered,4
A00980,C01770,2025-04-11,app,boleto,,11.15,4,delivered,4
A00981,C01870,2025-04-11,site,pix,,30.7,13,delivered,5
A00982,C02333,2025-04-11,site,credit_card,,24.9,10,delivered,4
A00983,C02478,2025-04-11,site,credit_card,,21.36,11,delivered,3
A00984,C02747,2025-04-11,marketplace,credit_card,,28.18,16,delivered,
A00985,C03293,2025-04-11,site,credit_card,,14.2,2,delivered,5
A00986,C03904,2025-04-11,site,pix,,7.73,,canceled,
A00987,C03954,2025-04-11,site,credit_card,,14.26,4,delivered,
A00988,C04237,2025-04-11,site,pix,BEMVINDO10,14.81,4,delivered,4
A00989,C04311,2025-04-11,site,pix,,9.4,6,delivered,5
A00990,C04605,2025-04-11,marketplace,pix,,39.6,19,delivered,3
A00991,C04686,2025-04-11,site,credit_card,,9.93,2,delivered,5
A00992,C00410,2025-04-12,app,credit_card,,14.42,4,delivered,
A00993,C00421,2025-04-12,site,credit_card,,14.72,5,delivered,
A00994,C00734,2025-04-12,site,boleto,,13.83,4,delivered,5
A00995,C01774,2025-04-12,site,credit_card,,12.15,3,delivered,5
A00996,C01817,2025-04-12,app,credit_card,,24.93,6,delivered,4
A00997,C02131,2025-04-12,app,credit_card,,15.05,3,delivered,4
A00998,C02219,2025-04-12,site,credit_card,,10.97,3,delivered,3
A00999,C02412,2025-04-12,app,pix,,29.21,9,returned,
A01000,C02503,2025-04-12,site,pix,,12.39,1,delivered,3
A01001,C03086,2025-04-12,marketplace,pix,,13.55,4,delivered,4
A01002,C03848,2025-04-12,marketplace,pix,,23.2,4,delivered,
A01003,C04022,2025-04-12,marketplace,pix,,11.31,2,delivered,5
A01004,C04132,2025-04-12,marketplace,pix,,24.52,12,delivered,4
A01005,C04227,2025-04-12,app,credit_card,,15.25,11,delivered,3
A01006,C04362,2025-04-12,app,pix,,12.26,,canceled,
A01007,C04883,2025-04-12,site,credit_card,,11.26,4,delivered,5
A01008,C04948,2025-04-12,marketplace,credit_card,,11.97,2,delivered,
A01009,C04960,2025-04-12,site,credit_card,,28.76,11,delivered,4
A01010,C00377,2025-04-13,app,boleto,,36.89,8,delivered,5
A01011,C00641,2025-04-13,marketplace,pix,,13.75,7,delivered,5
A01012,C01238,2025-04-13,marketplace,pix,,19.85,3,delivered,
A01013,C01639,2025-04-13,site,pix,BEMVINDO10,29.73,9,delivered,4
A01014,C01687,2025-04-13,site,pix,,28.21,19,delivered,2
A01015,C02318,2025-04-13,site,credit_card,,31.32,11,delivered,5
A01016,C03879,2025-04-13,site,pix,,14.28,3,delivered,4
A01017,C04065,2025-04-13,marketplace,pix,FRETEGRATIS,0.0,2,delivered,5
A01018,C04147,2025-04-13,app,credit_card,,19.76,14,delivered,4
A01019,C01939,2025-04-14,app,pix,,14.87,1,delivered,5
A01020,C03323,2025-04-14,marketplace,pix,BEMVINDO10,15.5,5,delivered,4
A01021,C03784,2025-04-14,marketplace,credit_card,,13.44,5,delivered,5
A01022,C03786,2025-04-14,site,pix,,17.31,5,delivered,3
A01023,C04928,2025-04-14,site,credit_card,,31.02,11,delivered,3
A01024,C00242,2025-04-15,app,credit_card,,26.16,18,delivered,
A01025,C00636,2025-04-15,app,credit_card,,8.46,2,delivered,5
A01026,C01691,2025-04-15,app,credit_card,,28.81,7,delivered,
A01027,C01711,2025-04-15,site,credit_card,,29.79,16,delivered,3
A01028,C02807,2025-04-15,app,pix,,17.24,7,delivered,5
A01029,C03264,2025-04-15,marketplace,pix,,12.17,6,delivered,4
A01030,C03735,2025-04-15,app,credit_card,BEMVINDO10,13.38,7,delivered,4
A01031,C03805,2025-04-15,site,credit_card,,22.35,6,delivered,4
A01032,C04826,2025-04-15,site,pix,,24.74,13,delivered,4
A01033,C04900,2025-04-15,app,credit_card,,14.24,4,delivered,5
A01034,C04941,2025-04-15,marketplace,pix,,33.02,10,delivered,
A01035,C00253,2025-04-16,app,credit_card,,23.34,4,delivered,
A01036,C00581,2025-04-16,app,pix,,13.28,8,delivered,5
A01037,C00679,2025-04-16,site,boleto,,14.21,3,delivered,
A01038,C01110,2025-04-16,app,pix,,24.58,13,delivered,3
A01039,C01123,2025-04-16,app,pix,,12.76,4,returned,
A01040,C01981,2025-04-16,site,credit_card,,14.12,5,delivered,5
A01041,C01991,2025-04-16,site,credit_card,,12.97,,canceled,
A01042,C02302,2025-04-16,site,pix,,28.32,9,returned,
A01043,C03695,2025-04-16,marketplace,credit_card,,32.23,12,returned,
A01044,C04532,2025-04-16,marketplace,pix,,20.06,16,delivered,4
A01045,C04563,2025-04-16,app,pix,,22.44,9,delivered,4
A01046,C04762,2025-04-16,site,credit_card,,26.82,12,delivered,2
A01047,C00211,2025-04-17,marketplace,pix,,14.59,3,delivered,5
A01048,C00284,2025-04-17,marketplace,pix,,14.73,2,delivered,
A01049,C00492,2025-04-17,site,pix,,12.78,4,delivered,4
A01050,C01237,2025-04-17,app,pix,,26.81,6,delivered,5
A01051,C01690,2025-04-17,app,credit_card,,32.53,15,delivered,
A01052,C01978,2025-04-17,app,credit_card,BEMVINDO10,27.52,6,delivered,4
A01053,C02208,2025-04-17,marketplace,credit_card,,22.41,13,delivered,5
A01054,C02214,2025-04-17,app,credit_card,,9.88,4,delivered,
A01055,C02886,2025-04-17,app,pix,,19.03,8,delivered,
A01056,C03240,2025-04-17,marketplace,credit_card,,31.93,11,delivered,3
A01057,C03651,2025-04-17,app,credit_card,,34.49,14,delivered,
A01058,C03949,2025-04-17,app,pix,,28.92,9,delivered,
A01059,C04674,2025-04-17,app,pix,,13.05,6,delivered,5
A01060,C04919,2025-04-17,site,pix,,12.03,7,delivered,3
A01061,C04968,2025-04-17,app,boleto,,16.82,4,delivered,
A01062,C00346,2025-04-18,site,credit_card,,15.25,7,delivered,4
A01063,C01138,2025-04-18,app,credit_card,,14.07,2,delivered,3
A01064,C01423,2025-04-18,app,credit_card,,16.21,4,delivered,
A01065,C02183,2025-04-18,site,credit_card,BEMVINDO10,21.51,7,delivered,
A01066,C02531,2025-04-18,site,credit_card,,14.53,2,delivered,5
A01067,C02755,2025-04-18,marketplace,boleto,BEMVINDO10,40.6,,canceled,
A01068,C03740,2025-04-18,app,pix,,15.2,3,delivered,4
A01069,C03828,2025-04-18,app,pix,,12.45,4,delivered,4
A01070,C03877,2025-04-18,app,credit_card,,10.48,4,delivered,5
A01071,C00097,2025-04-19,app,credit_card,,29.01,12,delivered,3
A01072,C01572,2025-04-19,site,credit_card,,18.93,9,delivered,4
A01073,C01652,2025-04-19,marketplace,pix,BEMVINDO10,25.2,7,delivered,5
A01074,C01973,2025-04-19,site,credit_card,,13.74,6,delivered,
A01075,C02104,2025-04-19,marketplace,pix,,24.6,3,delivered,5
A01076,C02833,2025-04-19,site,boleto,,16.53,3,delivered,4
A01077,C03106,2025-04-19,marketplace,credit_card,,13.83,8,returned,
A01078,C03503,2025-04-19,marketplace,credit_card,FRETEGRATIS,0.0,16,delivered,4
A01079,C03537,2025-04-19,site,pix,,11.13,2,delivered,
A01080,C03607,2025-04-19,site,credit_card,BEMVINDO10,30.84,8,delivered,5
A01081,C03843,2025-04-19,site,credit_card,,20.98,8,delivered,4
A01082,C04491,2025-04-19,app,pix,BEMVINDO10,30.61,13,delivered,4
A01083,C00171,2025-04-20,site,boleto,,21.34,7,delivered,4
A01084,C00823,2025-04-20,marketplace,credit_card,,20.88,10,delivered,
A01085,C01241,2025-04-20,site,boleto,,15.69,4,delivered,
A01086,C01715,2025-04-20,app,credit_card,,11.15,7,delivered,3
A01087,C01748,2025-04-20,app,credit_card,BEMVINDO10,15.15,3,delivered,4
A01088,C02078,2025-04-20,marketplace,pix,BEMVINDO10,17.18,5,delivered,
A01089,C02201,2025-04-20,marketplace,credit_card,,16.85,3,delivered,
A01090,C02283,2025-04-20,site,boleto,,30.29,6,delivered,4
A01091,C02643,2025-04-20,app,pix,,12.42,6,delivered,
A01092,C02648,2025-04-20,site,pix,,22.59,10,delivered,
A01093,C02723,2025-04-20,app,pix,BEMVINDO10,28.42,11,delivered,5
A01094,C03150,2025-04-20,site,pix,BEMVINDO10,14.28,2,delivered,
A01095,C03234,2025-04-20,app,credit_card,,13.49,2,delivered,5
A01096,C03465,2025-04-20,app,boleto,,11.49,7,delivered,4
A01097,C04511,2025-04-20,site,pix,,21.01,8,delivered,3
A01098,C00470,2025-04-21,marketplace,credit_card,,16.67,4,delivered,
A01099,C01273,2025-04-21,site,credit_card,,27.7,7,delivered,
A01100,C01898,2025-04-21,site,credit_card,,16.38,4,delivered,4
A01101,C02094,2025-04-21,app,boleto,,42.71,,canceled,
A01102,C02254,2025-04-21,site,pix,,33.71,17,delivered,3
A01103,C02574,2025-04-21,app,credit_card,,20.38,7,delivered,5
A01104,C03650,2025-04-21,marketplace,credit_card,,21.57,14,delivered,4
A01105,C04566,2025-04-21,site,pix,,15.75,2,delivered,
A01106,C00346,2025-04-22,site,pix,,11.12,7,delivered,4
A01107,C00793,2025-04-22,marketplace,credit_card,BEMVINDO10,12.67,,canceled,
A01108,C02107,2025-04-22,marketplace,boleto,,16.99,5,delivered,5
A01109,C02676,2025-04-22,site,pix,,28.91,9,delivered,3
A01110,C03735,2025-04-22,app,pix,,15.09,,canceled,
A01111,C03933,2025-04-22,app,credit_card,,13.78,,canceled,
A01112,C04008,2025-04-22,site,credit_card,,13.66,3,delivered,
A01113,C04052,2025-04-22,site,pix,,19.22,4,delivered,
A01114,C04155,2025-04-22,site,pix,,17.25,4,delivered,
A01115,C04631,2025-04-22,app,credit_card,BEMVINDO10,23.45,7,delivered,
A01116,C04848,2025-04-22,site,credit_card,,10.1,5,delivered,5
A01117,C04914,2025-04-22,app,pix,,16.19,11,delivered,3
A01118,C00199,2025-04-23,site,credit_card,,9.57,3,delivered,5
A01119,C00300,2025-04-23,marketplace,credit_card,,28.25,9,delivered,5
A01120,C00301,2025-04-23,app,credit_card,BEMVINDO10,33.11,13,delivered,3
A01121,C00359,2025-04-23,site,credit_card,,14.33,4,delivered,5
A01122,C00604,2025-04-23,site,pix,,12.57,4,delivered,5
A01123,C01149,2025-04-23,marketplace,pix,BEMVINDO10,30.02,12,delivered,
A01124,C01326,2025-04-23,app,boleto,,24.02,5,delivered,5
A01125,C01461,2025-04-23,site,credit_card,,21.07,4,delivered,
A01126,C01495,2025-04-23,site,credit_card,,12.3,8,delivered,
A01127,C01991,2025-04-23,site,credit_card,,14.91,5,delivered,5
A01128,C02349,2025-04-23,site,credit_card,,31.78,10,delivered,
A01129,C02445,2025-04-23,app,pix,BEMVINDO10,28.7,11,returned,
A01130,C02506,2025-04-23,site,boleto,,12.79,2,delivered,4
A01131,C03057,2025-04-23,marketplace,boleto,,15.71,1,delivered,4
A01132,C03456,2025-04-23,marketplace,pix,,38.48,14,delivered,3
A01133,C03740,2025-04-23,site,credit_card,,12.97,3,delivered,4
A01134,C03818,2025-04-23,app,pix,,18.58,8,delivered,
A01135,C03921,2025-04-23,app,boleto,BEMVINDO10,24.16,6,delivered,
A01136,C03996,2025-04-23,marketplace,pix,,14.02,5,delivered,
A01137,C04217,2025-04-23,app,credit_card,,27.62,11,delivered,4
A01138,C04682,2025-04-23,marketplace,pix,,14.96,7,delivered,5
A01139,C00124,2025-04-24,site,credit_card,,15.36,7,delivered,4
A01140,C00825,2025-04-24,app,pix,,15.9,4,delivered,4
A01141,C01403,2025-04-24,marketplace,pix,,14.42,2,delivered,4
A01142,C01497,2025-04-24,marketplace,credit_card,,21.84,18,delivered,3
A01143,C01939,2025-04-24,app,credit_card,,14.19,3,delivered,5
A01144,C02003,2025-04-24,marketplace,pix,,14.11,5,delivered,4
A01145,C02070,2025-04-24,site,credit_card,,17.54,5,delivered,5
A01146,C02072,2025-04-24,site,credit_card,,14.0,6,delivered,5
A01147,C02434,2025-04-24,site,credit_card,BEMVINDO10,13.9,5,delivered,5
A01148,C02953,2025-04-24,site,pix,,30.99,11,delivered,4
A01149,C04535,2025-04-24,marketplace,credit_card,,21.95,8,delivered,5
A01150,C04985,2025-04-24,app,credit_card,,28.33,9,delivered,5
A01151,C01173,2025-04-25,site,credit_card,,31.08,11,delivered,4
A01152,C02225,2025-04-25,site,pix,,10.59,3,delivered,5
A01153,C02638,2025-04-25,site,pix,,9.72,,canceled,
A01154,C02658,2025-04-25,marketplace,pix,,11.85,8,delivered,
A01155,C02722,2025-04-25,site,pix,,18.1,2,delivered,5
A01156,C03120,2025-04-25,app,pix,,16.42,2,delivered,4
A01157,C03212,2025-04-25,site,pix,,26.12,12,delivered,
A01158,C03318,2025-04-25,app,pix,,13.44,4,delivered,5
A01159,C03378,2025-04-25,app,credit_card,,13.46,10,delivered,
A01160,C03511,2025-04-25,site,boleto,,14.99,6,delivered,
A01161,C03765,2025-04-25,site,boleto,,33.17,6,delivered,5
A01162,C03859,2025-04-25,app,boleto,,31.54,,canceled,
A01163,C03871,2025-04-25,site,credit_card,,30.47,11,returned,
A01164,C04810,2025-04-25,site,pix,,18.03,3,delivered,5
A01165,C00495,2025-04-26,site,pix,,23.08,2,delivered,4
A01166,C01098,2025-04-26,marketplace,boleto,,21.43,5,delivered,5
A01167,C01601,2025-04-26,marketplace,credit_card,BEMVINDO10,14.38,8,delivered,
A01168,C01724,2025-04-26,app,credit_card,,15.95,4,delivered,4
A01169,C02823,2025-04-26,site,pix,BEMVINDO10,14.61,4,delivered,5
A01170,C02949,2025-04-26,app,pix,,26.48,12,delivered,5
A01171,C04363,2025-04-26,marketplace,boleto,,17.03,2,delivered,5
A01172,C00901,2025-04-27,site,boleto,,15.28,3,delivered,
A01173,C01123,2025-04-27,site,boleto,,17.09,5,delivered,4
A01174,C02011,2025-04-27,site,credit_card,,17.62,6,delivered,4
A01175,C02190,2025-04-27,site,pix,BEMVINDO10,15.86,5,delivered,
A01176,C02216,2025-04-27,site,pix,,25.54,10,delivered,4
A01177,C02574,2025-04-27,marketplace,credit_card,,20.13,3,delivered,5
A01178,C03212,2025-04-27,site,boleto,FRETEGRATIS,0.0,,canceled,
A01179,C03256,2025-04-27,site,pix,,15.74,2,delivered,5
A01180,C03614,2025-04-27,site,credit_card,,12.75,3,delivered,5
A01181,C04055,2025-04-27,app,pix,,11.42,7,delivered,
A01182,C04084,2025-04-27,marketplace,pix,,13.54,2,delivered,5
A01183,C00091,2025-04-28,site,pix,BEMVINDO10,20.53,3,delivered,5
A01184,C00205,2025-04-28,site,boleto,,13.31,5,delivered,5
A01185,C00216,2025-04-28,marketplace,credit_card,,32.07,14,delivered,4
A01186,C00373,2025-04-28,app,pix,,10.99,2,delivered,5
A01187,C00786,2025-04-28,app,credit_card,,34.53,5,delivered,5
A01188,C01128,2025-04-28,marketplace,credit_card,,24.6,6,delivered,4
A01189,C01216,2025-04-28,app,credit_card,,11.18,6,delivered,3
A01190,C01245,2025-04-28,marketplace,boleto,,23.72,12,delivered,
A01191,C01348,2025-04-28,site,credit_card,,15.85,3,delivered,4
A01192,C02214,2025-04-28,app,boleto,,16.37,3,delivered,4
A01193,C02656,2025-04-28,app,pix,,15.53,5,delivered,
A01194,C02956,2025-04-28,app,pix,,22.37,7,delivered,4
A01195,C03508,2025-04-28,marketplace,pix,,16.27,3,delivered,
A01196,C03517,2025-04-28,site,credit_card,,34.9,12,delivered,4
A01197,C03582,2025-04-28,marketplace,credit_card,,13.7,4,delivered,4
A01198,C04248,2025-04-28,site,credit_card,,20.51,4,delivered,5
A01199,C04270,2025-04-28,app,credit_card,BEMVINDO10,29.13,4,delivered,
A01200,C04564,2025-04-28,app,pix,BEMVINDO10,14.02,2,delivered,
A01201,C00029,2025-04-29,app,credit_card,,26.11,11,delivered,4
A01202,C00635,2025-04-29,marketplace,credit_card,BEMVINDO10,12.95,5,delivered,5
A01203,C01122,2025-04-29,marketplace,credit_card,,20.93,9,delivered,4
A01204,C01305,2025-04-29,app,credit_card,,20.54,14,delivered,4
A01205,C01351,2025-04-29,app,pix,,18.09,6,delivered,5
A01206,C01592,2025-04-29,site,credit_card,BEMVINDO10,16.26,7,delivered,4
A01207,C01661,2025-04-29,site,credit_card,,19.78,2,delivered,
A01208,C01686,2025-04-29,app,pix,,29.06,11,delivered,
A01209,C02071,2025-04-29,marketplace,pix,BEMVINDO10,12.36,3,delivered,
A01210,C02275,2025-04-29,site,pix,,13.91,5,delivered,4
A01211,C02289,2025-04-29,site,pix,,16.47,2,delivered,4
A01212,C02719,2025-04-29,marketplace,credit_card,,19.18,2,delivered,3
A01213,C02840,2025-04-29,app,pix,,10.17,3,delivered,5
A01214,C03234,2025-04-29,app,credit_card,,12.65,4,delivered,4
A01215,C03500,2025-04-29,site,credit_card,,15.06,6,delivered,3
A01216,C04616,2025-04-29,app,credit_card,,25.03,3,delivered,
A01217,C04838,2025-04-29,site,credit_card,,28.33,9,delivered,4
A01218,C00299,2025-04-30,app,pix,,22.54,7,delivered,5
A01219,C00357,2025-04-30,marketplace,credit_card,,21.98,7,delivered,3
A01220,C00360,2025-04-30,marketplace,credit_card,,35.97,12,delivered,
A01221,C00880,2025-04-30,app,credit_card,,21.72,9,delivered,4
A01222,C01483,2025-04-30,marketplace,credit_card,,21.57,7,delivered,4
A01223,C01734,2025-04-30,site,credit_card,,23.54,11,delivered,3
A01224,C01774,2025-04-30,site,credit_card,,13.05,4,delivered,5
A01225,C01901,2025-04-30,marketplace,credit_card,,28.4,5,delivered,5
A01226,C02041,2025-04-30,app,credit_card,,25.08,12,delivered,
A01227,C02531,2025-04-30,app,pix,,16.78,3,delivered,
A01228,C02541,2025-04-30,site,credit_card,BEMVINDO10,22.89,11,delivered,3
A01229,C02813,2025-04-30,app,credit_card,BEMVINDO10,17.93,6,delivered,
A01230,C02961,2025-04-30,app,pix,,16.89,8,returned,
A01231,C02970,2025-04-30,app,pix,BEMVINDO10,22.41,9,delivered,4
A01232,C03002,2025-04-30,marketplace,pix,,29.57,11,delivered,3
A01233,C03253,2025-04-30,app,pix,,18.97,2,delivered,4
A01234,C04160,2025-04-30,app,credit_card,,11.6,,canceled,
A01235,C04243,2025-04-30,app,credit_card,,14.23,4,delivered,5
A01236,C04384,2025-04-30,marketplace,pix,,13.23,3,delivered,5
A01237,C04724,2025-04-30,site,credit_card,,12.86,7,delivered,5
A01238,C00624,2025-05-01,site,pix,BEMVINDO10,32.18,7,delivered,
A01239,C00708,2025-05-01,marketplace,credit_card,AURORA20,12.44,,canceled,
A01240,C00880,2025-05-01,site,credit_card,,16.72,3,delivered,
A01241,C00923,2025-05-01,site,pix,,29.56,13,delivered,
A01242,C01004,2025-05-01,app,credit_card,,28.25,8,delivered,3
A01243,C01116,2025-05-01,marketplace,pix,,13.19,4,delivered,
A01244,C01202,2025-05-01,app,credit_card,,24.6,9,delivered,5
A01245,C01330,2025-05-01,app,pix,,10.61,3,delivered,5
A01246,C01803,2025-05-01,app,pix,,8.8,14,delivered,4
A01247,C01952,2025-05-01,site,credit_card,BEMVINDO10,15.97,2,delivered,
A01248,C02027,2025-05-01,marketplace,credit_card,,19.76,6,delivered,
A01249,C02642,2025-05-01,app,credit_card,AURORA20,14.43,2,delivered,
A01250,C04759,2025-05-01,site,pix,,11.49,6,delivered,
A01251,C04888,2025-05-01,site,credit_card,AURORA20,14.96,5,delivered,5
A01252,C00040,2025-05-02,site,pix,,15.57,4,delivered,5
A01253,C00684,2025-05-02,marketplace,credit_card,,26.01,5,delivered,4
A01254,C00941,2025-05-02,app,boleto,AURORA20,15.52,4,delivered,4
A01255,C01219,2025-05-02,marketplace,boleto,,26.94,11,delivered,
A01256,C01238,2025-05-02,app,credit_card,,15.6,7,delivered,5
A01257,C01532,2025-05-02,app,credit_card,,18.37,2,delivered,
A01258,C01556,2025-05-02,site,pix,,22.52,15,delivered,3
A01259,C01656,2025-05-02,site,pix,,11.29,,canceled,
A01260,C01723,2025-05-02,site,boleto,,21.9,8,delivered,5
A01261,C02094,2025-05-02,app,pix,,37.99,16,returned,
A01262,C03326,2025-05-02,site,pix,,25.7,24,delivered,
A01263,C03393,2025-05-02,marketplace,credit_card,,14.27,7,delivered,4
A01264,C03571,2025-05-02,app,credit_card,AURORA20,13.52,3,delivered,4
A01265,C03809,2025-05-02,marketplace,credit_card,,34.31,9,delivered,
A01266,C04052,2025-05-02,site,pix,,10.84,3,delivered,4
A01267,C04239,2025-05-02,site,pix,,14.93,8,delivered,3
A01268,C04967,2025-05-02,site,credit_card,AURORA20,22.77,8,delivered,4
A01269,C00018,2025-05-03,site,pix,,22.81,8,delivered,4
A01270,C00032,2025-05-03,app,credit_card,,13.39,4,delivered,
A01271,C00100,2025-05-03,app,boleto,,25.23,9,delivered,4
A01272,C00796,2025-05-03,marketplace,pix,,20.04,9,delivered,3
A01273,C01693,2025-05-03,app,pix,,40.42,6,delivered,5
A01274,C02092,2025-05-03,app,credit_card,,27.17,9,delivered,
A01275,C02337,2025-05-03,app,pix,,15.64,6,delivered,5
A01276,C02572,2025-05-03,marketplace,credit_card,,15.9,2,delivered,4
A01277,C03220,2025-05-03,site,credit_card,,12.8,5,delivered,3
A01278,C03388,2025-05-03,app,pix,AURORA20,13.42,7,delivered,5
A01279,C03410,2025-05-03,app,pix,,27.4,9,delivered,5
A01280,C03500,2025-05-03,site,pix,,11.9,4,delivered,5
A01281,C03571,2025-05-03,app,pix,,15.4,4,delivered,5
A01282,C03606,2025-05-03,app,boleto,,34.62,24,delivered,2
A01283,C03653,2025-05-03,site,pix,,9.69,1,delivered,5
A01284,C03963,2025-05-03,marketplace,pix,BEMVINDO10,11.87,2,delivered,
A01285,C04101,2025-05-03,marketplace,credit_card,,17.82,3,delivered,5
A01286,C04451,2025-05-03,app,boleto,,17.55,2,delivered,5
A01287,C04611,2025-05-03,app,pix,,23.23,9,delivered,
A01288,C00044,2025-05-04,site,credit_card,,12.41,6,delivered,4
A01289,C00474,2025-05-04,site,credit_card,,12.81,4,delivered,5
A01290,C00629,2025-05-04,marketplace,credit_card,,16.03,3,delivered,
A01291,C00888,2025-05-04,site,credit_card,,15.56,5,delivered,5
A01292,C01072,2025-05-04,site,pix,,42.37,8,delivered,
A01293,C01180,2025-05-04,marketplace,credit_card,BEMVINDO10,22.25,7,delivered,
A01294,C01491,2025-05-04,app,pix,AURORA20,19.06,4,delivered,5
A01295,C01828,2025-05-04,marketplace,credit_card,,32.95,8,delivered,4
A01296,C01887,2025-05-04,site,boleto,,12.26,3,delivered,
A01297,C02059,2025-05-04,site,credit_card,AURORA20,13.24,7,delivered,
A01298,C02394,2025-05-04,marketplace,credit_card,,25.88,5,delivered,4
A01299,C02482,2025-05-04,app,credit_card,,14.02,4,delivered,
A01300,C02543,2025-05-04,site,credit_card,,19.09,8,delivered,4
A01301,C02810,2025-05-04,site,boleto,,12.61,4,delivered,5
A01302,C03169,2025-05-04,marketplace,pix,BEMVINDO10,13.87,6,delivered,
A01303,C03412,2025-05-04,marketplace,credit_card,BEMVINDO10,28.94,13,delivered,3
A01304,C04323,2025-05-04,app,pix,AURORA20,13.12,4,delivered,5
A01305,C00086,2025-05-05,site,pix,,14.12,3,returned,
A01306,C01134,2025-05-05,marketplace,credit_card,BEMVINDO10,22.29,8,delivered,5
A01307,C01319,2025-05-05,marketplace,credit_card,,12.69,5,delivered,3
A01308,C01457,2025-05-05,site,credit_card,,12.3,5,delivered,4
A01309,C02616,2025-05-05,site,credit_card,,12.25,6,delivered,5
A01310,C02740,2025-05-05,site,pix,,12.99,4,delivered,
A01311,C02826,2025-05-05,app,credit_card,,12.65,4,delivered,5
A01312,C03284,2025-05-05,app,credit_card,,9.8,3,delivered,
A01313,C03314,2025-05-05,marketplace,credit_card,,16.25,4,delivered,5
A01314,C03492,2025-05-05,site,credit_card,,25.49,14,delivered,4
A01315,C03565,2025-05-05,site,credit_card,,12.64,5,delivered,5
A01316,C03613,2025-05-05,site,pix,,19.0,6,delivered,5
A01317,C04099,2025-05-05,app,credit_card,BEMVINDO10,11.52,,canceled,
A01318,C04962,2025-05-05,marketplace,credit_card,AURORA20,11.04,5,delivered,5
A01319,C01109,2025-05-06,site,pix,BEMVINDO10,29.17,15,delivered,4
A01320,C01282,2025-05-06,site,credit_card,BEMVINDO10,27.61,8,delivered,
A01321,C01471,2025-05-06,app,pix,,13.77,3,delivered,5
A01322,C01597,2025-05-06,app,credit_card,,38.53,12,delivered,3
A01323,C01657,2025-05-06,site,credit_card,AURORA20,33.6,21,delivered,
A01324,C01876,2025-05-06,marketplace,credit_card,,17.14,8,delivered,5
A01325,C02030,2025-05-06,app,credit_card,,12.29,4,delivered,4
A01326,C02062,2025-05-06,app,credit_card,,13.93,3,delivered,5
A01327,C02103,2025-05-06,site,pix,,13.48,2,delivered,5
A01328,C02352,2025-05-06,site,credit_card,,10.75,6,delivered,4
A01329,C03831,2025-05-06,app,credit_card,AURORA20,28.63,7,delivered,
A01330,C03949,2025-05-06,app,credit_card,,25.36,11,returned,
A01331,C04391,2025-05-06,app,credit_card,,16.11,2,delivered,
A01332,C04594,2025-05-06,app,credit_card,,14.47,4,delivered,5
A01333,C04998,2025-05-06,site,pix,BEMVINDO10,25.97,7,delivered,4
A01334,C00040,2025-05-07,site,pix,,16.55,5,delivered,3
A01335,C00077,2025-05-07,marketplace,pix,,16.54,5,delivered,4
A01336,C00201,2025-05-07,app,credit_card,,14.2,6,delivered,
A01337,C01616,2025-05-07,site,credit_card,AURORA20,29.14,12,returned,
A01338,C01731,2025-05-07,site,credit_card,,22.89,5,delivered,
A01339,C02278,2025-05-07,site,pix,,26.74,6,delivered,5
A01340,C02335,2025-05-07,marketplace,pix,,26.85,9,delivered,
A01341,C02470,2025-05-07,site,boleto,BEMVINDO10,31.04,8,delivered,5
A01342,C03162,2025-05-07,marketplace,pix,AURORA20,13.76,1,delivered,5
A01343,C03576,2025-05-07,site,credit_card,,15.9,7,delivered,4
A01344,C03934,2025-05-07,app,boleto,,29.55,13,returned,
A01345,C04218,2025-05-07,marketplace,credit_card,,12.09,6,delivered,
A01346,C04455,2025-05-07,marketplace,pix,AURORA20,13.58,4,delivered,5
A01347,C04849,2025-05-07,site,credit_card,BEMVINDO10,27.4,4,delivered,4
A01348,C00073,2025-05-08,site,pix,,23.7,13,delivered,
A01349,C00330,2025-05-08,app,pix,,13.73,4,delivered,5
A01350,C00331,2025-05-08,site,credit_card,,19.21,5,delivered,
A01351,C00362,2025-05-08,site,credit_card,,15.3,8,delivered,
A01352,C00400,2025-05-08,marketplace,credit_card,,13.62,8,delivered,
A01353,C00428,2025-05-08,app,pix,,11.14,5,delivered,4
A01354,C00476,2025-05-08,app,credit_card,,30.37,9,delivered,4
A01355,C00654,2025-05-08,site,boleto,,27.75,,canceled,
A01356,C00901,2025-05-08,site,pix,,21.04,5,delivered,4
A01357,C01123,2025-05-08,app,boleto,,13.51,2,delivered,5
A01358,C01205,2025-05-08,site,credit_card,,34.81,10,delivered,3
A01359,C01391,2025-05-08,site,credit_card,,11.5,4,delivered,5
A01360,C01502,2025-05-08,site,credit_card,,16.13,3,delivered,4
A01361,C02130,2025-05-08,app,pix,,15.59,2,delivered,4
A01362,C03014,2025-05-08,marketplace,pix,,16.87,8,delivered,
A01363,C03022,2025-05-08,site,boleto,,10.5,5,delivered,4
A01364,C03059,2025-05-08,site,credit_card,,13.74,4,delivered,5
A01365,C04141,2025-05-08,marketplace,pix,,17.84,4,delivered,5
A01366,C04412,2025-05-08,site,credit_card,,16.58,5,delivered,4
A01367,C04415,2025-05-08,app,pix,,24.69,10,delivered,3
A01368,C04454,2025-05-08,app,credit_card,,21.76,12,delivered,3
A01369,C04527,2025-05-08,site,pix,,26.77,5,delivered,4
A01370,C04903,2025-05-08,marketplace,credit_card,,14.71,2,delivered,
A01371,C00029,2025-05-09,app,pix,,31.64,,canceled,
A01372,C00029,2025-05-09,site,pix,,21.98,9,delivered,4
A01373,C00178,2025-05-09,site,pix,,15.13,2,delivered,
A01374,C00294,2025-05-09,app,pix,,14.63,4,delivered,
A01375,C00650,2025-05-09,site,pix,,13.77,5,delivered,4
A01376,C00682,2025-05-09,marketplace,boleto,AURORA20,14.19,5,delivered,4
A01377,C00759,2025-05-09,app,credit_card,,17.85,2,delivered,5
A01378,C00768,2025-05-09,site,credit_card,,17.19,4,delivered,5
A01379,C01655,2025-05-09,site,credit_card,,16.39,6,delivered,3
A01380,C01816,2025-05-09,app,credit_card,,34.14,7,delivered,
A01381,C02145,2025-05-09,app,credit_card,,25.91,14,delivered,
A01382,C02170,2025-05-09,site,credit_card,BEMVINDO10,18.23,2,delivered,5
A01383,C02375,2025-05-09,app,credit_card,,15.02,5,delivered,5
A01384,C02432,2025-05-09,site,credit_card,,15.42,5,delivered,5
A01385,C02436,2025-05-09,app,credit_card,,13.97,6,delivered,
A01386,C02528,2025-05-09,site,boleto,FRETEGRATIS,0.0,4,delivered,3
A01387,C03610,2025-05-09,marketplace,credit_card,AURORA20,12.42,8,delivered,
A01388,C03927,2025-05-09,app,pix,,10.15,2,delivered,4
A01389,C04087,2025-05-09,site,credit_card,AURORA20,13.56,2,delivered,
A01390,C04268,2025-05-09,marketplace,credit_card,,16.02,6,delivered,
A01391,C04547,2025-05-09,marketplace,credit_card,BEMVINDO10,14.29,,canceled,
A01392,C04607,2025-05-09,app,pix,AURORA20,12.31,,canceled,
A01393,C00574,2025-05-10,site,credit_card,,31.15,14,delivered,2
A01394,C01542,2025-05-10,app,pix,,15.11,3,delivered,
A01395,C01865,2025-05-10,site,pix,,27.4,6,delivered,4
A01396,C02220,2025-05-10,marketplace,boleto,,25.51,11,delivered,4
A01397,C02351,2025-05-10,marketplace,credit_card,,27.53,9,delivered,5
A01398,C02367,2025-05-10,site,pix,BEMVINDO10,15.19,4,delivered,
A01399,C02439,2025-05-10,app,credit_card,BEMVINDO10,15.28,10,delivered,5
A01400,C02615,2025-05-10,app,credit_card,,14.63,6,delivered,
A01401,C02632,2025-05-10,site,pix,,24.27,8,delivered,4
A01402,C02642,2025-05-10,app,pix,,17.77,5,delivered,5
A01403,C02891,2025-05-10,marketplace,credit_card,,27.13,5,delivered,5
A01404,C02903,2025-05-10,site,boleto,,20.56,6,delivered,5
A01405,C04475,2025-05-10,site,pix,,13.34,3,delivered,5
A01406,C04554,2025-05-10,marketplace,credit_card,,39.6,10,delivered,4
A01407,C00297,2025-05-11,site,credit_card,AURORA20,33.44,10,delivered,4
A01408,C00672,2025-05-11,app,credit_card,,14.48,,canceled,
A01409,C01815,2025-05-11,site,pix,AURORA20,24.91,10,delivered,
A01410,C02685,2025-05-11,app,credit_card,,26.8,8,delivered,3
A01411,C02763,2025-05-11,site,credit_card,,9.79,3,delivered,4
A01412,C03694,2025-05-11,marketplace,pix,,28.57,19,returned,
A01413,C03959,2025-05-11,app,pix,,19.49,4,delivered,5
A01414,C03982,2025-05-11,marketplace,pix,,16.14,5,delivered,5
A01415,C04167,2025-05-11,site,credit_card,,16.97,7,delivered,
A01416,C04669,2025-05-11,site,credit_card,AURORA20,31.22,6,delivered,4
A01417,C04812,2025-05-11,app,credit_card,AURORA20,32.56,22,delivered,3
A01418,C00356,2025-05-12,app,boleto,,15.07,3,delivered,
A01419,C00521,2025-05-12,site,credit_card,,20.51,8,delivered,5
A01420,C00522,2025-05-12,marketplace,pix,,29.11,15,delivered,4
A01421,C00891,2025-05-12,site,credit_card,,27.56,7,delivered,3
A01422,C01212,2025-05-12,marketplace,pix,,27.3,6,delivered,5
A01423,C01351,2025-05-12,app,pix,,13.31,6,delivered,5
A01424,C02113,2025-05-12,marketplace,boleto,,29.93,,canceled,
A01425,C02186,2025-05-12,site,pix,,20.47,5,delivered,4
A01426,C02270,2025-05-12,site,credit_card,,13.24,6,delivered,5
A01427,C02806,2025-05-12,app,credit_card,BEMVINDO10,14.1,4,delivered,
A01428,C02876,2025-05-12,app,credit_card,,30.3,19,returned,
A01429,C02967,2025-05-12,marketplace,credit_card,BEMVINDO10,18.17,4,delivered,
A01430,C03024,2025-05-12,site,pix,,28.88,14,delivered,4
A01431,C03541,2025-05-12,site,pix,,20.75,6,delivered,5
A01432,C03773,2025-05-12,app,credit_card,,22.86,7,delivered,5
A01433,C03818,2025-05-12,app,pix,AURORA20,19.05,11,delivered,
A01434,C04220,2025-05-12,app,credit_card,,10.68,7,delivered,4
A01435,C04302,2025-05-12,site,credit_card,,15.9,4,delivered,5
A01436,C04439,2025-05-12,marketplace,credit_card,BEMVINDO10,30.1,5,delivered,4
A01437,C04468,2025-05-12,site,pix,,10.97,3,delivered,5
A01438,C04564,2025-05-12,app,credit_card,FRETEGRATIS,0.0,3,delivered,4
A01439,C04893,2025-05-12,app,boleto,,7.68,4,delivered,
A01440,C00422,2025-05-13,site,credit_card,BEMVINDO10,14.51,6,delivered,4
A01441,C00761,2025-05-13,marketplace,credit_card,,10.05,8,delivered,
A01442,C00866,2025-05-13,marketplace,pix,,27.15,,canceled,
A01443,C01074,2025-05-13,app,credit_card,BEMVINDO10,17.97,3,delivered,5
A01444,C01126,2025-05-13,app,credit_card,,15.91,1,delivered,
A01445,C01330,2025-05-13,site,boleto,,14.51,5,delivered,5
A01446,C01968,2025-05-13,marketplace,credit_card,,25.81,12,delivered,5
A01447,C02172,2025-05-13,app,pix,,16.31,3,delivered,4
A01448,C03261,2025-05-13,marketplace,pix,,10.92,4,delivered,5
A01449,C03337,2025-05-13,app,credit_card,,21.21,15,delivered,
A01450,C03867,2025-05-13,app,credit_card,,19.85,4,delivered,5
A01451,C03920,2025-05-13,site,boleto,,24.57,,canceled,
A01452,C03936,2025-05-13,app,credit_card,AURORA20,19.74,4,delivered,5
A01453,C04294,2025-05-13,app,credit_card,,25.94,10,delivered,5
A01454,C04360,2025-05-13,app,boleto,,24.87,12,delivered,
A01455,C04724,2025-05-13,site,pix,,13.8,4,delivered,4
A01456,C04978,2025-05-13,site,credit_card,,13.23,3,delivered,
A01457,C00192,2025-05-14,app,pix,,13.73,4,delivered,4
A01458,C00414,2025-05-14,site,pix,,29.3,12,delivered,
A01459,C00621,2025-05-14,site,credit_card,BEMVINDO10,19.36,12,delivered,
A01460,C01005,2025-05-14,app,pix,,13.8,4,delivered,5
A01461,C01130,2025-05-14,marketplace,boleto,AURORA20,31.41,8,delivered,3
A01462,C02123,2025-05-14,app,credit_card,AURORA20,13.15,3,delivered,5
A01463,C02580,2025-05-14,site,pix,,10.86,2,delivered,4
A01464,C02663,2025-05-14,site,pix,,13.59,4,delivered,4
A01465,C02884,2025-05-14,app,pix,,14.94,1,delivered,
A01466,C03658,2025-05-14,marketplace,pix,,34.43,15,delivered,3
A01467,C04418,2025-05-14,app,pix,,13.19,4,delivered,5
A01468,C04574,2025-05-14,site,credit_card,,12.75,4,delivered,5
A01469,C00341,2025-05-15,site,credit_card,,14.17,2,delivered,5
A01470,C00977,2025-05-15,site,credit_card,,13.74,1,delivered,
A01471,C01402,2025-05-15,site,credit_card,,22.38,8,delivered,5
A01472,C01480,2025-05-15,marketplace,pix,BEMVINDO10,18.95,5,delivered,5
A01473,C02455,2025-05-15,app,pix,,16.71,4,delivered,4
A01474,C02718,2025-05-15,site,credit_card,,27.03,5,delivered,3
A01475,C03234,2025-05-15,app,pix,,14.78,6,delivered,5
A01476,C03239,2025-05-15,site,pix,,11.91,4,delivered,
A01477,C03278,2025-05-15,site,pix,,17.17,3,delivered,5
A01478,C03534,2025-05-15,app,credit_card,,15.18,3,delivered,4
A01479,C03724,2025-05-15,site,credit_card,AURORA20,9.91,3,returned,
A01480,C04474,2025-05-15,site,pix,,13.85,6,delivered,4
A01481,C04599,2025-05-15,marketplace,pix,,18.26,4,delivered,5
A01482,C04934,2025-05-15,app,pix,,26.57,6,delivered,5
A01483,C00010,2025-05-16,site,credit_card,,15.35,3,delivered,4
A01484,C00261,2025-05-16,site,credit_card,,33.6,11,delivered,
A01485,C00576,2025-05-16,site,pix,,16.01,2,delivered,3
A01486,C00758,2025-05-16,app,pix,AURORA20,13.47,3,delivered,5
A01487,C01167,2025-05-16,app,pix,,10.47,4,delivered,4
A01488,C01388,2025-05-16,marketplace,pix,,23.92,6,delivered,
A01489,C02448,2025-05-16,marketplace,credit_card,AURORA20,15.23,3,delivered,5
A01490,C02969,2025-05-16,app,pix,,22.12,5,delivered,
A01491,C03158,2025-05-16,site,boleto,,13.16,6,delivered,
A01492,C03557,2025-05-16,marketplace,credit_card,BEMVINDO10,27.07,2,delivered,5
A01493,C03793,2025-05-16,site,boleto,,18.64,5,delivered,5
A01494,C04249,2025-05-16,marketplace,credit_card,,18.01,8,delivered,5
A01495,C04562,2025-05-16,marketplace,credit_card,,10.6,6,returned,
A01496,C04916,2025-05-16,app,credit_card,,14.22,7,delivered,4
A01497,C01360,2025-05-17,marketplace,credit_card,,18.04,3,delivered,4
A01498,C01464,2025-05-17,site,pix,,14.94,10,delivered,4
A01499,C01606,2025-05-17,marketplace,boleto,,14.43,2,delivered,5
A01500,C01872,2025-05-17,app,pix,AURORA20,14.45,4,delivered,4
A01501,C02153,2025-05-17,marketplace,pix,,16.86,4,delivered,
A01502,C02553,2025-05-17,site,pix,,13.27,7,delivered,4
A01503,C02915,2025-05-17,site,pix,BEMVINDO10,13.16,5,delivered,5
A01504,C03332,2025-05-17,app,credit_card,,21.14,8,delivered,4
A01505,C03667,2025-05-17,site,credit_card,,15.9,5,delivered,
A01506,C04412,2025-05-17,site,credit_card,,20.12,6,delivered,4
A01507,C04839,2025-05-17,app,pix,,14.74,4,delivered,4
A01508,C04924,2025-05-17,site,pix,,14.82,6,delivered,4
A01509,C00390,2025-05-18,site,pix,AURORA20,21.35,,canceled,
A01510,C00401,2025-05-18,marketplace,credit_card,,11.99,5,delivered,3
A01511,C00774,2025-05-18,site,credit_card,,20.9,3,delivered,5
A01512,C01152,2025-05-18,app,credit_card,,12.06,4,delivered,
A01513,C01531,2025-05-18,site,pix,BEMVINDO10,25.26,5,delivered,
A01514,C01867,2025-05-18,app,pix,,15.8,3,delivered,3
A01515,C03153,2025-05-18,site,boleto,,25.14,9,delivered,3
A01516,C04150,2025-05-18,site,credit_card,,11.26,3,delivered,
A01517,C00156,2025-05-19,app,boleto,,19.87,,canceled,
A01518,C00612,2025-05-19,site,pix,,31.43,13,delivered,4
A01519,C00655,2025-05-19,site,credit_card,BEMVINDO10,13.39,5,delivered,
A01520,C01674,2025-05-19,site,boleto,,16.33,4,delivered,
A01521,C01677,2025-05-19,site,pix,AURORA20,15.79,3,delivered,
A01522,C02786,2025-05-19,marketplace,pix,,14.66,9,delivered,5
A01523,C02952,2025-05-19,marketplace,credit_card,,12.37,1,delivered,5
A01524,C03619,2025-05-19,marketplace,pix,BEMVINDO10,17.43,2,delivered,5
A01525,C03688,2025-05-19,marketplace,pix,,23.71,19,delivered,3
A01526,C03895,2025-05-19,site,pix,,28.42,15,delivered,
A01527,C04138,2025-05-19,site,pix,,28.42,11,returned,
A01528,C04396,2025-05-19,app,pix,,26.04,7,delivered,3
A01529,C04443,2025-05-19,site,credit_card,,12.63,2,delivered,
A01530,C04693,2025-05-19,app,credit_card,,13.43,2,delivered,3
A01531,C04943,2025-05-19,marketplace,pix,,44.7,12,delivered,4
A01532,C00106,2025-05-20,marketplace,credit_card,BEMVINDO10,14.44,4,delivered,5
A01533,C00292,2025-05-20,marketplace,credit_card,,32.42,17,delivered,4
A01534,C00360,2025-05-20,marketplace,credit_card,,36.88,9,delivered,3
A01535,C01281,2025-05-20,site,pix,,12.83,4,delivered,4
A01536,C01314,2025-05-20,app,credit_card,FRETEGRATIS,0.0,5,delivered,
A01537,C02047,2025-05-20,site,pix,,22.32,5,delivered,5
A01538,C02531,2025-05-20,site,boleto,,11.4,2,delivered,
A01539,C02591,2025-05-20,site,pix,,13.8,7,delivered,
A01540,C03255,2025-05-20,app,credit_card,,19.11,4,delivered,5
A01541,C03335,2025-05-20,site,pix,,29.21,12,delivered,3
A01542,C03389,2025-05-20,marketplace,credit_card,,29.62,10,delivered,4
A01543,C03441,2025-05-20,site,pix,BEMVINDO10,11.39,5,delivered,5
A01544,C03762,2025-05-20,app,credit_card,,14.03,5,returned,
A01545,C04233,2025-05-20,app,credit_card,FRETEGRATIS,0.0,20,delivered,
A01546,C00700,2025-05-21,site,credit_card,AURORA20,14.18,7,delivered,
A01547,C00777,2025-05-21,app,pix,,12.96,6,delivered,4
A01548,C01398,2025-05-21,site,credit_card,FRETEGRATIS,0.0,4,delivered,
A01549,C01664,2025-05-21,marketplace,credit_card,,22.13,9,delivered,4
A01550,C02339,2025-05-21,app,boleto,AURORA20,28.61,9,delivered,5
A01551,C02741,2025-05-21,app,pix,,12.7,5,delivered,5
A01552,C02875,2025-05-21,app,pix,AURORA20,16.95,3,delivered,
A01553,C03284,2025-05-21,app,credit_card,AURORA20,16.84,5,delivered,3
A01554,C03910,2025-05-21,app,pix,,22.41,14,returned,
A01555,C04561,2025-05-21,marketplace,pix,,14.99,7,delivered,5
A01556,C04563,2025-05-21,app,credit_card,,19.76,6,delivered,4
A01557,C00061,2025-05-22,site,pix,,12.34,3,delivered,
A01558,C00075,2025-05-22,marketplace,pix,,36.04,12,delivered,3
A01559,C00941,2025-05-22,marketplace,credit_card,,12.82,2,delivered,
A01560,C01107,2025-05-22,site,credit_card,,32.39,10,delivered,
A01561,C01368,2025-05-22,app,credit_card,,17.85,3,delivered,4
A01562,C01803,2025-05-22,app,pix,,21.25,8,delivered,4
A01563,C01860,2025-05-22,app,pix,BEMVINDO10,29.09,19,delivered,2
A01564,C02311,2025-05-22,app,credit_card,AURORA20,29.06,13,delivered,3
A01565,C02554,2025-05-22,app,credit_card,,13.76,3,delivered,4
A01566,C03041,2025-05-22,app,pix,,30.4,16,delivered,2
A01567,C03746,2025-05-22,marketplace,pix,AURORA20,19.3,4,delivered,5
A01568,C03833,2025-05-22,site,boleto,AURORA20,21.48,5,delivered,
A01569,C04063,2025-05-22,app,credit_card,,28.77,9,delivered,4
A01570,C04142,2025-05-22,app,credit_card,,17.53,5,delivered,5
A01571,C04697,2025-05-22,app,pix,AURORA20,19.45,8,delivered,
A01572,C04855,2025-05-22,site,pix,,9.93,2,delivered,5
A01573,C00225,2025-05-23,site,pix,BEMVINDO10,26.41,16,delivered,3
A01574,C00721,2025-05-23,app,credit_card,,21.96,5,delivered,
A01575,C01487,2025-05-23,app,credit_card,AURORA20,28.15,10,delivered,
A01576,C01570,2025-05-23,app,credit_card,,14.53,3,delivered,4
A01577,C01875,2025-05-23,site,credit_card,,15.25,4,delivered,
A01578,C02046,2025-05-23,marketplace,pix,AURORA20,29.22,6,delivered,4
A01579,C02510,2025-05-23,site,credit_card,,20.45,5,delivered,4
A01580,C02532,2025-05-23,site,boleto,,13.57,,canceled,
A01581,C02642,2025-05-23,app,pix,,13.39,2,delivered,4
A01582,C02701,2025-05-23,marketplace,pix,,16.56,1,delivered,5
A01583,C03606,2025-05-23,app,pix,,35.41,18,delivered,2
A01584,C03832,2025-05-23,site,pix,,17.44,3,delivered,4
A01585,C04095,2025-05-23,site,pix,,27.77,10,returned,
A01586,C04227,2025-05-23,app,credit_card,,13.4,4,delivered,4
A01587,C04316,2025-05-23,site,credit_card,,29.88,11,returned,
A01588,C04873,2025-05-23,site,pix,,24.96,6,delivered,5
A01589,C00597,2025-05-24,app,pix,AURORA20,22.41,,canceled,
A01590,C00684,2025-05-24,app,credit_card,,19.18,9,delivered,5
A01591,C00691,2025-05-24,app,boleto,,27.83,15,delivered,4
A01592,C00757,2025-05-24,app,credit_card,,25.56,11,delivered,4
A01593,C01330,2025-05-24,app,boleto,,13.04,2,delivered,5
A01594,C01339,2025-05-24,site,credit_card,,10.44,6,delivered,5
A01595,C01732,2025-05-24,site,credit_card,,14.83,4,delivered,
A01596,C01884,2025-05-24,marketplace,credit_card,,32.64,7,delivered,5
A01597,C02287,2025-05-24,site,credit_card,BEMVINDO10,14.02,4,delivered,5
A01598,C02786,2025-05-24,app,credit_card,,20.47,5,delivered,4
A01599,C02905,2025-05-24,app,pix,BEMVINDO10,12.03,3,delivered,3
A01600,C03234,2025-05-24,app,boleto,,13.34,4,delivered,5
A01601,C03365,2025-05-24,app,credit_card,,11.14,3,delivered,5
A01602,C03410,2025-05-24,app,pix,AURORA20,21.13,6,delivered,4
A01603,C03570,2025-05-24,site,credit_card,AURORA20,15.83,2,delivered,5
A01604,C03610,2025-05-24,app,credit_card,,15.38,4,delivered,5
A01605,C03655,2025-05-24,site,pix,,12.14,5,delivered,5
A01606,C03779,2025-05-24,app,credit_card,,21.68,10,delivered,5
A01607,C04216,2025-05-24,marketplace,pix,,11.93,2,delivered,5
A01608,C04490,2025-05-24,marketplace,credit_card,,15.3,5,delivered,
A01609,C04504,2025-05-24,app,pix,,16.58,4,delivered,4
A01610,C04714,2025-05-24,site,credit_card,,30.28,11,delivered,3
A01611,C04776,2025-05-24,marketplace,boleto,BEMVINDO10,23.53,6,delivered,
A01612,C00040,2025-05-25,site,credit_card,AURORA20,12.24,2,delivered,5
A01613,C00113,2025-05-25,app,credit_card,,22.84,8,delivered,4
A01614,C00494,2025-05-25,site,credit_card,,15.04,4,delivered,
A01615,C00533,2025-05-25,app,pix,,15.94,6,delivered,5
A01616,C00581,2025-05-25,app,pix,,14.27,3,delivered,4
A01617,C00820,2025-05-25,site,credit_card,,13.41,1,delivered,4
A01618,C00900,2025-05-25,site,pix,,13.07,3,delivered,
A01619,C01395,2025-05-25,site,pix,,14.06,5,delivered,4
A01620,C02093,2025-05-25,marketplace,credit_card,BEMVINDO10,25.5,7,returned,
A01621,C02161,2025-05-25,site,credit_card,,18.74,6,delivered,5
A01622,C02168,2025-05-25,marketplace,credit_card,,13.68,4,delivered,
A01623,C02270,2025-05-25,site,pix,,15.39,5,delivered,5
A01624,C02304,2025-05-25,marketplace,pix,,13.27,6,delivered,5
A01625,C02552,2025-05-25,site,credit_card,FRETEGRATIS,0.0,12,delivered,2
A01626,C03446,2025-05-25,site,credit_card,,16.95,3,delivered,
A01627,C03560,2025-05-25,site,credit_card,AURORA20,13.69,4,delivered,5
A01628,C03677,2025-05-25,site,credit_card,AURORA20,12.83,6,delivered,5
A01629,C03682,2025-05-25,site,credit_card,AURORA20,17.32,4,delivered,3
A01630,C00239,2025-05-26,app,pix,,22.29,7,delivered,4
A01631,C00601,2025-05-26,marketplace,pix,,11.86,3,delivered,5
A01632,C00809,2025-05-26,marketplace,boleto,,8.38,3,delivered,5
A01633,C01263,2025-05-26,site,pix,AURORA20,15.6,4,delivered,4
A01634,C01311,2025-05-26,site,pix,AURORA20,17.82,5,delivered,
A01635,C01350,2025-05-26,site,pix,,31.4,9,delivered,4
A01636,C02340,2025-05-26,site,pix,,37.27,8,delivered,4
A01637,C02449,2025-05-26,marketplace,boleto,BEMVINDO10,25.23,12,delivered,4
A01638,C03239,2025-05-26,site,credit_card,,16.03,2,delivered,
A01639,C03423,2025-05-26,app,boleto,,13.62,,canceled,
A01640,C03529,2025-05-26,marketplace,credit_card,,28.62,5,delivered,5
A01641,C03701,2025-05-26,marketplace,pix,,8.7,7,delivered,4
A01642,C03818,2025-05-26,app,boleto,AURORA20,13.67,3,delivered,4
A01643,C04015,2025-05-26,marketplace,boleto,,14.59,8,delivered,
A01644,C04142,2025-05-26,site,credit_card,AURORA20,18.92,5,delivered,5
A01645,C04426,2025-05-26,marketplace,boleto,,31.98,7,delivered,
A01646,C04760,2025-05-26,site,credit_card,BEMVINDO10,14.71,2,delivered,5
A01647,C04914,2025-05-26,app,credit_card,FRETEGRATIS,0.0,6,delivered,5
A01648,C00599,2025-05-27,app,boleto,,12.73,6,delivered,4
A01649,C00749,2025-05-27,app,pix,,14.22,4,delivered,
A01650,C00950,2025-05-27,app,boleto,,13.81,2,delivered,4
A01651,C01928,2025-05-27,marketplace,credit_card,,26.64,14,delivered,3
A01652,C02016,2025-05-27,site,credit_card,,14.52,3,delivered,
A01653,C02040,2025-05-27,marketplace,pix,,24.01,9,delivered,
A01654,C02293,2025-05-27,site,credit_card,,19.66,6,delivered,
A01655,C02507,2025-05-27,marketplace,credit_card,AURORA20,15.45,4,delivered,4
A01656,C02695,2025-05-27,marketplace,credit_card,BEMVINDO10,15.53,4,delivered,4
A01657,C02709,2025-05-27,app,credit_card,,26.04,10,delivered,4
A01658,C03016,2025-05-27,marketplace,credit_card,,13.16,4,delivered,5
A01659,C03048,2025-05-27,site,credit_card,,12.29,3,delivered,
A01660,C03308,2025-05-27,site,credit_card,,22.01,10,delivered,
A01661,C03673,2025-05-27,site,pix,BEMVINDO10,24.5,6,delivered,5
A01662,C03924,2025-05-27,site,credit_card,AURORA20,28.78,9,delivered,4
A01663,C04221,2025-05-27,marketplace,credit_card,,16.15,4,delivered,4
A01664,C04602,2025-05-27,marketplace,credit_card,AURORA20,29.24,16,delivered,3
A01665,C04896,2025-05-27,site,boleto,BEMVINDO10,32.37,25,delivered,
A01666,C04917,2025-05-27,marketplace,pix,AURORA20,22.11,3,delivered,5
A01667,C00163,2025-05-28,app,credit_card,AURORA20,31.0,22,delivered,
A01668,C00531,2025-05-28,marketplace,pix,,13.78,3,delivered,5
A01669,C01349,2025-05-28,marketplace,credit_card,,12.94,4,delivered,5
A01670,C01674,2025-05-28,marketplace,pix,,14.0,3,delivered,5
A01671,C01909,2025-05-28,site,pix,,25.26,16,delivered,3
A01672,C01967,2025-05-28,site,pix,,17.18,2,delivered,5
A01673,C02356,2025-05-28,site,pix,BEMVINDO10,10.58,3,delivered,4
A01674,C02796,2025-05-28,marketplace,pix,,15.36,5,delivered,5
A01675,C02827,2025-05-28,marketplace,credit_card,,19.66,3,delivered,4
A01676,C03119,2025-05-28,app,pix,,33.72,7,delivered,
A01677,C03121,2025-05-28,app,pix,,15.4,4,delivered,
A01678,C03281,2025-05-28,site,pix,,17.42,8,delivered,3
A01679,C03324,2025-05-28,site,pix,,18.53,5,delivered,5
A01680,C03410,2025-05-28,app,credit_card,,22.25,9,delivered,5
A01681,C03460,2025-05-28,app,credit_card,,29.49,9,delivered,
A01682,C04013,2025-05-28,app,pix,,39.69,14,delivered,4
A01683,C00211,2025-05-29,marketplace,pix,,14.68,6,delivered,4
A01684,C00303,2025-05-29,site,credit_card,BEMVINDO10,31.05,8,delivered,5
A01685,C00346,2025-05-29,site,pix,,13.91,3,delivered,
A01686,C00779,2025-05-29,site,pix,,15.1,3,delivered,
A01687,C00795,2025-05-29,app,pix,,23.34,14,delivered,4
A01688,C01063,2025-05-29,marketplace,credit_card,,31.75,10,delivered,4
A01689,C01216,2025-05-29,app,credit_card,,15.96,3,delivered,
A01690,C02526,2025-05-29,app,pix,,21.21,4,delivered,5
A01691,C02640,2025-05-29,site,credit_card,BEMVINDO10,27.06,15,delivered,
A01692,C02795,2025-05-29,app,credit_card,AURORA20,33.23,20,delivered,
A01693,C03448,2025-05-29,site,credit_card,AURORA20,18.47,6,delivered,
A01694,C03519,2025-05-29,site,credit_card,,15.49,2,delivered,5
A01695,C03574,2025-05-29,app,credit_card,,12.54,4,delivered,4
A01696,C04137,2025-05-29,app,credit_card,AURORA20,14.65,5,delivered,
A01697,C04313,2025-05-29,site,boleto,AURORA20,13.67,3,delivered,4
A01698,C04516,2025-05-29,site,pix,,18.17,5,delivered,4
A01699,C04808,2025-05-29,marketplace,credit_card,,12.95,4,delivered,5
A01700,C00072,2025-05-30,marketplace,boleto,,30.31,9,delivered,
A01701,C00356,2025-05-30,app,credit_card,,11.56,6,delivered,5
A01702,C00962,2025-05-30,app,credit_card,BEMVINDO10,23.21,9,delivered,
A01703,C01104,2025-05-30,app,pix,AURORA20,13.11,5,delivered,4
A01704,C01670,2025-05-30,app,pix,BEMVINDO10,28.86,6,delivered,
A01705,C01749,2025-05-30,app,credit_card,,27.17,8,delivered,4
A01706,C03012,2025-05-30,site,boleto,,14.51,8,delivered,4
A01707,C03114,2025-05-30,app,boleto,,23.04,4,delivered,4
A01708,C03227,2025-05-30,site,credit_card,,33.03,13,returned,
A01709,C04450,2025-05-30,marketplace,credit_card,AURORA20,23.09,7,delivered,4
A01710,C04643,2025-05-30,app,credit_card,,11.15,2,delivered,5
A01711,C04900,2025-05-30,app,pix,,15.69,3,delivered,3
A01712,C00909,2025-05-31,site,pix,,29.51,18,returned,
A01713,C01124,2025-05-31,site,pix,,40.43,20,delivered,2
A01714,C01729,2025-05-31,site,credit_card,,22.71,7,returned,
A01715,C02319,2025-05-31,marketplace,pix,,16.1,3,delivered,5
A01716,C02357,2025-05-31,site,credit_card,AURORA20,36.26,8,delivered,4
A01717,C03339,2025-05-31,app,pix,,12.83,3,delivered,
A01718,C03504,2025-05-31,app,pix,,15.53,5,delivered,
A01719,C03589,2025-05-31,app,credit_card,,13.16,4,delivered,
A01720,C04583,2025-05-31,app,credit_card,,18.31,,canceled,
A01721,C04831,2025-05-31,marketplace,credit_card,,14.23,4,delivered,5
A01722,C04971,2025-05-31,site,pix,BEMVINDO10,19.7,10,delivered,4
A01723,C01490,2025-06-01,marketplace,credit_card,AURORA20,29.21,14,delivered,3
A01724,C01765,2025-06-01,site,credit_card,,15.23,8,delivered,5
A01725,C01822,2025-06-01,site,pix,AURORA20,14.13,3,delivered,4
A01726,C02032,2025-06-01,app,credit_card,,18.87,3,delivered,5
A01727,C02200,2025-06-01,marketplace,credit_card,,23.47,6,delivered,5
A01728,C03535,2025-06-01,marketplace,credit_card,AURORA20,11.85,3,delivered,5
A01729,C04667,2025-06-01,site,pix,,12.76,4,delivered,5
A01730,C04743,2025-06-01,app,credit_card,,12.49,,canceled,
A01731,C00109,2025-06-02,app,credit_card,AURORA20,21.48,6,delivered,4
A01732,C00118,2025-06-02,site,pix,,28.64,21,delivered,2
A01733,C00249,2025-06-02,marketplace,pix,AURORA20,29.08,18,delivered,3
A01734,C00779,2025-06-02,site,pix,,11.95,3,delivered,5
A01735,C01803,2025-06-02,app,credit_card,AURORA20,15.72,5,delivered,5
A01736,C02377,2025-06-02,app,credit_card,,20.41,7,delivered,5
A01737,C02935,2025-06-02,app,pix,,13.87,5,delivered,4
A01738,C03762,2025-06-02,app,credit_card,,14.93,4,delivered,5
A01739,C04187,2025-06-02,site,pix,,15.03,4,delivered,
A01740,C04393,2025-06-02,app,pix,,26.64,16,delivered,3
A01741,C04457,2025-06-02,marketplace,pix,BEMVINDO10,12.25,4,delivered,
A01742,C00402,2025-06-03,site,credit_card,,32.84,17,delivered,3
A01743,C00763,2025-06-03,app,credit_card,,17.74,4,delivered,4
A01744,C00783,2025-06-03,app,credit_card,BEMVINDO10,15.42,5,delivered,4
A01745,C00879,2025-06-03,site,pix,,32.6,12,delivered,
A01746,C00965,2025-06-03,site,credit_card,,11.75,4,delivered,
A01747,C01197,2025-06-03,site,boleto,AURORA20,17.34,,canceled,
A01748,C01294,2025-06-03,site,credit_card,BEMVINDO10,17.27,3,delivered,
A01749,C01690,2025-06-03,app,pix,AURORA20,27.47,11,delivered,4
A01750,C02084,2025-06-03,marketplace,credit_card,,46.57,13,delivered,
A01751,C02893,2025-06-03,marketplace,credit_card,AURORA20,31.89,23,delivered,
A01752,C03275,2025-06-03,site,credit_card,BEMVINDO10,15.3,4,delivered,
A01753,C03673,2025-06-03,site,credit_card,,24.34,4,delivered,5
A01754,C03691,2025-06-03,site,pix,,17.83,6,delivered,5
A01755,C03901,2025-06-03,app,pix,,13.94,4,delivered,
A01756,C03907,2025-06-03,site,pix,,27.36,11,delivered,
A01757,C04399,2025-06-03,app,credit_card,BEMVINDO10,31.18,9,delivered,5
A01758,C04400,2025-06-03,site,pix,AURORA20,15.9,8,delivered,4
A01759,C04787,2025-06-03,site,credit_card,,41.52,14,delivered,
A01760,C04914,2025-06-03,app,boleto,,17.7,4,delivered,4
A01761,C04956,2025-06-03,app,pix,,21.57,12,delivered,3
A01762,C00436,2025-06-04,site,pix,AURORA20,17.76,4,delivered,
A01763,C01095,2025-06-04,site,pix,,17.36,3,delivered,5
A01764,C01498,2025-06-04,marketplace,pix,,23.37,16,delivered,3
A01765,C01596,2025-06-04,marketplace,credit_card,,15.84,5,delivered,
A01766,C01681,2025-06-04,site,pix,BEMVINDO10,22.76,11,delivered,
A01767,C01697,2025-06-04,site,pix,BEMVINDO10,16.38,6,delivered,4
A01768,C01730,2025-06-04,site,boleto,AURORA20,28.44,,canceled,
A01769,C01889,2025-06-04,app,pix,,32.33,13,delivered,4
A01770,C02149,2025-06-04,site,pix,AURORA20,15.39,6,delivered,
A01771,C02393,2025-06-04,site,credit_card,AURORA20,35.46,11,returned,
A01772,C02577,2025-06-04,app,pix,,31.79,10,delivered,4
A01773,C03058,2025-06-04,site,credit_card,,18.73,5,delivered,4
A01774,C03230,2025-06-04,app,credit_card,BEMVINDO10,21.13,5,delivered,4
A01775,C03265,2025-06-04,site,boleto,,9.71,4,delivered,5
A01776,C03367,2025-06-04,marketplace,pix,AURORA20,29.73,10,delivered,3
A01777,C03485,2025-06-04,site,credit_card,,33.01,15,delivered,2
A01778,C04085,2025-06-04,app,credit_card,,25.26,24,returned,
A01779,C04151,2025-06-04,site,credit_card,,21.21,7,returned,
A01780,C04160,2025-06-04,app,pix,,12.66,4,delivered,5
A01781,C04549,2025-06-04,marketplace,credit_card,BEMVINDO10,38.51,,canceled,
A01782,C04751,2025-06-04,site,credit_card,,16.63,6,delivered,
A01783,C04766,2025-06-04,app,credit_card,,15.7,6,delivered,5
A01784,C04927,2025-06-04,app,credit_card,,22.3,5,delivered,5
A01785,C00142,2025-06-05,app,pix,,24.01,19,delivered,3
A01786,C00192,2025-06-05,app,pix,,20.05,3,delivered,
A01787,C00560,2025-06-05,app,pix,,21.04,2,delivered,5
A01788,C00648,2025-06-05,app,credit_card,BEMVINDO10,9.66,2,delivered,
A01789,C00847,2025-06-05,app,pix,AURORA20,17.75,5,delivered,5
A01790,C00942,2025-06-05,marketplace,pix,,17.75,3,returned,
A01791,C02368,2025-06-05,site,credit_card,,12.89,2,delivered,4
A01792,C02443,2025-06-05,marketplace,pix,BEMVINDO10,16.75,3,delivered,5
A01793,C02828,2025-06-05,marketplace,credit_card,,10.98,4,delivered,4
A01794,C03231,2025-06-05,app,credit_card,BEMVINDO10,24.33,12,delivered,4
A01795,C03850,2025-06-05,site,pix,,17.49,3,delivered,5
A01796,C03939,2025-06-05,app,credit_card,,15.22,3,delivered,5
A01797,C04649,2025-06-05,site,credit_card,,18.98,4,delivered,5
A01798,C04893,2025-06-05,app,credit_card,,11.02,2,delivered,4
A01799,C00448,2025-06-06,marketplace,pix,,9.45,4,delivered,
A01800,C00827,2025-06-06,app,credit_card,,17.35,11,delivered,3
A01801,C01486,2025-06-06,app,credit_card,,11.82,3,delivered,3
A01802,C02391,2025-06-06,marketplace,credit_card,BEMVINDO10,25.6,15,delivered,5
A01803,C02932,2025-06-06,app,pix,,15.3,4,delivered,
A01804,C03209,2025-06-06,site,boleto,BEMVINDO10,11.77,8,delivered,
A01805,C03561,2025-06-06,app,pix,BEMVINDO10,34.5,16,delivered,4
A01806,C03734,2025-06-06,app,boleto,AURORA20,20.25,8,delivered,4
A01807,C03894,2025-06-06,site,pix,AURORA20,15.49,7,delivered,5
A01808,C04310,2025-06-06,site,credit_card,BEMVINDO10,32.56,7,delivered,5
A01809,C04322,2025-06-06,app,credit_card,,14.56,,canceled,
A01810,C04537,2025-06-06,site,pix,,11.15,4,delivered,5
A01811,C00201,2025-06-07,app,credit_card,FRETEGRATIS,0.0,4,delivered,4
A01812,C00269,2025-06-07,site,credit_card,,13.63,4,delivered,4
A01813,C00428,2025-06-07,site,pix,FRETEGRATIS,0.0,7,delivered,3
A01814,C00447,2025-06-07,app,pix,AURORA20,12.74,4,delivered,4
A01815,C00813,2025-06-07,app,pix,,28.14,8,delivered,5
A01816,C01319,2025-06-07,app,pix,,21.94,,canceled,
A01817,C01337,2025-06-07,site,credit_card,BEMVINDO10,27.5,,canceled,
A01818,C01931,2025-06-07,app,pix,,19.73,8,delivered,5
A01819,C02063,2025-06-07,app,pix,AURORA20,16.54,,canceled,
A01820,C02348,2025-06-07,site,pix,AURORA20,20.47,11,delivered,3
A01821,C02407,2025-06-07,site,pix,,18.35,8,delivered,
A01822,C02844,2025-06-07,site,boleto,,32.22,10,delivered,4
A01823,C03142,2025-06-07,site,credit_card,AURORA20,13.55,2,delivered,4
A01824,C03321,2025-06-07,site,pix,,13.43,3,delivered,4
A01825,C03679,2025-06-07,site,credit_card,,11.03,3,delivered,
A01826,C04052,2025-06-07,site,credit_card,,13.49,5,delivered,5
A01827,C04509,2025-06-07,app,boleto,,17.17,,canceled,
A01828,C04599,2025-06-07,marketplace,pix,AURORA20,20.49,5,delivered,4
A01829,C04774,2025-06-07,site,pix,,17.17,3,delivered,
A01830,C04806,2025-06-07,site,credit_card,,34.87,19,delivered,4
A01831,C04914,2025-06-07,app,credit_card,,19.83,4,delivered,5
A01832,C01607,2025-06-08,app,pix,,19.22,7,delivered,3
A01833,C01759,2025-06-08,marketplace,pix,BEMVINDO10,28.42,13,delivered,
A01834,C03000,2025-06-08,marketplace,pix,,13.97,2,delivered,4
A01835,C03457,2025-06-08,marketplace,boleto,,26.76,11,delivered,4
A01836,C03536,2025-06-08,app,credit_card,,12.49,5,delivered,5
A01837,C03787,2025-06-08,app,pix,,14.63,5,delivered,5
A01838,C03813,2025-06-08,app,pix,,12.29,6,delivered,5
A01839,C03854,2025-06-08,marketplace,pix,,13.7,3,delivered,
A01840,C04870,2025-06-08,app,pix,,16.54,6,delivered,4
A01841,C00046,2025-06-09,app,credit_card,,26.12,22,delivered,2
A01842,C00084,2025-06-09,marketplace,credit_card,,13.13,6,delivered,5
A01843,C00392,2025-06-09,app,credit_card,,25.7,8,delivered,5
A01844,C00569,2025-06-09,app,credit_card,,13.47,4,delivered,5
A01845,C00613,2025-06-09,site,credit_card,,16.6,7,delivered,3
A01846,C00911,2025-06-09,marketplace,credit_card,,14.87,3,delivered,5
A01847,C01058,2025-06-09,site,credit_card,,16.76,4,delivered,5
A01848,C01070,2025-06-09,site,pix,AURORA20,15.92,4,delivered,
A01849,C01376,2025-06-09,marketplace,credit_card,BEMVINDO10,22.81,9,delivered,4
A01850,C02496,2025-06-09,marketplace,pix,,9.1,6,delivered,5
A01851,C02715,2025-06-09,app,credit_card,,12.14,5,delivered,
A01852,C03062,2025-06-09,app,credit_card,,33.99,11,delivered,5
A01853,C03760,2025-06-09,app,boleto,,30.67,14,delivered,4
A01854,C04835,2025-06-09,marketplace,credit_card,BEMVINDO10,11.93,3,delivered,
A01855,C00022,2025-06-10,marketplace,pix,BEMVINDO10,15.91,3,delivered,5
A01856,C00196,2025-06-10,site,boleto,AURORA20,15.03,2,delivered,
A01857,C00763,2025-06-10,app,pix,,12.86,3,delivered,5
A01858,C01088,2025-06-10,app,credit_card,,38.09,9,delivered,3
A01859,C01166,2025-06-10,app,credit_card,,13.99,6,delivered,5
A01860,C01696,2025-06-10,app,pix,AURORA20,17.65,5,delivered,
A01861,C01862,2025-06-10,site,credit_card,,34.71,11,delivered,
A01862,C01874,2025-06-10,site,pix,,16.74,2,delivered,5
A01863,C02980,2025-06-10,app,credit_card,,30.57,13,returned,
A01864,C03051,2025-06-10,site,pix,BEMVINDO10,13.3,3,delivered,4
A01865,C03808,2025-06-10,marketplace,boleto,,31.64,9,delivered,4
A01866,C04157,2025-06-10,marketplace,credit_card,,30.5,10,delivered,
A01867,C04392,2025-06-10,site,credit_card,,16.88,11,delivered,4
A01868,C04395,2025-06-10,site,pix,,14.03,2,delivered,4
A01869,C04884,2025-06-10,site,pix,BEMVINDO10,17.8,3,delivered,4
A01870,C00346,2025-06-11,site,pix,,15.5,4,delivered,5
A01871,C01140,2025-06-11,site,credit_card,,16.21,5,delivered,
A01872,C01438,2025-06-11,app,pix,,21.56,9,delivered,3
A01873,C01516,2025-06-11,site,boleto,,20.75,9,delivered,5
A01874,C01588,2025-06-11,marketplace,pix,AURORA20,26.23,6,delivered,3
A01875,C01855,2025-06-11,app,pix,BEMVINDO10,25.1,12,delivered,5
A01876,C02068,2025-06-11,app,pix,,11.93,3,delivered,5
A01877,C02322,2025-06-11,site,pix,BEMVINDO10,18.82,5,delivered,
A01878,C02833,2025-06-11,site,credit_card,,12.02,5,delivered,5
A01879,C03171,2025-06-11,site,pix,BEMVINDO10,17.78,8,delivered,
A01880,C03456,2025-06-11,site,credit_card,,22.35,9,delivered,4
A01881,C04103,2025-06-11,app,credit_card,,32.98,28,delivered,2
A01882,C04104,2025-06-11,app,pix,,11.78,3,delivered,4
A01883,C04190,2025-06-11,site,credit_card,,20.47,5,returned,
A01884,C04249,2025-06-11,marketplace,credit_card,,17.09,9,delivered,5
A01885,C04390,2025-06-11,app,pix,AURORA20,19.12,4,delivered,5
A01886,C00026,2025-06-12,site,pix,,29.31,18,delivered,
A01887,C00064,2025-06-12,app,credit_card,,31.8,7,delivered,4
A01888,C00328,2025-06-12,marketplace,credit_card,,16.4,3,delivered,5
A01889,C00387,2025-06-12,site,credit_card,,10.82,5,delivered,4
A01890,C01238,2025-06-12,app,pix,,20.02,3,delivered,5
A01891,C01658,2025-06-12,site,pix,,13.43,3,delivered,5
A01892,C01667,2025-06-12,site,pix,,11.81,3,delivered,5
A01893,C02215,2025-06-12,app,pix,,17.12,3,delivered,5
A01894,C02370,2025-06-12,marketplace,credit_card,,13.58,6,delivered,4
A01895,C02565,2025-06-12,site,pix,AURORA20,16.45,4,delivered,5
A01896,C02725,2025-06-12,app,pix,,24.37,10,delivered,4
A01897,C02873,2025-06-12,app,boleto,,14.09,,canceled,
A01898,C03103,2025-06-12,site,credit_card,,23.53,7,delivered,4
A01899,C03105,2025-06-12,site,credit_card,,21.34,3,delivered,
A01900,C03143,2025-06-12,site,boleto,AURORA20,19.46,3,delivered,
A01901,C03224,2025-06-12,site,pix,,30.61,10,delivered,
A01902,C03234,2025-06-12,app,pix,,11.5,1,delivered,
A01903,C03609,2025-06-12,app,credit_card,,26.77,13,delivered,4
A01904,C03689,2025-06-12,app,boleto,,15.53,11,delivered,4
A01905,C03883,2025-06-12,marketplace,credit_card,,39.48,12,delivered,4
A01906,C03908,2025-06-12,app,pix,,13.84,4,delivered,5
A01907,C03996,2025-06-12,app,pix,AURORA20,13.47,8,delivered,5
A01908,C04255,2025-06-12,site,credit_card,,23.19,7,delivered,4
A01909,C04344,2025-06-12,site,boleto,AURORA20,18.54,7,delivered,
A01910,C04474,2025-06-12,site,credit_card,AURORA20,14.22,4,delivered,5
A01911,C04659,2025-06-12,app,pix,BEMVINDO10,14.43,5,delivered,4
A01912,C04912,2025-06-12,marketplace,pix,,21.22,6,delivered,3
A01913,C00300,2025-06-13,marketplace,credit_card,,26.92,15,delivered,4
A01914,C00319,2025-06-13,site,credit_card,AURORA20,15.75,5,delivered,
A01915,C00567,2025-06-13,marketplace,pix,,30.36,,canceled,
A01916,C00979,2025-06-13,marketplace,pix,,12.37,4,delivered,5
A01917,C01387,2025-06-13,site,pix,BEMVINDO10,21.41,5,delivered,
A01918,C02298,2025-06-13,marketplace,credit_card,,16.89,7,delivered,4
A01919,C02499,2025-06-13,site,pix,AURORA20,22.46,4,delivered,5
A01920,C02546,2025-06-13,site,credit_card,,25.66,4,delivered,5
A01921,C03362,2025-06-13,marketplace,pix,,15.95,3,delivered,
A01922,C03939,2025-06-13,app,pix,AURORA20,14.43,4,delivered,4
A01923,C04064,2025-06-13,marketplace,credit_card,,12.46,3,delivered,5
A01924,C04093,2025-06-13,app,pix,,15.33,4,delivered,
A01925,C04280,2025-06-13,app,credit_card,,30.23,7,delivered,
A01926,C04722,2025-06-13,site,pix,BEMVINDO10,13.66,3,delivered,5
A01927,C04803,2025-06-13,marketplace,credit_card,AURORA20,14.94,1,delivered,5
A01928,C00272,2025-06-14,site,credit_card,AURORA20,18.38,4,delivered,4
A01929,C00370,2025-06-14,app,pix,,22.57,6,delivered,
A01930,C01200,2025-06-14,app,credit_card,BEMVINDO10,24.85,8,delivered,
A01931,C02105,2025-06-14,site,credit_card,,12.5,7,delivered,3
A01932,C02117,2025-06-14,marketplace,credit_card,AURORA20,17.97,5,delivered,
A01933,C02270,2025-06-14,site,pix,AURORA20,11.77,5,delivered,
A01934,C02308,2025-06-14,site,pix,,34.96,17,returned,
A01935,C02450,2025-06-14,marketplace,boleto,,16.07,3,delivered,
A01936,C02682,2025-06-14,app,pix,,13.31,3,delivered,4
A01937,C02789,2025-06-14,site,pix,,15.78,2,delivered,5
A01938,C03191,2025-06-14,site,boleto,,15.09,5,delivered,
A01939,C04296,2025-06-14,app,pix,,18.25,4,delivered,4
A01940,C04581,2025-06-14,site,pix,AURORA20,27.18,10,delivered,
A01941,C00035,2025-06-15,marketplace,credit_card,,25.83,12,delivered,3
A01942,C00064,2025-06-15,app,pix,,28.54,28,delivered,2
A01943,C00065,2025-06-15,site,pix,,11.78,5,delivered,4
A01944,C00176,2025-06-15,site,pix,,13.4,4,delivered,4
A01945,C00401,2025-06-15,marketplace,credit_card,,11.41,2,delivered,
A01946,C00538,2025-06-15,site,credit_card,,27.39,16,delivered,4
A01947,C00655,2025-06-15,site,pix,FRETEGRATIS,0.0,4,delivered,4
A01948,C00703,2025-06-15,app,pix,,20.36,6,delivered,5
A01949,C00949,2025-06-15,site,credit_card,,33.3,9,delivered,3
A01950,C01175,2025-06-15,site,credit_card,AURORA20,28.49,11,delivered,4
A01951,C01228,2025-06-15,site,credit_card,,19.63,7,delivered,4
A01952,C01555,2025-06-15,marketplace,pix,,16.85,5,delivered,5
A01953,C02375,2025-06-15,app,pix,AURORA20,14.17,5,delivered,4
A01954,C02453,2025-06-15,marketplace,credit_card,,30.6,9,delivered,
A01955,C02699,2025-06-15,site,credit_card,AURORA20,23.05,6,delivered,5
A01956,C04520,2025-06-15,app,pix,AURORA20,17.57,4,returned,
A01957,C04588,2025-06-15,app,pix,,15.73,2,delivered,4
A01958,C04914,2025-06-15,app,pix,,21.02,5,delivered,
A01959,C00290,2025-06-16,app,pix,,16.56,2,delivered,5
A01960,C00479,2025-06-16,marketplace,credit_card,AURORA20,13.78,6,delivered,3
A01961,C01238,2025-06-16,site,pix,,23.8,6,delivered,4
A01962,C01545,2025-06-16,site,pix,AURORA20,15.33,4,delivered,4
A01963,C01899,2025-06-16,site,pix,BEMVINDO10,13.17,3,delivered,5
A01964,C01979,2025-06-16,site,credit_card,AURORA20,14.85,5,delivered,4
A01965,C02207,2025-06-16,app,pix,,15.96,3,delivered,5
A01966,C02312,2025-06-16,site,pix,,23.48,8,delivered,
A01967,C02592,2025-06-16,site,pix,,12.73,4,delivered,4
A01968,C03045,2025-06-16,site,credit_card,BEMVINDO10,22.21,,canceled,
A01969,C03250,2025-06-16,app,credit_card,BEMVINDO10,15.68,4,delivered,5
A01970,C03318,2025-06-16,app,pix,,17.76,5,delivered,
A01971,C03476,2025-06-16,site,pix,,11.75,,canceled,
A01972,C03672,2025-06-16,site,pix,BEMVINDO10,31.14,15,delivered,
A01973,C03676,2025-06-16,site,credit_card,,35.92,20,delivered,2
A01974,C04232,2025-06-16,site,credit_card,,14.53,3,delivered,5
A01975,C04465,2025-06-16,marketplace,pix,,25.69,15,delivered,3
A01976,C04913,2025-06-16,marketplace,credit_card,,14.81,,canceled,
A01977,C00338,2025-06-17,site,credit_card,,23.23,12,delivered,4
A01978,C00802,2025-06-17,marketplace,pix,,11.74,2,delivered,5
A01979,C01067,2025-06-17,app,pix,,29.6,17,delivered,3
A01980,C01270,2025-06-17,app,credit_card,,28.82,14,delivered,
A01981,C01491,2025-06-17,app,pix,,13.98,,canceled,
A01982,C01502,2025-06-17,app,pix,,9.93,4,delivered,5
A01983,C02159,2025-06-17,site,pix,AURORA20,14.98,3,delivered,
A01984,C02597,2025-06-17,site,credit_card,,17.35,3,delivered,4
A01985,C03531,2025-06-17,site,credit_card,,14.07,3,delivered,4
A01986,C03813,2025-06-17,app,pix,,15.16,5,delivered,5
A01987,C03943,2025-06-17,site,credit_card,,23.54,7,delivered,4
A01988,C04198,2025-06-17,site,credit_card,,11.02,3,delivered,
A01989,C04724,2025-06-17,site,boleto,,13.8,4,delivered,
A01990,C04733,2025-06-17,site,credit_card,,18.0,5,delivered,
A01991,C00201,2025-06-18,app,credit_card,,14.24,,canceled,
A01992,C00808,2025-06-18,site,credit_card,,15.31,5,delivered,5
A01993,C01534,2025-06-18,marketplace,credit_card,AURORA20,23.17,4,delivered,5
A01994,C01690,2025-06-18,app,credit_card,AURORA20,26.42,11,delivered,4
A01995,C01876,2025-06-18,site,credit_card,AURORA20,12.75,,canceled,
A01996,C02263,2025-06-18,site,boleto,,25.66,20,delivered,4
A01997,C02320,2025-06-18,site,credit_card,AURORA20,31.36,6,delivered,4
A01998,C03131,2025-06-18,marketplace,pix,,23.09,7,delivered,
A01999,C03471,2025-06-18,app,boleto,,17.98,7,delivered,5
A02000,C03944,2025-06-18,marketplace,boleto,BEMVINDO10,12.24,4,delivered,
A02001,C04087,2025-06-18,site,pix,,14.5,1,delivered,5
A02002,C04263,2025-06-18,site,pix,,15.07,4,delivered,4
A02003,C04666,2025-06-18,app,credit_card,AURORA20,14.83,4,delivered,5
A02004,C00384,2025-06-19,app,pix,,15.45,3,delivered,4
A02005,C01668,2025-06-19,app,pix,,17.36,11,delivered,4
A02006,C02004,2025-06-19,marketplace,pix,,14.14,3,delivered,5
A02007,C02422,2025-06-19,site,pix,,17.72,3,delivered,5
A02008,C02551,2025-06-19,site,pix,,34.71,12,delivered,3
A02009,C03050,2025-06-19,site,credit_card,,17.27,5,delivered,
A02010,C03211,2025-06-19,marketplace,boleto,,19.15,4,delivered,
A02011,C04010,2025-06-19,app,credit_card,,18.7,3,delivered,
A02012,C04207,2025-06-19,site,credit_card,,29.06,10,delivered,3
A02013,C04452,2025-06-19,app,pix,BEMVINDO10,8.69,5,delivered,4
A02014,C04646,2025-06-19,marketplace,credit_card,,15.55,2,delivered,4
A02015,C04906,2025-06-19,app,boleto,,39.05,14,delivered,
A02016,C00547,2025-06-20,site,pix,,11.72,3,delivered,5
A02017,C00822,2025-06-20,marketplace,pix,,13.46,6,delivered,5
A02018,C01129,2025-06-20,app,credit_card,BEMVINDO10,29.88,16,delivered,4
A02019,C01210,2025-06-20,site,credit_card,AURORA20,12.02,3,delivered,4
A02020,C01436,2025-06-20,marketplace,pix,,15.25,7,delivered,
A02021,C01788,2025-06-20,marketplace,credit_card,,25.25,5,delivered,4
A02022,C02097,2025-06-20,site,credit_card,BEMVINDO10,17.87,4,delivered,5
A02023,C02410,2025-06-20,site,pix,AURORA20,26.97,16,delivered,
A02024,C02428,2025-06-20,site,pix,,20.06,9,delivered,4
A02025,C02538,2025-06-20,app,pix,AURORA20,11.21,3,delivered,4
A02026,C02621,2025-06-20,marketplace,pix,BEMVINDO10,29.35,11,delivered,
A02027,C02988,2025-06-20,app,pix,BEMVINDO10,32.24,13,delivered,3
A02028,C03430,2025-06-20,app,credit_card,,18.68,5,delivered,4
A02029,C04434,2025-06-20,app,credit_card,,24.26,22,returned,
A02030,C04588,2025-06-20,app,pix,,15.36,3,delivered,
A02031,C00348,2025-06-21,site,pix,,14.79,,canceled,
A02032,C00721,2025-06-21,app,pix,AURORA20,18.54,3,delivered,
A02033,C01142,2025-06-21,app,credit_card,AURORA20,13.99,4,delivered,5
A02034,C01361,2025-06-21,app,boleto,,15.1,3,delivered,5
A02035,C02129,2025-06-21,site,pix,,27.24,,canceled,
A02036,C02643,2025-06-21,app,credit_card,,13.42,4,delivered,5
A02037,C02855,2025-06-21,site,pix,,29.27,,canceled,
A02038,C03487,2025-06-21,marketplace,pix,AURORA20,27.13,24,delivered,
A02039,C04511,2025-06-21,site,boleto,,21.51,4,delivered,4
A02040,C04732,2025-06-21,marketplace,credit_card,,17.5,4,delivered,
A02041,C00285,2025-06-22,app,pix,,27.36,8,delivered,5
A02042,C00642,2025-06-22,app,pix,,20.05,2,delivered,4
A02043,C00656,2025-06-22,app,credit_card,,22.85,2,delivered,4
A02044,C00656,2025-06-22,app,pix,,17.84,6,delivered,5
A02045,C00658,2025-06-22,app,pix,,25.97,9,delivered,5
A02046,C01654,2025-06-22,marketplace,credit_card,,30.97,17,delivered,3
A02047,C01669,2025-06-22,site,credit_card,,27.4,9,delivered,4
A02048,C01728,2025-06-22,site,credit_card,,15.17,2,delivered,
A02049,C01801,2025-06-22,marketplace,credit_card,,24.46,11,delivered,3
A02050,C01856,2025-06-22,marketplace,credit_card,AURORA20,9.55,7,delivered,5
A02051,C02898,2025-06-22,app,pix,,14.56,3,delivered,4
A02052,C02947,2025-06-22,site,credit_card,BEMVINDO10,28.24,7,delivered,4
A02053,C03237,2025-06-22,app,pix,,23.26,28,delivered,1
A02054,C03933,2025-06-22,app,pix,AURORA20,13.16,2,delivered,
A02055,C04028,2025-06-22,site,credit_card,,17.11,1,delivered,
A02056,C04188,2025-06-22,site,credit_card,,22.58,4,delivered,
A02057,C04504,2025-06-22,app,credit_card,,11.09,3,delivered,5
A02058,C00269,2025-06-23,site,boleto,,10.81,3,delivered,
A02059,C00298,2025-06-23,site,boleto,,14.37,2,delivered,5
A02060,C00336,2025-06-23,marketplace,credit_card,,17.67,8,returned,
A02061,C01370,2025-06-23,app,credit_card,,14.91,3,delivered,5
A02062,C01596,2025-06-23,marketplace,credit_card,AURORA20,14.85,6,delivered,5
A02063,C01752,2025-06-23,site,credit_card,,14.31,4,delivered,
A02064,C01883,2025-06-23,marketplace,credit_card,,19.91,8,delivered,5
A02065,C02192,2025-06-23,app,pix,,27.31,11,delivered,
A02066,C02352,2025-06-23,site,pix,,15.26,4,delivered,4
A02067,C02492,2025-06-23,app,credit_card,BEMVINDO10,13.26,3,delivered,4
A02068,C02991,2025-06-23,marketplace,pix,,34.76,20,delivered,
A02069,C04081,2025-06-23,marketplace,pix,AURORA20,30.36,11,delivered,
A02070,C04222,2025-06-23,marketplace,credit_card,,13.8,4,delivered,5
A02071,C04528,2025-06-23,marketplace,boleto,,24.45,3,delivered,5
A02072,C04731,2025-06-23,site,credit_card,AURORA20,11.66,4,delivered,5
A02073,C00335,2025-06-24,site,credit_card,,22.7,5,delivered,3
A02074,C00882,2025-06-24,app,boleto,AURORA20,27.9,4,delivered,5
A02075,C00924,2025-06-24,site,credit_card,AURORA20,14.47,2,delivered,4
A02076,C02742,2025-06-24,site,pix,,32.08,11,delivered,5
A02077,C02886,2025-06-24,app,credit_card,,13.39,5,delivered,5
A02078,C03318,2025-06-24,app,pix,,14.84,4,delivered,5
A02079,C03370,2025-06-24,marketplace,credit_card,,35.59,16,delivered,3
A02080,C03494,2025-06-24,marketplace,credit_card,,13.66,,canceled,
A02081,C03770,2025-06-24,site,pix,,22.48,5,delivered,4
A02082,C03915,2025-06-24,app,pix,,14.3,3,delivered,5
A02083,C04813,2025-06-24,marketplace,credit_card,BEMVINDO10,15.56,5,delivered,4
A02084,C00378,2025-06-25,site,credit_card,BEMVINDO10,10.96,3,delivered,5
A02085,C00519,2025-06-25,marketplace,pix,,16.6,7,returned,
A02086,C00819,2025-06-25,site,boleto,,9.51,4,delivered,5
A02087,C01636,2025-06-25,marketplace,pix,,27.0,6,delivered,3
A02088,C02105,2025-06-25,site,pix,,17.77,4,delivered,4
A02089,C02881,2025-06-25,app,pix,,29.66,10,delivered,
A02090,C03447,2025-06-25,marketplace,boleto,,14.88,9,delivered,5
A02091,C03772,2025-06-25,marketplace,credit_card,,22.25,10,delivered,4
A02092,C03921,2025-06-25,app,pix,,26.8,7,delivered,
A02093,C04484,2025-06-25,site,pix,,16.18,9,delivered,4
A02094,C04677,2025-06-25,site,credit_card,AURORA20,11.19,3,delivered,5
A02095,C04728,2025-06-25,site,credit_card,BEMVINDO10,25.14,16,delivered,
A02096,C04886,2025-06-25,site,credit_card,,20.6,8,delivered,3
A02097,C00027,2025-06-26,marketplace,pix,,26.05,11,delivered,4
A02098,C00170,2025-06-26,app,credit_card,,19.32,7,delivered,
A02099,C00380,2025-06-26,marketplace,credit_card,,16.65,5,delivered,
A02100,C00596,2025-06-26,site,credit_card,,14.13,4,delivered,5
A02101,C01119,2025-06-26,site,credit_card,AURORA20,29.1,17,delivered,4
A02102,C01215,2025-06-26,app,pix,,19.71,7,delivered,5
A02103,C01257,2025-06-26,marketplace,pix,,19.91,6,delivered,
A02104,C02114,2025-06-26,app,credit_card,AURORA20,27.73,13,delivered,3
A02105,C02424,2025-06-26,app,boleto,,22.64,3,delivered,
A02106,C02665,2025-06-26,site,pix,AURORA20,10.78,3,delivered,5
A02107,C02899,2025-06-26,app,pix,AURORA20,9.9,2,delivered,
A02108,C02989,2025-06-26,marketplace,credit_card,,16.44,4,delivered,4
A02109,C03331,2025-06-26,site,credit_card,AURORA20,17.86,4,delivered,
A02110,C03728,2025-06-26,marketplace,pix,AURORA20,25.66,6,delivered,
A02111,C03787,2025-06-26,app,credit_card,,16.13,3,delivered,5
A02112,C03818,2025-06-26,site,credit_card,,18.75,7,delivered,5
A02113,C04140,2025-06-26,site,pix,BEMVINDO10,29.85,5,delivered,5
A02114,C04564,2025-06-26,app,pix,,16.42,4,delivered,5
A02115,C04838,2025-06-26,app,boleto,AURORA20,24.91,12,delivered,4
A02116,C00452,2025-06-27,site,pix,,29.16,7,delivered,5
A02117,C00610,2025-06-27,app,boleto,,9.37,,canceled,
A02118,C00724,2025-06-27,app,credit_card,,13.54,3,delivered,
A02119,C01250,2025-06-27,marketplace,boleto,,20.67,8,delivered,4
A02120,C01491,2025-06-27,app,credit_card,AURORA20,12.71,3,delivered,4
A02121,C01800,2025-06-27,app,credit_card,,15.05,6,delivered,5
A02122,C01805,2025-06-27,app,pix,,17.04,4,delivered,4
A02123,C02299,2025-06-27,site,credit_card,,17.12,9,delivered,5
A02124,C03285,2025-06-27,site,boleto,AURORA20,22.72,11,delivered,4
A02125,C03583,2025-06-27,app,pix,,22.97,6,delivered,5
A02126,C03799,2025-06-27,app,credit_card,,13.66,4,delivered,
A02127,C03818,2025-06-27,app,credit_card,FRETEGRATIS,0.0,4,delivered,4
A02128,C03851,2025-06-27,app,pix,,9.46,3,delivered,
A02129,C04053,2025-06-27,app,credit_card,,15.56,4,delivered,5
A02130,C04102,2025-06-27,marketplace,pix,,18.2,5,delivered,
A02131,C04305,2025-06-27,site,credit_card,,31.53,9,returned,
A02132,C04309,2025-06-27,site,credit_card,BEMVINDO10,19.53,5,delivered,
A02133,C04996,2025-06-27,site,boleto,,28.32,19,delivered,4
A02134,C00918,2025-06-28,marketplace,pix,BEMVINDO10,23.59,,canceled,
A02135,C01502,2025-06-28,marketplace,pix,,10.3,3,delivered,4
A02136,C01885,2025-06-28,site,credit_card,,17.35,6,delivered,
A02137,C01933,2025-06-28,site,credit_card,,16.76,2,delivered,4
A02138,C01998,2025-06-28,site,credit_card,AURORA20,20.05,7,delivered,
A02139,C02136,2025-06-28,site,credit_card,,15.42,3,delivered,4
A02140,C02214,2025-06-28,app,pix,,15.69,7,delivered,5
A02141,C02459,2025-06-28,site,pix,,26.78,9,delivered,3
A02142,C02468,2025-06-28,site,boleto,,10.69,5,delivered,
A02143,C03812,2025-06-28,site,pix,AURORA20,14.22,3,delivered,5
A02144,C03959,2025-06-28,app,credit_card,,18.39,5,delivered,
A02145,C04299,2025-06-28,app,credit_card,,17.31,4,delivered,
A02146,C04438,2025-06-28,app,pix,,12.61,3,delivered,5
A02147,C04694,2025-06-28,site,credit_card,BEMVINDO10,13.44,3,delivered,4
A02148,C04750,2025-06-28,app,credit_card,,10.0,4,delivered,4
A02149,C00716,2025-06-29,marketplace,credit_card,,31.28,12,delivered,5
A02150,C01230,2025-06-29,marketplace,pix,,28.09,9,delivered,
A02151,C01701,2025-06-29,marketplace,pix,,14.26,4,delivered,
A02152,C02259,2025-06-29,app,credit_card,,26.45,12,delivered,5
A02153,C02798,2025-06-29,site,credit_card,,38.51,8,delivered,5
A02154,C02805,2025-06-29,site,pix,,16.41,7,delivered,5
A02155,C03132,2025-06-29,marketplace,pix,,34.43,6,delivered,4
A02156,C03538,2025-06-29,app,pix,,34.83,9,delivered,5
A02157,C03557,2025-06-29,marketplace,credit_card,,17.81,4,delivered,
A02158,C04313,2025-06-29,site,credit_card,,17.09,4,delivered,5
A02159,C04399,2025-06-29,site,pix,,26.02,11,delivered,5
A02160,C00097,2025-06-30,app,pix,AURORA20,30.91,17,delivered,2
A02161,C00675,2025-06-30,marketplace,credit_card,AURORA20,16.48,7,delivered,4
A02162,C01061,2025-06-30,site,credit_card,,30.17,14,delivered,3
A02163,C01827,2025-06-30,app,pix,AURORA20,23.86,8,delivered,
A02164,C02067,2025-06-30,marketplace,pix,,12.77,5,delivered,5
A02165,C02171,2025-06-30,site,credit_card,,13.43,3,delivered,5
A02166,C02201,2025-06-30,app,pix,,13.9,3,delivered,4
A02167,C02489,2025-06-30,marketplace,pix,,14.9,5,delivered,
A02168,C03020,2025-06-30,site,pix,,17.08,6,delivered,4
A02169,C03166,2025-06-30,site,credit_card,AURORA20,21.3,6,delivered,4
A02170,C03234,2025-06-30,site,credit_card,,15.99,2,delivered,
A02171,C03501,2025-06-30,site,pix,,14.19,5,delivered,5
A02172,C03825,2025-06-30,app,pix,AURORA20,13.11,3,delivered,4
A02173,C03967,2025-06-30,marketplace,credit_card,AURORA20,29.65,10,returned,
A02174,C04044,2025-06-30,site,credit_card,AURORA20,14.02,4,delivered,4
A02175,C04099,2025-06-30,app,credit_card,,16.82,5,delivered,
A02176,C04113,2025-06-30,app,credit_card,AURORA20,10.23,3,delivered,5
A02177,C04932,2025-06-30,app,pix,,17.57,5,delivered,5
A02178,C00355,2025-07-01,site,pix,,12.63,7,delivered,3
A02179,C00563,2025-07-01,app,credit_card,AURORA20,14.31,2,delivered,
A02180,C00829,2025-07-01,site,credit_card,,13.35,6,delivered,4
A02181,C01231,2025-07-01,site,pix,BEMVINDO10,26.37,14,delivered,4
A02182,C01831,2025-07-01,site,boleto,,14.41,5,delivered,
A02183,C01934,2025-07-01,marketplace,boleto,,23.72,10,delivered,5
A02184,C02068,2025-07-01,marketplace,credit_card,,14.75,3,delivered,4
A02185,C02073,2025-07-01,marketplace,credit_card,AURORA20,15.96,8,delivered,5
A02186,C02162,2025-07-01,marketplace,credit_card,AURORA20,36.9,7,delivered,
A02187,C03102,2025-07-01,app,pix,BEMVINDO10,30.7,10,delivered,
A02188,C03157,2025-07-01,site,pix,,10.79,7,delivered,3
A02189,C03205,2025-07-01,marketplace,credit_card,,22.74,15,delivered,3
A02190,C03663,2025-07-01,app,credit_card,,12.29,5,delivered,4
A02191,C03678,2025-07-01,app,credit_card,,16.6,4,delivered,4
A02192,C03873,2025-07-01,site,credit_card,,27.06,11,delivered,4
A02193,C04085,2025-07-01,app,credit_card,FRETEGRATIS,0.0,19,delivered,3
A02194,C04409,2025-07-01,marketplace,credit_card,,10.45,4,delivered,4
A02195,C04518,2025-07-01,app,pix,,15.16,6,delivered,5
A02196,C00260,2025-07-02,app,credit_card,,36.72,30,delivered,1
A02197,C00337,2025-07-02,site,credit_card,,40.63,,canceled,
A02198,C00772,2025-07-02,site,credit_card,,18.13,7,delivered,4
A02199,C01172,2025-07-02,marketplace,pix,,16.63,3,delivered,5
A02200,C01607,2025-07-02,app,credit_card,AURORA20,20.19,6,delivered,5
A02201,C01845,2025-07-02,app,pix,,25.87,12,delivered,3
A02202,C01945,2025-07-02,site,pix,AURORA20,16.04,5,delivered,3
A02203,C02471,2025-07-02,marketplace,pix,,25.41,3,delivered,4
A02204,C03014,2025-07-02,marketplace,boleto,,16.97,11,delivered,5
A02205,C03168,2025-07-02,site,boleto,,16.59,4,returned,
A02206,C03186,2025-07-02,marketplace,credit_card,,35.08,4,delivered,
A02207,C03225,2025-07-02,app,pix,,18.0,3,delivered,
A02208,C03442,2025-07-02,marketplace,pix,,15.06,,canceled,
A02209,C03744,2025-07-02,site,credit_card,,19.18,9,delivered,4
A02210,C03798,2025-07-02,site,credit_card,BEMVINDO10,15.86,5,delivered,4
A02211,C04079,2025-07-02,app,credit_card,,9.72,3,delivered,
A02212,C04470,2025-07-02,site,boleto,BEMVINDO10,34.18,6,delivered,5
A02213,C04523,2025-07-02,app,credit_card,AURORA20,12.82,4,delivered,4
A02214,C04554,2025-07-02,marketplace,pix,,24.02,15,delivered,2
A02215,C04638,2025-07-02,app,credit_card,,31.22,7,delivered,4
A02216,C04811,2025-07-02,app,credit_card,,21.91,13,delivered,
A02217,C00265,2025-07-03,site,credit_card,AURORA20,32.09,15,delivered,
A02218,C01358,2025-07-03,app,credit_card,,16.89,10,delivered,4
A02219,C01676,2025-07-03,site,pix,,13.2,3,delivered,5
A02220,C01834,2025-07-03,marketplace,credit_card,,13.38,4,delivered,5
A02221,C01867,2025-07-03,site,pix,,12.11,5,delivered,
A02222,C02228,2025-07-03,site,credit_card,,16.76,3,delivered,5
A02223,C02417,2025-07-03,app,pix,BEMVINDO10,18.14,8,delivered,
A02224,C02424,2025-07-03,app,credit_card,,24.16,10,delivered,4
A02225,C02997,2025-07-03,app,credit_card,,32.97,9,delivered,
A02226,C03294,2025-07-03,site,pix,,13.86,2,delivered,
A02227,C03456,2025-07-03,site,credit_card,,24.95,13,delivered,3
A02228,C03608,2025-07-03,site,pix,,24.23,5,delivered,
A02229,C03780,2025-07-03,marketplace,pix,,14.18,8,delivered,4
A02230,C03874,2025-07-03,marketplace,pix,,11.29,4,delivered,4
A02231,C03999,2025-07-03,site,credit_card,,18.71,2,delivered,
A02232,C04629,2025-07-03,app,pix,BEMVINDO10,12.73,4,delivered,
A02233,C00024,2025-07-04,site,credit_card,,13.81,5,delivered,5
A02234,C00308,2025-07-04,site,credit_card,AURORA20,23.59,3,delivered,5
A02235,C00471,2025-07-04,app,pix,,20.04,5,delivered,3
A02236,C00483,2025-07-04,site,credit_card,AURORA20,13.31,3,delivered,4
A02237,C00529,2025-07-04,app,credit_card,,14.07,4,delivered,4
A02238,C01083,2025-07-04,site,credit_card,,12.53,6,delivered,4
A02239,C01146,2025-07-04,app,credit_card,AURORA20,13.95,2,delivered,5
A02240,C01423,2025-07-04,app,pix,AURORA20,16.48,4,delivered,5
A02241,C01534,2025-07-04,marketplace,credit_card,,24.24,9,delivered,3
A02242,C03089,2025-07-04,app,pix,,12.46,3,delivered,5
A02243,C03933,2025-07-04,app,credit_card,,15.62,3,delivered,5
A02244,C04015,2025-07-04,marketplace,pix,AURORA20,12.38,4,delivered,4
A02245,C04065,2025-07-04,site,credit_card,,13.38,6,delivered,
A02246,C04463,2025-07-04,app,credit_card,,14.99,4,delivered,5
A02247,C04515,2025-07-04,app,pix,,15.16,10,delivered,4
A02248,C04556,2025-07-04,app,pix,AURORA20,29.25,22,delivered,3
A02249,C04572,2025-07-04,site,credit_card,AURORA20,20.67,6,delivered,4
A02250,C00766,2025-07-05,marketplace,credit_card,,30.38,10,returned,
A02251,C00779,2025-07-05,marketplace,credit_card,,14.85,4,delivered,
A02252,C01206,2025-07-05,marketplace,pix,,12.69,10,delivered,5
A02253,C01672,2025-07-05,app,boleto,,18.37,5,delivered,5
A02254,C01798,2025-07-05,site,credit_card,,16.88,3,delivered,5
A02255,C01986,2025-07-05,marketplace,boleto,,24.18,20,delivered,2
A02256,C02424,2025-07-05,app,pix,,17.98,8,delivered,
A02257,C02442,2025-07-05,site,pix,FRETEGRATIS,0.0,9,delivered,
A02258,C02464,2025-07-05,marketplace,boleto,,12.98,,canceled,
A02259,C02740,2025-07-05,site,pix,,15.89,5,delivered,
A02260,C02757,2025-07-05,marketplace,pix,,10.13,6,delivered,
A02261,C02953,2025-07-05,site,pix,,34.63,13,delivered,
A02262,C03315,2025-07-05,site,credit_card,,24.03,3,delivered,5
A02263,C03556,2025-07-05,site,credit_card,,14.24,1,delivered,5
A02264,C03681,2025-07-05,marketplace,pix,,10.42,3,delivered,5
A02265,C03796,2025-07-05,site,pix,,22.8,3,delivered,
A02266,C04600,2025-07-05,app,boleto,,14.37,3,delivered,4
A02267,C04644,2025-07-05,marketplace,credit_card,,31.32,9,delivered,3
A02268,C04649,2025-07-05,site,pix,,20.21,8,returned,
A02269,C00012,2025-07-06,marketplace,pix,,14.66,5,delivered,4
A02270,C00104,2025-07-06,site,pix,BEMVINDO10,27.08,16,delivered,
A02271,C00472,2025-07-06,app,pix,,13.07,3,delivered,5
A02272,C00543,2025-07-06,site,credit_card,,14.78,4,delivered,
A02273,C01000,2025-07-06,site,credit_card,AURORA20,24.16,4,delivered,5
A02274,C01060,2025-07-06,site,credit_card,,27.0,14,delivered,3
A02275,C01452,2025-07-06,marketplace,credit_card,,25.34,11,delivered,5
A02276,C02412,2025-07-06,app,pix,AURORA20,27.33,9,returned,
A02277,C02790,2025-07-06,site,credit_card,,15.73,3,delivered,4
A02278,C03684,2025-07-06,marketplace,credit_card,,22.84,13,delivered,4
A02279,C04603,2025-07-06,app,boleto,BEMVINDO10,31.23,17,delivered,2
A02280,C04823,2025-07-06,site,credit_card,AURORA20,26.86,16,delivered,
A02281,C00002,2025-07-07,marketplace,boleto,,26.91,9,delivered,4
A02282,C00837,2025-07-07,site,credit_card,,13.06,3,delivered,5
A02283,C00845,2025-07-07,site,pix,,18.94,2,delivered,5
A02284,C01407,2025-07-07,app,credit_card,BEMVINDO10,31.79,15,delivered,3
A02285,C02202,2025-07-07,site,credit_card,,10.11,3,delivered,5
A02286,C02288,2025-07-07,site,pix,AURORA20,24.7,7,delivered,4
A02287,C02329,2025-07-07,marketplace,pix,,21.0,10,delivered,3
A02288,C02408,2025-07-07,app,credit_card,AURORA20,16.4,6,delivered,
A02289,C02737,2025-07-07,marketplace,pix,,16.51,6,delivered,
A02290,C02761,2025-07-07,app,credit_card,,22.74,4,delivered,4
A02291,C02973,2025-07-07,site,boleto,BEMVINDO10,10.95,3,delivered,
A02292,C03067,2025-07-07,app,pix,,27.22,5,delivered,5
A02293,C03076,2025-07-07,app,pix,BEMVINDO10,13.27,5,delivered,4
A02294,C03835,2025-07-07,site,credit_card,,29.76,19,delivered,2
A02295,C03994,2025-07-07,app,pix,,21.99,3,delivered,
A02296,C04401,2025-07-07,marketplace,boleto,,17.63,6,delivered,5
A02297,C04954,2025-07-07,marketplace,credit_card,,29.27,11,delivered,4
A02298,C00030,2025-07-08,marketplace,pix,,19.25,2,delivered,5
A02299,C00093,2025-07-08,app,credit_card,,14.54,5,delivered,3
A02300,C00105,2025-07-08,marketplace,credit_card,,12.31,4,delivered,5
A02301,C00251,2025-07-08,marketplace,credit_card,,15.8,4,delivered,
A02302,C00637,2025-07-08,marketplace,boleto,AURORA20,28.03,6,returned,
A02303,C00982,2025-07-08,marketplace,pix,,14.88,9,delivered,4
A02304,C01179,2025-07-08,app,credit_card,,15.77,4,delivered,4
A02305,C01224,2025-07-08,app,credit_card,,12.92,2,delivered,
A02306,C01755,2025-07-08,app,boleto,AURORA20,12.81,4,delivered,
A02307,C02032,2025-07-08,marketplace,credit_card,,18.34,,canceled,
A02308,C02192,2025-07-08,app,credit_card,,22.06,13,delivered,4
A02309,C03126,2025-07-08,site,pix,,31.64,10,returned,
A02310,C03476,2025-07-08,marketplace,pix,FRETEGRATIS,0.0,7,delivered,
A02311,C03778,2025-07-08,app,credit_card,,44.7,11,delivered,4
A02312,C03838,2025-07-08,marketplace,credit_card,,31.82,14,delivered,
A02313,C04148,2025-07-08,site,boleto,,34.22,9,delivered,5
A02314,C00223,2025-07-09,site,pix,,31.03,16,delivered,4
A02315,C00399,2025-07-09,marketplace,credit_card,,14.03,4,delivered,5
A02316,C00481,2025-07-09,marketplace,credit_card,,25.54,10,delivered,4
A02317,C01105,2025-07-09,site,credit_card,,9.81,4,delivered,
A02318,C01386,2025-07-09,app,pix,AURORA20,29.27,8,delivered,5
A02319,C01721,2025-07-09,marketplace,credit_card,,19.52,5,delivered,4
A02320,C01818,2025-07-09,app,pix,AURORA20,9.78,5,delivered,5
A02321,C02068,2025-07-09,app,pix,,11.97,4,delivered,3
A02322,C02259,2025-07-09,app,credit_card,,24.39,7,delivered,3
A02323,C02458,2025-07-09,marketplace,credit_card,,11.92,,canceled,
A02324,C02726,2025-07-09,site,pix,,13.46,6,delivered,5
A02325,C02879,2025-07-09,marketplace,credit_card,,15.06,3,delivered,
A02326,C03169,2025-07-09,marketplace,credit_card,,13.7,5,delivered,
A02327,C03597,2025-07-09,app,credit_card,AURORA20,28.63,12,delivered,4
A02328,C04439,2025-07-09,site,pix,AURORA20,25.77,22,delivered,3
A02329,C04814,2025-07-09,marketplace,boleto,,31.69,15,delivered,4
A02330,C04883,2025-07-09,site,pix,AURORA20,15.71,,canceled,
A02331,C00088,2025-07-10,app,pix,,19.71,12,delivered,5
A02332,C00203,2025-07-10,site,credit_card,,34.44,15,delivered,
A02333,C00405,2025-07-10,site,pix,AURORA20,12.37,,canceled,
A02334,C00597,2025-07-10,app,credit_card,,21.87,8,delivered,5
A02335,C00859,2025-07-10,marketplace,credit_card,,24.23,3,delivered,4
A02336,C01443,2025-07-10,app,pix,,23.3,7,delivered,4
A02337,C01857,2025-07-10,site,boleto,,25.76,,canceled,
A02338,C02214,2025-07-10,app,credit_card,,15.23,5,delivered,4
A02339,C02518,2025-07-10,site,credit_card,BEMVINDO10,28.32,20,delivered,
A02340,C02754,2025-07-10,marketplace,credit_card,BEMVINDO10,15.93,4,delivered,5
A02341,C02977,2025-07-10,app,pix,,38.17,9,delivered,4
A02342,C03179,2025-07-10,app,pix,,22.45,4,delivered,4
A02343,C04278,2025-07-10,app,pix,,24.06,5,delivered,
A02344,C00969,2025-07-11,site,credit_card,,11.21,3,delivered,4
A02345,C00980,2025-07-11,app,credit_card,BEMVINDO10,20.99,10,delivered,3
A02346,C01684,2025-07-11,marketplace,boleto,,20.95,13,delivered,4
A02347,C02637,2025-07-11,site,pix,BEMVINDO10,22.01,12,delivered,4
A02348,C02638,2025-07-11,site,boleto,,12.33,3,delivered,4
A02349,C03012,2025-07-11,site,pix,,15.8,3,delivered,4
A02350,C03031,2025-07-11,marketplace,credit_card,,23.1,7,delivered,4
A02351,C03096,2025-07-11,app,credit_card,,32.21,6,delivered,4
A02352,C03161,2025-07-11,site,credit_card,BEMVINDO10,27.6,11,delivered,4
A02353,C03341,2025-07-11,marketplace,credit_card,,17.1,2,delivered,
A02354,C03813,2025-07-11,app,boleto,,15.43,6,delivered,5
A02355,C03873,2025-07-11,site,credit_card,,33.14,11,delivered,
A02356,C04227,2025-07-11,app,boleto,AURORA20,12.54,5,delivered,4
A02357,C04463,2025-07-11,app,boleto,,16.87,3,delivered,
A02358,C04528,2025-07-11,marketplace,credit_card,,24.73,4,delivered,
A02359,C04618,2025-07-11,site,pix,,19.51,7,delivered,4
A02360,C00169,2025-07-12,app,credit_card,AURORA20,16.15,6,delivered,5
A02361,C00815,2025-07-12,app,credit_card,BEMVINDO10,14.65,4,delivered,4
A02362,C00936,2025-07-12,site,boleto,AURORA20,31.18,16,delivered,3
A02363,C01297,2025-07-12,app,credit_card,,13.9,2,delivered,5
A02364,C01482,2025-07-12,site,credit_card,,25.99,5,delivered,
A02365,C02075,2025-07-12,site,pix,BEMVINDO10,27.63,6,delivered,5
A02366,C02177,2025-07-12,app,credit_card,,31.04,5,delivered,
A02367,C02214,2025-07-12,app,credit_card,,15.33,2,delivered,4
A02368,C02447,2025-07-12,app,pix,BEMVINDO10,33.87,16,delivered,3
A02369,C02540,2025-07-12,site,credit_card,,20.82,5,delivered,5
A02370,C02894,2025-07-12,app,pix,,19.45,12,delivered,5
A02371,C03234,2025-07-12,app,boleto,,14.4,4,delivered,
A02372,C03547,2025-07-12,site,boleto,,31.33,16,delivered,2
A02373,C03587,2025-07-12,site,pix,,14.72,4,delivered,4
A02374,C03636,2025-07-12,app,credit_card,,13.84,3,delivered,5
A02375,C04052,2025-07-12,site,credit_card,FRETEGRATIS,0.0,4,delivered,4
A02376,C04157,2025-07-12,marketplace,pix,AURORA20,23.57,16,delivered,5
A02377,C04177,2025-07-12,app,credit_card,,12.92,4,delivered,5
A02378,C04187,2025-07-12,site,credit_card,FRETEGRATIS,0.0,3,delivered,
A02379,C04367,2025-07-12,site,pix,,28.1,12,delivered,
A02380,C04560,2025-07-12,site,credit_card,FRETEGRATIS,0.0,7,delivered,4
A02381,C04626,2025-07-12,marketplace,pix,,12.4,7,delivered,
A02382,C04639,2025-07-12,site,credit_card,,18.77,3,delivered,
A02383,C00534,2025-07-13,marketplace,credit_card,,12.34,4,delivered,5
A02384,C00855,2025-07-13,app,pix,AURORA20,14.83,1,delivered,5
A02385,C00941,2025-07-13,app,pix,,12.49,,canceled,
A02386,C01189,2025-07-13,site,credit_card,BEMVINDO10,26.89,6,delivered,4
A02387,C01361,2025-07-13,app,pix,,18.32,2,delivered,4
A02388,C01631,2025-07-13,app,pix,AURORA20,19.17,6,delivered,5
A02389,C02076,2025-07-13,marketplace,credit_card,,32.14,9,delivered,3
A02390,C02091,2025-07-13,site,pix,,27.24,9,delivered,4
A02391,C02535,2025-07-13,app,credit_card,,27.29,7,delivered,
A02392,C02873,2025-07-13,app,credit_card,,10.71,5,delivered,5
A02393,C02948,2025-07-13,marketplace,credit_card,,11.85,5,delivered,
A02394,C03348,2025-07-13,app,credit_card,,25.15,12,delivered,4
A02395,C03726,2025-07-13,marketplace,credit_card,AURORA20,43.3,18,delivered,
A02396,C04028,2025-07-13,site,credit_card,,14.77,4,delivered,5
A02397,C04272,2025-07-13,site,credit_card,,28.5,15,delivered,4
A02398,C04350,2025-07-13,app,pix,,25.87,14,delivered,4
A02399,C04531,2025-07-13,site,pix,AURORA20,18.43,5,delivered,
A02400,C04764,2025-07-13,site,credit_card,,14.78,4,delivered,3
A02401,C00250,2025-07-14,site,credit_card,BEMVINDO10,14.4,4,delivered,5
A02402,C00568,2025-07-14,app,credit_card,,13.72,3,delivered,
A02403,C01135,2025-07-14,site,pix,,34.28,20,returned,
A02404,C01357,2025-07-14,marketplace,credit_card,,29.57,14,delivered,3
A02405,C01920,2025-07-14,app,pix,AURORA20,32.28,,canceled,
A02406,C02066,2025-07-14,site,pix,FRETEGRATIS,0.0,4,delivered,5
A02407,C02419,2025-07-14,site,boleto,AURORA20,15.58,3,delivered,5
A02408,C02722,2025-07-14,site,pix,,13.9,2,delivered,4
A02409,C02871,2025-07-14,marketplace,pix,,16.83,5,delivered,4
A02410,C03300,2025-07-14,site,pix,,11.17,3,delivered,5
A02411,C03500,2025-07-14,site,boleto,AURORA20,15.01,2,delivered,
A02412,C00258,2025-07-15,site,credit_card,,16.68,4,delivered,
A02413,C00382,2025-07-15,marketplace,credit_card,AURORA20,15.4,3,delivered,
A02414,C00540,2025-07-15,site,pix,AURORA20,16.92,3,delivered,4
A02415,C00609,2025-07-15,marketplace,boleto,,34.49,6,delivered,4
A02416,C00672,2025-07-15,app,credit_card,,19.27,5,delivered,
A02417,C01479,2025-07-15,site,credit_card,,26.04,3,delivered,5
A02418,C01496,2025-07-15,app,boleto,,17.3,4,delivered,
A02419,C01532,2025-07-15,app,pix,,15.36,2,delivered,
A02420,C02213,2025-07-15,site,pix,,13.6,6,delivered,5
A02421,C02477,2025-07-15,site,credit_card,,20.88,2,delivered,
A02422,C02625,2025-07-15,app,pix,,12.91,3,delivered,
A02423,C02672,2025-07-15,site,credit_card,,23.96,7,delivered,5
A02424,C02691,2025-07-15,marketplace,credit_card,,18.07,2,delivered,4
A02425,C02997,2025-07-15,app,pix,,23.28,12,delivered,
A02426,C03287,2025-07-15,site,credit_card,AURORA20,14.16,4,delivered,5
A02427,C03422,2025-07-15,app,pix,BEMVINDO10,21.46,4,delivered,5
A02428,C04142,2025-07-15,app,pix,AURORA20,18.22,6,delivered,5
A02429,C00783,2025-07-16,app,boleto,,15.48,4,delivered,4
A02430,C01208,2025-07-16,site,pix,,12.0,3,delivered,4
A02431,C01463,2025-07-16,app,credit_card,AURORA20,16.25,3,delivered,4
A02432,C01544,2025-07-16,site,pix,,11.44,5,delivered,5
A02433,C01841,2025-07-16,marketplace,pix,AURORA20,31.22,6,delivered,4
A02434,C02343,2025-07-16,site,credit_card,,19.88,5,delivered,3
A02435,C02364,2025-07-16,app,pix,,14.1,2,delivered,5
A02436,C02573,2025-07-16,site,credit_card,,11.88,2,delivered,5
A02437,C02892,2025-07-16,marketplace,credit_card,AURORA20,13.95,3,delivered,4
A02438,C03234,2025-07-16,app,credit_card,,13.87,6,delivered,3
A02439,C03332,2025-07-16,app,pix,,22.31,2,delivered,4
A02440,C03410,2025-07-16,app,credit_card,AURORA20,19.34,16,delivered,
A02441,C04431,2025-07-16,site,pix,,21.97,7,delivered,4
A02442,C04652,2025-07-16,marketplace,pix,,31.86,7,delivered,
A02443,C04915,2025-07-16,site,pix,,14.78,6,delivered,4
A02444,C00445,2025-07-17,marketplace,credit_card,,13.32,4,delivered,5
A02445,C01039,2025-07-17,site,credit_card,,17.63,7,delivered,3
A02446,C01326,2025-07-17,site,pix,,35.38,6,delivered,
A02447,C01348,2025-07-17,site,pix,,14.08,4,delivered,4
A02448,C01513,2025-07-17,site,pix,,28.0,12,delivered,
A02449,C02056,2025-07-17,marketplace,pix,AURORA20,17.81,14,delivered,3
A02450,C02173,2025-07-17,site,pix,,22.2,9,delivered,
A02451,C02244,2025-07-17,app,boleto,,26.48,16,returned,
A02452,C03109,2025-07-17,marketplace,boleto,AURORA20,16.75,5,returned,
A02453,C03284,2025-07-17,app,pix,,11.08,5,delivered,
A02454,C03828,2025-07-17,app,credit_card,,17.49,4,delivered,4
A02455,C04100,2025-07-17,marketplace,credit_card,,13.7,8,delivered,4
A02456,C04603,2025-07-17,app,pix,,23.56,5,delivered,5
A02457,C04607,2025-07-17,app,credit_card,,13.06,3,delivered,4
A02458,C04862,2025-07-17,site,boleto,BEMVINDO10,24.45,15,delivered,3
A02459,C04981,2025-07-17,site,pix,,32.82,6,delivered,4
A02460,C00294,2025-07-18,app,credit_card,,13.78,2,delivered,5
A02461,C00512,2025-07-18,app,boleto,,17.21,6,delivered,5
A02462,C00895,2025-07-18,site,credit_card,AURORA20,12.11,4,delivered,4
A02463,C01028,2025-07-18,app,pix,,24.9,5,delivered,
A02464,C01416,2025-07-18,site,credit_card,,19.29,11,delivered,4
A02465,C01528,2025-07-18,marketplace,credit_card,,15.14,5,returned,
A02466,C01692,2025-07-18,site,credit_card,,15.67,3,delivered,
A02467,C01700,2025-07-18,app,credit_card,,16.02,6,delivered,4
A02468,C02345,2025-07-18,site,pix,BEMVINDO10,19.81,6,delivered,3
A02469,C03121,2025-07-18,app,pix,,23.56,9,delivered,4
A02470,C03452,2025-07-18,site,credit_card,,11.05,2,delivered,
A02471,C03934,2025-07-18,app,credit_card,,25.38,10,delivered,
A02472,C04338,2025-07-18,app,boleto,,15.31,2,delivered,
A02473,C04462,2025-07-18,marketplace,credit_card,,16.13,6,delivered,
A02474,C00060,2025-07-19,marketplace,credit_card,BEMVINDO10,13.33,3,delivered,4
A02475,C00250,2025-07-19,site,pix,,14.52,3,delivered,
A02476,C00371,2025-07-19,site,pix,AURORA20,20.41,10,delivered,4
A02477,C00779,2025-07-19,site,pix,,17.77,7,delivered,5
A02478,C00788,2025-07-19,site,credit_card,AURORA20,9.71,2,delivered,4
A02479,C00977,2025-07-19,site,credit_card,AURORA20,15.54,,canceled,
A02480,C01154,2025-07-19,marketplace,pix,,16.93,7,delivered,
A02481,C01193,2025-07-19,site,credit_card,AURORA20,13.51,2,delivered,5
A02482,C01288,2025-07-19,marketplace,boleto,,12.12,6,delivered,5
A02483,C01323,2025-07-19,site,credit_card,,26.66,13,delivered,3
A02484,C01580,2025-07-19,marketplace,credit_card,,16.63,5,delivered,5
A02485,C01935,2025-07-19,marketplace,credit_card,,24.9,9,delivered,4
A02486,C02585,2025-07-19,site,pix,,31.5,11,delivered,3
A02487,C02748,2025-07-19,site,credit_card,,32.54,8,delivered,4
A02488,C03399,2025-07-19,marketplace,boleto,AURORA20,16.83,4,delivered,4
A02489,C04126,2025-07-19,site,credit_card,,16.11,3,delivered,5
A02490,C04151,2025-07-19,site,credit_card,,14.1,8,delivered,4
A02491,C04221,2025-07-19,site,credit_card,AURORA20,12.28,6,delivered,4
A02492,C04250,2025-07-19,marketplace,credit_card,,33.64,11,delivered,3
A02493,C04300,2025-07-19,app,credit_card,,31.56,9,delivered,3
A02494,C04526,2025-07-19,site,pix,,30.65,12,delivered,4
A02495,C04528,2025-07-19,marketplace,pix,,20.8,7,delivered,5
A02496,C04766,2025-07-19,app,credit_card,,19.68,5,delivered,5
A02497,C04984,2025-07-19,marketplace,pix,,11.05,3,delivered,4
A02498,C00064,2025-07-20,app,pix,,32.01,18,delivered,4
A02499,C00815,2025-07-20,app,pix,,14.08,4,delivered,
A02500,C00923,2025-07-20,marketplace,credit_card,,30.93,15,returned,
A02501,C01265,2025-07-20,site,credit_card,,11.94,7,delivered,
A02502,C01300,2025-07-20,marketplace,pix,,10.57,1,delivered,4
A02503,C01880,2025-07-20,app,credit_card,FRETEGRATIS,0.0,19,delivered,3
A02504,C02282,2025-07-20,site,credit_card,BEMVINDO10,15.02,3,delivered,
A02505,C02735,2025-07-20,site,pix,,17.15,4,delivered,5
A02506,C03282,2025-07-20,site,credit_card,BEMVINDO10,10.3,2,delivered,
A02507,C03290,2025-07-20,marketplace,credit_card,,19.53,4,delivered,3
A02508,C03960,2025-07-20,marketplace,credit_card,AURORA20,12.96,3,delivered,5
A02509,C04298,2025-07-20,app,credit_card,,35.99,12,delivered,4
A02510,C04714,2025-07-20,site,pix,,24.23,9,delivered,
A02511,C00027,2025-07-21,marketplace,pix,AURORA20,15.65,8,delivered,5
A02512,C00794,2025-07-21,app,pix,BEMVINDO10,14.86,6,delivered,4
A02513,C01779,2025-07-21,site,pix,,26.99,12,delivered,4
A02514,C02620,2025-07-21,site,pix,AURORA20,13.8,5,delivered,5
A02515,C02886,2025-07-21,app,credit_card,FRETEGRATIS,0.0,5,delivered,
A02516,C04001,2025-07-21,site,credit_card,,13.3,3,delivered,
A02517,C04512,2025-07-21,marketplace,pix,,8.8,,canceled,
A02518,C04711,2025-07-21,marketplace,pix,,12.76,6,delivered,5
A02519,C00074,2025-07-22,marketplace,pix,,18.24,5,delivered,
A02520,C00131,2025-07-22,site,credit_card,,15.07,4,delivered,
A02521,C00438,2025-07-22,app,boleto,,24.08,13,delivered,4
A02522,C00474,2025-07-22,site,boleto,,18.96,2,delivered,
A02523,C00778,2025-07-22,site,credit_card,,20.58,10,delivered,
A02524,C00959,2025-07-22,app,credit_card,BEMVINDO10,26.36,14,delivered,4
A02525,C01800,2025-07-22,app,credit_card,,20.74,4,delivered,4
A02526,C02988,2025-07-22,app,credit_card,,35.33,15,delivered,4
A02527,C03322,2025-07-22,app,boleto,AURORA20,14.59,4,delivered,4
A02528,C03350,2025-07-22,app,credit_card,,16.24,6,delivered,5
A02529,C03380,2025-07-22,app,credit_card,,15.48,2,delivered,5
A02530,C03651,2025-07-22,app,credit_card,,29.76,15,delivered,
A02531,C03781,2025-07-22,marketplace,credit_card,,14.62,3,delivered,
A02532,C03882,2025-07-22,app,credit_card,BEMVINDO10,12.25,4,delivered,5
A02533,C03888,2025-07-22,app,credit_card,,23.76,11,delivered,4
A02534,C04369,2025-07-22,marketplace,boleto,,32.01,12,delivered,5
A02535,C00315,2025-07-23,site,pix,,21.54,10,delivered,3
A02536,C00441,2025-07-23,marketplace,pix,,12.6,5,delivered,4
A02537,C00852,2025-07-23,app,pix,BEMVINDO10,10.4,,canceled,
A02538,C01065,2025-07-23,site,pix,BEMVINDO10,29.39,9,delivered,
A02539,C01124,2025-07-23,site,pix,,37.21,4,delivered,5
A02540,C01165,2025-07-23,site,credit_card,,22.17,8,delivered,
A02541,C01558,2025-07-23,app,credit_card,,30.87,11,delivered,4
A02542,C01561,2025-07-23,app,pix,AURORA20,39.86,14,delivered,3
A02543,C02819,2025-07-23,site,credit_card,,22.8,3,delivered,
A02544,C04675,2025-07-23,app,credit_card,,14.92,4,delivered,4
A02545,C00062,2025-07-24,marketplace,pix,BEMVINDO10,18.82,5,delivered,
A02546,C00293,2025-07-24,site,credit_card,,19.15,6,delivered,5
A02547,C00665,2025-07-24,app,pix,,15.28,5,delivered,5
A02548,C00941,2025-07-24,app,credit_card,,11.09,3,delivered,3
A02549,C01154,2025-07-24,site,credit_card,,18.81,9,delivered,3
A02550,C01186,2025-07-24,site,pix,AURORA20,23.15,5,delivered,5
A02551,C01426,2025-07-24,site,boleto,,13.92,1,delivered,4
A02552,C01453,2025-07-24,site,credit_card,,15.58,3,delivered,5
A02553,C02044,2025-07-24,app,pix,,28.27,16,delivered,2
A02554,C02491,2025-07-24,app,pix,AURORA20,17.08,4,delivered,5
A02555,C02717,2025-07-24,marketplace,credit_card,,21.45,7,delivered,5
A02556,C03154,2025-07-24,app,pix,,23.61,11,delivered,
A02557,C03410,2025-07-24,app,pix,,26.15,12,delivered,4
A02558,C03785,2025-07-24,marketplace,credit_card,,14.44,6,delivered,5
A02559,C03867,2025-07-24,app,credit_card,,21.72,7,delivered,4
A02560,C04030,2025-07-24,site,pix,,27.5,19,delivered,3
A02561,C04104,2025-07-24,app,pix,,13.21,6,delivered,5
A02562,C04170,2025-07-24,site,credit_card,AURORA20,31.85,9,delivered,3
A02563,C04197,2025-07-24,marketplace,boleto,,13.14,7,delivered,3
A02564,C04519,2025-07-24,site,credit_card,AURORA20,14.2,3,delivered,4
A02565,C05000,2025-07-24,marketplace,credit_card,,13.17,3,delivered,5
A02566,C00012,2025-07-25,marketplace,boleto,FRETEGRATIS,0.0,4,delivered,
A02567,C00017,2025-07-25,site,pix,AURORA20,27.59,3,delivered,
A02568,C00215,2025-07-25,site,credit_card,AURORA20,29.94,15,delivered,
A02569,C00694,2025-07-25,app,credit_card,,23.97,13,delivered,2
A02570,C00901,2025-07-25,site,credit_card,AURORA20,13.24,,canceled,
A02571,C01232,2025-07-25,marketplace,credit_card,AURORA20,12.95,12,delivered,4
A02572,C01512,2025-07-25,site,pix,,13.35,5,delivered,4
A02573,C01913,2025-07-25,marketplace,credit_card,,24.65,7,delivered,3
A02574,C02001,2025-07-25,site,credit_card,,11.18,2,delivered,5
A02575,C02465,2025-07-25,app,credit_card,AURORA20,24.79,9,delivered,4
A02576,C02466,2025-07-25,marketplace,credit_card,,21.91,10,delivered,3
A02577,C02714,2025-07-25,site,boleto,BEMVINDO10,35.69,16,delivered,5
A02578,C02876,2025-07-25,marketplace,credit_card,,34.8,9,delivered,5
A02579,C03668,2025-07-25,site,pix,,13.58,3,delivered,5
A02580,C04460,2025-07-25,site,pix,,14.1,3,delivered,5
A02581,C04747,2025-07-25,marketplace,pix,,15.13,2,delivered,5
A02582,C04996,2025-07-25,site,credit_card,,37.16,10,delivered,3
A02583,C00115,2025-07-26,site,credit_card,,15.12,4,delivered,5
A02584,C00142,2025-07-26,app,boleto,FRETEGRATIS,0.0,12,delivered,3
A02585,C00802,2025-07-26,marketplace,credit_card,,12.8,3,delivered,4
A02586,C01122,2025-07-26,marketplace,pix,,20.53,4,delivered,4
A02587,C01158,2025-07-26,app,pix,AURORA20,26.17,11,returned,
A02588,C01747,2025-07-26,site,credit_card,,13.64,2,delivered,5
A02589,C01849,2025-07-26,site,credit_card,FRETEGRATIS,0.0,11,delivered,
A02590,C01924,2025-07-26,site,credit_card,BEMVINDO10,14.15,3,delivered,5
A02591,C02891,2025-07-26,marketplace,credit_card,,30.27,14,delivered,
A02592,C03063,2025-07-26,marketplace,pix,,13.87,2,delivered,
A02593,C03132,2025-07-26,marketplace,credit_card,AURORA20,30.32,9,delivered,4
A02594,C03407,2025-07-26,site,pix,,14.27,4,delivered,5
A02595,C03881,2025-07-26,site,boleto,,15.49,3,delivered,5
A02596,C04113,2025-07-26,app,boleto,,12.86,3,delivered,
A02597,C04348,2025-07-26,app,pix,BEMVINDO10,14.44,3,delivered,5
A02598,C00264,2025-07-27,app,pix,BEMVINDO10,11.17,3,delivered,5
A02599,C00302,2025-07-27,site,boleto,,16.51,4,delivered,5
A02600,C00665,2025-07-27,app,pix,,18.48,,canceled,
A02601,C00966,2025-07-27,marketplace,credit_card,,13.37,2,delivered,5
A02602,C01690,2025-07-27,app,boleto,,30.91,10,delivered,4
A02603,C01892,2025-07-27,app,credit_card,,11.98,4,delivered,
A02604,C02386,2025-07-27,site,pix,,23.35,4,delivered,5
A02605,C03245,2025-07-27,site,pix,,37.03,11,delivered,4
A02606,C03291,2025-07-27,app,credit_card,BEMVINDO10,14.43,3,returned,
A02607,C03562,2025-07-27,site,credit_card,,20.55,9,delivered,3
A02608,C03943,2025-07-27,site,credit_card,,24.5,6,delivered,5
A02609,C04159,2025-07-27,site,credit_card,,12.27,4,delivered,5
A02610,C04432,2025-07-27,site,pix,,14.88,7,delivered,3
A02611,C00311,2025-07-28,site,credit_card,,19.23,6,delivered,4
A02612,C00494,2025-07-28,site,credit_card,,14.57,4,delivered,5
A02613,C00516,2025-07-28,app,pix,,12.35,5,delivered,
A02614,C01417,2025-07-28,site,credit_card,,15.69,,canceled,
A02615,C01579,2025-07-28,site,credit_card,,23.9,8,delivered,4
A02616,C01969,2025-07-28,marketplace,credit_card,,14.48,6,delivered,5
A02617,C02101,2025-07-28,site,pix,,28.46,5,delivered,5
A02618,C02273,2025-07-28,marketplace,credit_card,BEMVINDO10,22.39,9,delivered,5
A02619,C02324,2025-07-28,marketplace,boleto,,17.16,6,returned,
A02620,C02702,2025-07-28,site,pix,,17.93,4,delivered,5
A02621,C02764,2025-07-28,app,credit_card,AURORA20,18.4,3,delivered,5
A02622,C02950,2025-07-28,site,credit_card,,13.63,5,delivered,4
A02623,C03384,2025-07-28,site,credit_card,,25.35,20,returned,
A02624,C03410,2025-07-28,app,credit_card,,25.22,7,delivered,
A02625,C03472,2025-07-28,marketplace,pix,AURORA20,34.6,19,delivered,4
A02626,C03609,2025-07-28,app,pix,,26.13,11,delivered,4
A02627,C03768,2025-07-28,app,boleto,,24.36,,canceled,
A02628,C04684,2025-07-28,marketplace,credit_card,,29.26,12,delivered,4
A02629,C04889,2025-07-28,site,credit_card,BEMVINDO10,14.73,7,delivered,4
A02630,C00064,2025-07-29,app,credit_card,,33.03,9,delivered,4
A02631,C00365,2025-07-29,site,credit_card,,23.04,,canceled,
A02632,C00488,2025-07-29,app,pix,,22.14,3,delivered,5
A02633,C00517,2025-07-29,marketplace,pix,,25.66,10,delivered,3
A02634,C00769,2025-07-29,app,pix,,35.84,8,delivered,4
A02635,C01625,2025-07-29,site,pix,AURORA20,13.24,3,delivered,4
A02636,C01678,2025-07-29,site,credit_card,,12.73,4,delivered,4
A02637,C02002,2025-07-29,app,credit_card,,25.46,12,delivered,3
A02638,C02667,2025-07-29,marketplace,credit_card,,22.16,6,delivered,5
A02639,C03106,2025-07-29,marketplace,boleto,,13.32,1,delivered,
A02640,C03493,2025-07-29,site,pix,,24.66,,canceled,
A02641,C03838,2025-07-29,app,credit_card,,32.48,11,delivered,
A02642,C03926,2025-07-29,marketplace,pix,AURORA20,12.94,3,delivered,
A02643,C04234,2025-07-29,marketplace,pix,AURORA20,14.0,3,delivered,5
A02644,C04665,2025-07-29,app,pix,,30.34,26,returned,
A02645,C04866,2025-07-29,site,boleto,BEMVINDO10,26.03,,canceled,
A02646,C04906,2025-07-29,site,credit_card,AURORA20,29.55,15,delivered,
A02647,C00350,2025-07-30,marketplace,pix,,24.24,16,returned,
A02648,C00389,2025-07-30,app,pix,,14.12,3,delivered,3
A02649,C00535,2025-07-30,marketplace,boleto,,14.81,3,delivered,4
A02650,C00684,2025-07-30,app,pix,,21.82,3,delivered,5
A02651,C00867,2025-07-30,site,pix,,14.64,5,delivered,
A02652,C01415,2025-07-30,app,pix,,12.97,4,returned,
A02653,C01479,2025-07-30,site,pix,,26.9,10,delivered,
A02654,C01553,2025-07-30,site,pix,,14.77,2,delivered,4
A02655,C02432,2025-07-30,site,credit_card,,15.8,6,delivered,3
A02656,C02497,2025-07-30,site,credit_card,,28.45,12,delivered,
A02657,C02576,2025-07-30,marketplace,boleto,,15.19,3,delivered,5
A02658,C02577,2025-07-30,app,pix,,23.11,13,delivered,4
A02659,C02651,2025-07-30,app,credit_card,,31.38,22,delivered,1
A02660,C02896,2025-07-30,site,pix,BEMVINDO10,18.03,4,delivered,5
A02661,C04181,2025-07-30,marketplace,credit_card,,26.11,6,delivered,4
A02662,C04339,2025-07-30,site,pix,AURORA20,12.98,3,delivered,
A02663,C04771,2025-07-30,site,credit_card,FRETEGRATIS,0.0,7,delivered,4
A02664,C00141,2025-07-31,site,credit_card,,21.25,8,delivered,5
A02665,C00399,2025-07-31,site,credit_card,,12.45,4,delivered,5
A02666,C00715,2025-07-31,site,credit_card,,15.91,2,delivered,
A02667,C00744,2025-07-31,marketplace,pix,,13.92,4,delivered,5
A02668,C00968,2025-07-31,marketplace,credit_card,,11.26,6,delivered,4
A02669,C01034,2025-07-31,app,credit_card,,26.28,5,delivered,5
A02670,C01141,2025-07-31,site,credit_card,BEMVINDO10,13.36,4,delivered,
A02671,C01621,2025-07-31,marketplace,pix,,29.36,13,delivered,
A02672,C02328,2025-07-31,app,pix,,12.96,3,delivered,
A02673,C02609,2025-07-31,site,credit_card,,13.79,3,delivered,5
A02674,C02698,2025-07-31,site,pix,,34.63,10,delivered,5
A02675,C03451,2025-07-31,site,pix,,17.25,,canceled,
A02676,C04018,2025-07-31,app,boleto,,31.61,6,delivered,4
A02677,C04439,2025-07-31,marketplace,credit_card,,24.4,19,delivered,3
A02678,C04725,2025-07-31,site,credit_card,,32.11,8,delivered,4
A02679,C00106,2025-08-01,marketplace,boleto,,11.13,2,delivered,5
A02680,C00193,2025-08-01,site,boleto,BEMVINDO10,32.0,13,delivered,4
A02681,C00250,2025-08-01,site,pix,FRETEGRATIS,0.0,6,delivered,
A02682,C00258,2025-08-01,site,credit_card,,12.96,4,delivered,5
A02683,C00485,2025-08-01,marketplace,pix,,38.07,25,delivered,1
A02684,C00690,2025-08-01,site,pix,,12.56,4,delivered,4
A02685,C02352,2025-08-01,site,credit_card,FRETEGRATIS,0.0,6,delivered,
A02686,C03134,2025-08-01,marketplace,pix,BEMVINDO10,26.7,19,delivered,
A02687,C04184,2025-08-01,app,pix,AURORA20,15.01,4,delivered,3
A02688,C04464,2025-08-01,site,pix,BEMVINDO10,9.65,4,delivered,
A02689,C04530,2025-08-01,app,boleto,,12.19,7,delivered,
A02690,C04869,2025-08-01,site,credit_card,,16.17,7,delivered,
A02691,C00115,2025-08-02,site,pix,,15.69,3,delivered,4
A02692,C00370,2025-08-02,app,pix,FRETEGRATIS,0.0,7,delivered,
A02693,C00374,2025-08-02,app,pix,,32.61,21,returned,
A02694,C00398,2025-08-02,app,pix,,12.25,6,delivered,4
A02695,C00525,2025-08-02,site,credit_card,AURORA20,18.74,2,delivered,4
A02696,C00608,2025-08-02,marketplace,pix,,22.12,18,delivered,3
A02697,C00672,2025-08-02,site,pix,FRETEGRATIS,0.0,4,delivered,
A02698,C00993,2025-08-02,site,boleto,,37.28,8,returned,
A02699,C01009,2025-08-02,app,pix,,15.16,3,delivered,4
A02700,C01239,2025-08-02,marketplace,pix,AURORA20,12.66,3,delivered,
A02701,C01285,2025-08-02,site,pix,,17.54,14,delivered,2
A02702,C01399,2025-08-02,marketplace,pix,,14.5,3,delivered,4
A02703,C01489,2025-08-02,marketplace,credit_card,AURORA20,14.76,3,delivered,
A02704,C01820,2025-08-02,site,pix,AURORA20,22.41,19,delivered,3
A02705,C02796,2025-08-02,marketplace,pix,,12.5,2,delivered,4
A02706,C03346,2025-08-02,app,pix,,13.31,4,delivered,5
A02707,C03501,2025-08-02,site,credit_card,AURORA20,20.69,5,delivered,5
A02708,C03587,2025-08-02,site,credit_card,,20.93,4,delivered,4
A02709,C04066,2025-08-02,marketplace,credit_card,BEMVINDO10,28.93,6,delivered,4
A02710,C04740,2025-08-02,marketplace,credit_card,AURORA20,29.61,9,delivered,5
A02711,C04895,2025-08-02,app,credit_card,,39.41,21,delivered,
A02712,C00130,2025-08-03,app,boleto,,15.26,1,delivered,5
A02713,C00375,2025-08-03,site,credit_card,BEMVINDO10,13.01,5,delivered,5
A02714,C00466,2025-08-03,marketplace,pix,,19.24,3,delivered,4
A02715,C00919,2025-08-03,marketplace,pix,,15.34,3,delivered,5
A02716,C01766,2025-08-03,site,credit_card,,14.99,6,returned,
A02717,C01805,2025-08-03,app,credit_card,,18.27,8,delivered,5
A02718,C01882,2025-08-03,marketplace,boleto,,32.44,21,delivered,3
A02719,C02098,2025-08-03,site,credit_card,,23.17,9,delivered,4
A02720,C02361,2025-08-03,site,credit_card,,11.16,3,delivered,5
A02721,C02639,2025-08-03,site,pix,BEMVINDO10,23.67,6,delivered,4
A02722,C02681,2025-08-03,site,pix,,17.64,3,delivered,5
A02723,C03257,2025-08-03,app,pix,AURORA20,14.83,11,delivered,4
A02724,C03481,2025-08-03,app,credit_card,BEMVINDO10,29.55,16,delivered,3
A02725,C04167,2025-08-03,site,credit_card,,11.14,3,returned,
A02726,C04330,2025-08-03,marketplace,pix,BEMVINDO10,19.37,6,delivered,4
A02727,C00025,2025-08-04,marketplace,pix,,20.11,7,delivered,4
A02728,C00212,2025-08-04,app,pix,,16.19,2,delivered,5
A02729,C00428,2025-08-04,site,pix,,12.44,,canceled,
A02730,C00544,2025-08-04,site,credit_card,,23.48,8,delivered,5
A02731,C00617,2025-08-04,site,pix,,12.07,2,delivered,5
A02732,C00860,2025-08-04,marketplace,pix,,17.57,6,delivered,4
A02733,C00945,2025-08-04,marketplace,pix,,12.84,4,delivered,5
A02734,C02083,2025-08-04,site,boleto,,17.23,4,delivered,5
A02735,C02597,2025-08-04,site,pix,,17.56,4,delivered,4
A02736,C03486,2025-08-04,marketplace,credit_card,,10.44,7,delivered,4
A02737,C03689,2025-08-04,app,boleto,,16.29,5,delivered,4
A02738,C03900,2025-08-04,marketplace,pix,AURORA20,20.16,6,delivered,5
A02739,C04061,2025-08-04,app,credit_card,,14.78,4,delivered,
A02740,C04200,2025-08-04,marketplace,pix,,16.35,2,delivered,4
A02741,C04527,2025-08-04,site,credit_card,,20.97,7,delivered,4
A02742,C04538,2025-08-04,app,credit_card,AURORA20,28.5,8,delivered,5
A02743,C04559,2025-08-04,app,credit_card,,21.32,9,delivered,4
A02744,C04795,2025-08-04,marketplace,pix,,15.25,4,delivered,4
A02745,C00144,2025-08-05,marketplace,credit_card,,12.63,7,delivered,
A02746,C00220,2025-08-05,site,credit_card,BEMVINDO10,27.16,9,delivered,
A02747,C00271,2025-08-05,site,credit_card,,21.21,7,delivered,5
A02748,C00456,2025-08-05,marketplace,pix,,14.64,5,delivered,
A02749,C00526,2025-08-05,site,credit_card,,12.43,4,delivered,4
A02750,C00660,2025-08-05,app,boleto,,24.75,11,delivered,5
A02751,C00687,2025-08-05,marketplace,boleto,,26.77,14,delivered,3
A02752,C00740,2025-08-05,marketplace,pix,,14.79,4,delivered,
A02753,C00769,2025-08-05,site,pix,,30.62,12,delivered,3
A02754,C01153,2025-08-05,marketplace,credit_card,,17.76,4,delivered,5
A02755,C01606,2025-08-05,marketplace,credit_card,,19.77,4,returned,
A02756,C01678,2025-08-05,site,pix,,12.79,3,delivered,4
A02757,C01689,2025-08-05,site,credit_card,,32.11,18,delivered,3
A02758,C01772,2025-08-05,marketplace,boleto,,28.76,7,delivered,
A02759,C01800,2025-08-05,app,pix,,14.73,3,delivered,5
A02760,C02316,2025-08-05,marketplace,pix,BEMVINDO10,16.28,6,delivered,5
A02761,C02777,2025-08-05,marketplace,credit_card,,17.1,4,delivered,5
A02762,C03258,2025-08-05,site,credit_card,,29.72,18,delivered,3
A02763,C03652,2025-08-05,site,pix,,13.25,5,delivered,
A02764,C03817,2025-08-05,marketplace,credit_card,,15.68,5,delivered,5
A02765,C04070,2025-08-05,marketplace,boleto,BEMVINDO10,30.34,5,delivered,5
A02766,C04113,2025-08-05,app,pix,,17.84,3,delivered,
A02767,C04379,2025-08-05,site,credit_card,BEMVINDO10,14.27,5,delivered,5
A02768,C04429,2025-08-05,app,credit_card,AURORA20,28.37,7,delivered,5
A02769,C04487,2025-08-05,marketplace,credit_card,,20.94,3,delivered,
A02770,C04586,2025-08-05,site,pix,,15.66,6,delivered,4
A02771,C04784,2025-08-05,app,credit_card,,30.69,9,delivered,5
A02772,C04852,2025-08-05,app,credit_card,,16.39,4,delivered,5
A02773,C04938,2025-08-05,site,credit_card,,14.13,5,delivered,4
A02774,C00023,2025-08-06,marketplace,credit_card,,35.61,18,returned,
A02775,C00219,2025-08-06,marketplace,pix,,24.34,4,delivered,5
A02776,C00281,2025-08-06,marketplace,pix,,10.02,3,delivered,
A02777,C00353,2025-08-06,marketplace,pix,,14.72,6,delivered,5
A02778,C00887,2025-08-06,site,credit_card,,27.74,8,delivered,3
A02779,C00988,2025-08-06,app,credit_card,,20.01,6,delivered,4
A02780,C01035,2025-08-06,app,credit_card,,18.14,6,delivered,5
A02781,C01048,2025-08-06,marketplace,pix,AURORA20,26.53,9,delivered,4
A02782,C01162,2025-08-06,app,credit_card,,22.79,16,delivered,4
A02783,C01491,2025-08-06,app,pix,,10.56,3,delivered,
A02784,C01803,2025-08-06,app,credit_card,,20.85,10,delivered,3
A02785,C02440,2025-08-06,app,credit_card,,26.83,7,delivered,5
A02786,C02659,2025-08-06,site,pix,,23.57,4,delivered,5
A02787,C02715,2025-08-06,app,credit_card,,10.67,4,delivered,5
A02788,C02818,2025-08-06,app,credit_card,,32.39,9,delivered,4
A02789,C03046,2025-08-06,site,pix,,12.95,4,delivered,
A02790,C03463,2025-08-06,site,pix,,31.72,11,delivered,
A02791,C03537,2025-08-06,site,pix,,14.24,1,delivered,5
A02792,C03711,2025-08-06,marketplace,pix,,23.63,15,delivered,2
A02793,C03816,2025-08-06,app,pix,FRETEGRATIS,0.0,5,delivered,5
A02794,C04187,2025-08-06,site,credit_card,AURORA20,15.13,3,delivered,
A02795,C04451,2025-08-06,app,pix,,13.27,6,delivered,5
A02796,C04491,2025-08-06,app,pix,,22.48,10,delivered,4
A02797,C04614,2025-08-06,app,pix,BEMVINDO10,11.34,3,delivered,5
A02798,C04708,2025-08-06,marketplace,credit_card,BEMVINDO10,11.91,2,delivered,5
A02799,C00136,2025-08-07,marketplace,pix,,32.42,18,delivered,3
A02800,C00339,2025-08-07,site,credit_card,,35.84,10,delivered,3
A02801,C00370,2025-08-07,app,credit_card,,24.69,7,delivered,4
A02802,C00973,2025-08-07,marketplace,pix,,14.18,2,delivered,4
A02803,C01243,2025-08-07,app,pix,,14.87,2,delivered,3
A02804,C01515,2025-08-07,site,pix,,17.42,5,delivered,
A02805,C01825,2025-08-07,app,pix,BEMVINDO10,15.38,4,delivered,
A02806,C01835,2025-08-07,site,credit_card,,18.23,3,delivered,
A02807,C02068,2025-08-07,app,credit_card,,13.14,1,delivered,5
A02808,C03104,2025-08-07,marketplace,credit_card,BEMVINDO10,33.98,20,delivered,3
A02809,C03754,2025-08-07,app,pix,,20.59,,canceled,
A02810,C03870,2025-08-07,app,pix,AURORA20,10.93,2,delivered,5
A02811,C03966,2025-08-07,site,credit_card,AURORA20,36.16,11,delivered,4
A02812,C04355,2025-08-07,app,credit_card,AURORA20,14.15,3,delivered,
A02813,C04643,2025-08-07,app,credit_card,AURORA20,13.78,4,delivered,4
A02814,C00063,2025-08-08,marketplace,boleto,,32.15,12,delivered,4
A02815,C00107,2025-08-08,site,credit_card,,27.21,16,delivered,4
A02816,C00212,2025-08-08,marketplace,pix,,14.11,5,delivered,4
A02817,C00518,2025-08-08,site,pix,FRETEGRATIS,0.0,3,delivered,5
A02818,C01226,2025-08-08,site,credit_card,,19.06,,canceled,
A02819,C01448,2025-08-08,marketplace,credit_card,,26.92,11,delivered,4
A02820,C02035,2025-08-08,app,pix,,12.64,2,delivered,4
A02821,C02703,2025-08-08,app,credit_card,,14.85,2,delivered,
A02822,C03231,2025-08-08,app,pix,,18.47,7,delivered,
A02823,C04035,2025-08-08,marketplace,pix,,23.72,12,delivered,
A02824,C04388,2025-08-08,app,pix,,24.4,5,delivered,4
A02825,C04528,2025-08-08,marketplace,pix,,23.34,7,delivered,5
A02826,C04722,2025-08-08,site,pix,,14.85,6,delivered,
A02827,C04781,2025-08-08,site,pix,BEMVINDO10,16.04,10,delivered,5
A02828,C00117,2025-08-09,site,pix,BEMVINDO10,15.88,6,delivered,
A02829,C00583,2025-08-09,marketplace,boleto,BEMVINDO10,9.85,3,delivered,
A02830,C00711,2025-08-09,app,credit_card,,28.4,11,delivered,4
A02831,C01257,2025-08-09,marketplace,pix,,24.18,11,delivered,4
A02832,C01368,2025-08-09,app,credit_card,,16.84,4,delivered,5
A02833,C01410,2025-08-09,site,credit_card,,31.94,17,delivered,2
A02834,C02204,2025-08-09,site,pix,,15.45,7,delivered,4
A02835,C02214,2025-08-09,app,pix,,13.04,2,delivered,5
A02836,C02513,2025-08-09,marketplace,credit_card,,16.19,2,delivered,5
A02837,C02623,2025-08-09,site,credit_card,BEMVINDO10,28.07,27,delivered,2
A02838,C02873,2025-08-09,app,pix,,14.61,1,delivered,5
A02839,C03018,2025-08-09,marketplace,credit_card,,22.79,5,delivered,4
A02840,C03317,2025-08-09,site,pix,BEMVINDO10,15.01,3,delivered,4
A02841,C03444,2025-08-09,marketplace,credit_card,,23.77,8,delivered,4
A02842,C03797,2025-08-09,marketplace,credit_card,,15.82,2,delivered,4
A02843,C03878,2025-08-09,site,credit_card,,14.11,2,delivered,5
A02844,C04052,2025-08-09,site,pix,FRETEGRATIS,0.0,1,delivered,5
A02845,C04140,2025-08-09,site,credit_card,,24.65,,canceled,
A02846,C04215,2025-08-09,app,credit_card,,21.72,4,returned,
A02847,C04280,2025-08-09,app,pix,,29.32,12,returned,
A02848,C04722,2025-08-09,site,credit_card,,14.95,5,delivered,
A02849,C00016,2025-08-10,app,pix,AURORA20,14.67,,canceled,
A02850,C01637,2025-08-10,site,pix,,16.26,6,delivered,5
A02851,C01894,2025-08-10,app,credit_card,BEMVINDO10,19.17,10,delivered,
A02852,C01920,2025-08-10,app,credit_card,AURORA20,28.7,8,delivered,3
A02853,C02029,2025-08-10,app,credit_card,,17.29,6,delivered,3
A02854,C02099,2025-08-10,marketplace,credit_card,,12.11,,canceled,
A02855,C02605,2025-08-10,marketplace,pix,,32.4,8,delivered,4
A02856,C03424,2025-08-10,app,credit_card,BEMVINDO10,17.14,6,delivered,
A02857,C03708,2025-08-10,app,credit_card,,13.24,6,delivered,
A02858,C04146,2025-08-10,site,pix,,15.2,3,delivered,5
A02859,C04231,2025-08-10,site,pix,,12.55,,canceled,
A02860,C04379,2025-08-10,site,credit_card,FRETEGRATIS,0.0,5,delivered,5
A02861,C04471,2025-08-10,site,pix,,18.38,4,delivered,
A02862,C04607,2025-08-10,app,pix,,14.2,4,delivered,
A02863,C00194,2025-08-11,app,pix,,14.82,3,delivered,4
A02864,C00199,2025-08-11,marketplace,credit_card,,15.37,2,delivered,5
A02865,C00641,2025-08-11,marketplace,credit_card,,11.01,2,delivered,5
A02866,C01123,2025-08-11,app,credit_card,,16.13,5,delivered,5
A02867,C01201,2025-08-11,site,pix,,24.85,14,delivered,3
A02868,C01568,2025-08-11,site,pix,AURORA20,14.77,4,delivered,
A02869,C01736,2025-08-11,site,boleto,BEMVINDO10,20.64,4,delivered,4
A02870,C02026,2025-08-11,site,credit_card,,19.69,4,delivered,5
A02871,C02038,2025-08-11,site,credit_card,,28.08,19,delivered,2
A02872,C02103,2025-08-11,site,credit_card,,13.83,6,delivered,3
A02873,C02248,2025-08-11,site,pix,,14.06,2,delivered,4
A02874,C02454,2025-08-11,marketplace,pix,,21.63,8,delivered,5
A02875,C02943,2025-08-11,marketplace,credit_card,,10.93,3,delivered,3
A02876,C03141,2025-08-11,site,boleto,BEMVINDO10,15.64,2,delivered,4
A02877,C03571,2025-08-11,app,credit_card,,13.87,3,delivered,5
A02878,C04317,2025-08-11,marketplace,pix,,21.65,4,delivered,5
A02879,C04536,2025-08-11,app,pix,,11.59,3,delivered,
A02880,C04648,2025-08-11,site,credit_card,,18.44,2,delivered,5
A02881,C00441,2025-08-12,marketplace,credit_card,AURORA20,8.52,5,delivered,5
A02882,C00614,2025-08-12,site,pix,,25.63,4,delivered,4
A02883,C00671,2025-08-12,marketplace,credit_card,,12.15,4,delivered,
A02884,C00721,2025-08-12,app,pix,AURORA20,17.56,3,delivered,5
A02885,C00721,2025-08-12,app,pix,AURORA20,18.57,4,delivered,5
A02886,C01338,2025-08-12,site,credit_card,,15.79,7,delivered,4
A02887,C01682,2025-08-12,site,boleto,,30.51,11,delivered,
A02888,C01703,2025-08-12,app,credit_card,,21.51,6,delivered,5
A02889,C01849,2025-08-12,site,pix,,32.42,6,delivered,3
A02890,C01974,2025-08-12,marketplace,pix,,16.4,12,delivered,4
A02891,C02085,2025-08-12,app,credit_card,,26.38,8,delivered,5
A02892,C02354,2025-08-12,app,pix,,14.43,2,delivered,4
A02893,C02373,2025-08-12,site,boleto,BEMVINDO10,30.72,20,delivered,4
A02894,C02456,2025-08-12,marketplace,pix,,13.57,3,delivered,5
A02895,C02938,2025-08-12,site,pix,,13.53,2,delivered,4
A02896,C03630,2025-08-12,marketplace,pix,,21.99,8,delivered,4
A02897,C03788,2025-08-12,site,credit_card,,18.51,8,delivered,
A02898,C03846,2025-08-12,app,credit_card,,28.17,14,delivered,4
A02899,C04013,2025-08-12,app,credit_card,,39.89,29,delivered,1
A02900,C04026,2025-08-12,site,pix,,10.93,10,delivered,3
A02901,C04299,2025-08-12,app,pix,,12.34,7,delivered,4
A02902,C04402,2025-08-12,site,credit_card,,19.01,7,delivered,5
A02903,C04678,2025-08-12,marketplace,pix,,17.86,2,delivered,5
A02904,C04679,2025-08-12,site,pix,,23.94,11,delivered,5
A02905,C04766,2025-08-12,app,credit_card,,14.54,6,delivered,
A02906,C04789,2025-08-12,marketplace,credit_card,BEMVINDO10,16.26,3,delivered,5
A02907,C00023,2025-08-13,marketplace,credit_card,,23.71,6,delivered,3
A02908,C00552,2025-08-13,app,credit_card,,24.74,6,delivered,4
A02909,C00559,2025-08-13,marketplace,pix,BEMVINDO10,13.55,3,delivered,4
A02910,C00840,2025-08-13,marketplace,pix,BEMVINDO10,14.14,5,delivered,5
A02911,C00939,2025-08-13,app,credit_card,AURORA20,16.58,5,delivered,5
A02912,C01045,2025-08-13,marketplace,pix,,16.87,3,delivered,4
A02913,C01498,2025-08-13,marketplace,pix,,27.77,11,delivered,4
A02914,C01530,2025-08-13,site,credit_card,BEMVINDO10,13.58,3,delivered,5
A02915,C01539,2025-08-13,site,pix,,30.38,19,delivered,
A02916,C01560,2025-08-13,app,credit_card,BEMVINDO10,14.1,,canceled,
A02917,C01753,2025-08-13,app,pix,,16.68,1,delivered,
A02918,C02327,2025-08-13,site,pix,BEMVINDO10,14.32,3,delivered,
A02919,C02373,2025-08-13,site,credit_card,,26.18,12,delivered,2
A02920,C02968,2025-08-13,app,credit_card,,12.41,6,delivered,5
A02921,C03234,2025-08-13,app,credit_card,AURORA20,15.88,7,delivered,4
A02922,C03498,2025-08-13,site,pix,,32.96,12,delivered,3
A02923,C03501,2025-08-13,site,pix,AURORA20,15.85,10,returned,
A02924,C04176,2025-08-13,app,credit_card,,28.6,15,delivered,
A02925,C04265,2025-08-13,site,pix,,14.34,3,delivered,5
A02926,C04640,2025-08-13,marketplace,pix,,17.14,10,returned,
A02927,C04815,2025-08-13,site,pix,AURORA20,27.21,14,delivered,4
A02928,C00096,2025-08-14,site,credit_card,BEMVINDO10,23.11,9,delivered,
A02929,C00218,2025-08-14,site,credit_card,,14.13,4,delivered,4
A02930,C00640,2025-08-14,site,credit_card,,15.01,2,delivered,4
A02931,C00742,2025-08-14,site,credit_card,,12.25,4,delivered,
A02932,C00868,2025-08-14,site,pix,BEMVINDO10,15.47,4,delivered,4
A02933,C00871,2025-08-14,site,credit_card,,14.33,6,delivered,4
A02934,C01203,2025-08-14,site,credit_card,AURORA20,29.24,9,delivered,
A02935,C02512,2025-08-14,site,credit_card,,10.53,4,delivered,5
A02936,C02788,2025-08-14,marketplace,pix,AURORA20,12.32,4,delivered,5
A02937,C02792,2025-08-14,marketplace,pix,BEMVINDO10,9.91,4,delivered,4
A02938,C02842,2025-08-14,app,pix,BEMVINDO10,22.37,6,delivered,5
A02939,C02888,2025-08-14,site,credit_card,BEMVINDO10,13.92,5,delivered,5
A02940,C03257,2025-08-14,app,boleto,,14.68,3,delivered,
A02941,C03461,2025-08-14,marketplace,credit_card,,20.53,3,delivered,5
A02942,C03551,2025-08-14,app,pix,AURORA20,14.14,6,delivered,5
A02943,C03670,2025-08-14,marketplace,credit_card,,16.66,3,delivered,
A02944,C03916,2025-08-14,site,pix,,13.1,2,delivered,
A02945,C04613,2025-08-14,marketplace,credit_card,,18.64,6,delivered,3
A02946,C00270,2025-08-15,app,credit_card,,30.0,14,delivered,3
A02947,C00445,2025-08-15,marketplace,boleto,,13.69,4,delivered,5
A02948,C00927,2025-08-15,app,pix,,17.68,9,delivered,4
A02949,C01420,2025-08-15,site,credit_card,,26.46,10,delivered,
A02950,C01421,2025-08-15,app,pix,,26.29,12,returned,
A02951,C01470,2025-08-15,app,credit_card,,33.46,6,returned,
A02952,C01672,2025-08-15,app,pix,AURORA20,21.38,5,returned,
A02953,C01732,2025-08-15,site,pix,,13.33,3,delivered,
A02954,C01831,2025-08-15,site,credit_card,,22.41,5,delivered,
A02955,C01963,2025-08-15,app,credit_card,AURORA20,14.3,6,delivered,5
A02956,C02336,2025-08-15,site,pix,,29.37,12,delivered,5
A02957,C02554,2025-08-15,app,credit_card,,20.62,6,delivered,
A02958,C02565,2025-08-15,marketplace,boleto,,16.57,8,returned,
A02959,C02711,2025-08-15,app,pix,,14.59,5,delivered,5
A02960,C02738,2025-08-15,app,credit_card,,12.61,6,delivered,4
A02961,C03148,2025-08-15,site,pix,BEMVINDO10,30.2,,canceled,
A02962,C03183,2025-08-15,site,pix,,31.4,11,returned,
A02963,C03210,2025-08-15,marketplace,pix,,15.73,3,delivered,4
A02964,C03838,2025-08-15,app,pix,,35.57,17,delivered,3
A02965,C03875,2025-08-15,site,pix,,19.76,12,delivered,
A02966,C03921,2025-08-15,app,credit_card,,30.07,7,returned,
A02967,C04169,2025-08-15,site,credit_card,,10.25,,canceled,
A02968,C04277,2025-08-15,site,boleto,,16.82,7,delivered,3
A02969,C04394,2025-08-15,site,boleto,,38.66,12,delivered,4
A02970,C04695,2025-08-15,app,pix,,12.94,2,delivered,3
A02971,C00234,2025-08-16,marketplace,credit_card,BEMVINDO10,12.32,3,delivered,
A02972,C00352,2025-08-16,marketplace,pix,,13.77,5,delivered,4
A02973,C00443,2025-08-16,site,credit_card,BEMVINDO10,30.59,17,delivered,3
A02974,C00498,2025-08-16,site,credit_card,BEMVINDO10,14.59,4,delivered,5
A02975,C00683,2025-08-16,app,pix,,30.76,9,delivered,3
A02976,C00739,2025-08-16,site,credit_card,,26.45,7,delivered,
A02977,C01184,2025-08-16,marketplace,credit_card,,16.34,4,delivered,5
A02978,C01375,2025-08-16,site,credit_card,BEMVINDO10,22.97,7,delivered,4
A02979,C01640,2025-08-16,app,pix,,14.74,3,delivered,5
A02980,C02152,2025-08-16,site,pix,AURORA20,28.23,12,delivered,2
A02981,C02816,2025-08-16,site,pix,AURORA20,12.49,3,delivered,5
A02982,C02950,2025-08-16,site,boleto,,10.21,11,delivered,3
A02983,C03006,2025-08-16,app,boleto,AURORA20,13.6,,canceled,
A02984,C03517,2025-08-16,site,pix,AURORA20,32.62,18,delivered,
A02985,C03574,2025-08-16,app,pix,FRETEGRATIS,0.0,2,delivered,
A02986,C04680,2025-08-16,site,credit_card,BEMVINDO10,28.96,17,delivered,
A02987,C04987,2025-08-16,site,credit_card,BEMVINDO10,16.84,4,delivered,4
A02988,C00190,2025-08-17,site,credit_card,,24.03,5,delivered,
A02989,C00755,2025-08-17,marketplace,credit_card,,12.39,4,delivered,4
A02990,C00947,2025-08-17,app,boleto,,23.22,18,delivered,3
A02991,C00953,2025-08-17,site,pix,,14.82,3,delivered,
A02992,C01174,2025-08-17,marketplace,pix,BEMVINDO10,15.07,4,delivered,5
A02993,C01368,2025-08-17,app,pix,AURORA20,15.17,4,delivered,
A02994,C03438,2025-08-17,app,pix,AURORA20,14.96,2,delivered,5
A02995,C03473,2025-08-17,app,boleto,,12.07,5,delivered,4
A02996,C03487,2025-08-17,site,pix,,36.16,,canceled,
A02997,C03603,2025-08-17,site,credit_card,,11.65,,canceled,
A02998,C03712,2025-08-17,marketplace,credit_card,AURORA20,15.32,3,delivered,5
A02999,C04350,2025-08-17,app,pix,,28.72,8,delivered,
A03000,C04658,2025-08-17,marketplace,pix,BEMVINDO10,23.35,5,delivered,4
A03001,C04693,2025-08-17,app,credit_card,,12.74,3,delivered,4
A03002,C04941,2025-08-17,marketplace,boleto,FRETEGRATIS,0.0,10,delivered,3
A03003,C00153,2025-08-18,site,boleto,,15.94,7,delivered,5
A03004,C00469,2025-08-18,site,credit_card,,28.22,3,delivered,
A03005,C00653,2025-08-18,app,pix,,20.77,7,delivered,4
A03006,C00921,2025-08-18,site,credit_card,,26.57,12,delivered,
A03007,C01048,2025-08-18,marketplace,boleto,,29.94,12,delivered,
A03008,C01093,2025-08-18,marketplace,boleto,,15.41,4,delivered,4
A03009,C01187,2025-08-18,site,boleto,,14.72,4,delivered,5
A03010,C01295,2025-08-18,app,pix,,23.29,19,returned,
A03011,C02081,2025-08-18,marketplace,pix,,17.06,4,delivered,5
A03012,C02221,2025-08-18,app,credit_card,AURORA20,24.59,15,delivered,3
A03013,C02245,2025-08-18,site,credit_card,AURORA20,14.03,2,delivered,5
A03014,C02402,2025-08-18,app,credit_card,,31.89,13,delivered,
A03015,C02664,2025-08-18,marketplace,pix,BEMVINDO10,20.42,3,delivered,5
A03016,C02741,2025-08-18,app,pix,FRETEGRATIS,0.0,5,delivered,4
A03017,C02866,2025-08-18,site,credit_card,,17.52,6,delivered,
A03018,C02884,2025-08-18,app,pix,,13.33,8,delivered,4
A03019,C02968,2025-08-18,app,credit_card,,8.85,2,delivered,4
A03020,C03030,2025-08-18,site,credit_card,,11.81,6,delivered,5
A03021,C03152,2025-08-18,site,pix,,18.75,5,delivered,
A03022,C03517,2025-08-18,site,pix,,23.28,20,delivered,1
A03023,C04007,2025-08-18,app,pix,AURORA20,15.14,2,delivered,
A03024,C04009,2025-08-18,app,credit_card,,17.27,11,delivered,4
A03025,C04040,2025-08-18,site,pix,,26.5,9,delivered,4
A03026,C04235,2025-08-18,site,boleto,,28.51,9,delivered,4
A03027,C04288,2025-08-18,marketplace,credit_card,BEMVINDO10,12.92,2,delivered,4
A03028,C00115,2025-08-19,site,boleto,,12.75,4,delivered,4
A03029,C00169,2025-08-19,app,credit_card,,11.98,3,delivered,
A03030,C00376,2025-08-19,app,pix,AURORA20,14.36,1,delivered,5
A03031,C00583,2025-08-19,marketplace,pix,,13.62,3,delivered,5
A03032,C01575,2025-08-19,site,credit_card,,14.96,4,delivered,5
A03033,C01644,2025-08-19,marketplace,pix,BEMVINDO10,25.45,17,delivered,3
A03034,C01741,2025-08-19,site,pix,,29.63,9,delivered,
A03035,C02144,2025-08-19,marketplace,pix,,11.12,10,delivered,4
A03036,C02230,2025-08-19,marketplace,credit_card,AURORA20,18.5,10,delivered,4
A03037,C02424,2025-08-19,app,pix,,23.92,6,delivered,
A03038,C02444,2025-08-19,app,credit_card,,28.16,5,delivered,5
A03039,C02608,2025-08-19,app,pix,,24.83,16,delivered,
A03040,C02716,2025-08-19,app,pix,AURORA20,13.03,7,delivered,
A03041,C02729,2025-08-19,marketplace,credit_card,,29.43,15,delivered,
A03042,C02847,2025-08-19,marketplace,boleto,,15.27,5,delivered,3
A03043,C03352,2025-08-19,app,credit_card,,10.38,3,delivered,4
A03044,C03488,2025-08-19,site,pix,,20.79,5,delivered,4
A03045,C03951,2025-08-19,marketplace,pix,,27.06,5,delivered,5
A03046,C04330,2025-08-19,marketplace,credit_card,,20.7,4,delivered,5
A03047,C04594,2025-08-19,app,boleto,,12.72,7,delivered,
A03048,C04916,2025-08-19,app,credit_card,,14.33,8,delivered,5
A03049,C00291,2025-08-20,site,credit_card,,29.37,20,delivered,3
A03050,C00345,2025-08-20,site,credit_card,,31.02,7,delivered,4
A03051,C00371,2025-08-20,site,credit_card,AURORA20,19.49,5,delivered,
A03052,C00605,2025-08-20,app,pix,,15.6,5,delivered,
A03053,C00915,2025-08-20,site,credit_card,BEMVINDO10,33.48,11,delivered,4
A03054,C02359,2025-08-20,marketplace,credit_card,,24.28,11,delivered,4
A03055,C02612,2025-08-20,app,boleto,,11.8,4,delivered,5
A03056,C02771,2025-08-20,site,credit_card,,11.8,3,delivered,4
A03057,C02941,2025-08-20,site,pix,BEMVINDO10,16.27,2,delivered,5
A03058,C03006,2025-08-20,app,pix,,7.43,6,delivered,5
A03059,C03206,2025-08-20,marketplace,pix,BEMVINDO10,14.65,2,delivered,4
A03060,C03217,2025-08-20,app,credit_card,,12.63,4,delivered,4
A03061,C03243,2025-08-20,site,pix,,24.91,14,delivered,5
A03062,C03949,2025-08-20,app,pix,,28.67,7,delivered,4
A03063,C04196,2025-08-20,site,pix,,15.79,6,delivered,
A03064,C04767,2025-08-20,marketplace,credit_card,,18.88,5,delivered,3
A03065,C04931,2025-08-20,site,credit_card,AURORA20,30.47,13,delivered,
A03066,C00182,2025-08-21,site,boleto,AURORA20,14.0,4,delivered,5
A03067,C00541,2025-08-21,site,boleto,,32.34,,canceled,
A03068,C00971,2025-08-21,app,pix,BEMVINDO10,31.1,13,delivered,4
A03069,C01290,2025-08-21,app,pix,,15.8,3,delivered,5
A03070,C01401,2025-08-21,app,credit_card,AURORA20,24.81,16,delivered,
A03071,C01761,2025-08-21,app,credit_card,,19.87,8,delivered,
A03072,C01876,2025-08-21,site,credit_card,,22.01,3,delivered,4
A03073,C02137,2025-08-21,site,credit_card,,39.44,7,delivered,3
A03074,C02327,2025-08-21,site,credit_card,,14.7,5,delivered,4
A03075,C02578,2025-08-21,site,pix,,33.02,8,delivered,4
A03076,C02618,2025-08-21,marketplace,credit_card,,12.7,4,delivered,
A03077,C02753,2025-08-21,marketplace,pix,,12.69,7,delivered,5
A03078,C02864,2025-08-21,app,pix,AURORA20,26.65,9,delivered,5
A03079,C03080,2025-08-21,app,credit_card,AURORA20,17.4,5,delivered,
A03080,C03144,2025-08-21,app,credit_card,,20.04,5,delivered,4
A03081,C03196,2025-08-21,app,credit_card,AURORA20,25.92,16,delivered,4
A03082,C03243,2025-08-21,app,pix,,39.87,17,delivered,4
A03083,C03266,2025-08-21,app,credit_card,,20.17,5,delivered,4
A03084,C03267,2025-08-21,app,credit_card,,25.84,10,delivered,3
A03085,C03451,2025-08-21,site,credit_card,,13.76,4,delivered,5
A03086,C04304,2025-08-21,app,boleto,,21.96,8,delivered,
A03087,C04649,2025-08-21,site,pix,,16.52,5,delivered,5
A03088,C04821,2025-08-21,site,credit_card,,12.32,,canceled,
A03089,C00401,2025-08-22,marketplace,boleto,,12.73,2,delivered,5
A03090,C01770,2025-08-22,marketplace,pix,FRETEGRATIS,0.0,3,delivered,4
A03091,C01917,2025-08-22,marketplace,pix,FRETEGRATIS,0.0,3,delivered,
A03092,C01962,2025-08-22,marketplace,pix,,18.56,5,delivered,3
A03093,C02295,2025-08-22,app,boleto,,16.91,3,delivered,5
A03094,C02460,2025-08-22,marketplace,credit_card,BEMVINDO10,19.2,6,delivered,5
A03095,C02937,2025-08-22,site,credit_card,,15.21,4,delivered,4
A03096,C03122,2025-08-22,marketplace,pix,,13.51,6,delivered,5
A03097,C03149,2025-08-22,site,pix,BEMVINDO10,22.14,8,delivered,5
A03098,C03239,2025-08-22,site,pix,,12.89,2,delivered,4
A03099,C03304,2025-08-22,site,credit_card,,20.38,6,delivered,4
A03100,C03709,2025-08-22,app,credit_card,,15.37,4,delivered,5
A03101,C03890,2025-08-22,app,credit_card,,12.93,6,delivered,5
A03102,C03940,2025-08-22,marketplace,pix,AURORA20,14.7,4,delivered,5
A03103,C04159,2025-08-22,site,credit_card,FRETEGRATIS,0.0,6,delivered,
A03104,C04253,2025-08-22,app,credit_card,BEMVINDO10,12.94,5,delivered,4
A03105,C04389,2025-08-22,app,pix,,18.31,2,delivered,5
A03106,C04911,2025-08-22,site,pix,,18.18,6,delivered,
A03107,C04916,2025-08-22,app,pix,,17.56,3,delivered,5
A03108,C00110,2025-08-23,app,boleto,,22.92,,canceled,
A03109,C00497,2025-08-23,app,credit_card,,18.71,4,delivered,4
A03110,C00721,2025-08-23,app,boleto,,22.85,3,delivered,4
A03111,C00853,2025-08-23,app,credit_card,BEMVINDO10,9.41,2,delivered,
A03112,C00919,2025-08-23,marketplace,boleto,,8.96,3,delivered,4
A03113,C00997,2025-08-23,app,credit_card,,16.41,3,delivered,5
A03114,C01043,2025-08-23,app,credit_card,BEMVINDO10,26.05,10,delivered,4
A03115,C01243,2025-08-23,app,credit_card,,13.65,6,delivered,4
A03116,C01819,2025-08-23,app,boleto,AURORA20,12.21,2,delivered,
A03117,C02488,2025-08-23,app,credit_card,,23.93,25,returned,
A03118,C02550,2025-08-23,app,pix,AURORA20,18.75,6,returned,
A03119,C02607,2025-08-23,marketplace,credit_card,,12.49,4,delivered,4
A03120,C02650,2025-08-23,marketplace,pix,,25.22,8,delivered,4
A03121,C03217,2025-08-23,app,credit_card,FRETEGRATIS,0.0,5,delivered,5
A03122,C03655,2025-08-23,site,pix,,14.0,8,delivered,5
A03123,C03747,2025-08-23,site,credit_card,AURORA20,14.27,5,delivered,4
A03124,C03881,2025-08-23,site,pix,,18.43,10,delivered,3
A03125,C04056,2025-08-23,app,credit_card,,21.64,8,delivered,
A03126,C04528,2025-08-23,marketplace,credit_card,,23.24,4,delivered,5
A03127,C04916,2025-08-23,app,credit_card,,14.15,,canceled,
A03128,C04959,2025-08-23,app,pix,,21.08,9,delivered,
A03129,C00417,2025-08-24,site,credit_card,,14.14,2,delivered,4
A03130,C00437,2025-08-24,app,pix,,25.95,20,delivered,
A03131,C00848,2025-08-24,site,pix,,13.79,2,delivered,4
A03132,C00914,2025-08-24,app,pix,BEMVINDO10,14.86,6,delivered,5
A03133,C01269,2025-08-24,marketplace,credit_card,,16.97,6,delivered,5
A03134,C01374,2025-08-24,site,pix,,18.56,7,delivered,
A03135,C01404,2025-08-24,site,credit_card,,28.17,10,delivered,4
A03136,C01412,2025-08-24,app,pix,BEMVINDO10,35.55,8,delivered,
A03137,C01453,2025-08-24,site,credit_card,FRETEGRATIS,0.0,5,delivered,
A03138,C01507,2025-08-24,site,boleto,,21.68,9,returned,
A03139,C02248,2025-08-24,app,credit_card,,16.78,2,delivered,5
A03140,C02438,2025-08-24,app,credit_card,,14.79,5,delivered,
A03141,C02627,2025-08-24,marketplace,credit_card,AURORA20,14.01,1,delivered,
A03142,C02679,2025-08-24,site,credit_card,,30.66,4,delivered,5
A03143,C02843,2025-08-24,site,credit_card,,15.49,3,delivered,
A03144,C02902,2025-08-24,site,credit_card,BEMVINDO10,40.74,7,delivered,4
A03145,C03115,2025-08-24,app,boleto,AURORA20,12.26,5,delivered,
A03146,C03349,2025-08-24,app,pix,,32.97,5,delivered,
A03147,C03426,2025-08-24,site,boleto,,18.78,8,delivered,
A03148,C03611,2025-08-24,app,pix,,30.95,4,delivered,5
A03149,C03675,2025-08-24,app,pix,,11.59,5,delivered,5
A03150,C03736,2025-08-24,site,credit_card,,12.68,4,delivered,4
A03151,C03820,2025-08-24,site,credit_card,,11.42,2,delivered,4
A03152,C04463,2025-08-24,app,credit_card,,14.06,3,delivered,5
A03153,C04510,2025-08-24,marketplace,credit_card,,15.7,5,delivered,
A03154,C04739,2025-08-24,site,credit_card,,11.55,3,delivered,4
A03155,C04830,2025-08-24,marketplace,credit_card,AURORA20,15.75,3,delivered,5
A03156,C00045,2025-08-25,app,credit_card,,15.41,6,delivered,5
A03157,C00271,2025-08-25,site,pix,,23.29,9,delivered,4
A03158,C00690,2025-08-25,site,credit_card,,14.91,5,delivered,3
A03159,C00693,2025-08-25,site,credit_card,BEMVINDO10,17.69,5,delivered,4
A03160,C01035,2025-08-25,app,pix,,17.57,5,delivered,5
A03161,C01206,2025-08-25,app,pix,,18.84,,canceled,
A03162,C01624,2025-08-25,site,credit_card,,17.45,5,delivered,
A03163,C01997,2025-08-25,app,pix,,13.05,2,delivered,5
A03164,C02020,2025-08-25,app,pix,BEMVINDO10,25.63,8,delivered,
A03165,C02272,2025-08-25,marketplace,credit_card,,15.28,7,delivered,5
A03166,C02431,2025-08-25,site,pix,,26.08,5,delivered,4
A03167,C02545,2025-08-25,site,credit_card,,15.3,3,delivered,
A03168,C02580,2025-08-25,site,boleto,,13.33,3,delivered,
A03169,C02835,2025-08-25,site,credit_card,,13.87,3,delivered,5
A03170,C03244,2025-08-25,app,credit_card,BEMVINDO10,14.3,3,delivered,5
A03171,C03386,2025-08-25,marketplace,credit_card,,13.13,2,delivered,
A03172,C03513,2025-08-25,app,credit_card,,13.57,7,delivered,4
A03173,C03818,2025-08-25,app,pix,AURORA20,17.8,6,delivered,5
A03174,C03917,2025-08-25,app,pix,,15.46,4,delivered,4
A03175,C03998,2025-08-25,site,boleto,,30.84,8,delivered,
A03176,C04134,2025-08-25,app,credit_card,,17.6,2,delivered,5
A03177,C04378,2025-08-25,marketplace,boleto,,8.77,4,delivered,
A03178,C04443,2025-08-25,site,boleto,,11.09,6,delivered,4
A03179,C04528,2025-08-25,marketplace,pix,,20.61,5,delivered,3
A03180,C04673,2025-08-25,marketplace,pix,,14.75,2,delivered,5
A03181,C04807,2025-08-25,site,pix,AURORA20,14.6,3,delivered,5
A03182,C04925,2025-08-25,site,credit_card,BEMVINDO10,15.58,3,delivered,5
A03183,C00281,2025-08-26,marketplace,pix,,12.5,6,delivered,5
A03184,C01123,2025-08-26,app,pix,,12.03,3,returned,
A03185,C01935,2025-08-26,marketplace,pix,,20.27,6,delivered,4
A03186,C02050,2025-08-26,site,boleto,,10.24,3,delivered,
A03187,C02410,2025-08-26,site,pix,,23.45,14,delivered,3
A03188,C02422,2025-08-26,site,pix,,11.11,2,delivered,4
A03189,C02692,2025-08-26,site,pix,,14.84,6,delivered,4
A03190,C03054,2025-08-26,site,credit_card,BEMVINDO10,13.86,3,delivered,
A03191,C03253,2025-08-26,app,credit_card,,24.01,9,delivered,4
A03192,C03516,2025-08-26,site,pix,BEMVINDO10,11.52,7,delivered,
A03193,C04034,2025-08-26,marketplace,pix,,23.92,5,delivered,
A03194,C04265,2025-08-26,site,pix,,15.49,4,delivered,5
A03195,C04390,2025-08-26,app,credit_card,AURORA20,16.37,2,delivered,3
A03196,C04748,2025-08-26,site,pix,BEMVINDO10,12.09,2,delivered,5
A03197,C00067,2025-08-27,site,credit_card,,15.71,2,delivered,5
A03198,C00180,2025-08-27,marketplace,boleto,BEMVINDO10,14.21,2,delivered,
A03199,C00415,2025-08-27,site,credit_card,,33.23,13,delivered,4
A03200,C00484,2025-08-27,site,boleto,BEMVINDO10,26.78,7,delivered,
A03201,C01005,2025-08-27,app,credit_card,,12.54,4,delivered,4
A03202,C01185,2025-08-27,site,credit_card,,12.34,4,delivered,5
A03203,C01365,2025-08-27,site,credit_card,,14.3,4,delivered,
A03204,C01511,2025-08-27,site,credit_card,BEMVINDO10,10.8,2,delivered,5
A03205,C01800,2025-08-27,app,credit_card,,12.77,2,delivered,5
A03206,C01897,2025-08-27,marketplace,credit_card,,14.5,7,delivered,
A03207,C02878,2025-08-27,site,credit_card,,24.87,6,delivered,
A03208,C02944,2025-08-27,marketplace,pix,BEMVINDO10,13.46,7,delivered,
A03209,C03252,2025-08-27,app,boleto,AURORA20,12.51,5,delivered,5
A03210,C03822,2025-08-27,marketplace,credit_card,,13.74,5,delivered,5
A03211,C03948,2025-08-27,site,credit_card,,12.89,11,delivered,
A03212,C04258,2025-08-27,site,boleto,AURORA20,20.62,9,delivered,
A03213,C04360,2025-08-27,app,credit_card,,18.85,3,delivered,5
A03214,C04413,2025-08-27,site,credit_card,,17.16,12,delivered,
A03215,C04610,2025-08-27,marketplace,credit_card,,16.33,9,delivered,4
A03216,C00057,2025-08-28,site,credit_card,BEMVINDO10,18.37,,canceled,
A03217,C00226,2025-08-28,app,credit_card,,15.35,4,delivered,5
A03218,C00897,2025-08-28,marketplace,boleto,,16.09,,canceled,
A03219,C00901,2025-08-28,site,credit_card,,18.64,5,delivered,4
A03220,C02120,2025-08-28,site,credit_card,,17.5,5,delivered,
A03221,C02549,2025-08-28,marketplace,pix,AURORA20,27.82,28,delivered,1
A03222,C02606,2025-08-28,site,credit_card,,13.26,5,delivered,
A03223,C02854,2025-08-28,site,credit_card,,28.7,3,delivered,
A03224,C02968,2025-08-28,app,credit_card,,12.91,9,delivered,
A03225,C03023,2025-08-28,site,boleto,FRETEGRATIS,0.0,2,delivered,5
A03226,C03025,2025-08-28,site,credit_card,,13.39,3,delivered,
A03227,C04386,2025-08-28,marketplace,pix,,40.16,6,delivered,5
A03228,C04412,2025-08-28,site,credit_card,FRETEGRATIS,0.0,7,delivered,5
A03229,C04597,2025-08-28,app,pix,,12.6,,canceled,
A03230,C00169,2025-08-29,app,pix,,15.13,3,delivered,4
A03231,C00267,2025-08-29,site,credit_card,,12.81,2,delivered,3
A03232,C00307,2025-08-29,site,pix,BEMVINDO10,14.8,5,delivered,
A03233,C00606,2025-08-29,site,credit_card,BEMVINDO10,31.64,12,delivered,3
A03234,C01784,2025-08-29,site,credit_card,AURORA20,13.62,,canceled,
A03235,C01889,2025-08-29,app,credit_card,,32.9,23,delivered,2
A03236,C02003,2025-08-29,marketplace,pix,,13.59,2,delivered,5
A03237,C02403,2025-08-29,app,credit_card,,20.63,14,delivered,
A03238,C02779,2025-08-29,app,credit_card,AURORA20,15.53,5,delivered,4
A03239,C03344,2025-08-29,site,pix,,13.77,4,delivered,5
A03240,C03374,2025-08-29,marketplace,credit_card,AURORA20,17.77,9,delivered,4
A03241,C03729,2025-08-29,site,credit_card,,11.5,5,delivered,5
A03242,C00156,2025-08-30,site,credit_card,,25.76,12,delivered,
A03243,C01166,2025-08-30,app,credit_card,,13.77,3,delivered,4
A03244,C01245,2025-08-30,app,credit_card,,27.81,9,delivered,5
A03245,C01287,2025-08-30,app,pix,AURORA20,20.72,6,delivered,5
A03246,C01801,2025-08-30,marketplace,pix,,33.3,15,delivered,2
A03247,C01877,2025-08-30,marketplace,pix,BEMVINDO10,23.49,8,delivered,3
A03248,C02098,2025-08-30,site,credit_card,,21.72,7,delivered,
A03249,C02217,2025-08-30,app,pix,,13.5,4,delivered,4
A03250,C02675,2025-08-30,app,pix,,19.52,9,delivered,
A03251,C03188,2025-08-30,site,credit_card,,25.67,10,delivered,3
A03252,C03250,2025-08-30,app,pix,,18.2,8,delivered,5
A03253,C03604,2025-08-30,site,pix,,23.76,10,delivered,5
A03254,C03648,2025-08-30,site,pix,AURORA20,25.02,13,delivered,
A03255,C03816,2025-08-30,app,credit_card,,16.52,3,delivered,
A03256,C03921,2025-08-30,app,pix,,35.14,9,delivered,3
A03257,C04020,2025-08-30,app,pix,AURORA20,14.64,3,delivered,4
A03258,C04448,2025-08-30,site,pix,,22.31,6,delivered,4
A03259,C04728,2025-08-30,site,credit_card,,28.85,13,delivered,3
A03260,C04775,2025-08-30,marketplace,pix,AURORA20,32.98,6,delivered,3
A03261,C04963,2025-08-30,site,boleto,,18.6,,canceled,
A03262,C00018,2025-08-31,site,credit_card,,15.38,3,delivered,3
A03263,C00197,2025-08-31,site,credit_card,,19.42,5,delivered,5
A03264,C00568,2025-08-31,app,credit_card,,11.28,5,delivered,
A03265,C01134,2025-08-31,site,credit_card,,20.85,2,delivered,5
A03266,C01564,2025-08-31,site,pix,,13.43,2,delivered,5
A03267,C01682,2025-08-31,site,credit_card,,23.06,7,delivered,
A03268,C01812,2025-08-31,site,pix,,17.46,4,delivered,5
A03269,C02014,2025-08-31,app,pix,,22.29,5,delivered,
A03270,C02332,2025-08-31,app,pix,,14.36,3,delivered,5
A03271,C02643,2025-08-31,marketplace,credit_card,AURORA20,13.14,3,delivered,4
A03272,C02651,2025-08-31,app,credit_card,,31.9,18,delivered,2
A03273,C02758,2025-08-31,site,boleto,BEMVINDO10,17.33,6,delivered,3
A03274,C02776,2025-08-31,marketplace,credit_card,,11.8,5,delivered,5
A03275,C03280,2025-08-31,marketplace,credit_card,AURORA20,30.77,8,delivered,4
A03276,C03330,2025-08-31,site,credit_card,,26.07,6,delivered,5
A03277,C03404,2025-08-31,app,credit_card,FRETEGRATIS,0.0,6,delivered,4
A03278,C03833,2025-08-31,app,credit_card,,19.74,5,delivered,5
A03279,C03866,2025-08-31,site,pix,BEMVINDO10,14.42,9,delivered,5
A03280,C04042,2025-08-31,site,pix,,12.82,4,delivered,4
A03281,C04187,2025-08-31,site,credit_card,AURORA20,16.23,2,delivered,4
A03282,C04391,2025-08-31,marketplace,credit_card,,17.09,8,delivered,3
A03283,C04667,2025-08-31,app,credit_card,AURORA20,12.94,5,delivered,5
A03284,C04713,2025-08-31,site,pix,,12.86,5,delivered,5
A03285,C04874,2025-08-31,site,credit_card,FRETEGRATIS,0.0,3,delivered,5
A03286,C04942,2025-08-31,app,credit_card,,17.0,4,delivered,5
A03287,C00106,2025-09-01,marketplace,credit_card,,15.14,,canceled,
A03288,C00227,2025-09-01,marketplace,credit_card,BEMVINDO10,19.88,10,delivered,3
A03289,C00240,2025-09-01,marketplace,pix,,15.47,2,delivered,
A03290,C00250,2025-09-01,site,credit_card,,12.69,1,delivered,5
A03291,C00556,2025-09-01,site,credit_card,,9.15,5,delivered,4
A03292,C00756,2025-09-01,site,credit_card,,17.08,4,delivered,5
A03293,C00888,2025-09-01,site,credit_card,,11.4,3,delivered,
A03294,C01014,2025-09-01,site,pix,BEMVINDO10,17.3,4,delivered,5
A03295,C01293,2025-09-01,app,pix,,17.89,7,delivered,
A03296,C01560,2025-09-01,site,pix,,11.12,3,delivered,5
A03297,C01735,2025-09-01,app,pix,,14.69,2,delivered,5
A03298,C02292,2025-09-01,app,credit_card,BEMVINDO10,30.75,7,delivered,5
A03299,C02355,2025-09-01,app,credit_card,AURORA20,34.01,6,delivered,4
A03300,C02481,2025-09-01,marketplace,pix,,16.54,4,delivered,4
A03301,C02760,2025-09-01,site,pix,,17.25,6,delivered,5
A03302,C02944,2025-09-01,marketplace,credit_card,,14.41,4,delivered,4
A03303,C03246,2025-09-01,marketplace,credit_card,AURORA20,28.36,10,delivered,
A03304,C03493,2025-09-01,site,pix,AURORA20,29.08,22,delivered,2
A03305,C03897,2025-09-01,app,pix,,14.3,2,delivered,
A03306,C04125,2025-09-01,app,credit_card,AURORA20,15.04,5,delivered,5
A03307,C04972,2025-09-01,site,pix,,28.62,12,returned,
A03308,C00123,2025-09-02,marketplace,pix,,13.24,2,delivered,5
A03309,C00406,2025-09-02,site,pix,AURORA20,27.15,8,delivered,4
A03310,C00429,2025-09-02,app,credit_card,,12.27,3,delivered,5
A03311,C00505,2025-09-02,site,pix,,13.64,4,delivered,4
A03312,C00690,2025-09-02,marketplace,pix,,16.06,3,delivered,
A03313,C00723,2025-09-02,marketplace,pix,,16.89,4,delivered,4
A03314,C01009,2025-09-02,app,credit_card,,16.89,2,delivered,4
A03315,C01462,2025-09-02,app,credit_card,BEMVINDO10,16.14,5,delivered,4
A03316,C01559,2025-09-02,site,pix,,16.61,3,returned,
A03317,C01769,2025-09-02,marketplace,pix,,13.54,4,delivered,5
A03318,C01854,2025-09-02,site,credit_card,,28.44,18,delivered,
A03319,C01985,2025-09-02,site,credit_card,BEMVINDO10,24.68,5,delivered,5
A03320,C02024,2025-09-02,app,credit_card,,12.62,4,delivered,4
A03321,C02205,2025-09-02,app,credit_card,BEMVINDO10,14.36,4,delivered,5
A03322,C02257,2025-09-02,site,boleto,,26.65,10,delivered,
A03323,C02296,2025-09-02,site,boleto,,26.58,12,delivered,
A03324,C02317,2025-09-02,app,credit_card,,14.25,5,delivered,5
A03325,C02368,2025-09-02,site,boleto,,12.91,3,delivered,4
A03326,C02468,2025-09-02,site,pix,,15.61,3,delivered,5
A03327,C02520,2025-09-02,site,pix,,33.18,11,delivered,
A03328,C03123,2025-09-02,marketplace,pix,,13.93,5,delivered,5
A03329,C03288,2025-09-02,site,credit_card,,41.76,9,delivered,
A03330,C03309,2025-09-02,app,pix,,11.78,5,delivered,5
A03331,C03531,2025-09-02,marketplace,pix,AURORA20,13.25,3,delivered,
A03332,C03788,2025-09-02,site,pix,,12.7,4,delivered,5
A03333,C04014,2025-09-02,site,credit_card,,10.88,4,delivered,5
A03334,C04039,2025-09-02,site,credit_card,,27.96,16,returned,
A03335,C04489,2025-09-02,site,credit_card,,17.58,2,delivered,5
A03336,C04500,2025-09-02,site,credit_card,BEMVINDO10,29.11,10,delivered,
A03337,C04885,2025-09-02,site,credit_card,,11.73,4,delivered,
A03338,C00125,2025-09-03,marketplace,credit_card,AURORA20,13.26,4,delivered,
A03339,C00277,2025-09-03,site,credit_card,AURORA20,31.22,14,delivered,
A03340,C00333,2025-09-03,marketplace,pix,,24.07,5,delivered,4
A03341,C00463,2025-09-03,app,credit_card,BEMVINDO10,34.83,8,delivered,5
A03342,C00729,2025-09-03,site,credit_card,,13.96,5,delivered,4
A03343,C00880,2025-09-03,app,credit_card,,18.37,6,delivered,4
A03344,C01335,2025-09-03,marketplace,pix,,15.74,13,delivered,3
A03345,C01503,2025-09-03,site,credit_card,,11.33,2,delivered,4
A03346,C01799,2025-09-03,app,credit_card,,9.6,3,delivered,4
A03347,C01951,2025-09-03,app,credit_card,,19.4,3,delivered,5
A03348,C02234,2025-09-03,site,credit_card,,37.35,4,delivered,
A03349,C02260,2025-09-03,site,pix,,21.86,2,delivered,4
A03350,C02272,2025-09-03,marketplace,credit_card,,21.39,7,delivered,
A03351,C02314,2025-09-03,site,pix,,18.4,,canceled,
A03352,C02372,2025-09-03,marketplace,credit_card,,10.88,3,delivered,5
A03353,C02396,2025-09-03,site,boleto,,13.0,2,delivered,
A03354,C02866,2025-09-03,site,pix,AURORA20,17.04,4,delivered,5
A03355,C03344,2025-09-03,site,credit_card,,13.51,2,delivered,5
A03356,C03410,2025-09-03,app,credit_card,FRETEGRATIS,0.0,8,delivered,5
A03357,C04435,2025-09-03,site,credit_card,,30.83,11,delivered,4
A03358,C04661,2025-09-03,marketplace,credit_card,AURORA20,23.6,7,delivered,3
A03359,C04776,2025-09-03,marketplace,credit_card,,21.09,6,delivered,5
A03360,C04785,2025-09-03,site,pix,,14.14,7,delivered,4
A03361,C04851,2025-09-03,app,credit_card,,12.83,3,delivered,
A03362,C04950,2025-09-03,site,pix,,12.58,5,delivered,
A03363,C00224,2025-09-04,site,credit_card,BEMVINDO10,30.3,14,delivered,4
A03364,C00346,2025-09-04,site,credit_card,,15.37,4,delivered,5
A03365,C00749,2025-09-04,app,credit_card,,14.75,6,delivered,
A03366,C00854,2025-09-04,site,credit_card,,29.25,9,delivered,3
A03367,C01627,2025-09-04,site,credit_card,AURORA20,36.29,9,delivered,4
A03368,C02099,2025-09-04,marketplace,pix,,13.85,2,delivered,
A03369,C02290,2025-09-04,app,credit_card,,10.43,5,delivered,4
A03370,C02579,2025-09-04,marketplace,credit_card,BEMVINDO10,18.65,5,delivered,4
A03371,C02606,2025-09-04,site,credit_card,,9.29,,canceled,
A03372,C03265,2025-09-04,site,credit_card,,14.82,6,delivered,
A03373,C03703,2025-09-04,site,credit_card,,37.95,11,delivered,5
A03374,C03802,2025-09-04,site,pix,BEMVINDO10,13.18,4,delivered,
A03375,C04151,2025-09-04,site,credit_card,,16.83,5,delivered,4
A03376,C04379,2025-09-04,site,boleto,,16.94,2,delivered,4
A03377,C04483,2025-09-04,marketplace,credit_card,,19.82,5,delivered,5
A03378,C04624,2025-09-04,marketplace,credit_card,BEMVINDO10,25.16,8,delivered,3
A03379,C04670,2025-09-04,site,boleto,,10.45,7,delivered,
A03380,C00012,2025-09-05,site,credit_card,,13.16,3,delivered,4
A03381,C00197,2025-09-05,marketplace,credit_card,FRETEGRATIS,0.0,5,delivered,5
A03382,C00197,2025-09-05,site,pix,AURORA20,20.06,7,delivered,
A03383,C00624,2025-09-05,site,pix,,27.2,8,delivered,4
A03384,C00647,2025-09-05,app,pix,,21.35,2,delivered,5
A03385,C00753,2025-09-05,site,credit_card,BEMVINDO10,30.57,14,delivered,4
A03386,C00927,2025-09-05,app,boleto,,26.87,16,returned,
A03387,C01059,2025-09-05,marketplace,credit_card,BEMVINDO10,30.37,5,delivered,
A03388,C01089,2025-09-05,site,pix,,25.67,7,delivered,5
A03389,C01172,2025-09-05,marketplace,credit_card,,15.52,4,delivered,5
A03390,C01788,2025-09-05,marketplace,credit_card,,23.17,19,delivered,2
A03391,C02324,2025-09-05,app,pix,,16.82,7,delivered,
A03392,C02467,2025-09-05,marketplace,pix,,16.96,1,delivered,4
A03393,C02550,2025-09-05,site,credit_card,,18.14,9,delivered,4
A03394,C02724,2025-09-05,site,pix,,11.53,2,delivered,
A03395,C02917,2025-09-05,app,pix,,18.45,8,delivered,
A03396,C03023,2025-09-05,site,credit_card,,12.44,3,delivered,5
A03397,C03135,2025-09-05,app,boleto,,27.43,6,delivered,3
A03398,C03381,2025-09-05,app,credit_card,,26.49,4,delivered,5
A03399,C03527,2025-09-05,marketplace,credit_card,BEMVINDO10,13.5,2,delivered,4
A03400,C03542,2025-09-05,site,pix,AURORA20,14.47,4,delivered,5
A03401,C03664,2025-09-05,app,pix,,25.17,5,delivered,4
A03402,C04269,2025-09-05,app,pix,,26.74,27,delivered,
A03403,C04406,2025-09-05,app,credit_card,,19.47,5,delivered,4
A03404,C04474,2025-09-05,site,pix,,10.04,3,delivered,4
A03405,C04528,2025-09-05,site,pix,AURORA20,17.5,3,delivered,
A03406,C00304,2025-09-06,site,credit_card,AURORA20,27.07,19,delivered,2
A03407,C00569,2025-09-06,app,pix,,13.78,9,delivered,
A03408,C00582,2025-09-06,site,pix,,14.34,4,delivered,3
A03409,C00604,2025-09-06,site,credit_card,,12.06,2,delivered,
A03410,C01054,2025-09-06,app,credit_card,,23.26,10,delivered,4
A03411,C01144,2025-09-06,site,pix,,12.97,8,delivered,5
A03412,C01817,2025-09-06,app,pix,,25.98,13,delivered,
A03413,C02201,2025-09-06,app,credit_card,,14.98,7,delivered,5
A03414,C02494,2025-09-06,app,credit_card,BEMVINDO10,11.31,4,delivered,5
A03415,C02585,2025-09-06,site,pix,,21.27,5,delivered,2
A03416,C02836,2025-09-06,site,pix,,37.54,16,delivered,3
A03417,C03077,2025-09-06,site,credit_card,BEMVINDO10,12.87,2,delivered,4
A03418,C03195,2025-09-06,site,credit_card,,16.52,6,delivered,5
A03419,C03313,2025-09-06,app,credit_card,,16.12,5,delivered,5
A03420,C03321,2025-09-06,site,pix,AURORA20,12.51,5,delivered,5
A03421,C03451,2025-09-06,site,credit_card,,16.35,3,delivered,5
A03422,C03544,2025-09-06,site,credit_card,,13.8,7,delivered,
A03423,C03563,2025-09-06,app,pix,,29.17,12,delivered,4
A03424,C03971,2025-09-06,site,pix,,14.99,3,delivered,5
A03425,C04145,2025-09-06,marketplace,pix,,23.53,6,delivered,
A03426,C04660,2025-09-06,site,credit_card,BEMVINDO10,17.04,4,delivered,5
A03427,C04932,2025-09-06,app,pix,,20.12,8,returned,
A03428,C00199,2025-09-07,marketplace,credit_card,,12.71,1,delivered,4
A03429,C00721,2025-09-07,app,pix,,18.69,13,delivered,5
A03430,C01022,2025-09-07,site,boleto,BEMVINDO10,26.12,,canceled,
A03431,C01306,2025-09-07,app,credit_card,BEMVINDO10,9.13,4,delivered,5
A03432,C01864,2025-09-07,app,pix,,10.68,2,delivered,5
A03433,C01933,2025-09-07,site,pix,,14.79,4,delivered,5
A03434,C02029,2025-09-07,app,credit_card,AURORA20,20.03,5,delivered,
A03435,C02089,2025-09-07,site,credit_card,,25.54,6,delivered,5
A03436,C02103,2025-09-07,site,credit_card,,14.13,4,delivered,
A03437,C02154,2025-09-07,app,credit_card,,18.95,4,delivered,
A03438,C02158,2025-09-07,site,credit_card,,12.37,3,delivered,
A03439,C02176,2025-09-07,site,pix,AURORA20,20.33,9,delivered,4
A03440,C02269,2025-09-07,marketplace,pix,,33.45,10,delivered,5
A03441,C02290,2025-09-07,app,credit_card,,12.98,2,delivered,4
A03442,C02328,2025-09-07,app,credit_card,,13.15,2,delivered,4
A03443,C02504,2025-09-07,marketplace,pix,,19.78,4,delivered,4
A03444,C02552,2025-09-07,app,credit_card,,30.73,8,delivered,4
A03445,C03005,2025-09-07,site,pix,,12.3,2,delivered,
A03446,C03135,2025-09-07,app,credit_card,,21.09,7,delivered,4
A03447,C03284,2025-09-07,app,credit_card,,14.38,2,delivered,4
A03448,C03611,2025-09-07,app,pix,,26.52,7,delivered,3
A03449,C03751,2025-09-07,site,boleto,BEMVINDO10,36.48,10,delivered,
A03450,C04041,2025-09-07,marketplace,pix,,14.31,10,delivered,
A03451,C04334,2025-09-07,site,pix,,38.91,,canceled,
A03452,C04423,2025-09-07,site,credit_card,AURORA20,17.6,2,delivered,5
A03453,C04789,2025-09-07,marketplace,credit_card,,19.2,10,delivered,5
A03454,C04972,2025-09-07,site,pix,AURORA20,37.9,9,delivered,2
A03455,C00185,2025-09-08,site,credit_card,,35.36,25,delivered,
A03456,C00880,2025-09-08,app,credit_card,,21.82,8,delivered,5
A03457,C01306,2025-09-08,app,boleto,AURORA20,13.47,4,delivered,5
A03458,C01450,2025-09-08,marketplace,pix,AURORA20,11.51,7,delivered,
A03459,C01669,2025-09-08,site,pix,,28.13,10,delivered,
A03460,C01871,2025-09-08,site,pix,BEMVINDO10,37.94,,canceled,
A03461,C02206,2025-09-08,site,pix,,13.52,3,delivered,5
A03462,C02751,2025-09-08,marketplace,credit_card,,16.49,6,delivered,
A03463,C02781,2025-09-08,site,credit_card,,33.14,16,delivered,4
A03464,C03136,2025-09-08,app,pix,,16.12,2,delivered,4
A03465,C03420,2025-09-08,site,credit_card,,15.85,3,delivered,5
A03466,C03433,2025-09-08,site,credit_card,,28.31,11,delivered,4
A03467,C03821,2025-09-08,app,credit_card,,37.5,18,delivered,1
A03468,C03973,2025-09-08,marketplace,credit_card,,31.68,24,delivered,2
A03469,C04083,2025-09-08,marketplace,boleto,,25.28,10,delivered,
A03470,C04289,2025-09-08,site,credit_card,BEMVINDO10,30.08,6,delivered,4
A03471,C04895,2025-09-08,app,credit_card,,38.7,9,delivered,
A03472,C00012,2025-09-09,marketplace,pix,AURORA20,11.21,8,delivered,
A03473,C00328,2025-09-09,marketplace,credit_card,,12.96,5,delivered,4
A03474,C00340,2025-09-09,marketplace,credit_card,,11.3,5,delivered,
A03475,C00358,2025-09-09,marketplace,credit_card,,17.15,6,delivered,4
A03476,C01064,2025-09-09,site,credit_card,,12.0,3,delivered,4
A03477,C01268,2025-09-09,app,credit_card,,14.06,1,delivered,
A03478,C01334,2025-09-09,site,credit_card,BEMVINDO10,16.13,6,delivered,5
A03479,C01392,2025-09-09,app,credit_card,,29.42,21,delivered,3
A03480,C01812,2025-09-09,marketplace,pix,FRETEGRATIS,0.0,6,delivered,5
A03481,C02235,2025-09-09,site,credit_card,AURORA20,17.68,4,delivered,4
A03482,C02402,2025-09-09,app,pix,,30.49,12,delivered,4
A03483,C02959,2025-09-09,site,pix,,15.08,5,delivered,
A03484,C02965,2025-09-09,app,credit_card,,33.31,39,delivered,1
A03485,C02984,2025-09-09,site,credit_card,,30.82,10,delivered,5
A03486,C03141,2025-09-09,app,credit_card,,11.87,,canceled,
A03487,C04072,2025-09-09,site,credit_card,,21.15,5,delivered,5
A03488,C04099,2025-09-09,app,pix,,12.26,3,delivered,4
A03489,C04109,2025-09-09,marketplace,pix,AURORA20,15.55,3,delivered,5
A03490,C04160,2025-09-09,app,credit_card,AURORA20,12.24,3,delivered,
A03491,C04191,2025-09-09,marketplace,pix,,18.62,6,delivered,5
A03492,C05000,2025-09-09,marketplace,pix,AURORA20,16.24,2,delivered,5
A03493,C00004,2025-09-10,site,pix,,14.59,3,delivered,5
A03494,C00685,2025-09-10,marketplace,credit_card,,14.92,2,delivered,4
A03495,C00890,2025-09-10,site,pix,BEMVINDO10,18.92,3,delivered,
A03496,C01273,2025-09-10,site,credit_card,,28.36,13,delivered,3
A03497,C01774,2025-09-10,site,boleto,,16.53,7,delivered,
A03498,C01840,2025-09-10,site,credit_card,,16.27,3,delivered,4
A03499,C01936,2025-09-10,app,pix,,30.81,14,delivered,4
A03500,C01945,2025-09-10,site,credit_card,,14.17,3,delivered,
A03501,C02833,2025-09-10,site,pix,FRETEGRATIS,0.0,8,delivered,
A03502,C02993,2025-09-10,site,pix,,13.88,2,returned,
A03503,C03086,2025-09-10,marketplace,pix,,11.85,3,delivered,
A03504,C03314,2025-09-10,marketplace,credit_card,,13.13,4,delivered,
A03505,C03322,2025-09-10,app,pix,,15.63,4,delivered,
A03506,C03397,2025-09-10,site,credit_card,BEMVINDO10,11.52,5,delivered,
A03507,C03599,2025-09-10,site,pix,,33.57,4,delivered,5
A03508,C03987,2025-09-10,marketplace,credit_card,,16.89,4,delivered,
A03509,C04255,2025-09-10,site,credit_card,,23.78,12,delivered,5
A03510,C04315,2025-09-10,site,pix,,33.96,9,delivered,4
A03511,C04914,2025-09-10,app,pix,,19.72,4,delivered,4
A03512,C04993,2025-09-10,app,pix,,12.78,8,delivered,5
A03513,C00327,2025-09-11,marketplace,credit_card,,28.14,12,delivered,3
A03514,C00379,2025-09-11,site,pix,AURORA20,40.96,7,delivered,4
A03515,C00537,2025-09-11,site,credit_card,,17.59,5,delivered,
A03516,C00681,2025-09-11,site,credit_card,AURORA20,34.6,15,delivered,4
A03517,C00777,2025-09-11,app,boleto,,12.94,3,delivered,5
A03518,C00787,2025-09-11,app,credit_card,,22.13,11,delivered,
A03519,C00955,2025-09-11,site,credit_card,AURORA20,27.75,7,delivered,
A03520,C01427,2025-09-11,marketplace,boleto,,10.98,9,delivered,4
A03521,C02147,2025-09-11,site,pix,,15.76,4,delivered,4
A03522,C02235,2025-09-11,marketplace,pix,,10.26,4,delivered,5
A03523,C02248,2025-09-11,app,credit_card,AURORA20,10.89,2,delivered,5
A03524,C02267,2025-09-11,marketplace,pix,,23.97,12,delivered,3
A03525,C02389,2025-09-11,app,credit_card,,30.36,6,delivered,
A03526,C02589,2025-09-11,marketplace,credit_card,,15.83,,canceled,
A03527,C02759,2025-09-11,marketplace,credit_card,,29.7,9,delivered,4
A03528,C02886,2025-09-11,app,credit_card,,13.8,6,delivered,4
A03529,C03121,2025-09-11,app,pix,FRETEGRATIS,0.0,3,delivered,5
A03530,C03265,2025-09-11,app,credit_card,,13.92,8,delivered,3
A03531,C03404,2025-09-11,app,pix,,17.0,4,delivered,
A03532,C03422,2025-09-11,app,credit_card,,21.17,5,delivered,5
A03533,C03702,2025-09-11,app,credit_card,,13.41,3,delivered,4
A03534,C03769,2025-09-11,site,pix,,22.78,,canceled,
A03535,C03778,2025-09-11,app,pix,,30.14,11,delivered,
A03536,C04336,2025-09-11,site,pix,AURORA20,27.83,11,delivered,
A03537,C04557,2025-09-11,app,pix,,15.24,3,delivered,5
A03538,C04699,2025-09-11,marketplace,credit_card,AURORA20,22.6,13,delivered,4
A03539,C04749,2025-09-11,site,credit_card,,30.59,28,delivered,
A03540,C04895,2025-09-11,app,credit_card,,31.35,12,delivered,
A03541,C00548,2025-09-12,app,credit_card,,16.3,3,delivered,5
A03542,C00652,2025-09-12,site,credit_card,,15.29,7,delivered,5
A03543,C00772,2025-09-12,site,boleto,,27.14,3,delivered,4
A03544,C00941,2025-09-12,app,credit_card,,11.38,3,delivered,5
A03545,C01589,2025-09-12,app,pix,,15.4,3,delivered,5
A03546,C01997,2025-09-12,app,credit_card,,15.73,2,delivered,5
A03547,C02138,2025-09-12,site,boleto,,26.16,13,delivered,4
A03548,C02214,2025-09-12,app,credit_card,,15.19,2,delivered,
A03549,C02281,2025-09-12,app,credit_card,,13.75,4,delivered,5
A03550,C02821,2025-09-12,app,pix,AURORA20,22.42,8,delivered,3
A03551,C02826,2025-09-12,app,boleto,,13.92,4,delivered,
A03552,C02875,2025-09-12,marketplace,credit_card,,13.71,5,delivered,3
A03553,C03016,2025-09-12,marketplace,credit_card,,11.05,3,delivered,5
A03554,C03154,2025-09-12,app,boleto,,18.72,11,delivered,4
A03555,C03714,2025-09-12,marketplace,credit_card,BEMVINDO10,15.33,3,delivered,5
A03556,C03742,2025-09-12,site,credit_card,,16.69,6,delivered,3
A03557,C04176,2025-09-12,app,pix,,34.89,3,delivered,5
A03558,C04818,2025-09-12,site,pix,,15.68,,canceled,
A03559,C00278,2025-09-13,app,boleto,BEMVINDO10,16.11,5,delivered,5
A03560,C00568,2025-09-13,app,pix,,12.8,8,returned,
A03561,C00717,2025-09-13,site,pix,,15.13,7,delivered,5
A03562,C01123,2025-09-13,app,pix,,14.42,4,delivered,5
A03563,C01329,2025-09-13,app,credit_card,AURORA20,15.33,5,delivered,
A03564,C01550,2025-09-13,marketplace,credit_card,,11.77,5,delivered,5
A03565,C01653,2025-09-13,site,credit_card,,19.89,3,delivered,
A03566,C01708,2025-09-13,app,pix,BEMVINDO10,15.33,5,delivered,5
A03567,C02462,2025-09-13,site,pix,,31.03,10,delivered,5
A03568,C02635,2025-09-13,app,pix,,12.88,9,delivered,4
A03569,C02741,2025-09-13,app,pix,,14.48,4,delivered,
A03570,C03152,2025-09-13,site,credit_card,,25.44,6,delivered,
A03571,C03514,2025-09-13,app,credit_card,,19.34,3,delivered,4
A03572,C03564,2025-09-13,marketplace,boleto,,15.21,,canceled,
A03573,C03789,2025-09-13,site,boleto,,19.49,5,delivered,5
A03574,C04162,2025-09-13,site,credit_card,AURORA20,13.39,,canceled,
A03575,C04298,2025-09-13,app,credit_card,,29.4,14,delivered,3
A03576,C04961,2025-09-13,site,pix,,17.05,3,delivered,5
A03577,C00123,2025-09-14,site,pix,AURORA20,13.34,3,delivered,
A03578,C00366,2025-09-14,app,credit_card,,12.56,2,delivered,4
A03579,C00470,2025-09-14,site,pix,,15.85,6,delivered,
A03580,C00844,2025-09-14,site,pix,AURORA20,11.33,3,delivered,4
A03581,C01266,2025-09-14,app,pix,AURORA20,18.08,4,delivered,4
A03582,C01555,2025-09-14,marketplace,credit_card,,17.1,7,delivered,4
A03583,C01570,2025-09-14,app,credit_card,,16.97,3,delivered,4
A03584,C01582,2025-09-14,marketplace,credit_card,,25.78,6,delivered,4
A03585,C01607,2025-09-14,app,pix,,13.94,9,delivered,5
A03586,C01757,2025-09-14,app,credit_card,AURORA20,14.91,4,delivered,4
A03587,C01990,2025-09-14,marketplace,credit_card,,14.12,3,delivered,5
A03588,C02562,2025-09-14,site,credit_card,AURORA20,18.83,6,delivered,5
A03589,C02650,2025-09-14,site,pix,,28.16,6,delivered,4
A03590,C02800,2025-09-14,app,credit_card,,17.68,7,delivered,4
A03591,C02848,2025-09-14,site,credit_card,,9.26,5,returned,
A03592,C03128,2025-09-14,app,pix,,15.96,5,delivered,
A03593,C03550,2025-09-14,marketplace,credit_card,,11.78,2,delivered,5
A03594,C03665,2025-09-14,app,boleto,,33.14,4,delivered,5
A03595,C03708,2025-09-14,site,credit_card,,13.54,3,delivered,
A03596,C03743,2025-09-14,app,credit_card,,13.04,2,delivered,5
A03597,C03991,2025-09-14,site,pix,,20.32,4,delivered,3
A03598,C04017,2025-09-14,app,pix,,25.22,3,delivered,5
A03599,C04113,2025-09-14,app,pix,,12.87,3,delivered,3
A03600,C04817,2025-09-14,app,credit_card,BEMVINDO10,14.72,2,returned,
A03601,C04905,2025-09-14,marketplace,credit_card,BEMVINDO10,13.95,2,delivered,5
A03602,C04982,2025-09-14,app,pix,AURORA20,13.15,6,delivered,5
A03603,C00541,2025-09-15,site,pix,,24.94,14,returned,
A03604,C00721,2025-09-15,app,credit_card,AURORA20,20.47,9,delivered,3
A03605,C01348,2025-09-15,site,credit_card,,15.47,2,delivered,
A03606,C01533,2025-09-15,site,credit_card,,26.19,3,delivered,4
A03607,C01851,2025-09-15,site,pix,,25.83,17,delivered,3
A03608,C02017,2025-09-15,marketplace,credit_card,AURORA20,15.77,5,delivered,5
A03609,C02701,2025-09-15,site,pix,,13.41,4,delivered,
A03610,C02913,2025-09-15,marketplace,pix,,21.2,9,delivered,4
A03611,C03059,2025-09-15,app,pix,,16.86,7,delivered,
A03612,C03132,2025-09-15,marketplace,pix,,26.98,19,delivered,
A03613,C03875,2025-09-15,app,pix,,30.22,10,delivered,3
A03614,C03909,2025-09-15,site,pix,,16.21,4,delivered,3
A03615,C04152,2025-09-15,app,boleto,,25.3,15,delivered,
A03616,C04434,2025-09-15,app,pix,,27.7,13,delivered,
A03617,C04457,2025-09-15,site,credit_card,,13.97,5,delivered,5
A03618,C04664,2025-09-15,site,pix,,18.48,6,delivered,
A03619,C04688,2025-09-15,site,pix,AURORA20,34.7,16,delivered,3
A03620,C04819,2025-09-15,marketplace,pix,,13.61,8,delivered,
A03621,C00029,2025-09-16,app,credit_card,,26.57,10,delivered,
A03622,C00134,2025-09-16,app,pix,,20.81,9,delivered,
A03623,C00201,2025-09-16,app,credit_card,AURORA20,16.71,2,delivered,5
A03624,C00219,2025-09-16,marketplace,pix,AURORA20,14.42,5,delivered,5
A03625,C00259,2025-09-16,app,pix,,21.22,4,delivered,5
A03626,C00443,2025-09-16,site,credit_card,,24.35,15,delivered,4
A03627,C00893,2025-09-16,site,pix,,23.63,9,returned,
A03628,C01255,2025-09-16,site,credit_card,,15.84,6,delivered,5
A03629,C01466,2025-09-16,marketplace,pix,,29.92,9,delivered,
A03630,C01532,2025-09-16,app,pix,,12.65,3,delivered,
A03631,C01552,2025-09-16,site,pix,AURORA20,25.3,11,delivered,4
A03632,C01845,2025-09-16,app,credit_card,,27.73,8,delivered,4
A03633,C02068,2025-09-16,app,boleto,,12.79,1,delivered,4
A03634,C02176,2025-09-16,site,credit_card,,27.43,8,delivered,4
A03635,C02386,2025-09-16,marketplace,credit_card,,19.45,5,delivered,5
A03636,C02568,2025-09-16,app,pix,,19.93,3,delivered,5
A03637,C02650,2025-09-16,site,pix,,19.67,8,delivered,4
A03638,C02677,2025-09-16,site,credit_card,,29.77,9,delivered,5
A03639,C03135,2025-09-16,marketplace,pix,AURORA20,22.45,1,delivered,4
A03640,C03419,2025-09-16,app,credit_card,,15.66,3,delivered,5
A03641,C03572,2025-09-16,marketplace,boleto,,15.0,3,delivered,4
A03642,C03856,2025-09-16,app,pix,,26.08,8,delivered,4
A03643,C04084,2025-09-16,marketplace,credit_card,,12.0,8,delivered,3
A03644,C04187,2025-09-16,site,pix,AURORA20,12.8,4,delivered,
A03645,C04262,2025-09-16,site,credit_card,,39.89,21,returned,
A03646,C04762,2025-09-16,site,pix,,31.17,5,delivered,4
A03647,C04781,2025-09-16,site,pix,,17.39,3,delivered,
A03648,C04781,2025-09-16,site,pix,,19.16,5,delivered,
A03649,C04980,2025-09-16,app,credit_card,,14.23,2,delivered,4
A03650,C00248,2025-09-17,marketplace,pix,,13.88,2,delivered,5
A03651,C00347,2025-09-17,marketplace,credit_card,,16.39,7,delivered,
A03652,C00688,2025-09-17,app,pix,,13.11,3,delivered,5
A03653,C00721,2025-09-17,site,credit_card,AURORA20,21.75,6,delivered,4
A03654,C00752,2025-09-17,site,pix,,12.69,4,delivered,5
A03655,C00953,2025-09-17,site,pix,,14.94,2,delivered,4
A03656,C01971,2025-09-17,site,pix,,28.21,9,delivered,
A03657,C02387,2025-09-17,app,credit_card,,28.82,15,delivered,
A03658,C02568,2025-09-17,app,credit_card,,21.93,4,delivered,5
A03659,C02783,2025-09-17,app,boleto,,15.51,8,delivered,4
A03660,C02819,2025-09-17,app,credit_card,,18.87,7,delivered,4
A03661,C03291,2025-09-17,app,boleto,,13.71,5,delivered,3
A03662,C03346,2025-09-17,app,pix,,11.35,4,delivered,
A03663,C03537,2025-09-17,site,boleto,,14.42,2,delivered,5
A03664,C03559,2025-09-17,marketplace,pix,AURORA20,25.58,9,delivered,4
A03665,C03662,2025-09-17,site,pix,AURORA20,12.92,2,delivered,4
A03666,C03758,2025-09-17,app,boleto,,37.31,23,delivered,3
A03667,C03795,2025-09-17,app,pix,,14.6,3,delivered,5
A03668,C04376,2025-09-17,marketplace,credit_card,,14.2,5,delivered,4
A03669,C04422,2025-09-17,app,pix,,16.66,8,delivered,
A03670,C04511,2025-09-17,site,pix,,15.94,7,delivered,4
A03671,C04705,2025-09-17,site,credit_card,BEMVINDO10,26.15,9,delivered,5
A03672,C00167,2025-09-18,marketplace,pix,,15.15,5,delivered,5
A03673,C00722,2025-09-18,marketplace,pix,AURORA20,36.51,9,delivered,3
A03674,C00732,2025-09-18,app,credit_card,,15.17,5,delivered,4
A03675,C00824,2025-09-18,site,credit_card,AURORA20,27.32,17,delivered,
A03676,C00851,2025-09-18,site,credit_card,AURORA20,31.95,9,delivered,5
A03677,C00998,2025-09-18,app,credit_card,,10.68,4,delivered,5
A03678,C01321,2025-09-18,app,credit_card,,13.62,7,delivered,5
A03679,C01322,2025-09-18,app,pix,,25.3,8,delivered,4
A03680,C01929,2025-09-18,site,credit_card,,18.08,5,delivered,5
A03681,C02089,2025-09-18,site,credit_card,AURORA20,15.42,6,delivered,
A03682,C02213,2025-09-18,app,pix,,13.12,3,delivered,3
A03683,C02306,2025-09-18,app,credit_card,,17.03,3,delivered,5
A03684,C02392,2025-09-18,site,credit_card,,13.81,6,delivered,
A03685,C02645,2025-09-18,app,credit_card,AURORA20,15.66,4,delivered,5
A03686,C02839,2025-09-18,app,credit_card,,32.54,10,delivered,3
A03687,C03032,2025-09-18,app,credit_card,,17.71,5,delivered,
A03688,C03120,2025-09-18,marketplace,credit_card,FRETEGRATIS,0.0,2,delivered,
A03689,C03739,2025-09-18,site,pix,,11.76,6,delivered,5
A03690,C04200,2025-09-18,marketplace,pix,,18.31,5,returned,
A03691,C04227,2025-09-18,app,credit_card,AURORA20,15.15,7,delivered,
A03692,C04230,2025-09-18,app,pix,,32.42,9,delivered,3
A03693,C04260,2025-09-18,marketplace,credit_card,,26.68,17,delivered,
A03694,C04272,2025-09-18,site,credit_card,,25.99,9,delivered,5
A03695,C04280,2025-09-18,app,credit_card,,28.67,6,delivered,5
A03696,C04358,2025-09-18,site,credit_card,AURORA20,22.38,4,delivered,4
A03697,C04528,2025-09-18,marketplace,boleto,AURORA20,22.83,6,delivered,3
A03698,C01306,2025-09-19,site,credit_card,,14.96,4,delivered,4
A03699,C01324,2025-09-19,site,pix,,19.2,5,returned,
A03700,C01466,2025-09-19,marketplace,credit_card,,24.26,9,delivered,4
A03701,C01608,2025-09-19,site,credit_card,,39.78,11,delivered,
A03702,C01786,2025-09-19,site,credit_card,,14.92,5,delivered,5
A03703,C01807,2025-09-19,marketplace,credit_card,BEMVINDO10,26.91,11,delivered,4
A03704,C01915,2025-09-19,site,pix,AURORA20,11.83,4,delivered,
A03705,C02056,2025-09-19,marketplace,pix,,14.6,4,delivered,
A03706,C02088,2025-09-19,site,credit_card,,16.52,5,delivered,5
A03707,C02271,2025-09-19,marketplace,credit_card,AURORA20,16.73,3,delivered,4
A03708,C02427,2025-09-19,site,credit_card,,13.91,9,delivered,3
A03709,C02481,2025-09-19,marketplace,pix,,15.72,6,delivered,3
A03710,C02556,2025-09-19,site,boleto,BEMVINDO10,12.16,2,delivered,4
A03711,C02825,2025-09-19,site,credit_card,,17.09,3,delivered,
A03712,C03176,2025-09-19,site,pix,,16.49,6,delivered,4
A03713,C03278,2025-09-19,site,credit_card,,13.45,6,delivered,4
A03714,C03870,2025-09-19,app,credit_card,AURORA20,13.39,2,delivered,
A03715,C03945,2025-09-19,marketplace,credit_card,,14.49,5,delivered,5
A03716,C04061,2025-09-19,app,pix,FRETEGRATIS,0.0,4,delivered,5
A03717,C04180,2025-09-19,app,pix,,27.35,18,delivered,2
A03718,C04376,2025-09-19,marketplace,credit_card,,13.75,7,delivered,4
A03719,C04528,2025-09-19,marketplace,credit_card,,17.22,6,delivered,5
A03720,C04908,2025-09-19,marketplace,credit_card,,10.79,4,delivered,5
A03721,C00188,2025-09-20,app,pix,AURORA20,12.31,3,delivered,5
A03722,C00305,2025-09-20,site,pix,BEMVINDO10,19.55,20,delivered,3
A03723,C00388,2025-09-20,site,pix,,16.2,4,delivered,5
A03724,C00404,2025-09-20,marketplace,boleto,,11.05,3,delivered,3
A03725,C00463,2025-09-20,app,credit_card,,28.36,9,delivered,
A03726,C00738,2025-09-20,site,boleto,,17.37,10,delivered,5
A03727,C00919,2025-09-20,marketplace,credit_card,,15.35,2,returned,
A03728,C01222,2025-09-20,app,pix,,14.93,3,delivered,
A03729,C01233,2025-09-20,app,credit_card,,20.12,5,delivered,5
A03730,C01423,2025-09-20,app,boleto,AURORA20,14.89,5,delivered,5
A03731,C01805,2025-09-20,app,credit_card,AURORA20,16.6,7,delivered,
A03732,C01930,2025-09-20,app,pix,AURORA20,24.25,14,delivered,3
A03733,C02174,2025-09-20,site,credit_card,AURORA20,26.03,18,delivered,3
A03734,C02315,2025-09-20,app,pix,,29.7,12,delivered,4
A03735,C02412,2025-09-20,site,credit_card,,30.46,14,delivered,3
A03736,C02474,2025-09-20,app,credit_card,AURORA20,15.24,3,delivered,5
A03737,C02929,2025-09-20,marketplace,pix,AURORA20,34.24,6,delivered,4
A03738,C02992,2025-09-20,app,pix,,31.62,16,delivered,
A03739,C03752,2025-09-20,marketplace,credit_card,,16.13,7,delivered,4
A03740,C03762,2025-09-20,app,pix,,14.66,6,delivered,4
A03741,C04279,2025-09-20,marketplace,credit_card,,25.6,15,delivered,4
A03742,C04528,2025-09-20,marketplace,pix,,13.9,7,returned,
A03743,C04619,2025-09-20,site,pix,,14.29,3,delivered,
A03744,C04855,2025-09-20,site,boleto,,13.98,2,delivered,
A03745,C01085,2025-09-21,site,credit_card,,33.2,9,delivered,4
A03746,C01255,2025-09-21,app,pix,,16.95,4,delivered,4
A03747,C01279,2025-09-21,app,credit_card,,14.07,4,delivered,5
A03748,C01374,2025-09-21,site,credit_card,,20.07,3,delivered,5
A03749,C01599,2025-09-21,app,boleto,BEMVINDO10,14.85,7,delivered,5
A03750,C01879,2025-09-21,app,credit_card,FRETEGRATIS,0.0,6,delivered,
A03751,C01885,2025-09-21,site,credit_card,,18.46,8,delivered,
A03752,C02127,2025-09-21,marketplace,credit_card,,25.87,11,delivered,4
A03753,C02179,2025-09-21,site,pix,BEMVINDO10,12.23,7,delivered,
A03754,C02587,2025-09-21,site,pix,,14.86,3,delivered,5
A03755,C03030,2025-09-21,site,credit_card,,12.27,5,delivered,4
A03756,C03234,2025-09-21,app,credit_card,,13.95,4,delivered,4
A03757,C03420,2025-09-21,marketplace,pix,,9.98,2,delivered,
A03758,C03836,2025-09-21,site,credit_card,,28.57,3,delivered,5
A03759,C03933,2025-09-21,app,boleto,,15.07,3,delivered,5
A03760,C04364,2025-09-21,marketplace,credit_card,,19.18,5,delivered,
A03761,C04781,2025-09-21,site,pix,,18.33,4,delivered,
A03762,C04899,2025-09-21,site,pix,,19.13,3,delivered,5
A03763,C04972,2025-09-21,marketplace,credit_card,,28.76,24,delivered,2
A03764,C00089,2025-09-22,site,credit_card,AURORA20,13.31,3,delivered,5
A03765,C00090,2025-09-22,marketplace,pix,BEMVINDO10,13.0,4,delivered,5
A03766,C00250,2025-09-22,site,pix,,15.55,4,delivered,
A03767,C01300,2025-09-22,marketplace,credit_card,,12.26,2,delivered,5
A03768,C01417,2025-09-22,site,credit_card,,14.1,6,delivered,
A03769,C02214,2025-09-22,marketplace,pix,,12.5,2,delivered,4
A03770,C02214,2025-09-22,marketplace,credit_card,,13.72,4,delivered,4
A03771,C02330,2025-09-22,site,pix,BEMVINDO10,10.9,4,delivered,5
A03772,C02873,2025-09-22,app,credit_card,AURORA20,11.83,2,delivered,5
A03773,C02873,2025-09-22,app,pix,AURORA20,11.76,2,delivered,5
A03774,C03237,2025-09-22,app,credit_card,,30.22,9,delivered,4
A03775,C03706,2025-09-22,app,pix,,16.51,5,delivered,4
A03776,C03719,2025-09-22,site,credit_card,,27.05,14,delivered,3
A03777,C04004,2025-09-22,site,credit_card,,27.77,13,delivered,2
A03778,C04261,2025-09-22,app,pix,,28.23,13,delivered,4
A03779,C04575,2025-09-22,site,pix,,15.81,4,delivered,4
A03780,C00028,2025-09-23,marketplace,pix,,25.81,3,delivered,5
A03781,C00209,2025-09-23,site,credit_card,,14.3,4,delivered,5
A03782,C00335,2025-09-23,site,boleto,,22.07,6,delivered,4
A03783,C01080,2025-09-23,app,pix,,14.17,3,delivered,
A03784,C01280,2025-09-23,app,boleto,,15.92,6,delivered,
A03785,C02067,2025-09-23,marketplace,pix,,13.8,5,delivered,3
A03786,C02101,2025-09-23,site,pix,AURORA20,25.29,14,delivered,
A03787,C02529,2025-09-23,app,pix,,26.94,14,delivered,3
A03788,C02765,2025-09-23,app,credit_card,BEMVINDO10,17.59,5,delivered,5
A03789,C02787,2025-09-23,site,pix,,15.33,2,delivered,5
A03790,C03023,2025-09-23,site,pix,,14.7,3,delivered,4
A03791,C03115,2025-09-23,app,credit_card,FRETEGRATIS,0.0,3,delivered,
A03792,C03239,2025-09-23,site,credit_card,,14.08,6,delivered,4
A03793,C03484,2025-09-23,site,pix,BEMVINDO10,34.78,3,delivered,5
A03794,C03801,2025-09-23,marketplace,credit_card,,18.86,4,delivered,
A03795,C03969,2025-09-23,site,credit_card,AURORA20,22.65,13,delivered,3
A03796,C04088,2025-09-23,app,pix,,26.01,6,delivered,5
A03797,C04453,2025-09-23,site,credit_card,,31.27,8,delivered,4
A03798,C04773,2025-09-23,marketplace,credit_card,,29.2,14,returned,
A03799,C00110,2025-09-24,marketplace,credit_card,,31.71,12,delivered,4
A03800,C00386,2025-09-24,app,credit_card,,27.38,11,delivered,4
A03801,C00656,2025-09-24,app,pix,AURORA20,18.67,6,delivered,3
A03802,C00804,2025-09-24,site,pix,AURORA20,21.1,3,delivered,
A03803,C01100,2025-09-24,site,credit_card,,13.86,3,delivered,5
A03804,C01236,2025-09-24,site,boleto,,11.86,5,delivered,4
A03805,C01318,2025-09-24,site,credit_card,,12.8,4,delivered,5
A03806,C01362,2025-09-24,site,credit_card,,30.87,17,delivered,
A03807,C01514,2025-09-24,site,pix,,11.76,2,delivered,5
A03808,C01688,2025-09-24,site,credit_card,AURORA20,28.91,7,delivered,5
A03809,C01881,2025-09-24,site,credit_card,,31.51,13,delivered,
A03810,C02315,2025-09-24,app,credit_card,,36.43,,canceled,
A03811,C02728,2025-09-24,site,pix,AURORA20,10.27,,canceled,
A03812,C03002,2025-09-24,marketplace,credit_card,,21.83,4,delivered,5
A03813,C03099,2025-09-24,marketplace,credit_card,FRETEGRATIS,0.0,5,delivered,
A03814,C04082,2025-09-24,site,pix,,19.5,5,delivered,5
A03815,C04354,2025-09-24,app,pix,BEMVINDO10,22.66,5,delivered,5
A03816,C04385,2025-09-24,app,pix,,14.74,1,delivered,5
A03817,C04554,2025-09-24,marketplace,credit_card,,35.46,9,delivered,
A03818,C04829,2025-09-24,site,credit_card,,26.21,13,delivered,3
A03819,C04915,2025-09-24,site,pix,,17.57,2,delivered,
A03820,C00106,2025-09-25,marketplace,credit_card,,14.7,1,delivered,4
A03821,C00207,2025-09-25,site,boleto,,24.09,11,delivered,5
A03822,C00329,2025-09-25,marketplace,credit_card,,14.09,4,returned,
A03823,C00560,2025-09-25,app,pix,AURORA20,15.88,,canceled,
A03824,C00598,2025-09-25,site,pix,,15.1,3,delivered,5
A03825,C00672,2025-09-25,app,pix,,16.09,7,delivered,5
A03826,C01031,2025-09-25,site,pix,,12.22,4,delivered,5
A03827,C01118,2025-09-25,site,credit_card,,26.65,14,delivered,4
A03828,C01122,2025-09-25,app,pix,AURORA20,20.74,2,delivered,5
A03829,C01260,2025-09-25,site,credit_card,,18.73,7,delivered,
A03830,C01736,2025-09-25,site,credit_card,,30.04,8,delivered,5
A03831,C01907,2025-09-25,site,pix,AURORA20,25.35,9,delivered,5
A03832,C02750,2025-09-25,marketplace,credit_card,,12.22,3,delivered,5
A03833,C03421,2025-09-25,app,pix,AURORA20,22.86,10,delivered,3
A03834,C03450,2025-09-25,marketplace,pix,,17.82,5,delivered,
A03835,C04048,2025-09-25,marketplace,credit_card,BEMVINDO10,27.55,8,delivered,3
A03836,C04068,2025-09-25,site,credit_card,,13.51,,canceled,
A03837,C04112,2025-09-25,app,credit_card,,25.92,14,delivered,3
A03838,C04372,2025-09-25,site,pix,AURORA20,22.1,11,delivered,
A03839,C04604,2025-09-25,marketplace,pix,,13.53,5,delivered,5
A03840,C04719,2025-09-25,site,pix,,26.03,6,delivered,
A03841,C00016,2025-09-26,app,credit_card,,16.34,3,returned,
A03842,C00591,2025-09-26,site,pix,,16.93,5,delivered,4
A03843,C00881,2025-09-26,app,credit_card,,12.41,2,delivered,4
A03844,C01308,2025-09-26,site,pix,,16.6,3,delivered,5
A03845,C01354,2025-09-26,site,credit_card,BEMVINDO10,27.57,13,delivered,4
A03846,C01390,2025-09-26,app,credit_card,,17.8,7,delivered,5
A03847,C01411,2025-09-26,site,pix,,16.12,5,delivered,4
A03848,C02251,2025-09-26,site,pix,AURORA20,23.22,,canceled,
A03849,C02303,2025-09-26,site,credit_card,,20.72,13,delivered,3
A03850,C02492,2025-09-26,app,credit_card,,15.34,4,delivered,5
A03851,C02556,2025-09-26,site,boleto,AURORA20,11.85,4,delivered,5
A03852,C03329,2025-09-26,marketplace,credit_card,,16.99,4,delivered,
A03853,C03390,2025-09-26,site,credit_card,BEMVINDO10,15.89,2,delivered,5
A03854,C03466,2025-09-26,site,pix,,22.36,5,delivered,
A03855,C03586,2025-09-26,app,credit_card,,20.02,6,delivered,4
A03856,C03757,2025-09-26,marketplace,pix,,15.93,3,delivered,5
A03857,C03849,2025-09-26,marketplace,credit_card,,22.23,3,delivered,
A03858,C03868,2025-09-26,site,credit_card,,13.45,1,delivered,
A03859,C03886,2025-09-26,marketplace,boleto,,25.87,5,delivered,5
A03860,C04497,2025-09-26,site,credit_card,,16.71,7,delivered,4
A03861,C04735,2025-09-26,app,pix,,23.72,10,delivered,3
A03862,C04757,2025-09-26,marketplace,pix,,18.68,5,delivered,
A03863,C04887,2025-09-26,site,credit_card,,21.5,8,delivered,
A03864,C04906,2025-09-26,site,credit_card,AURORA20,30.79,10,returned,
A03865,C00539,2025-09-27,marketplace,credit_card,,16.28,4,delivered,
A03866,C00589,2025-09-27,site,credit_card,,30.08,9,delivered,4
A03867,C01471,2025-09-27,site,boleto,,13.5,5,delivered,3
A03868,C01646,2025-09-27,marketplace,credit_card,,31.53,13,delivered,3
A03869,C01770,2025-09-27,app,pix,,15.61,3,delivered,5
A03870,C02026,2025-09-27,site,credit_card,,15.65,4,delivered,
A03871,C02073,2025-09-27,app,pix,,19.01,5,delivered,5
A03872,C02214,2025-09-27,app,pix,,12.31,5,delivered,5
A03873,C02600,2025-09-27,site,pix,,29.75,8,delivered,4
A03874,C02635,2025-09-27,app,pix,,15.52,6,delivered,4
A03875,C02872,2025-09-27,site,credit_card,,17.38,4,delivered,
A03876,C03291,2025-09-27,app,pix,AURORA20,13.24,4,delivered,4
A03877,C03792,2025-09-27,site,credit_card,,16.65,9,delivered,5
A03878,C04031,2025-09-27,site,credit_card,,16.83,5,delivered,4
A03879,C04152,2025-09-27,site,credit_card,,26.63,7,delivered,4
A03880,C04240,2025-09-27,site,pix,,17.27,5,delivered,4
A03881,C04391,2025-09-27,app,credit_card,,15.45,2,delivered,5
A03882,C04730,2025-09-27,app,credit_card,,27.79,8,delivered,
A03883,C00428,2025-09-28,site,credit_card,,10.43,6,delivered,4
A03884,C00884,2025-09-28,marketplace,credit_card,,18.69,7,delivered,
A03885,C00948,2025-09-28,site,boleto,AURORA20,11.29,7,delivered,4
A03886,C01075,2025-09-28,site,pix,,24.11,6,delivered,
A03887,C01197,2025-09-28,site,pix,,12.83,8,delivered,
A03888,C01679,2025-09-28,site,pix,,14.57,5,delivered,
A03889,C01981,2025-09-28,site,pix,,14.79,2,delivered,4
A03890,C02492,2025-09-28,app,credit_card,,14.65,2,delivered,5
A03891,C03294,2025-09-28,app,boleto,,13.84,,canceled,
A03892,C04094,2025-09-28,site,credit_card,,17.65,4,delivered,5
A03893,C04133,2025-09-28,site,boleto,,22.98,9,delivered,3
A03894,C04405,2025-09-28,site,credit_card,,13.55,4,delivered,4
A03895,C04857,2025-09-28,app,credit_card,,18.24,4,delivered,5
A03896,C04915,2025-09-28,site,credit_card,,16.91,3,delivered,3
A03897,C04937,2025-09-28,site,pix,,14.77,5,delivered,
A03898,C00244,2025-09-29,marketplace,pix,,13.7,2,delivered,
A03899,C00432,2025-09-29,site,credit_card,BEMVINDO10,15.79,5,delivered,4
A03900,C00672,2025-09-29,app,pix,,16.07,10,delivered,4
A03901,C00676,2025-09-29,site,pix,AURORA20,13.7,5,delivered,5
A03902,C00679,2025-09-29,site,pix,,17.63,4,delivered,
A03903,C00728,2025-09-29,marketplace,credit_card,,11.68,2,delivered,
A03904,C01390,2025-09-29,app,pix,FRETEGRATIS,0.0,3,delivered,
A03905,C01768,2025-09-29,site,credit_card,,16.3,7,delivered,5
A03906,C01932,2025-09-29,site,credit_card,,14.86,3,delivered,4
A03907,C02248,2025-09-29,app,pix,,10.02,3,delivered,5
A03908,C02264,2025-09-29,site,pix,,36.37,9,delivered,3
A03909,C02708,2025-09-29,app,pix,,35.48,12,delivered,
A03910,C02815,2025-09-29,site,credit_card,,24.02,6,delivered,4
A03911,C02832,2025-09-29,site,pix,BEMVINDO10,12.8,7,returned,
A03912,C03101,2025-09-29,site,pix,BEMVINDO10,26.1,9,delivered,4
A03913,C03325,2025-09-29,app,pix,,14.84,6,delivered,5
A03914,C03331,2025-09-29,site,boleto,,11.83,4,delivered,5
A03915,C03878,2025-09-29,site,credit_card,,14.38,4,delivered,
A03916,C04121,2025-09-29,app,pix,BEMVINDO10,21.15,20,delivered,3
A03917,C04239,2025-09-29,site,pix,,22.8,4,delivered,4
A03918,C04283,2025-09-29,site,credit_card,,14.78,3,delivered,
A03919,C04285,2025-09-29,app,boleto,,31.53,10,delivered,5
A03920,C04480,2025-09-29,marketplace,credit_card,,14.66,5,delivered,4
A03921,C04517,2025-09-29,app,pix,,12.68,4,delivered,5
A03922,C04541,2025-09-29,site,credit_card,,24.49,15,delivered,2
A03923,C00037,2025-09-30,app,pix,AURORA20,16.9,5,delivered,
A03924,C00108,2025-09-30,site,pix,AURORA20,16.38,4,delivered,5
A03925,C00230,2025-09-30,app,credit_card,BEMVINDO10,18.97,16,delivered,4
A03926,C00590,2025-09-30,app,credit_card,BEMVINDO10,13.4,4,delivered,4
A03927,C00707,2025-09-30,app,boleto,,38.98,20,delivered,3
A03928,C00717,2025-09-30,site,credit_card,,9.38,2,delivered,4
A03929,C00769,2025-09-30,app,boleto,FRETEGRATIS,0.0,18,delivered,2
A03930,C00894,2025-09-30,site,pix,,18.14,5,delivered,5
A03931,C00975,2025-09-30,site,pix,AURORA20,15.32,,canceled,
A03932,C01216,2025-09-30,app,credit_card,FRETEGRATIS,0.0,4,delivered,4
A03933,C01776,2025-09-30,site,credit_card,BEMVINDO10,21.85,7,delivered,3
A03934,C01897,2025-09-30,marketplace,credit_card,,14.64,2,delivered,5
A03935,C02122,2025-09-30,app,credit_card,,14.4,4,delivered,5
A03936,C02421,2025-09-30,app,pix,,15.8,1,delivered,5
A03937,C03073,2025-09-30,marketplace,pix,,15.05,2,delivered,3
A03938,C03128,2025-09-30,app,boleto,,14.78,1,delivered,5
A03939,C03554,2025-09-30,site,boleto,,34.33,18,delivered,
A03940,C04129,2025-09-30,site,boleto,,20.38,4,delivered,5
A03941,C04152,2025-09-30,app,credit_card,,25.27,18,delivered,2
A03942,C04298,2025-09-30,app,boleto,AURORA20,26.18,12,delivered,4
A03943,C04559,2025-09-30,app,credit_card,FRETEGRATIS,0.0,8,delivered,4
A03944,C04696,2025-09-30,marketplace,boleto,AURORA20,12.09,,canceled,
A03945,C00175,2025-10-01,app,pix,,22.05,4,delivered,5
A03946,C00279,2025-10-01,app,credit_card,AURORA20,10.69,2,delivered,5
A03947,C00308,2025-10-01,site,credit_card,AURORA20,19.23,11,delivered,3
A03948,C00632,2025-10-01,marketplace,credit_card,BEMVINDO10,16.28,4,delivered,
A03949,C01191,2025-10-01,site,pix,,25.98,6,delivered,4
A03950,C01227,2025-10-01,marketplace,credit_card,,13.9,3,delivered,5
A03951,C01299,2025-10-01,site,credit_card,,12.97,6,delivered,5
A03952,C01339,2025-10-01,site,credit_card,,13.47,5,delivered,4
A03953,C01602,2025-10-01,site,pix,BEMVINDO10,31.81,10,delivered,3
A03954,C01672,2025-10-01,marketplace,pix,AURORA20,17.8,7,delivered,3
A03955,C01793,2025-10-01,marketplace,boleto,,13.71,7,delivered,5
A03956,C02036,2025-10-01,marketplace,credit_card,BEMVINDO10,26.55,11,delivered,4
A03957,C02309,2025-10-01,site,credit_card,,17.28,4,delivered,
A03958,C02362,2025-10-01,site,credit_card,AURORA20,29.5,9,delivered,
A03959,C02391,2025-10-01,marketplace,credit_card,,29.97,6,delivered,4
A03960,C02414,2025-10-01,site,credit_card,,20.99,,canceled,
A03961,C02624,2025-10-01,app,pix,,17.66,5,delivered,4
A03962,C02732,2025-10-01,site,pix,,16.35,5,delivered,
A03963,C03305,2025-10-01,site,credit_card,BEMVINDO10,18.87,20,delivered,5
A03964,C03408,2025-10-01,site,credit_card,,35.25,11,delivered,
A03965,C03416,2025-10-01,site,pix,,16.45,2,delivered,5
A03966,C03462,2025-10-01,site,boleto,,14.6,5,delivered,4
A03967,C04152,2025-10-01,app,boleto,,23.22,7,delivered,4
A03968,C04376,2025-10-01,app,credit_card,,23.13,7,delivered,
A03969,C04641,2025-10-01,marketplace,credit_card,BEMVINDO10,16.11,5,delivered,4
A03970,C04770,2025-10-01,app,credit_card,BEMVINDO10,13.39,3,delivered,5
A03971,C00006,2025-10-02,site,credit_card,,15.47,6,delivered,4
A03972,C00497,2025-10-02,app,pix,,16.14,8,delivered,
A03973,C00568,2025-10-02,app,credit_card,,13.67,3,delivered,
A03974,C01040,2025-10-02,marketplace,pix,BEMVINDO10,25.07,4,delivered,
A03975,C01262,2025-10-02,marketplace,pix,,30.75,16,returned,
A03976,C01277,2025-10-02,site,credit_card,,19.89,7,delivered,5
A03977,C02010,2025-10-02,site,pix,,14.32,2,delivered,
A03978,C02105,2025-10-02,site,credit_card,,14.19,7,delivered,
A03979,C02197,2025-10-02,app,credit_card,,19.51,6,returned,
A03980,C02315,2025-10-02,app,pix,,32.87,19,delivered,3
A03981,C02420,2025-10-02,site,pix,,16.38,11,delivered,4
A03982,C02858,2025-10-02,app,pix,,15.57,7,delivered,
A03983,C02944,2025-10-02,marketplace,credit_card,AURORA20,12.2,6,delivered,
A03984,C03184,2025-10-02,app,pix,,20.26,10,delivered,4
A03985,C03469,2025-10-02,marketplace,credit_card,,22.94,4,delivered,5
A03986,C03689,2025-10-02,app,credit_card,,11.25,8,delivered,
A03987,C03823,2025-10-02,app,credit_card,,26.09,5,delivered,4
A03988,C03961,2025-10-02,site,pix,,32.31,8,delivered,4
A03989,C04052,2025-10-02,site,pix,,14.37,3,delivered,4
A03990,C04569,2025-10-02,marketplace,pix,,35.11,10,delivered,
A03991,C00021,2025-10-03,marketplace,pix,,23.78,14,delivered,4
A03992,C00212,2025-10-03,app,credit_card,,10.15,5,delivered,4
A03993,C00527,2025-10-03,site,pix,AURORA20,22.03,7,returned,
A03994,C00667,2025-10-03,marketplace,pix,,24.7,15,delivered,3
A03995,C00689,2025-10-03,site,pix,,11.99,4,delivered,4
A03996,C00715,2025-10-03,site,pix,AURORA20,12.3,5,delivered,5
A03997,C01023,2025-10-03,app,pix,,24.34,6,delivered,
A03998,C01041,2025-10-03,marketplace,pix,,23.75,17,delivered,4
A03999,C01223,2025-10-03,app,credit_card,AURORA20,15.82,3,delivered,5
A04000,C01338,2025-10-03,app,pix,FRETEGRATIS,0.0,4,delivered,5
A04001,C01525,2025-10-03,site,credit_card,BEMVINDO10,26.62,7,delivered,5
A04002,C01528,2025-10-03,marketplace,pix,,13.63,2,delivered,4
A04003,C01867,2025-10-03,app,pix,,10.02,5,delivered,4
A04004,C02044,2025-10-03,app,pix,,22.38,9,delivered,4
A04005,C02277,2025-10-03,site,pix,,16.87,3,delivered,5
A04006,C02536,2025-10-03,app,credit_card,,18.53,5,delivered,
A04007,C02599,2025-10-03,app,pix,,16.45,7,delivered,5
A04008,C02630,2025-10-03,app,credit_card,,34.98,15,returned,
A04009,C02835,2025-10-03,site,credit_card,,18.49,8,delivered,3
A04010,C02992,2025-10-03,app,credit_card,AURORA20,26.34,14,delivered,5
A04011,C03003,2025-10-03,site,boleto,,22.89,5,delivered,4
A04012,C03444,2025-10-03,marketplace,credit_card,FRETEGRATIS,0.0,5,delivered,5
A04013,C03986,2025-10-03,app,credit_card,,25.52,13,delivered,5
A04014,C04002,2025-10-03,app,pix,,25.91,18,delivered,2
A04015,C04019,2025-10-03,site,pix,,24.59,11,delivered,3
A04016,C04152,2025-10-03,app,boleto,,22.87,4,delivered,
A04017,C04225,2025-10-03,app,credit_card,,16.51,2,delivered,5
A04018,C04253,2025-10-03,app,pix,,12.29,6,delivered,
A04019,C00104,2025-10-04,site,boleto,,22.75,4,delivered,4
A04020,C00148,2025-10-04,marketplace,pix,AURORA20,39.06,14,delivered,3
A04021,C00193,2025-10-04,site,boleto,FRETEGRATIS,0.0,11,delivered,5
A04022,C00460,2025-10-04,marketplace,credit_card,,16.8,8,delivered,
A04023,C00726,2025-10-04,site,pix,AURORA20,16.66,5,delivered,4
A04024,C01801,2025-10-04,marketplace,boleto,,22.29,,canceled,
A04025,C01807,2025-10-04,marketplace,credit_card,,30.5,5,delivered,5
A04026,C02055,2025-10-04,site,boleto,,18.43,8,delivered,
A04027,C02214,2025-10-04,app,pix,FRETEGRATIS,0.0,5,delivered,
A04028,C02928,2025-10-04,app,credit_card,,23.75,8,delivered,4
A04029,C03029,2025-10-04,app,credit_card,,15.85,6,delivered,4
A04030,C03156,2025-10-04,site,pix,,20.69,9,delivered,5
A04031,C03468,2025-10-04,marketplace,credit_card,,33.04,15,delivered,4
A04032,C03477,2025-10-04,app,boleto,BEMVINDO10,32.78,11,delivered,4
A04033,C03991,2025-10-04,site,boleto,,19.98,,canceled,
A04034,C04110,2025-10-04,marketplace,pix,,11.33,3,delivered,3
A04035,C04469,2025-10-04,app,credit_card,,21.4,8,delivered,
A04036,C04718,2025-10-04,site,boleto,BEMVINDO10,15.36,5,delivered,5
A04037,C04781,2025-10-04,site,credit_card,,19.88,8,delivered,5
A04038,C04886,2025-10-04,site,pix,,30.39,13,delivered,3
A04039,C00205,2025-10-05,marketplace,pix,AURORA20,13.97,4,delivered,4
A04040,C00395,2025-10-05,marketplace,credit_card,,31.41,8,delivered,4
A04041,C00428,2025-10-05,site,pix,,15.29,6,delivered,4
A04042,C00672,2025-10-05,app,pix,,19.29,6,delivered,
A04043,C01770,2025-10-05,app,boleto,FRETEGRATIS,0.0,3,delivered,5
A04044,C01936,2025-10-05,app,pix,,25.56,9,delivered,4
A04045,C02127,2025-10-05,marketplace,credit_card,,19.07,,canceled,
A04046,C02552,2025-10-05,app,credit_card,,28.11,16,returned,
A04047,C02889,2025-10-05,site,pix,,13.74,3,delivered,
A04048,C02907,2025-10-05,marketplace,credit_card,,19.29,4,delivered,5
A04049,C03043,2025-10-05,site,pix,AURORA20,10.57,4,delivered,4
A04050,C03309,2025-10-05,app,pix,,11.07,3,delivered,4
A04051,C03605,2025-10-05,app,credit_card,AURORA20,10.89,4,delivered,5
A04052,C03778,2025-10-05,app,credit_card,AURORA20,24.98,7,delivered,4
A04053,C03846,2025-10-05,app,pix,,27.42,14,delivered,
A04054,C04064,2025-10-05,site,pix,,15.48,2,delivered,
A04055,C04250,2025-10-05,marketplace,pix,,37.14,10,delivered,4
A04056,C04321,2025-10-05,site,pix,,13.03,4,delivered,5
A04057,C04406,2025-10-05,app,pix,,21.56,3,delivered,3
A04058,C04463,2025-10-05,app,pix,,13.92,3,delivered,3
A04059,C04539,2025-10-05,app,credit_card,,15.32,3,delivered,4
A04060,C04776,2025-10-05,marketplace,credit_card,,23.53,7,delivered,5
A04061,C04913,2025-10-05,marketplace,pix,AURORA20,20.52,11,delivered,3
A04062,C04925,2025-10-05,site,credit_card,,13.92,5,delivered,
A04063,C00044,2025-10-06,site,credit_card,,12.25,1,delivered,
A04064,C00256,2025-10-06,marketplace,credit_card,BEMVINDO10,16.81,5,delivered,
A04065,C00343,2025-10-06,marketplace,boleto,BEMVINDO10,19.36,2,delivered,5
A04066,C00589,2025-10-06,site,pix,,25.54,12,delivered,5
A04067,C00602,2025-10-06,site,pix,,15.57,3,delivered,4
A04068,C00671,2025-10-06,marketplace,credit_card,,15.71,2,delivered,
A04069,C00712,2025-10-06,site,pix,,14.03,4,delivered,4
A04070,C00748,2025-10-06,site,credit_card,,20.72,6,delivered,5
A04071,C00903,2025-10-06,site,boleto,,12.3,2,delivered,5
A04072,C01159,2025-10-06,site,pix,,14.91,3,delivered,4
A04073,C01276,2025-10-06,app,credit_card,BEMVINDO10,7.35,2,delivered,
A04074,C01754,2025-10-06,marketplace,boleto,,18.65,5,delivered,5
A04075,C01966,2025-10-06,app,pix,,15.18,12,delivered,4
A04076,C02731,2025-10-06,app,pix,,26.72,2,delivered,4
A04077,C03182,2025-10-06,marketplace,boleto,AURORA20,16.05,3,delivered,
A04078,C03606,2025-10-06,app,credit_card,,18.06,10,delivered,
A04079,C03918,2025-10-06,site,boleto,,25.59,9,delivered,
A04080,C03968,2025-10-06,app,pix,BEMVINDO10,11.38,4,delivered,3
A04081,C04028,2025-10-06,site,pix,,15.47,1,delivered,4
A04082,C04057,2025-10-06,site,credit_card,,32.61,10,delivered,4
A04083,C04203,2025-10-06,site,pix,AURORA20,10.64,3,delivered,4
A04084,C04351,2025-10-06,marketplace,credit_card,BEMVINDO10,11.72,5,delivered,4
A04085,C04375,2025-10-06,site,credit_card,,31.06,18,delivered,
A04086,C04573,2025-10-06,site,credit_card,AURORA20,14.29,4,delivered,
A04087,C04635,2025-10-06,site,credit_card,,21.38,5,delivered,5
A04088,C04817,2025-10-06,app,boleto,FRETEGRATIS,0.0,4,delivered,
A04089,C00266,2025-10-07,app,credit_card,AURORA20,36.19,15,delivered,
A04090,C00763,2025-10-07,app,credit_card,,11.57,6,delivered,4
A04091,C00865,2025-10-07,app,credit_card,,24.09,10,returned,
A04092,C00883,2025-10-07,app,pix,,13.42,,canceled,
A04093,C00916,2025-10-07,site,credit_card,,14.02,3,delivered,4
A04094,C01205,2025-10-07,site,credit_card,,33.75,10,delivered,4
A04095,C01407,2025-10-07,app,credit_card,,24.6,12,delivered,
A04096,C01508,2025-10-07,app,credit_card,,14.56,2,delivered,5
A04097,C01619,2025-10-07,marketplace,credit_card,,22.34,13,delivered,
A04098,C02122,2025-10-07,app,pix,,17.31,7,returned,
A04099,C02406,2025-10-07,site,pix,AURORA20,16.78,12,delivered,4
A04100,C02737,2025-10-07,app,pix,,13.2,10,delivered,4
A04101,C02745,2025-10-07,site,credit_card,BEMVINDO10,25.41,8,delivered,5
A04102,C02918,2025-10-07,site,pix,,27.74,8,delivered,
A04103,C03090,2025-10-07,site,credit_card,,21.99,,canceled,
A04104,C03110,2025-10-07,app,pix,,24.37,,canceled,
A04105,C03148,2025-10-07,marketplace,credit_card,,29.52,9,delivered,3
A04106,C03172,2025-10-07,marketplace,credit_card,,23.32,4,delivered,4
A04107,C03227,2025-10-07,site,credit_card,,24.11,11,delivered,4
A04108,C03415,2025-10-07,site,pix,BEMVINDO10,11.44,5,delivered,
A04109,C03524,2025-10-07,app,boleto,,23.06,13,delivered,3
A04110,C03580,2025-10-07,app,pix,BEMVINDO10,12.61,3,delivered,5
A04111,C03639,2025-10-07,app,boleto,,13.5,,canceled,
A04112,C04490,2025-10-07,site,credit_card,AURORA20,13.24,2,delivered,5
A04113,C04736,2025-10-07,site,pix,,30.36,15,delivered,5
A04114,C04930,2025-10-07,marketplace,pix,,11.57,3,delivered,
A04115,C04979,2025-10-07,marketplace,credit_card,,20.12,5,delivered,4
A04116,C00412,2025-10-08,site,credit_card,BEMVINDO10,13.65,6,delivered,4
A04117,C00490,2025-10-08,marketplace,pix,,13.87,4,delivered,
A04118,C00568,2025-10-08,app,credit_card,,14.92,3,delivered,5
A04119,C00703,2025-10-08,app,pix,,20.4,7,delivered,
A04120,C00956,2025-10-08,marketplace,pix,,12.51,2,delivered,5
A04121,C01306,2025-10-08,app,pix,,13.5,3,delivered,5
A04122,C01340,2025-10-08,site,credit_card,,22.37,6,delivered,
A04123,C01591,2025-10-08,site,pix,AURORA20,33.64,11,delivered,3
A04124,C01765,2025-10-08,app,pix,,11.18,5,delivered,5
A04125,C01827,2025-10-08,app,credit_card,,28.05,4,delivered,
A04126,C02122,2025-10-08,app,pix,FRETEGRATIS,0.0,4,delivered,
A04127,C02206,2025-10-08,site,credit_card,AURORA20,12.27,3,delivered,5
A04128,C02673,2025-10-08,site,credit_card,,15.16,5,delivered,4
A04129,C02690,2025-10-08,app,credit_card,BEMVINDO10,24.0,15,delivered,5
A04130,C02741,2025-10-08,app,pix,,12.91,,canceled,
A04131,C02743,2025-10-08,app,credit_card,,27.85,9,delivered,4
A04132,C02793,2025-10-08,site,credit_card,,15.41,2,delivered,5
A04133,C02891,2025-10-08,marketplace,credit_card,,28.96,2,delivered,
A04134,C03154,2025-10-08,marketplace,boleto,,25.96,7,delivered,
A04135,C03267,2025-10-08,app,credit_card,,22.76,11,delivered,4
A04136,C03524,2025-10-08,app,credit_card,AURORA20,24.09,7,delivered,4
A04137,C03912,2025-10-08,marketplace,pix,,32.45,4,delivered,
A04138,C03975,2025-10-08,app,pix,,16.64,3,delivered,4
A04139,C04193,2025-10-08,site,pix,,13.92,3,delivered,5
A04140,C04264,2025-10-08,site,credit_card,,20.39,4,delivered,5
A04141,C04276,2025-10-08,marketplace,credit_card,BEMVINDO10,31.38,13,delivered,3
A04142,C04469,2025-10-08,app,pix,,23.32,15,delivered,3
A04143,C04634,2025-10-08,site,pix,,19.22,7,delivered,4
A04144,C04856,2025-10-08,app,pix,BEMVINDO10,14.68,5,delivered,
A04145,C05000,2025-10-08,marketplace,credit_card,,16.53,2,delivered,5
A04146,C00122,2025-10-09,app,pix,,19.04,10,delivered,5
A04147,C00155,2025-10-09,app,credit_card,AURORA20,12.96,3,delivered,5
A04148,C00483,2025-10-09,site,pix,,14.94,3,delivered,5
A04149,C00515,2025-10-09,site,credit_card,,18.48,5,delivered,5
A04150,C00553,2025-10-09,site,credit_card,,30.73,11,delivered,
A04151,C00721,2025-10-09,app,credit_card,,11.84,4,delivered,5
A04152,C00880,2025-10-09,marketplace,credit_card,,17.95,3,delivered,4
A04153,C00941,2025-10-09,app,credit_card,,9.7,5,delivered,
A04154,C01536,2025-10-09,app,pix,,32.25,14,delivered,4
A04155,C01762,2025-10-09,site,credit_card,,13.69,2,delivered,4
A04156,C01916,2025-10-09,app,pix,,13.06,2,delivered,5
A04157,C01950,2025-10-09,app,boleto,,11.56,3,delivered,5
A04158,C02811,2025-10-09,site,credit_card,,17.52,1,delivered,4
A04159,C02820,2025-10-09,app,pix,,14.4,4,delivered,5
A04160,C03471,2025-10-09,app,pix,,16.03,2,returned,
A04161,C03631,2025-10-09,site,pix,,26.73,,canceled,
A04162,C04285,2025-10-09,app,pix,,38.05,10,delivered,4
A04163,C04723,2025-10-09,site,boleto,AURORA20,17.26,5,delivered,5
A04164,C04897,2025-10-09,site,credit_card,AURORA20,32.65,12,delivered,4
A04165,C00008,2025-10-10,marketplace,credit_card,,15.43,3,delivered,5
A04166,C00034,2025-10-10,marketplace,credit_card,BEMVINDO10,13.15,2,delivered,
A04167,C00782,2025-10-10,marketplace,credit_card,,21.87,11,delivered,5
A04168,C00790,2025-10-10,site,pix,,14.96,4,delivered,5
A04169,C00904,2025-10-10,site,pix,AURORA20,9.5,3,delivered,4
A04170,C01172,2025-10-10,marketplace,credit_card,,21.24,5,delivered,4
A04171,C01243,2025-10-10,app,credit_card,,12.78,7,delivered,
A04172,C01512,2025-10-10,site,credit_card,,17.69,5,delivered,
A04173,C01557,2025-10-10,app,credit_card,AURORA20,13.19,3,delivered,
A04174,C01695,2025-10-10,marketplace,credit_card,,23.09,7,delivered,5
A04175,C01904,2025-10-10,site,pix,BEMVINDO10,11.98,5,delivered,4
A04176,C02041,2025-10-10,app,credit_card,AURORA20,36.21,5,delivered,
A04177,C02230,2025-10-10,app,pix,,20.3,7,delivered,5
A04178,C02335,2025-10-10,marketplace,credit_card,,25.75,13,delivered,4
A04179,C02480,2025-10-10,site,credit_card,AURORA20,21.37,4,delivered,5
A04180,C02570,2025-10-10,site,pix,,18.93,6,delivered,5
A04181,C02690,2025-10-10,app,pix,,27.6,9,delivered,3
A04182,C02749,2025-10-10,marketplace,credit_card,,17.89,5,delivered,
A04183,C03021,2025-10-10,site,pix,,17.19,6,delivered,4
A04184,C03116,2025-10-10,site,pix,,19.35,4,delivered,4
A04185,C03476,2025-10-10,marketplace,pix,AURORA20,12.6,3,delivered,5
A04186,C03810,2025-10-10,marketplace,pix,AURORA20,22.24,9,delivered,
A04187,C03858,2025-10-10,marketplace,credit_card,,15.94,6,delivered,5
A04188,C04105,2025-10-10,marketplace,pix,BEMVINDO10,20.29,9,delivered,4
A04189,C04139,2025-10-10,site,credit_card,,32.99,13,returned,
A04190,C04603,2025-10-10,app,pix,FRETEGRATIS,0.0,9,delivered,4
A04191,C04781,2025-10-10,site,pix,,18.89,3,delivered,4
A04192,C00336,2025-10-11,marketplace,credit_card,FRETEGRATIS,0.0,6,delivered,5
A04193,C00435,2025-10-11,site,pix,,14.88,7,delivered,4
A04194,C00599,2025-10-11,marketplace,credit_card,,14.14,3,delivered,4
A04195,C00691,2025-10-11,app,credit_card,,30.06,7,delivered,4
A04196,C00960,2025-10-11,app,pix,,35.88,14,delivered,4
A04197,C01001,2025-10-11,app,credit_card,BEMVINDO10,10.8,3,delivered,5
A04198,C01057,2025-10-11,site,credit_card,,16.36,3,delivered,4
A04199,C01650,2025-10-11,site,pix,BEMVINDO10,14.41,3,delivered,
A04200,C02376,2025-10-11,app,pix,AURORA20,31.83,6,delivered,
A04201,C02534,2025-10-11,site,credit_card,,29.33,29,returned,
A04202,C02682,2025-10-11,marketplace,credit_card,AURORA20,15.51,4,delivered,5
A04203,C02733,2025-10-11,site,pix,,15.21,2,delivered,
A04204,C03539,2025-10-11,site,credit_card,,15.55,4,delivered,4
A04205,C03601,2025-10-11,site,credit_card,,21.99,6,delivered,4
A04206,C03744,2025-10-11,site,pix,AURORA20,19.64,4,delivered,5
A04207,C03859,2025-10-11,app,boleto,AURORA20,31.47,11,delivered,
A04208,C03952,2025-10-11,marketplace,credit_card,,27.2,4,delivered,5
A04209,C04735,2025-10-11,app,credit_card,,20.83,4,delivered,5
A04210,C00158,2025-10-12,app,pix,AURORA20,15.58,3,delivered,5
A04211,C00729,2025-10-12,site,credit_card,FRETEGRATIS,0.0,4,delivered,5
A04212,C00732,2025-10-12,app,pix,,18.15,8,delivered,3
A04213,C00737,2025-10-12,site,pix,AURORA20,31.83,9,delivered,3
A04214,C01081,2025-10-12,site,credit_card,,13.84,4,delivered,5
A04215,C01824,2025-10-12,app,pix,BEMVINDO10,28.79,13,delivered,3
A04216,C02187,2025-10-12,marketplace,pix,,23.77,20,delivered,
A04217,C02327,2025-10-12,site,credit_card,AURORA20,11.51,2,delivered,5
A04218,C02415,2025-10-12,app,boleto,BEMVINDO10,15.03,,canceled,
A04219,C02476,2025-10-12,app,credit_card,,25.34,13,delivered,
A04220,C02734,2025-10-12,site,credit_card,,12.75,6,delivered,5
A04221,C02797,2025-10-12,site,credit_card,,13.58,4,delivered,4
A04222,C02958,2025-10-12,app,boleto,BEMVINDO10,17.17,7,returned,
A04223,C03127,2025-10-12,marketplace,credit_card,,16.68,4,delivered,4
A04224,C03163,2025-10-12,marketplace,credit_card,BEMVINDO10,13.71,2,delivered,5
A04225,C03165,2025-10-12,app,credit_card,,27.76,19,delivered,
A04226,C03441,2025-10-12,app,pix,,15.49,3,delivered,5
A04227,C04068,2025-10-12,site,pix,,18.42,3,delivered,5
A04228,C04111,2025-10-12,app,boleto,BEMVINDO10,13.92,8,delivered,
A04229,C04123,2025-10-12,app,boleto,BEMVINDO10,18.43,6,delivered,5
A04230,C04266,2025-10-12,site,credit_card,,21.38,6,delivered,4
A04231,C04551,2025-10-12,site,pix,,17.79,4,delivered,5
A04232,C04731,2025-10-12,site,boleto,,12.52,8,delivered,5
A04233,C04781,2025-10-12,site,pix,,20.19,7,delivered,4
A04234,C04822,2025-10-12,site,credit_card,AURORA20,13.2,3,delivered,3
A04235,C04976,2025-10-12,marketplace,credit_card,,13.35,6,delivered,4
A04236,C00049,2025-10-13,site,boleto,,19.14,3,delivered,4
A04237,C00168,2025-10-13,site,credit_card,,24.64,7,delivered,
A04238,C00582,2025-10-13,site,credit_card,,12.86,6,delivered,5
A04239,C00800,2025-10-13,marketplace,pix,,20.01,8,delivered,
A04240,C00874,2025-10-13,marketplace,pix,,12.59,1,delivered,5
A04241,C00876,2025-10-13,marketplace,pix,,33.17,11,delivered,
A04242,C01048,2025-10-13,app,credit_card,,28.95,4,delivered,4
A04243,C01195,2025-10-13,site,credit_card,BEMVINDO10,21.59,16,delivered,
A04244,C01209,2025-10-13,site,credit_card,,15.56,3,delivered,
A04245,C01887,2025-10-13,site,pix,,15.66,4,delivered,
A04246,C02001,2025-10-13,app,pix,FRETEGRATIS,0.0,2,delivered,5
A04247,C02009,2025-10-13,site,credit_card,,28.6,11,delivered,5
A04248,C02381,2025-10-13,marketplace,boleto,,16.9,3,delivered,5
A04249,C02710,2025-10-13,marketplace,pix,,31.95,11,delivered,3
A04250,C02764,2025-10-13,app,pix,,19.94,4,delivered,5
A04251,C02800,2025-10-13,app,pix,,18.65,6,delivered,5
A04252,C02904,2025-10-13,site,pix,,13.47,4,delivered,4
A04253,C03150,2025-10-13,site,credit_card,,14.89,2,delivered,
A04254,C03201,2025-10-13,site,pix,,13.82,5,delivered,4
A04255,C03283,2025-10-13,app,boleto,,17.05,,canceled,
A04256,C03727,2025-10-13,site,pix,,34.24,13,delivered,5
A04257,C03776,2025-10-13,site,pix,AURORA20,15.87,4,delivered,4
A04258,C03978,2025-10-13,app,credit_card,AURORA20,12.04,4,delivered,4
A04259,C04051,2025-10-13,marketplace,pix,,23.42,5,delivered,
A04260,C04253,2025-10-13,app,pix,,15.34,4,delivered,
A04261,C04319,2025-10-13,site,boleto,BEMVINDO10,13.37,4,delivered,
A04262,C04482,2025-10-13,app,pix,,35.94,11,delivered,
A04263,C04595,2025-10-13,site,pix,AURORA20,21.14,5,delivered,4
A04264,C04724,2025-10-13,site,credit_card,,13.1,6,delivered,
A04265,C04864,2025-10-13,site,boleto,,30.32,3,delivered,5
A04266,C04989,2025-10-13,site,credit_card,,23.07,17,delivered,3
A04267,C00907,2025-10-14,site,pix,,21.45,11,delivered,4
A04268,C00930,2025-10-14,app,pix,,17.98,9,delivered,4
A04269,C01218,2025-10-14,app,credit_card,,20.67,4,delivered,5
A04270,C01223,2025-10-14,app,boleto,,14.62,4,delivered,5
A04271,C01233,2025-10-14,app,pix,FRETEGRATIS,0.0,3,delivered,4
A04272,C01430,2025-10-14,marketplace,pix,BEMVINDO10,19.33,6,delivered,4
A04273,C01500,2025-10-14,site,pix,,28.03,9,delivered,3
A04274,C01592,2025-10-14,site,pix,,15.42,5,delivered,5
A04275,C01743,2025-10-14,site,pix,,21.65,6,delivered,4
A04276,C01831,2025-10-14,site,boleto,AURORA20,16.32,6,delivered,5
A04277,C01859,2025-10-14,app,credit_card,BEMVINDO10,15.31,8,delivered,5
A04278,C02037,2025-10-14,site,credit_card,,17.32,6,delivered,5
A04279,C02093,2025-10-14,marketplace,pix,,21.53,5,delivered,4
A04280,C02148,2025-10-14,marketplace,credit_card,,15.85,3,delivered,5
A04281,C02395,2025-10-14,site,credit_card,AURORA20,19.42,8,delivered,5
A04282,C02424,2025-10-14,app,pix,,28.88,12,delivered,3
A04283,C02539,2025-10-14,site,pix,,12.5,1,delivered,3
A04284,C02617,2025-10-14,marketplace,credit_card,AURORA20,25.6,9,delivered,5
A04285,C02650,2025-10-14,site,credit_card,,24.19,11,delivered,
A04286,C02716,2025-10-14,app,pix,,15.28,3,delivered,5
A04287,C02756,2025-10-14,site,pix,,14.55,3,delivered,4
A04288,C02927,2025-10-14,site,pix,,16.2,8,delivered,5
A04289,C03239,2025-10-14,site,pix,,13.03,8,delivered,
A04290,C03414,2025-10-14,app,credit_card,BEMVINDO10,14.93,2,delivered,5
A04291,C03479,2025-10-14,site,pix,,29.73,5,delivered,
A04292,C03636,2025-10-14,app,credit_card,AURORA20,15.58,5,delivered,4
A04293,C03689,2025-10-14,app,pix,AURORA20,17.59,4,delivered,
A04294,C03844,2025-10-14,site,pix,,31.81,,canceled,
A04295,C03953,2025-10-14,site,credit_card,,17.46,4,delivered,5
A04296,C04075,2025-10-14,app,pix,,24.21,24,delivered,
A04297,C04190,2025-10-14,site,credit_card,AURORA20,13.36,4,delivered,
A04298,C04329,2025-10-14,site,credit_card,,31.38,14,delivered,3
A04299,C04570,2025-10-14,site,pix,,26.25,7,delivered,
A04300,C04856,2025-10-14,app,pix,,16.36,7,delivered,5
A04301,C04895,2025-10-14,app,credit_card,,25.75,6,delivered,4
A04302,C04922,2025-10-14,site,credit_card,AURORA20,25.03,10,returned,
A04303,C00244,2025-10-15,marketplace,credit_card,FRETEGRATIS,0.0,4,delivered,5
A04304,C00593,2025-10-15,app,credit_card,,32.2,14,delivered,3
A04305,C00784,2025-10-15,app,pix,,31.89,5,delivered,
A04306,C00816,2025-10-15,app,credit_card,,17.45,2,delivered,5
A04307,C01030,2025-10-15,app,pix,,11.86,4,delivered,
A04308,C01073,2025-10-15,app,pix,AURORA20,22.96,9,delivered,3
A04309,C01137,2025-10-15,app,pix,,24.85,4,delivered,4
A04310,C01163,2025-10-15,app,pix,BEMVINDO10,22.08,6,delivered,5
A04311,C01936,2025-10-15,app,boleto,,33.44,,canceled,
A04312,C02141,2025-10-15,site,pix,,16.32,1,delivered,
A04313,C02786,2025-10-15,site,credit_card,AURORA20,16.4,10,delivered,
A04314,C02809,2025-10-15,app,boleto,,12.6,4,delivered,5
A04315,C02909,2025-10-15,site,pix,AURORA20,21.9,6,delivered,5
A04316,C03081,2025-10-15,site,pix,,15.05,2,delivered,5
A04317,C03596,2025-10-15,app,credit_card,,18.68,11,delivered,
A04318,C03750,2025-10-15,site,credit_card,BEMVINDO10,12.77,5,delivered,
A04319,C03879,2025-10-15,site,pix,,13.74,7,delivered,4
A04320,C03893,2025-10-15,app,credit_card,,9.52,3,delivered,
A04321,C03982,2025-10-15,marketplace,boleto,AURORA20,19.62,6,delivered,5
A04322,C04071,2025-10-15,app,boleto,,18.13,4,delivered,4
A04323,C04453,2025-10-15,marketplace,pix,,24.5,6,delivered,5
A04324,C04680,2025-10-15,site,credit_card,,33.85,9,delivered,5
A04325,C04841,2025-10-15,site,credit_card,BEMVINDO10,20.03,6,delivered,4
A04326,C00441,2025-10-16,marketplace,boleto,,14.16,4,delivered,5
A04327,C00512,2025-10-16,app,pix,AURORA20,14.03,6,delivered,4
A04328,C00950,2025-10-16,marketplace,pix,,12.27,4,delivered,4
A04329,C00991,2025-10-16,marketplace,pix,,10.68,4,delivered,5
A04330,C01492,2025-10-16,site,pix,,15.9,7,delivered,3
A04331,C01782,2025-10-16,site,pix,,21.81,9,delivered,3
A04332,C01842,2025-10-16,site,boleto,AURORA20,24.22,8,delivered,4
A04333,C02044,2025-10-16,app,credit_card,,25.17,6,delivered,5
A04334,C02100,2025-10-16,marketplace,pix,,29.14,16,delivered,2
A04335,C02118,2025-10-16,site,boleto,,36.7,12,delivered,3
A04336,C02152,2025-10-16,site,pix,AURORA20,28.7,5,delivered,5
A04337,C02286,2025-10-16,app,boleto,AURORA20,27.76,5,delivered,4
A04338,C02387,2025-10-16,app,credit_card,,26.08,5,delivered,
A04339,C02483,2025-10-16,app,pix,,15.59,5,delivered,5
A04340,C02671,2025-10-16,app,credit_card,,13.58,3,delivered,5
A04341,C03033,2025-10-16,site,credit_card,AURORA20,17.37,4,delivered,5
A04342,C03111,2025-10-16,site,pix,AURORA20,27.19,12,delivered,
A04343,C03165,2025-10-16,app,pix,,29.3,6,delivered,4
A04344,C03174,2025-10-16,app,credit_card,,15.13,3,delivered,
A04345,C03269,2025-10-16,marketplace,pix,,14.63,10,delivered,3
A04346,C03400,2025-10-16,app,credit_card,,15.23,4,delivered,5
A04347,C03462,2025-10-16,site,pix,,11.85,3,returned,
A04348,C03725,2025-10-16,app,credit_card,,14.49,4,delivered,5
A04349,C03764,2025-10-16,marketplace,pix,,14.92,4,delivered,
A04350,C03896,2025-10-16,site,pix,,25.21,13,delivered,4
A04351,C03937,2025-10-16,app,pix,,19.8,6,delivered,
A04352,C04517,2025-10-16,marketplace,credit_card,,13.12,2,delivered,3
A04353,C04574,2025-10-16,site,credit_card,AURORA20,11.95,5,delivered,4
A04354,C04831,2025-10-16,marketplace,credit_card,,13.3,4,delivered,
A04355,C04844,2025-10-16,site,credit_card,,13.97,,canceled,
A04356,C04893,2025-10-16,app,credit_card,,11.79,3,delivered,5
A04357,C04994,2025-10-16,marketplace,credit_card,BEMVINDO10,13.97,3,delivered,5
A04358,C00053,2025-10-17,site,pix,AURORA20,29.61,14,delivered,4
A04359,C00121,2025-10-17,site,pix,,31.52,8,delivered,
A04360,C00245,2025-10-17,app,credit_card,,16.58,3,delivered,
A04361,C00424,2025-10-17,app,credit_card,,24.89,8,delivered,
A04362,C00464,2025-10-17,site,pix,BEMVINDO10,14.64,3,delivered,4
A04363,C00473,2025-10-17,app,pix,,21.02,9,delivered,
A04364,C00646,2025-10-17,app,pix,AURORA20,23.62,11,delivered,
A04365,C01205,2025-10-17,site,credit_card,,23.66,5,delivered,4
A04366,C01498,2025-10-17,marketplace,pix,,34.01,8,delivered,
A04367,C01676,2025-10-17,site,boleto,,15.86,2,delivered,
A04368,C01961,2025-10-17,marketplace,credit_card,,12.34,5,delivered,3
A04369,C02113,2025-10-17,marketplace,boleto,,27.21,14,delivered,3
A04370,C02151,2025-10-17,app,pix,,16.02,9,delivered,5
A04371,C02467,2025-10-17,site,credit_card,,10.93,5,delivered,5
A04372,C02511,2025-10-17,site,pix,,27.53,12,delivered,3
A04373,C02689,2025-10-17,site,credit_card,,13.57,4,delivered,5
A04374,C02720,2025-10-17,app,credit_card,,13.08,3,delivered,5
A04375,C02788,2025-10-17,marketplace,credit_card,FRETEGRATIS,0.0,,canceled,
A04376,C03251,2025-10-17,site,credit_card,BEMVINDO10,25.32,22,delivered,1
A04377,C03320,2025-10-17,site,credit_card,AURORA20,11.81,3,delivered,4
A04378,C03396,2025-10-17,marketplace,boleto,,20.66,11,delivered,5
A04379,C03462,2025-10-17,site,pix,,16.08,5,delivered,4
A04380,C03530,2025-10-17,marketplace,pix,,13.84,4,delivered,3
A04381,C03635,2025-10-17,site,credit_card,,11.72,4,delivered,4
A04382,C03822,2025-10-17,marketplace,pix,,14.47,3,delivered,
A04383,C04104,2025-10-17,app,credit_card,,12.27,4,delivered,4
A04384,C04135,2025-10-17,marketplace,credit_card,,15.35,5,delivered,4
A04385,C04287,2025-10-17,site,credit_card,,15.03,2,delivered,5
A04386,C04295,2025-10-17,app,credit_card,,14.27,6,delivered,5
A04387,C04764,2025-10-17,site,credit_card,,15.8,5,delivered,5
A04388,C00209,2025-10-18,site,pix,,15.13,4,delivered,
A04389,C00847,2025-10-18,app,pix,,16.25,7,delivered,4
A04390,C01008,2025-10-18,site,pix,,14.4,2,delivered,
A04391,C01585,2025-10-18,site,pix,AURORA20,13.58,1,delivered,
A04392,C01727,2025-10-18,app,pix,BEMVINDO10,27.12,12,delivered,5
A04393,C01809,2025-10-18,app,pix,BEMVINDO10,13.1,4,delivered,5
A04394,C01989,2025-10-18,app,pix,AURORA20,22.34,8,delivered,
A04395,C02012,2025-10-18,marketplace,credit_card,,29.13,16,returned,
A04396,C02256,2025-10-18,marketplace,pix,,18.67,5,delivered,3
A04397,C02352,2025-10-18,site,pix,,15.98,5,delivered,5
A04398,C02412,2025-10-18,app,pix,,30.8,4,delivered,
A04399,C02418,2025-10-18,app,boleto,BEMVINDO10,8.15,6,delivered,5
A04400,C02419,2025-10-18,site,credit_card,,12.01,3,delivered,
A04401,C02523,2025-10-18,app,credit_card,AURORA20,15.57,4,delivered,
A04402,C02598,2025-10-18,app,credit_card,,13.48,2,delivered,
A04403,C02626,2025-10-18,app,credit_card,,34.19,4,delivered,5
A04404,C02835,2025-10-18,site,pix,,9.0,4,delivered,
A04405,C03023,2025-10-18,site,credit_card,,15.6,4,delivered,5
A04406,C03590,2025-10-18,app,pix,BEMVINDO10,24.39,15,returned,
A04407,C03720,2025-10-18,app,pix,,11.08,4,delivered,
A04408,C03814,2025-10-18,site,credit_card,,28.88,18,delivered,3
A04409,C04129,2025-10-18,site,pix,,23.85,2,delivered,5
A04410,C04256,2025-10-18,marketplace,pix,BEMVINDO10,14.24,5,delivered,
A04411,C04323,2025-10-18,site,boleto,,15.0,2,delivered,
A04412,C04558,2025-10-18,marketplace,credit_card,AURORA20,15.26,2,delivered,4
A04413,C04797,2025-10-18,app,credit_card,,15.15,7,delivered,4
A04414,C00043,2025-10-19,marketplace,boleto,,27.38,14,delivered,4
A04415,C00232,2025-10-19,marketplace,pix,BEMVINDO10,25.66,10,delivered,
A04416,C00432,2025-10-19,site,credit_card,FRETEGRATIS,0.0,3,delivered,5
A04417,C00546,2025-10-19,site,pix,,7.15,2,delivered,5
A04418,C00779,2025-10-19,site,credit_card,,16.35,7,delivered,4
A04419,C00872,2025-10-19,site,pix,,14.14,3,delivered,5
A04420,C00926,2025-10-19,app,pix,,20.39,3,delivered,
A04421,C01281,2025-10-19,marketplace,pix,,11.68,3,delivered,5
A04422,C01427,2025-10-19,marketplace,pix,,15.25,3,delivered,4
A04423,C01568,2025-10-19,site,pix,,18.35,4,delivered,5
A04424,C01789,2025-10-19,marketplace,credit_card,,14.41,6,delivered,
A04425,C01925,2025-10-19,site,pix,,12.27,2,delivered,
A04426,C02521,2025-10-19,marketplace,credit_card,BEMVINDO10,14.09,10,delivered,3
A04427,C02938,2025-10-19,site,credit_card,,12.64,4,delivered,
A04428,C03239,2025-10-19,site,credit_card,,14.23,5,delivered,5
A04429,C03577,2025-10-19,site,pix,,15.16,5,delivered,
A04430,C03659,2025-10-19,app,pix,,22.1,1,delivered,4
A04431,C03699,2025-10-19,app,credit_card,,14.91,,canceled,
A04432,C04194,2025-10-19,app,pix,,20.9,3,delivered,
A04433,C04357,2025-10-19,app,credit_card,,34.98,,canceled,
A04434,C04456,2025-10-19,marketplace,credit_card,,19.8,7,delivered,5
A04435,C04521,2025-10-19,marketplace,pix,,14.98,4,delivered,5
A04436,C04947,2025-10-19,marketplace,credit_card,AURORA20,31.69,13,returned,
A04437,C00081,2025-10-20,site,credit_card,,20.85,7,delivered,
A04438,C00222,2025-10-20,app,pix,,12.04,3,delivered,
A04439,C00509,2025-10-20,app,pix,,15.08,10,delivered,
A04440,C00524,2025-10-20,site,boleto,,24.75,11,delivered,4
A04441,C00557,2025-10-20,marketplace,credit_card,BEMVINDO10,34.86,11,delivered,3
A04442,C00594,2025-10-20,app,credit_card,,26.33,13,delivered,3
A04443,C00601,2025-10-20,marketplace,credit_card,,17.32,5,delivered,4
A04444,C00987,2025-10-20,app,credit_card,,15.19,2,delivered,5
A04445,C01393,2025-10-20,app,credit_card,,24.57,5,delivered,5
A04446,C01504,2025-10-20,site,credit_card,,17.47,6,delivered,5
A04447,C01533,2025-10-20,site,credit_card,FRETEGRATIS,0.0,12,delivered,
A04448,C01534,2025-10-20,app,credit_card,,12.78,4,delivered,5
A04449,C01607,2025-10-20,app,boleto,,14.43,6,delivered,5
A04450,C02005,2025-10-20,site,pix,,22.68,15,delivered,4
A04451,C02218,2025-10-20,site,boleto,,34.3,7,returned,
A04452,C02397,2025-10-20,app,boleto,AURORA20,15.72,4,delivered,5
A04453,C02459,2025-10-20,site,boleto,AURORA20,27.32,9,delivered,
A04454,C03127,2025-10-20,marketplace,pix,,10.59,5,delivered,5
A04455,C03235,2025-10-20,site,credit_card,,13.27,3,delivered,
A04456,C03270,2025-10-20,site,pix,,20.16,8,delivered,4
A04457,C03459,2025-10-20,marketplace,credit_card,,16.32,4,delivered,
A04458,C03931,2025-10-20,app,pix,,16.14,2,delivered,5
A04459,C04295,2025-10-20,app,credit_card,,11.68,2,delivered,5
A04460,C04376,2025-10-20,site,credit_card,AURORA20,14.18,8,delivered,5
A04461,C04406,2025-10-20,app,credit_card,,16.62,5,delivered,
A04462,C04625,2025-10-20,site,credit_card,,36.09,10,delivered,
A04463,C04854,2025-10-20,app,credit_card,,24.13,4,delivered,4
A04464,C04942,2025-10-20,app,pix,,13.69,4,delivered,
A04465,C04955,2025-10-20,site,boleto,,16.02,,canceled,
A04466,C00040,2025-10-21,site,pix,,14.38,1,delivered,4
A04467,C00086,2025-10-21,site,credit_card,,14.54,4,delivered,5
A04468,C00113,2025-10-21,app,credit_card,,22.06,6,delivered,4
A04469,C00227,2025-10-21,marketplace,credit_card,,23.43,9,delivered,5
A04470,C00445,2025-10-21,marketplace,credit_card,,14.15,4,delivered,5
A04471,C00494,2025-10-21,site,credit_card,,11.46,2,delivered,5
A04472,C00552,2025-10-21,app,credit_card,,27.17,5,delivered,5
A04473,C00560,2025-10-21,app,pix,,19.18,9,delivered,4
A04474,C00572,2025-10-21,site,credit_card,,9.17,2,delivered,5
A04475,C00590,2025-10-21,app,pix,,11.04,4,delivered,
A04476,C00803,2025-10-21,marketplace,boleto,,11.81,3,delivered,3
A04477,C00903,2025-10-21,site,pix,,15.63,5,returned,
A04478,C01077,2025-10-21,site,credit_card,AURORA20,14.94,4,delivered,4
A04479,C01084,2025-10-21,app,pix,AURORA20,13.91,4,delivered,5
A04480,C01355,2025-10-21,site,pix,,24.82,13,delivered,
A04481,C01510,2025-10-21,site,credit_card,,28.21,21,delivered,
A04482,C02018,2025-10-21,marketplace,pix,BEMVINDO10,27.36,11,returned,
A04483,C02425,2025-10-21,site,pix,AURORA20,9.91,3,delivered,5
A04484,C02706,2025-10-21,site,pix,,12.01,2,delivered,
A04485,C02856,2025-10-21,marketplace,pix,AURORA20,25.59,11,delivered,
A04486,C03218,2025-10-21,marketplace,boleto,,15.32,4,delivered,5
A04487,C03632,2025-10-21,app,pix,,29.52,7,delivered,
A04488,C03734,2025-10-21,app,pix,,18.13,2,delivered,4
A04489,C03794,2025-10-21,app,pix,BEMVINDO10,17.47,6,delivered,
A04490,C03879,2025-10-21,app,credit_card,,16.59,3,delivered,
A04491,C03919,2025-10-21,app,credit_card,,16.56,6,delivered,5
A04492,C04037,2025-10-21,marketplace,pix,,20.75,5,delivered,5
A04493,C04110,2025-10-21,marketplace,credit_card,,12.58,3,delivered,5
A04494,C04206,2025-10-21,site,pix,BEMVINDO10,29.2,14,delivered,4
A04495,C04353,2025-10-21,app,credit_card,,13.6,3,delivered,5
A04496,C04498,2025-10-21,site,credit_card,AURORA20,10.52,5,delivered,
A04497,C04649,2025-10-21,site,credit_card,,20.28,4,delivered,
A04498,C04935,2025-10-21,marketplace,pix,AURORA20,15.21,10,delivered,4
A04499,C00269,2025-10-22,site,pix,,16.27,2,delivered,5
A04500,C00361,2025-10-22,marketplace,pix,,20.87,8,delivered,5
A04501,C00515,2025-10-22,marketplace,pix,,19.3,3,delivered,
A04502,C00863,2025-10-22,site,pix,,12.13,5,delivered,5
A04503,C01033,2025-10-22,app,credit_card,AURORA20,27.65,15,delivered,
A04504,C01108,2025-10-22,app,boleto,AURORA20,10.64,2,delivered,
A04505,C01132,2025-10-22,site,boleto,,26.86,4,delivered,5
A04506,C01278,2025-10-22,app,boleto,BEMVINDO10,29.94,6,delivered,5
A04507,C01319,2025-10-22,app,credit_card,FRETEGRATIS,0.0,9,returned,
A04508,C01330,2025-10-22,site,pix,,16.79,2,delivered,5
A04509,C01359,2025-10-22,marketplace,pix,,31.36,8,delivered,4
A04510,C01361,2025-10-22,app,credit_card,,15.42,1,delivered,
A04511,C01533,2025-10-22,marketplace,credit_card,,24.93,14,delivered,5
A04512,C01560,2025-10-22,site,pix,,14.34,4,delivered,3
A04513,C01893,2025-10-22,app,pix,BEMVINDO10,16.29,7,delivered,4
A04514,C02219,2025-10-22,site,pix,,15.15,6,delivered,
A04515,C02381,2025-10-22,app,pix,,14.97,7,delivered,
A04516,C02552,2025-10-22,app,credit_card,,27.82,12,delivered,3
A04517,C02633,2025-10-22,marketplace,credit_card,,15.6,2,delivered,5
A04518,C02925,2025-10-22,site,credit_card,,20.16,,canceled,
A04519,C03044,2025-10-22,site,pix,,17.73,6,delivered,
A04520,C03310,2025-10-22,site,pix,,29.0,5,delivered,3
A04521,C03334,2025-10-22,marketplace,pix,,14.99,5,delivered,
A04522,C03866,2025-10-22,site,pix,,14.44,3,delivered,3
A04523,C03928,2025-10-22,app,credit_card,,17.48,7,delivered,5
A04524,C03956,2025-10-22,marketplace,boleto,,35.38,12,delivered,3
A04525,C04281,2025-10-22,site,pix,AURORA20,17.96,3,delivered,
A04526,C04473,2025-10-22,site,credit_card,,21.85,8,delivered,5
A04527,C04502,2025-10-22,marketplace,credit_card,,27.95,11,delivered,3
A04528,C04687,2025-10-22,marketplace,pix,,33.97,16,delivered,3
A04529,C04704,2025-10-22,marketplace,boleto,,38.77,8,delivered,5
A04530,C04840,2025-10-22,site,pix,,22.07,8,delivered,4
A04531,C00630,2025-10-23,site,credit_card,,20.63,8,delivered,5
A04532,C00631,2025-10-23,marketplace,pix,,17.0,3,delivered,3
A04533,C00704,2025-10-23,site,credit_card,,19.04,3,delivered,5
A04534,C00950,2025-10-23,app,pix,,13.26,4,delivered,
A04535,C01154,2025-10-23,site,credit_card,,20.49,2,delivered,
A04536,C01204,2025-10-23,site,pix,,15.4,6,delivered,5
A04537,C01524,2025-10-23,site,credit_card,AURORA20,15.01,3,delivered,
A04538,C01785,2025-10-23,marketplace,credit_card,BEMVINDO10,32.18,16,delivered,3
A04539,C02581,2025-10-23,marketplace,pix,AURORA20,27.81,9,delivered,2
A04540,C02668,2025-10-23,site,pix,,38.97,13,delivered,3
A04541,C02783,2025-10-23,app,pix,,17.32,4,returned,
A04542,C02834,2025-10-23,site,boleto,BEMVINDO10,30.48,10,delivered,
A04543,C02840,2025-10-23,app,credit_card,AURORA20,17.36,2,delivered,4
A04544,C02899,2025-10-23,app,pix,,12.34,6,delivered,5
A04545,C02987,2025-10-23,site,credit_card,,12.82,3,delivered,5
A04546,C03079,2025-10-23,app,pix,,24.78,18,delivered,2
A04547,C03216,2025-10-23,marketplace,pix,,20.78,5,delivered,5
A04548,C03464,2025-10-23,site,pix,,11.84,2,delivered,5
A04549,C03623,2025-10-23,app,credit_card,,37.04,12,delivered,
A04550,C03813,2025-10-23,app,pix,,9.93,4,delivered,
A04551,C04071,2025-10-23,app,credit_card,,16.13,6,delivered,5
A04552,C04079,2025-10-23,marketplace,pix,,8.46,6,delivered,5
A04553,C04268,2025-10-23,site,pix,,20.98,6,delivered,
A04554,C04767,2025-10-23,marketplace,credit_card,,21.09,6,delivered,4
A04555,C00229,2025-10-24,app,credit_card,,32.4,13,delivered,
A04556,C00338,2025-10-24,site,credit_card,,40.18,12,delivered,
A04557,C00598,2025-10-24,site,credit_card,,12.55,3,delivered,5
A04558,C00815,2025-10-24,app,credit_card,,12.04,6,delivered,
A04559,C00874,2025-10-24,marketplace,pix,,13.71,4,delivered,
A04560,C00931,2025-10-24,app,credit_card,,18.15,5,delivered,4
A04561,C00954,2025-10-24,app,pix,,33.37,,canceled,
A04562,C00969,2025-10-24,site,credit_card,AURORA20,10.8,3,delivered,5
A04563,C01026,2025-10-24,site,pix,,34.77,5,delivered,5
A04564,C01077,2025-10-24,site,credit_card,,10.89,4,delivered,5
A04565,C01299,2025-10-24,site,credit_card,AURORA20,19.93,4,delivered,5
A04566,C01356,2025-10-24,marketplace,credit_card,,30.2,8,delivered,4
A04567,C01675,2025-10-24,app,credit_card,,24.92,3,delivered,
A04568,C01908,2025-10-24,marketplace,credit_card,BEMVINDO10,15.44,4,delivered,3
A04569,C01910,2025-10-24,app,pix,,14.45,3,delivered,5
A04570,C01964,2025-10-24,site,credit_card,BEMVINDO10,13.9,3,delivered,5
A04571,C02003,2025-10-24,marketplace,pix,,18.66,3,delivered,
A04572,C02246,2025-10-24,site,pix,,16.63,4,delivered,5
A04573,C02530,2025-10-24,app,boleto,,13.1,5,delivered,
A04574,C02670,2025-10-24,app,credit_card,,15.14,6,delivered,4
A04575,C02684,2025-10-24,site,pix,,16.34,2,delivered,
A04576,C02946,2025-10-24,site,credit_card,,17.58,,canceled,
A04577,C03151,2025-10-24,marketplace,credit_card,,12.26,,canceled,
A04578,C03581,2025-10-24,app,boleto,,13.62,2,delivered,
A04579,C03627,2025-10-24,marketplace,credit_card,,33.72,11,delivered,4
A04580,C03777,2025-10-24,marketplace,credit_card,,14.71,3,delivered,5
A04581,C03806,2025-10-24,marketplace,credit_card,AURORA20,15.48,2,delivered,5
A04582,C04223,2025-10-24,marketplace,credit_card,AURORA20,31.69,14,delivered,3
A04583,C04649,2025-10-24,site,credit_card,,17.11,2,delivered,
A04584,C04819,2025-10-24,marketplace,credit_card,,15.63,6,delivered,5
A04585,C04946,2025-10-24,marketplace,pix,AURORA20,14.15,5,delivered,5
A04586,C00012,2025-10-25,marketplace,credit_card,,12.8,3,delivered,5
A04587,C00191,2025-10-25,app,pix,,21.24,7,delivered,
A04588,C00506,2025-10-25,app,credit_card,,10.98,4,delivered,5
A04589,C00856,2025-10-25,marketplace,pix,,12.64,3,delivered,5
A04590,C00865,2025-10-25,app,credit_card,FRETEGRATIS,0.0,10,delivered,
A04591,C01765,2025-10-25,marketplace,credit_card,,15.47,6,delivered,5
A04592,C01867,2025-10-25,app,pix,FRETEGRATIS,0.0,4,delivered,4
A04593,C01888,2025-10-25,app,pix,,13.8,3,delivered,4
A04594,C01975,2025-10-25,site,credit_card,BEMVINDO10,35.63,5,delivered,5
A04595,C02014,2025-10-25,app,boleto,,21.92,12,delivered,4
A04596,C02148,2025-10-25,marketplace,credit_card,,17.31,2,delivered,5
A04597,C02414,2025-10-25,site,pix,,28.46,13,delivered,4
A04598,C02587,2025-10-25,app,pix,,13.79,4,delivered,
A04599,C02602,2025-10-25,app,pix,AURORA20,13.0,5,delivered,5
A04600,C02610,2025-10-25,app,credit_card,,15.49,2,delivered,4
A04601,C02714,2025-10-25,site,boleto,,27.36,,canceled,
A04602,C02975,2025-10-25,marketplace,credit_card,AURORA20,29.89,7,delivered,5
A04603,C03234,2025-10-25,app,pix,FRETEGRATIS,0.0,1,delivered,5
A04604,C03546,2025-10-25,marketplace,pix,,21.08,3,delivered,
A04605,C03588,2025-10-25,site,credit_card,,16.37,4,delivered,
A04606,C04630,2025-10-25,marketplace,credit_card,,25.93,12,delivered,3
A04607,C04781,2025-10-25,site,credit_card,,20.15,3,delivered,5
A04608,C04782,2025-10-25,site,credit_card,,11.38,2,delivered,
A04609,C04794,2025-10-25,app,boleto,,24.2,11,delivered,4
A04610,C04876,2025-10-25,marketplace,pix,,15.86,3,delivered,
A04611,C04989,2025-10-25,site,boleto,,31.56,5,delivered,5
A04612,C04999,2025-10-25,app,credit_card,BEMVINDO10,17.89,2,delivered,5
A04613,C00147,2025-10-26,site,credit_card,,27.1,11,delivered,
A04614,C00180,2025-10-26,site,boleto,AURORA20,12.82,,canceled,
A04615,C00381,2025-10-26,site,credit_card,,21.57,12,delivered,4
A04616,C00457,2025-10-26,marketplace,credit_card,BEMVINDO10,14.39,1,delivered,
A04617,C00770,2025-10-26,app,boleto,BEMVINDO10,19.63,14,delivered,3
A04618,C01208,2025-10-26,site,pix,,17.13,3,delivered,
A04619,C01548,2025-10-26,site,credit_card,,27.8,7,delivered,5
A04620,C01915,2025-10-26,site,credit_card,AURORA20,14.59,2,delivered,5
A04621,C01953,2025-10-26,app,credit_card,BEMVINDO10,16.34,3,delivered,5
A04622,C02106,2025-10-26,site,pix,BEMVINDO10,26.52,7,delivered,3
A04623,C02524,2025-10-26,marketplace,pix,,14.11,8,delivered,3
A04624,C02661,2025-10-26,app,boleto,,14.89,4,delivered,4
A04625,C02886,2025-10-26,app,pix,,17.51,4,delivered,5
A04626,C03202,2025-10-26,site,credit_card,,34.32,24,delivered,4
A04627,C03642,2025-10-26,marketplace,credit_card,,25.01,5,delivered,4
A04628,C03654,2025-10-26,marketplace,pix,,16.78,7,delivered,
A04629,C03737,2025-10-26,site,pix,,18.3,5,delivered,
A04630,C04036,2025-10-26,app,credit_card,,20.85,9,delivered,4
A04631,C04114,2025-10-26,marketplace,credit_card,,22.52,11,delivered,3
A04632,C04172,2025-10-26,site,credit_card,,15.68,5,delivered,5
A04633,C04229,2025-10-26,site,pix,,34.41,29,delivered,
A04634,C04571,2025-10-26,site,credit_card,BEMVINDO10,23.83,6,delivered,
A04635,C04779,2025-10-26,marketplace,credit_card,,14.59,5,delivered,5
A04636,C00143,2025-10-27,site,pix,,12.74,6,delivered,4
A04637,C00270,2025-10-27,app,credit_card,FRETEGRATIS,0.0,10,delivered,
A04638,C00356,2025-10-27,app,pix,AURORA20,11.31,4,delivered,5
A04639,C00996,2025-10-27,site,boleto,AURORA20,13.74,5,delivered,
A04640,C01032,2025-10-27,app,credit_card,,27.84,7,delivered,4
A04641,C01343,2025-10-27,site,credit_card,,20.78,,canceled,
A04642,C01556,2025-10-27,site,pix,,23.21,12,delivered,4
A04643,C01583,2025-10-27,app,boleto,,9.96,2,delivered,
A04644,C01612,2025-10-27,app,pix,,24.06,6,delivered,4
A04645,C01685,2025-10-27,site,credit_card,AURORA20,22.89,7,returned,
A04646,C01736,2025-10-27,site,credit_card,,27.26,7,delivered,4
A04647,C02223,2025-10-27,app,pix,AURORA20,37.07,8,delivered,
A04648,C02270,2025-10-27,site,pix,,15.92,6,delivered,4
A04649,C02306,2025-10-27,app,pix,,15.33,3,delivered,
A04650,C02525,2025-10-27,marketplace,credit_card,AURORA20,21.78,4,delivered,4
A04651,C02537,2025-10-27,app,pix,,32.64,5,delivered,4
A04652,C02594,2025-10-27,site,pix,,15.3,4,delivered,4
A04653,C02873,2025-10-27,app,pix,FRETEGRATIS,0.0,6,delivered,5
A04654,C03080,2025-10-27,site,pix,FRETEGRATIS,0.0,6,delivered,4
A04655,C03377,2025-10-27,site,credit_card,,46.28,12,delivered,4
A04656,C03511,2025-10-27,site,pix,,15.73,3,delivered,
A04657,C03640,2025-10-27,marketplace,credit_card,,14.56,2,delivered,4
A04658,C03681,2025-10-27,marketplace,pix,,11.74,6,delivered,5
A04659,C03710,2025-10-27,app,credit_card,,9.42,2,delivered,
A04660,C04528,2025-10-27,marketplace,pix,,20.58,5,delivered,5
A04661,C04586,2025-10-27,site,pix,,14.2,,canceled,
A04662,C04607,2025-10-27,app,pix,,14.11,3,delivered,
A04663,C04678,2025-10-27,marketplace,credit_card,,15.48,2,delivered,5
A04664,C04787,2025-10-27,site,credit_card,,31.32,8,delivered,
A04665,C04836,2025-10-27,site,pix,,13.52,5,delivered,5
A04666,C04853,2025-10-27,site,credit_card,BEMVINDO10,24.21,15,delivered,
A04667,C04916,2025-10-27,app,pix,,13.79,4,delivered,
A04668,C00174,2025-10-28,app,credit_card,,17.78,3,delivered,3
A04669,C00303,2025-10-28,site,pix,AURORA20,16.25,5,delivered,
A04670,C00568,2025-10-28,app,pix,,12.22,4,delivered,4
A04671,C01017,2025-10-28,site,credit_card,,15.02,4,delivered,
A04672,C01309,2025-10-28,app,pix,,23.64,4,delivered,
A04673,C01915,2025-10-28,site,pix,FRETEGRATIS,0.0,8,delivered,
A04674,C01946,2025-10-28,app,boleto,AURORA20,16.6,,canceled,
A04675,C01969,2025-10-28,marketplace,pix,FRETEGRATIS,0.0,2,delivered,5
A04676,C02056,2025-10-28,marketplace,boleto,,16.88,4,delivered,
A04677,C02266,2025-10-28,marketplace,credit_card,,14.59,8,delivered,4
A04678,C02267,2025-10-28,app,pix,,28.05,5,delivered,4
A04679,C02360,2025-10-28,app,boleto,,19.46,5,delivered,
A04680,C02364,2025-10-28,site,pix,,15.25,7,delivered,4
A04681,C02651,2025-10-28,app,credit_card,AURORA20,25.98,15,delivered,
A04682,C03225,2025-10-28,app,pix,,19.77,4,delivered,5
A04683,C03375,2025-10-28,site,credit_card,,21.47,9,delivered,4
A04684,C03429,2025-10-28,site,credit_card,,20.32,5,returned,
A04685,C03435,2025-10-28,site,pix,,24.94,10,delivered,5
A04686,C03532,2025-10-28,marketplace,pix,,30.73,7,delivered,4
A04687,C03600,2025-10-28,app,pix,,16.56,4,delivered,5
A04688,C03779,2025-10-28,app,pix,,15.9,6,delivered,4
A04689,C03829,2025-10-28,marketplace,pix,,14.86,2,delivered,5
A04690,C00191,2025-10-29,app,credit_card,,17.31,,canceled,
A04691,C00414,2025-10-29,site,pix,AURORA20,26.54,13,delivered,4
A04692,C00549,2025-10-29,marketplace,boleto,,22.71,16,delivered,
A04693,C00592,2025-10-29,site,pix,,27.85,,canceled,
A04694,C00610,2025-10-29,app,credit_card,AURORA20,11.4,3,delivered,
A04695,C00616,2025-10-29,site,credit_card,,11.46,3,delivered,4
A04696,C00665,2025-10-29,app,credit_card,AURORA20,18.39,7,delivered,4
A04697,C00919,2025-10-29,marketplace,credit_card,AURORA20,11.13,10,delivered,5
A04698,C01103,2025-10-29,app,boleto,BEMVINDO10,14.38,7,delivered,
A04699,C01287,2025-10-29,app,credit_card,,17.07,4,delivered,5
A04700,C01491,2025-10-29,app,pix,,14.85,5,delivered,4
A04701,C02102,2025-10-29,app,boleto,,14.44,3,delivered,
A04702,C02239,2025-10-29,app,pix,AURORA20,27.91,17,delivered,3
A04703,C02402,2025-10-29,app,credit_card,,23.71,4,delivered,2
A04704,C02571,2025-10-29,marketplace,pix,,13.66,2,delivered,5
A04705,C02652,2025-10-29,app,pix,AURORA20,29.78,3,delivered,5
A04706,C02660,2025-10-29,site,boleto,,37.1,21,returned,
A04707,C03020,2025-10-29,site,pix,FRETEGRATIS,0.0,5,delivered,3
A04708,C03084,2025-10-29,app,boleto,,11.17,5,delivered,4
A04709,C03137,2025-10-29,app,credit_card,,14.61,5,delivered,5
A04710,C03411,2025-10-29,site,boleto,,14.43,6,delivered,
A04711,C03771,2025-10-29,site,credit_card,,13.11,6,delivered,4
A04712,C04122,2025-10-29,site,pix,AURORA20,12.44,8,delivered,
A04713,C04391,2025-10-29,app,boleto,,13.54,3,delivered,5
A04714,C04828,2025-10-29,site,credit_card,,10.21,2,delivered,5
A04715,C04915,2025-10-29,site,credit_card,,15.13,5,delivered,4
A04716,C00138,2025-10-30,marketplace,credit_card,,13.6,4,delivered,
A04717,C00253,2025-10-30,app,pix,,24.99,9,returned,
A04718,C00428,2025-10-30,app,pix,,13.23,2,delivered,5
A04719,C00624,2025-10-30,site,credit_card,,30.51,11,delivered,4
A04720,C00645,2025-10-30,marketplace,credit_card,,25.34,8,delivered,
A04721,C00673,2025-10-30,site,boleto,,12.26,3,delivered,4
A04722,C01234,2025-10-30,marketplace,pix,,13.83,10,delivered,3
A04723,C01378,2025-10-30,site,pix,BEMVINDO10,10.75,4,delivered,5
A04724,C01406,2025-10-30,site,pix,BEMVINDO10,12.15,4,delivered,5
A04725,C01476,2025-10-30,app,pix,,15.19,3,delivered,4
A04726,C01508,2025-10-30,site,credit_card,FRETEGRATIS,0.0,3,delivered,4
A04727,C01632,2025-10-30,marketplace,pix,,32.73,12,delivered,
A04728,C01932,2025-10-30,app,credit_card,,11.73,,canceled,
A04729,C02422,2025-10-30,site,credit_card,,13.66,4,delivered,4
A04730,C02603,2025-10-30,site,pix,,17.59,5,delivered,
A04731,C02642,2025-10-30,app,credit_card,,12.5,8,delivered,3
A04732,C02804,2025-10-30,app,credit_card,BEMVINDO10,29.84,8,delivered,
A04733,C03042,2025-10-30,app,credit_card,,19.05,5,delivered,5
A04734,C03355,2025-10-30,app,boleto,BEMVINDO10,11.77,4,delivered,5
A04735,C03480,2025-10-30,app,credit_card,BEMVINDO10,8.64,2,delivered,5
A04736,C03622,2025-10-30,app,credit_card,,24.17,8,delivered,
A04737,C03980,2025-10-30,marketplace,credit_card,,12.54,5,delivered,4
A04738,C04185,2025-10-30,site,boleto,,14.0,4,delivered,5
A04739,C04361,2025-10-30,site,pix,,31.13,9,delivered,3
A04740,C04387,2025-10-30,site,credit_card,AURORA20,11.88,4,delivered,5
A04741,C04580,2025-10-30,app,credit_card,,14.47,5,delivered,5
A04742,C04590,2025-10-30,app,pix,AURORA20,18.3,4,delivered,5
A04743,C04614,2025-10-30,marketplace,pix,AURORA20,14.53,3,delivered,
A04744,C00143,2025-10-31,site,credit_card,,20.15,7,delivered,5
A04745,C00165,2025-10-31,site,credit_card,BEMVINDO10,14.37,5,delivered,5
A04746,C00189,2025-10-31,site,pix,,30.96,10,delivered,4
A04747,C00312,2025-10-31,marketplace,credit_card,,11.79,5,delivered,4
A04748,C00500,2025-10-31,site,pix,AURORA20,16.58,2,delivered,4
A04749,C01005,2025-10-31,app,pix,,9.92,4,delivered,
A04750,C01035,2025-10-31,marketplace,credit_card,AURORA20,20.81,3,delivered,
A04751,C01212,2025-10-31,marketplace,credit_card,AURORA20,28.49,11,delivered,3
A04752,C01689,2025-10-31,site,credit_card,,33.36,9,delivered,3
A04753,C01782,2025-10-31,site,pix,,22.88,10,delivered,3
A04754,C02396,2025-10-31,site,pix,,12.85,3,delivered,5
A04755,C02604,2025-10-31,site,credit_card,,14.31,4,delivered,
A04756,C02646,2025-10-31,site,credit_card,,17.87,9,delivered,
A04757,C02703,2025-10-31,app,pix,,13.34,5,delivered,
A04758,C02772,2025-10-31,site,credit_card,,10.83,3,delivered,5
A04759,C02960,2025-10-31,site,credit_card,,21.56,13,delivered,4
A04760,C03483,2025-10-31,marketplace,credit_card,,29.15,,canceled,
A04761,C03616,2025-10-31,site,pix,,23.99,10,delivered,5
A04762,C03857,2025-10-31,app,credit_card,,14.2,5,delivered,
A04763,C03877,2025-10-31,app,pix,,14.97,3,delivered,5
A04764,C04195,2025-10-31,app,credit_card,AURORA20,16.21,16,delivered,3
A04765,C04406,2025-10-31,app,credit_card,,23.9,6,delivered,5
A04766,C04466,2025-10-31,marketplace,credit_card,,27.23,4,delivered,4
A04767,C04584,2025-10-31,site,pix,,26.33,4,delivered,5
A04768,C04653,2025-10-31,app,boleto,,14.2,2,delivered,5
A04769,C04657,2025-10-31,site,credit_card,,14.17,6,delivered,4
A04770,C00111,2025-11-01,app,pix,AURORA20,18.73,7,delivered,3
A04771,C00217,2025-11-01,site,pix,,26.41,17,delivered,1
A04772,C00690,2025-11-01,site,credit_card,FRETEGRATIS,0.0,3,delivered,
A04773,C00941,2025-11-01,app,pix,,13.69,3,delivered,
A04774,C01342,2025-11-01,app,pix,AURORA20,11.76,5,delivered,5
A04775,C01576,2025-11-01,site,pix,AURORA20,36.68,12,delivered,4
A04776,C01674,2025-11-01,marketplace,pix,AURORA20,16.47,,canceled,
A04777,C01681,2025-11-01,site,pix,,24.56,12,delivered,3
A04778,C01775,2025-11-01,marketplace,pix,AURORA20,20.02,7,delivered,5
A04779,C01916,2025-11-01,app,credit_card,AURORA20,16.22,4,delivered,
A04780,C02145,2025-11-01,site,credit_card,,32.46,11,delivered,3
A04781,C02552,2025-11-01,app,pix,,23.78,7,delivered,
A04782,C03160,2025-11-01,site,pix,,14.67,5,delivered,5
A04783,C03170,2025-11-01,marketplace,credit_card,,15.31,6,delivered,5
A04784,C03313,2025-11-01,app,credit_card,FRETEGRATIS,0.0,3,returned,
A04785,C03414,2025-11-01,marketplace,pix,AURORA20,19.67,2,delivered,
A04786,C03520,2025-11-01,app,boleto,AURORA20,17.83,10,delivered,
A04787,C03660,2025-11-01,marketplace,credit_card,AURORA20,12.76,3,delivered,
A04788,C03713,2025-11-01,app,credit_card,AURORA20,18.43,1,delivered,
A04789,C03949,2025-11-01,app,pix,,30.44,15,delivered,3
A04790,C04374,2025-11-01,site,credit_card,,13.04,9,delivered,
A04791,C04467,2025-11-01,site,pix,AURORA20,28.03,8,delivered,4
A04792,C04645,2025-11-01,site,boleto,,16.5,3,delivered,
A04793,C04706,2025-11-01,marketplace,pix,BEMVINDO10,30.18,5,delivered,
A04794,C04805,2025-11-01,marketplace,pix,,18.94,7,delivered,4
A04795,C04996,2025-11-01,site,credit_card,,27.2,7,delivered,5
A04796,C00003,2025-11-02,site,pix,,24.97,7,delivered,
A04797,C00459,2025-11-02,site,pix,,33.29,8,delivered,4
A04798,C00613,2025-11-02,app,boleto,,19.04,8,delivered,
A04799,C00648,2025-11-02,app,pix,,11.57,3,delivered,5
A04800,C00712,2025-11-02,site,credit_card,,16.95,4,delivered,5
A04801,C01012,2025-11-02,marketplace,credit_card,,27.66,20,delivered,4
A04802,C01238,2025-11-02,app,pix,AURORA20,17.96,7,delivered,5
A04803,C01248,2025-11-02,site,credit_card,,27.66,10,delivered,5
A04804,C01383,2025-11-02,app,pix,AURORA20,31.71,12,delivered,
A04805,C01810,2025-11-02,site,credit_card,AURORA20,19.11,11,returned,
A04806,C01972,2025-11-02,marketplace,credit_card,AURORA20,19.97,7,delivered,4
A04807,C02272,2025-11-02,marketplace,credit_card,FRETEGRATIS,0.0,4,delivered,4
A04808,C02289,2025-11-02,site,credit_card,AURORA20,15.24,4,delivered,
A04809,C02535,2025-11-02,app,pix,AURORA20,30.47,7,delivered,5
A04810,C02634,2025-11-02,app,credit_card,,35.09,14,delivered,
A04811,C03322,2025-11-02,app,pix,,9.34,7,delivered,5
A04812,C03342,2025-11-02,site,pix,,17.87,6,delivered,4
A04813,C03395,2025-11-02,site,pix,,16.63,3,delivered,
A04814,C03410,2025-11-02,marketplace,pix,,24.28,13,delivered,
A04815,C03664,2025-11-02,app,credit_card,AURORA20,18.83,6,delivered,
A04816,C03705,2025-11-02,site,credit_card,AURORA20,30.26,8,delivered,4
A04817,C04090,2025-11-02,site,credit_card,,16.14,3,delivered,4
A04818,C04428,2025-11-02,site,credit_card,,12.73,6,delivered,5
A04819,C04887,2025-11-02,site,pix,AURORA20,16.67,6,delivered,4
A04820,C00095,2025-11-03,app,pix,,18.02,7,delivered,4
A04821,C00296,2025-11-03,app,credit_card,BEMVINDO10,35.51,17,delivered,
A04822,C00325,2025-11-03,site,pix,,21.14,3,delivered,4
A04823,C00396,2025-11-03,site,pix,,38.54,11,delivered,4
A04824,C00594,2025-11-03,marketplace,boleto,,26.78,,canceled,
A04825,C00752,2025-11-03,site,pix,,14.6,3,delivered,
A04826,C00836,2025-11-03,marketplace,pix,,25.5,11,delivered,2
A04827,C00867,2025-11-03,site,pix,AURORA20,15.87,3,delivered,
A04828,C01486,2025-11-03,app,pix,AURORA20,12.38,3,delivered,4
A04829,C02068,2025-11-03,app,boleto,AURORA20,12.9,2,delivered,
A04830,C02230,2025-11-03,app,pix,AURORA20,17.47,9,delivered,4
A04831,C02310,2025-11-03,site,credit_card,,27.86,19,delivered,2
A04832,C02481,2025-11-03,marketplace,pix,,25.74,6,delivered,5
A04833,C02895,2025-11-03,marketplace,pix,AURORA20,13.35,,canceled,
A04834,C03391,2025-11-03,marketplace,credit_card,AURORA20,35.94,16,delivered,3
A04835,C03552,2025-11-03,app,pix,,14.16,4,delivered,5
A04836,C03846,2025-11-03,marketplace,pix,AURORA20,15.34,9,returned,
A04837,C03931,2025-11-03,app,credit_card,,19.62,3,delivered,5
A04838,C04231,2025-11-03,app,pix,AURORA20,11.14,8,delivered,
A04839,C04622,2025-11-03,app,credit_card,BEMVINDO10,13.77,3,delivered,
A04840,C04664,2025-11-03,app,credit_card,,21.88,6,delivered,2
A04841,C04702,2025-11-03,marketplace,pix,BEMVINDO10,29.78,12,delivered,5
A04842,C04756,2025-11-03,marketplace,pix,AURORA20,33.52,10,returned,
A04843,C00245,2025-11-04,app,pix,AURORA20,15.02,2,delivered,5
A04844,C00268,2025-11-04,app,pix,AURORA20,10.65,6,delivered,4
A04845,C00665,2025-11-04,app,credit_card,,17.83,4,delivered,5
A04846,C00680,2025-11-04,site,pix,,10.18,2,delivered,5
A04847,C00923,2025-11-04,marketplace,pix,,31.07,15,delivered,3
A04848,C00941,2025-11-04,app,pix,AURORA20,17.41,5,delivered,5
A04849,C00961,2025-11-04,site,pix,,14.48,7,delivered,4
A04850,C00978,2025-11-04,site,credit_card,AURORA20,17.43,8,delivered,4
A04851,C00985,2025-11-04,app,pix,AURORA20,14.18,3,delivered,4
A04852,C01397,2025-11-04,site,credit_card,BEMVINDO10,13.75,3,delivered,4
A04853,C01470,2025-11-04,app,pix,AURORA20,29.07,10,delivered,
A04854,C01768,2025-11-04,site,credit_card,,17.93,3,delivered,5
A04855,C01823,2025-11-04,app,credit_card,,25.12,10,delivered,4
A04856,C01848,2025-11-04,marketplace,pix,,12.89,5,delivered,4
A04857,C01888,2025-11-04,app,pix,AURORA20,12.82,3,delivered,
A04858,C01919,2025-11-04,app,credit_card,,15.94,2,delivered,5
A04859,C01936,2025-11-04,app,pix,AURORA20,30.48,12,delivered,3
A04860,C02409,2025-11-04,app,credit_card,,10.75,4,delivered,5
A04861,C02548,2025-11-04,site,credit_card,,12.38,7,delivered,4
A04862,C02754,2025-11-04,site,boleto,AURORA20,17.01,4,delivered,5
A04863,C03239,2025-11-04,site,credit_card,,12.05,2,delivered,
A04864,C03250,2025-11-04,app,credit_card,AURORA20,22.4,3,delivered,5
A04865,C03341,2025-11-04,marketplace,credit_card,AURORA20,14.63,3,delivered,5
A04866,C03558,2025-11-04,site,pix,,25.0,3,delivered,5
A04867,C03693,2025-11-04,site,credit_card,AURORA20,29.15,14,delivered,3
A04868,C03771,2025-11-04,site,pix,,10.26,3,delivered,
A04869,C04050,2025-11-04,app,pix,AURORA20,15.2,3,delivered,5
A04870,C04136,2025-11-04,site,boleto,,15.38,6,delivered,
A04871,C04295,2025-11-04,app,credit_card,,14.68,5,delivered,5
A04872,C04436,2025-11-04,site,pix,AURORA20,13.29,1,delivered,
A04873,C04534,2025-11-04,site,boleto,,31.64,23,delivered,3
A04874,C04626,2025-11-04,marketplace,credit_card,FRETEGRATIS,0.0,2,delivered,5
A04875,C04884,2025-11-04,site,credit_card,AURORA20,15.1,4,delivered,5
A04876,C00056,2025-11-05,app,boleto,,32.73,7,delivered,3
A04877,C00953,2025-11-05,site,boleto,,11.89,5,delivered,4
A04878,C01196,2025-11-05,site,credit_card,AURORA20,13.12,2,delivered,
A04879,C01289,2025-11-05,site,pix,,11.61,3,delivered,4
A04880,C01470,2025-11-05,site,credit_card,,31.36,9,delivered,5
A04881,C01506,2025-11-05,marketplace,boleto,AURORA20,14.89,5,delivered,5
A04882,C01532,2025-11-05,app,pix,AURORA20,13.35,1,delivered,5
A04883,C01533,2025-11-05,app,pix,AURORA20,24.13,12,delivered,3
A04884,C01578,2025-11-05,site,credit_card,AURORA20,36.14,11,delivered,2
A04885,C01800,2025-11-05,app,credit_card,,18.12,4,delivered,5
A04886,C01903,2025-11-05,marketplace,pix,,12.91,8,delivered,
A04887,C01930,2025-11-05,app,credit_card,AURORA20,32.2,9,delivered,3
A04888,C02124,2025-11-05,marketplace,credit_card,,17.68,4,delivered,
A04889,C02321,2025-11-05,app,pix,BEMVINDO10,20.25,9,delivered,4
A04890,C02333,2025-11-05,app,credit_card,AURORA20,25.01,13,delivered,4
A04891,C02457,2025-11-05,app,credit_card,,25.77,11,delivered,
A04892,C02852,2025-11-05,site,credit_card,,18.32,6,delivered,4
A04893,C02884,2025-11-05,marketplace,credit_card,AURORA20,15.91,6,delivered,5
A04894,C03409,2025-11-05,marketplace,credit_card,AURORA20,17.91,4,delivered,4
A04895,C03553,2025-11-05,marketplace,pix,,15.46,4,delivered,
A04896,C04020,2025-11-05,app,credit_card,AURORA20,15.87,4,delivered,4
A04897,C04343,2025-11-05,site,credit_card,AURORA20,28.14,15,delivered,2
A04898,C04528,2025-11-05,site,pix,,16.97,6,delivered,5
A04899,C04714,2025-11-05,site,credit_card,,27.91,14,delivered,
A04900,C04845,2025-11-05,app,credit_card,AURORA20,15.17,,canceled,
A04901,C00699,2025-11-06,marketplace,pix,AURORA20,32.9,12,delivered,4
A04902,C00767,2025-11-06,site,credit_card,,14.79,4,delivered,
A04903,C01219,2025-11-06,marketplace,boleto,AURORA20,26.23,10,delivered,4
A04904,C01465,2025-11-06,marketplace,pix,AURORA20,21.63,4,delivered,4
A04905,C01651,2025-11-06,site,pix,,14.66,4,delivered,
A04906,C01832,2025-11-06,marketplace,credit_card,AURORA20,30.16,6,delivered,4
A04907,C01867,2025-11-06,app,pix,,12.42,5,delivered,
A04908,C01914,2025-11-06,app,pix,,14.83,7,delivered,4
A04909,C02170,2025-11-06,app,pix,FRETEGRATIS,0.0,2,delivered,
A04910,C02255,2025-11-06,marketplace,pix,AURORA20,13.26,2,delivered,5
A04911,C02430,2025-11-06,marketplace,pix,,14.15,5,delivered,
A04912,C02457,2025-11-06,app,pix,,28.79,8,delivered,
A04913,C02584,2025-11-06,marketplace,credit_card,,30.08,15,delivered,3
A04914,C02669,2025-11-06,marketplace,credit_card,,11.58,6,delivered,4
A04915,C03015,2025-11-06,site,credit_card,,18.3,5,delivered,
A04916,C03179,2025-11-06,app,pix,AURORA20,19.25,,canceled,
A04917,C03361,2025-11-06,marketplace,credit_card,AURORA20,18.86,3,delivered,5
A04918,C03498,2025-11-06,app,credit_card,,27.54,5,delivered,5
A04919,C03835,2025-11-06,site,credit_card,AURORA20,32.07,9,delivered,
A04920,C03846,2025-11-06,app,credit_card,,20.47,5,delivered,3
A04921,C04097,2025-11-06,app,boleto,,22.13,2,delivered,
A04922,C04368,2025-11-06,app,pix,,14.59,5,delivered,5
A04923,C04461,2025-11-06,site,pix,BEMVINDO10,15.15,10,delivered,4
A04924,C00280,2025-11-07,marketplace,credit_card,,16.92,3,delivered,
A04925,C00346,2025-11-07,site,pix,,9.63,2,delivered,
A04926,C00521,2025-11-07,site,credit_card,AURORA20,28.12,9,delivered,
A04927,C00550,2025-11-07,marketplace,credit_card,AURORA20,28.3,9,delivered,4
A04928,C00754,2025-11-07,app,pix,,14.15,2,delivered,5
A04929,C00779,2025-11-07,site,pix,AURORA20,15.47,6,delivered,4
A04930,C00922,2025-11-07,site,credit_card,AURORA20,14.38,2,delivered,4
A04931,C01148,2025-11-07,marketplace,boleto,,14.92,,canceled,
A04932,C01267,2025-11-07,site,pix,BEMVINDO10,14.2,8,delivered,4
A04933,C01485,2025-11-07,marketplace,credit_card,AURORA20,23.12,15,delivered,
A04934,C02248,2025-11-07,app,credit_card,,12.68,,canceled,
A04935,C02694,2025-11-07,site,credit_card,,18.85,3,delivered,4
A04936,C02846,2025-11-07,app,credit_card,AURORA20,15.0,2,delivered,
A04937,C03194,2025-11-07,marketplace,credit_card,,16.8,7,delivered,
A04938,C03686,2025-11-07,marketplace,credit_card,AURORA20,13.47,3,delivered,4
A04939,C03741,2025-11-07,marketplace,boleto,,22.36,6,delivered,4
A04940,C03818,2025-11-07,app,credit_card,AURORA20,17.31,8,delivered,5
A04941,C03921,2025-11-07,marketplace,pix,,35.14,15,delivered,4
A04942,C03976,2025-11-07,site,pix,,28.09,13,returned,
A04943,C04074,2025-11-07,marketplace,pix,,15.56,3,delivered,5
A04944,C04146,2025-11-07,site,pix,,11.35,3,delivered,
A04945,C04326,2025-11-07,site,pix,BEMVINDO10,28.53,11,delivered,
A04946,C04504,2025-11-07,app,credit_card,,10.91,4,delivered,
A04947,C04528,2025-11-07,marketplace,pix,AURORA20,21.24,4,delivered,5
A04948,C04620,2025-11-07,app,credit_card,AURORA20,28.82,8,delivered,4
A04949,C04637,2025-11-07,site,pix,AURORA20,11.04,2,delivered,3
A04950,C04867,2025-11-07,site,credit_card,AURORA20,21.1,9,delivered,
A04951,C04905,2025-11-07,marketplace,boleto,,27.88,,canceled,
A04952,C00226,2025-11-08,app,credit_card,FRETEGRATIS,0.0,3,delivered,5
A04953,C00391,2025-11-08,site,pix,,17.23,3,delivered,
A04954,C00624,2025-11-08,site,pix,,21.09,7,delivered,5
A04955,C01137,2025-11-08,marketplace,credit_card,,23.57,7,delivered,4
A04956,C01256,2025-11-08,marketplace,pix,,20.86,7,delivered,
A04957,C01538,2025-11-08,marketplace,boleto,,13.15,6,delivered,4
A04958,C01762,2025-11-08,site,pix,,11.33,4,delivered,
A04959,C01927,2025-11-08,site,credit_card,AURORA20,35.79,10,delivered,4
A04960,C02102,2025-11-08,app,pix,,11.25,4,delivered,
A04961,C02115,2025-11-08,site,boleto,,18.94,10,delivered,3
A04962,C02558,2025-11-08,site,credit_card,AURORA20,18.06,2,delivered,5
A04963,C02560,2025-11-08,app,credit_card,,36.54,18,returned,
A04964,C03083,2025-11-08,app,pix,AURORA20,37.78,14,delivered,3
A04965,C03276,2025-11-08,app,credit_card,AURORA20,31.15,,canceled,
A04966,C03592,2025-11-08,site,credit_card,,23.93,14,delivered,
A04967,C03865,2025-11-08,marketplace,pix,AURORA20,25.54,10,delivered,
A04968,C03937,2025-11-08,app,credit_card,AURORA20,19.07,5,delivered,5
A04969,C04226,2025-11-08,app,pix,,29.25,6,delivered,4
A04970,C04391,2025-11-08,app,pix,,12.28,4,delivered,4
A04971,C04496,2025-11-08,site,pix,,33.25,20,delivered,2
A04972,C04525,2025-11-08,marketplace,pix,,21.09,10,delivered,5
A04973,C04564,2025-11-08,app,boleto,AURORA20,18.17,8,delivered,4
A04974,C04597,2025-11-08,app,pix,,14.33,2,delivered,5
A04975,C04598,2025-11-08,marketplace,credit_card,,22.66,12,delivered,4
A04976,C00245,2025-11-09,app,boleto,,11.06,5,delivered,4
A04977,C00736,2025-11-09,marketplace,credit_card,,30.12,7,delivered,3
A04978,C01107,2025-11-09,app,pix,,35.84,9,delivered,4
A04979,C01456,2025-11-09,app,pix,AURORA20,19.07,6,delivered,
A04980,C01481,2025-11-09,app,credit_card,BEMVINDO10,31.82,15,delivered,
A04981,C01498,2025-11-09,marketplace,pix,AURORA20,26.29,5,delivered,5
A04982,C01518,2025-11-09,marketplace,credit_card,AURORA20,28.04,9,delivered,
A04983,C01586,2025-11-09,site,pix,AURORA20,11.25,3,delivered,5
A04984,C01770,2025-11-09,app,credit_card,,11.85,3,delivered,5
A04985,C01777,2025-11-09,app,pix,,15.0,4,delivered,5
A04986,C02238,2025-11-09,site,pix,,20.24,11,delivered,
A04987,C02350,2025-11-09,marketplace,pix,,17.43,3,delivered,4
A04988,C02539,2025-11-09,site,pix,AURORA20,14.02,7,delivered,
A04989,C02657,2025-11-09,marketplace,pix,AURORA20,27.45,14,delivered,3
A04990,C02736,2025-11-09,app,pix,BEMVINDO10,25.07,13,delivered,4
A04991,C02853,2025-11-09,site,credit_card,AURORA20,19.59,10,delivered,4
A04992,C03113,2025-11-09,app,pix,,34.01,13,delivered,
A04993,C03507,2025-11-09,site,boleto,,15.84,5,delivered,5
A04994,C03518,2025-11-09,app,credit_card,AURORA20,24.77,7,delivered,4
A04995,C03557,2025-11-09,site,credit_card,AURORA20,16.44,9,delivered,3
A04996,C03621,2025-11-09,site,pix,FRETEGRATIS,0.0,5,delivered,5
A04997,C03624,2025-11-09,marketplace,credit_card,,11.6,3,delivered,4
A04998,C03739,2025-11-09,site,credit_card,,17.09,5,delivered,5
A04999,C03898,2025-11-09,marketplace,credit_card,AURORA20,14.93,6,delivered,4
A05000,C04142,2025-11-09,site,pix,AURORA20,19.67,3,delivered,5
A05001,C04406,2025-11-09,app,pix,,17.15,5,delivered,4
A05002,C04623,2025-11-09,marketplace,pix,,30.18,10,delivered,3
A05003,C04777,2025-11-09,site,credit_card,,22.77,8,delivered,5
A05004,C04817,2025-11-09,app,credit_card,,13.35,2,delivered,
A05005,C04918,2025-11-09,marketplace,credit_card,AURORA20,12.14,3,delivered,4
A05006,C04987,2025-11-09,site,credit_card,,13.54,4,delivered,5
A05007,C04988,2025-11-09,site,pix,,21.57,5,delivered,
A05008,C00762,2025-11-10,site,pix,AURORA20,19.53,8,returned,
A05009,C00780,2025-11-10,app,credit_card,AURORA20,13.86,4,delivered,5
A05010,C00785,2025-11-10,marketplace,credit_card,,30.82,5,delivered,5
A05011,C00799,2025-11-10,site,credit_card,AURORA20,29.58,20,delivered,3
A05012,C01076,2025-11-10,app,credit_card,,15.45,4,delivered,5
A05013,C01220,2025-11-10,app,pix,,12.16,3,delivered,5
A05014,C01347,2025-11-10,app,boleto,BEMVINDO10,17.7,7,delivered,5
A05015,C01405,2025-11-10,site,credit_card,AURORA20,13.78,2,delivered,
A05016,C01726,2025-11-10,marketplace,credit_card,,18.23,7,delivered,5
A05017,C02007,2025-11-10,site,pix,BEMVINDO10,16.53,3,delivered,
A05018,C02053,2025-11-10,app,pix,,23.54,28,delivered,
A05019,C02207,2025-11-10,app,credit_card,AURORA20,16.76,5,delivered,4
A05020,C02648,2025-11-10,site,boleto,,25.65,11,delivered,
A05021,C02723,2025-11-10,app,credit_card,AURORA20,27.03,7,delivered,4
A05022,C03647,2025-11-10,app,pix,,13.65,6,delivered,5
A05023,C04152,2025-11-10,app,credit_card,AURORA20,28.02,8,delivered,4
A05024,C04174,2025-11-10,marketplace,pix,,13.19,5,delivered,5
A05025,C04175,2025-11-10,app,pix,,11.46,4,delivered,5
A05026,C04381,2025-11-10,app,pix,,15.02,4,delivered,4
A05027,C04749,2025-11-10,app,credit_card,AURORA20,28.96,13,delivered,5
A05028,C04793,2025-11-10,app,pix,AURORA20,27.84,10,delivered,5
A05029,C04828,2025-11-10,site,credit_card,AURORA20,15.44,6,delivered,4
A05030,C00142,2025-11-11,app,pix,AURORA20,33.63,18,delivered,
A05031,C00286,2025-11-11,marketplace,pix,,35.93,7,delivered,
A05032,C00310,2025-11-11,site,pix,,27.11,24,delivered,3
A05033,C00312,2025-11-11,site,credit_card,FRETEGRATIS,0.0,4,delivered,5
A05034,C00554,2025-11-11,site,credit_card,AURORA20,28.17,19,delivered,2
A05035,C00849,2025-11-11,marketplace,credit_card,AURORA20,19.79,4,delivered,
A05036,C00951,2025-11-11,site,credit_card,,34.19,14,delivered,
A05037,C01361,2025-11-11,app,credit_card,AURORA20,15.51,4,delivered,5
A05038,C01792,2025-11-11,app,credit_card,AURORA20,27.88,16,delivered,
A05039,C01954,2025-11-11,site,credit_card,AURORA20,26.76,15,delivered,3
A05040,C02155,2025-11-11,site,credit_card,BEMVINDO10,23.69,9,delivered,4
A05041,C02398,2025-11-11,marketplace,credit_card,AURORA20,24.29,9,delivered,3
A05042,C02722,2025-11-11,site,pix,,12.81,8,delivered,4
A05043,C02963,2025-11-11,app,pix,,11.95,4,delivered,5
A05044,C03042,2025-11-11,app,credit_card,,27.95,8,delivered,4
A05045,C03366,2025-11-11,site,boleto,AURORA20,18.12,6,delivered,
A05046,C04071,2025-11-11,app,credit_card,AURORA20,16.86,5,delivered,5
A05047,C04104,2025-11-11,app,credit_card,AURORA20,13.85,4,delivered,4
A05048,C04335,2025-11-11,site,credit_card,AURORA20,10.27,4,delivered,
A05049,C04528,2025-11-11,marketplace,credit_card,,24.13,8,delivered,4
A05050,C04719,2025-11-11,app,pix,AURORA20,30.61,7,delivered,4
A05051,C04882,2025-11-11,site,credit_card,,11.41,10,delivered,
A05052,C04942,2025-11-11,site,pix,,15.84,6,delivered,5
A05053,C00022,2025-11-12,marketplace,credit_card,AURORA20,12.33,8,delivered,5
A05054,C00050,2025-11-12,marketplace,credit_card,,11.2,3,delivered,
A05055,C00094,2025-11-12,app,credit_card,AURORA20,37.97,12,delivered,3
A05056,C00898,2025-11-12,site,credit_card,,19.86,9,delivered,4
A05057,C00952,2025-11-12,app,boleto,,18.3,4,delivered,5
A05058,C01042,2025-11-12,site,credit_card,BEMVINDO10,26.46,26,delivered,3
A05059,C01190,2025-11-12,app,credit_card,AURORA20,12.74,3,delivered,5
A05060,C01469,2025-11-12,app,credit_card,BEMVINDO10,15.06,3,delivered,4
A05061,C01805,2025-11-12,app,credit_card,AURORA20,18.35,7,delivered,3
A05062,C01948,2025-11-12,site,credit_card,,27.38,11,delivered,5
A05063,C02599,2025-11-12,app,credit_card,,16.79,6,returned,
A05064,C03067,2025-11-12,app,boleto,AURORA20,27.76,8,delivered,5
A05065,C03236,2025-11-12,marketplace,pix,BEMVINDO10,25.46,8,delivered,5
A05066,C03248,2025-11-12,site,pix,,15.37,5,delivered,5
A05067,C03274,2025-11-12,site,pix,BEMVINDO10,15.04,6,delivered,4
A05068,C03528,2025-11-12,site,pix,AURORA20,16.93,2,delivered,5
A05069,C03548,2025-11-12,site,credit_card,,19.28,2,delivered,5
A05070,C03643,2025-11-12,app,credit_card,AURORA20,11.21,4,delivered,4
A05071,C03801,2025-11-12,marketplace,pix,,20.58,3,delivered,5
A05072,C03839,2025-11-12,app,credit_card,AURORA20,25.31,8,delivered,4
A05073,C03878,2025-11-12,site,pix,AURORA20,10.12,3,delivered,
A05074,C03921,2025-11-12,app,credit_card,,30.16,7,delivered,4
A05075,C04026,2025-11-12,site,credit_card,AURORA20,13.65,4,delivered,5
A05076,C04045,2025-11-12,marketplace,credit_card,AURORA20,17.9,6,delivered,
A05077,C04414,2025-11-12,site,boleto,,13.59,2,delivered,
A05078,C00024,2025-11-13,site,credit_card,,13.58,2,delivered,5
A05079,C00083,2025-11-13,site,boleto,,30.89,7,delivered,4
A05080,C00303,2025-11-13,app,boleto,,26.79,5,delivered,
A05081,C00604,2025-11-13,site,credit_card,AURORA20,15.01,4,delivered,5
A05082,C00697,2025-11-13,app,pix,AURORA20,15.91,4,delivered,5
A05083,C00852,2025-11-13,site,pix,,14.51,3,delivered,5
A05084,C00878,2025-11-13,site,pix,,29.98,15,delivered,4
A05085,C01205,2025-11-13,site,credit_card,,20.32,5,delivered,5
A05086,C01217,2025-11-13,site,credit_card,,29.18,16,delivered,3
A05087,C01281,2025-11-13,site,pix,,16.75,3,delivered,5
A05088,C01566,2025-11-13,site,pix,,32.33,11,delivered,
A05089,C01649,2025-11-13,site,boleto,AURORA20,12.08,3,delivered,4
A05090,C01957,2025-11-13,marketplace,pix,,30.96,6,delivered,4
A05091,C02028,2025-11-13,marketplace,pix,,22.47,19,delivered,
A05092,C02191,2025-11-13,site,pix,,32.23,3,delivered,
A05093,C02201,2025-11-13,app,pix,AURORA20,18.43,2,delivered,5
A05094,C02411,2025-11-13,app,pix,,20.67,3,delivered,4
A05095,C02631,2025-11-13,app,credit_card,,10.88,2,delivered,4
A05096,C02689,2025-11-13,site,credit_card,,10.73,2,delivered,5
A05097,C02732,2025-11-13,app,pix,,15.84,4,delivered,4
A05098,C02762,2025-11-13,app,pix,,14.89,3,returned,
A05099,C02945,2025-11-13,site,pix,AURORA20,19.42,12,delivered,3
A05100,C03001,2025-11-13,site,pix,,14.82,2,delivered,
A05101,C03042,2025-11-13,app,pix,AURORA20,24.76,6,delivered,5
A05102,C03052,2025-11-13,app,credit_card,,24.47,6,delivered,4
A05103,C03226,2025-11-13,marketplace,credit_card,AURORA20,25.73,9,delivered,
A05104,C03242,2025-11-13,site,boleto,AURORA20,14.34,5,delivered,4
A05105,C03412,2025-11-13,marketplace,pix,,29.96,7,delivered,4
A05106,C03634,2025-11-13,marketplace,credit_card,,35.06,11,delivered,
A05107,C04073,2025-11-13,marketplace,pix,,26.07,5,delivered,5
A05108,C04083,2025-11-13,marketplace,pix,,20.9,20,returned,
A05109,C04227,2025-11-13,app,pix,AURORA20,13.25,2,delivered,4
A05110,C04615,2025-11-13,site,pix,,14.46,4,delivered,5
A05111,C04690,2025-11-13,app,pix,AURORA20,18.08,3,delivered,5
A05112,C04781,2025-11-13,site,pix,AURORA20,14.7,,canceled,
A05113,C04851,2025-11-13,app,pix,,17.23,3,delivered,
A05114,C00161,2025-11-14,site,pix,AURORA20,32.07,18,delivered,2
A05115,C00257,2025-11-14,marketplace,pix,,9.63,3,delivered,4
A05116,C00529,2025-11-14,app,pix,AURORA20,13.79,3,delivered,
A05117,C01036,2025-11-14,app,credit_card,,14.32,4,delivered,4
A05118,C01228,2025-11-14,site,credit_card,,18.3,,canceled,
A05119,C01533,2025-11-14,app,pix,,30.74,5,delivered,4
A05120,C01567,2025-11-14,site,pix,,18.3,4,delivered,
A05121,C01676,2025-11-14,site,credit_card,,14.48,3,delivered,
A05122,C01976,2025-11-14,app,credit_card,AURORA20,14.83,9,delivered,
A05123,C02052,2025-11-14,marketplace,boleto,AURORA20,15.24,7,delivered,4
A05124,C02061,2025-11-14,site,pix,AURORA20,11.14,3,delivered,
A05125,C02079,2025-11-14,marketplace,credit_card,,20.99,5,delivered,
A05126,C02672,2025-11-14,site,credit_card,,19.01,5,delivered,
A05127,C02674,2025-11-14,app,pix,,26.7,9,delivered,5
A05128,C03011,2025-11-14,site,pix,,18.11,5,delivered,
A05129,C03696,2025-11-14,site,pix,,15.84,3,delivered,3
A05130,C03846,2025-11-14,app,pix,AURORA20,21.32,6,delivered,4
A05131,C04091,2025-11-14,site,credit_card,,15.8,5,delivered,5
A05132,C04637,2025-11-14,marketplace,credit_card,,15.99,2,delivered,
A05133,C04882,2025-11-14,site,credit_card,AURORA20,15.47,3,delivered,5
A05134,C00047,2025-11-15,marketplace,pix,AURORA20,14.19,6,delivered,5
A05135,C00106,2025-11-15,marketplace,pix,AURORA20,14.04,5,delivered,5
A05136,C00152,2025-11-15,marketplace,credit_card,,14.0,2,delivered,4
A05137,C00574,2025-11-15,app,boleto,AURORA20,24.84,8,returned,
A05138,C00701,2025-11-15,app,credit_card,,20.04,3,delivered,5
A05139,C00960,2025-11-15,app,pix,,39.83,15,delivered,3
A05140,C01605,2025-11-15,marketplace,credit_card,BEMVINDO10,16.16,6,delivered,4
A05141,C01709,2025-11-15,app,pix,,13.94,3,delivered,3
A05142,C01796,2025-11-15,site,pix,,15.33,6,delivered,4
A05143,C01923,2025-11-15,app,credit_card,AURORA20,17.12,2,delivered,4
A05144,C02044,2025-11-15,app,credit_card,,31.96,15,delivered,3
A05145,C02143,2025-11-15,site,credit_card,,14.26,2,returned,
A05146,C02178,2025-11-15,app,credit_card,,10.58,4,delivered,4
A05147,C02718,2025-11-15,site,credit_card,AURORA20,17.41,8,delivered,
A05148,C03135,2025-11-15,app,credit_card,,23.71,5,delivered,4
A05149,C03356,2025-11-15,site,pix,,27.88,7,delivered,
A05150,C03499,2025-11-15,marketplace,credit_card,AURORA20,28.97,8,delivered,
A05151,C03561,2025-11-15,app,pix,,23.73,4,delivered,4
A05152,C04284,2025-11-15,app,pix,AURORA20,25.97,5,delivered,4
A05153,C04517,2025-11-15,app,pix,AURORA20,16.55,3,delivered,5
A05154,C04528,2025-11-15,marketplace,boleto,AURORA20,24.55,9,delivered,
A05155,C00040,2025-11-16,site,pix,,13.93,5,delivered,4
A05156,C00187,2025-11-16,app,pix,BEMVINDO10,12.27,2,delivered,4
A05157,C00195,2025-11-16,site,credit_card,BEMVINDO10,12.33,3,delivered,4
A05158,C00421,2025-11-16,site,credit_card,,15.61,4,delivered,5
A05159,C00428,2025-11-16,site,credit_card,AURORA20,12.43,2,delivered,
A05160,C00947,2025-11-16,app,credit_card,,32.41,18,delivered,3
A05161,C00990,2025-11-16,site,credit_card,AURORA20,27.35,14,delivered,3
A05162,C01062,2025-11-16,site,credit_card,,14.94,2,delivered,5
A05163,C01161,2025-11-16,app,credit_card,AURORA20,10.03,4,delivered,5
A05164,C01305,2025-11-16,app,credit_card,AURORA20,28.34,11,delivered,3
A05165,C01648,2025-11-16,marketplace,credit_card,AURORA20,20.87,6,delivered,5
A05166,C01803,2025-11-16,app,credit_card,AURORA20,17.52,3,delivered,5
A05167,C02103,2025-11-16,site,credit_card,AURORA20,11.31,5,delivered,5
A05168,C02129,2025-11-16,site,credit_card,FRETEGRATIS,0.0,3,delivered,5
A05169,C02863,2025-11-16,site,credit_card,,10.41,4,delivered,4
A05170,C02874,2025-11-16,app,pix,AURORA20,12.79,4,delivered,
A05171,C03087,2025-11-16,marketplace,credit_card,,11.74,8,delivered,3
A05172,C03482,2025-11-16,app,credit_card,AURORA20,9.63,3,delivered,5
A05173,C03489,2025-11-16,app,credit_card,,11.64,4,delivered,4
A05174,C03592,2025-11-16,site,credit_card,AURORA20,26.76,7,delivered,4
A05175,C03689,2025-11-16,app,credit_card,AURORA20,16.51,11,delivered,4
A05176,C03743,2025-11-16,site,pix,,15.57,5,delivered,
A05177,C03937,2025-11-16,app,credit_card,AURORA20,14.68,4,delivered,5
A05178,C03965,2025-11-16,site,credit_card,,37.01,6,delivered,4
A05179,C04043,2025-11-16,marketplace,credit_card,,29.69,6,delivered,3
A05180,C04196,2025-11-16,site,pix,,16.08,7,delivered,5
A05181,C04357,2025-11-16,app,credit_card,AURORA20,28.09,11,delivered,5
A05182,C04734,2025-11-16,site,credit_card,AURORA20,13.49,7,delivered,4
A05183,C04999,2025-11-16,app,credit_card,,16.36,2,delivered,5
A05184,C00037,2025-11-17,site,credit_card,,11.8,4,delivered,4
A05185,C00320,2025-11-17,site,credit_card,AURORA20,19.32,5,delivered,4
A05186,C00750,2025-11-17,app,pix,BEMVINDO10,31.5,23,delivered,1
A05187,C00800,2025-11-17,site,pix,AURORA20,18.5,3,delivered,5
A05188,C00905,2025-11-17,app,boleto,,12.93,4,delivered,
A05189,C01178,2025-11-17,app,pix,,21.35,9,delivered,4
A05190,C01468,2025-11-17,site,credit_card,AURORA20,15.67,2,delivered,
A05191,C01643,2025-11-17,site,credit_card,AURORA20,8.35,5,delivered,5
A05192,C01912,2025-11-17,site,credit_card,AURORA20,18.74,8,delivered,
A05193,C02156,2025-11-17,site,pix,,17.05,4,delivered,5
A05194,C02211,2025-11-17,app,pix,AURORA20,15.03,3,delivered,4
A05195,C02721,2025-11-17,marketplace,credit_card,AURORA20,13.79,6,delivered,5
A05196,C03415,2025-11-17,marketplace,pix,AURORA20,13.52,3,delivered,4
A05197,C03977,2025-11-17,marketplace,pix,,29.73,10,delivered,
A05198,C04115,2025-11-17,site,credit_card,,25.23,,canceled,
A05199,C04329,2025-11-17,site,credit_card,,35.28,10,delivered,
A05200,C04709,2025-11-17,marketplace,credit_card,AURORA20,18.62,8,delivered,4
A05201,C04758,2025-11-17,app,pix,,22.37,5,delivered,5
A05202,C04781,2025-11-17,site,pix,,14.46,7,delivered,
A05203,C04846,2025-11-17,site,credit_card,BEMVINDO10,17.58,3,delivered,3
A05204,C00503,2025-11-18,site,pix,,14.72,4,delivered,
A05205,C00750,2025-11-18,app,pix,FRETEGRATIS,0.0,8,delivered,4
A05206,C00864,2025-11-18,marketplace,pix,AURORA20,12.14,7,delivered,
A05207,C01307,2025-11-18,app,pix,,15.13,,canceled,
A05208,C01414,2025-11-18,site,pix,AURORA20,25.44,12,delivered,4
A05209,C02182,2025-11-18,site,pix,AURORA20,12.63,4,delivered,5
A05210,C02214,2025-11-18,app,credit_card,,16.29,5,delivered,5
A05211,C02296,2025-11-18,site,credit_card,AURORA20,26.28,17,delivered,
A05212,C02695,2025-11-18,marketplace,credit_card,,16.44,5,delivered,4
A05213,C02768,2025-11-18,app,credit_card,BEMVINDO10,11.26,7,delivered,5
A05214,C03066,2025-11-18,site,credit_card,,10.71,7,delivered,4
A05215,C03117,2025-11-18,app,credit_card,,9.95,8,delivered,3
A05216,C03297,2025-11-18,app,pix,,24.31,4,delivered,
A05217,C03335,2025-11-18,site,credit_card,AURORA20,26.31,21,delivered,
A05218,C03410,2025-11-18,app,credit_card,AURORA20,24.69,4,delivered,3
A05219,C03846,2025-11-18,app,pix,AURORA20,22.03,5,delivered,
A05220,C04198,2025-11-18,site,boleto,AURORA20,13.71,4,delivered,
A05221,C00048,2025-11-19,site,boleto,,10.77,4,delivered,4
A05222,C00051,2025-11-19,app,credit_card,,13.92,,canceled,
A05223,C00171,2025-11-19,app,pix,,20.61,9,delivered,5
A05224,C00180,2025-11-19,marketplace,credit_card,,14.06,4,delivered,
A05225,C00342,2025-11-19,site,credit_card,BEMVINDO10,29.51,11,delivered,3
A05226,C00455,2025-11-19,site,pix,BEMVINDO10,16.58,6,delivered,
A05227,C00489,2025-11-19,site,credit_card,BEMVINDO10,11.26,3,delivered,5
A05228,C00920,2025-11-19,site,credit_card,,27.27,13,delivered,4
A05229,C00977,2025-11-19,app,credit_card,AURORA20,11.71,6,delivered,
A05230,C01289,2025-11-19,site,credit_card,FRETEGRATIS,0.0,2,delivered,4
A05231,C01429,2025-11-19,marketplace,credit_card,,13.75,4,delivered,4
A05232,C01889,2025-11-19,app,credit_card,AURORA20,28.74,15,delivered,
A05233,C01895,2025-11-19,app,pix,AURORA20,21.04,7,delivered,4
A05234,C02220,2025-11-19,marketplace,pix,AURORA20,23.84,15,delivered,3
A05235,C02258,2025-11-19,app,credit_card,,14.43,3,delivered,5
A05236,C02408,2025-11-19,app,boleto,AURORA20,13.85,5,delivered,4
A05237,C02411,2025-11-19,site,credit_card,,16.02,8,delivered,4
A05238,C02446,2025-11-19,marketplace,credit_card,,13.25,1,delivered,5
A05239,C02626,2025-11-19,app,pix,AURORA20,28.43,8,delivered,3
A05240,C02899,2025-11-19,app,pix,AURORA20,15.01,6,delivered,4
A05241,C03185,2025-11-19,marketplace,pix,AURORA20,19.42,16,delivered,2
A05242,C03351,2025-11-19,marketplace,boleto,AURORA20,40.52,5,delivered,5
A05243,C04026,2025-11-19,site,pix,,15.39,5,delivered,5
A05244,C04119,2025-11-19,site,credit_card,AURORA20,29.16,10,delivered,5
A05245,C04187,2025-11-19,site,pix,AURORA20,14.73,5,delivered,5
A05246,C04228,2025-11-19,marketplace,credit_card,AURORA20,14.55,5,delivered,4
A05247,C04238,2025-11-19,app,pix,,31.49,14,delivered,
A05248,C04419,2025-11-19,marketplace,pix,AURORA20,26.19,15,delivered,4
A05249,C04506,2025-11-19,marketplace,pix,AURORA20,14.34,4,delivered,5
A05250,C04524,2025-11-19,app,credit_card,AURORA20,34.92,19,delivered,
A05251,C04912,2025-11-19,app,pix,,22.86,3,delivered,5
A05252,C00080,2025-11-20,marketplace,pix,,23.32,9,delivered,3
A05253,C00159,2025-11-20,site,pix,AURORA20,17.26,7,delivered,5
A05254,C00183,2025-11-20,site,credit_card,AURORA20,13.33,2,delivered,5
A05255,C00250,2025-11-20,site,credit_card,,14.44,5,delivered,5
A05256,C00461,2025-11-20,marketplace,credit_card,,15.93,8,delivered,4
A05257,C00527,2025-11-20,marketplace,credit_card,AURORA20,23.93,9,delivered,5
A05258,C00575,2025-11-20,site,credit_card,AURORA20,11.43,3,delivered,5
A05259,C01451,2025-11-20,site,boleto,,25.73,6,delivered,5
A05260,C01483,2025-11-20,marketplace,pix,AURORA20,22.35,21,delivered,3
A05261,C01484,2025-11-20,app,credit_card,,13.24,4,returned,
A05262,C01680,2025-11-20,app,credit_card,AURORA20,18.92,3,delivered,5
A05263,C01742,2025-11-20,marketplace,credit_card,AURORA20,26.61,5,delivered,4
A05264,C01888,2025-11-20,app,pix,,13.73,3,delivered,
A05265,C01896,2025-11-20,app,credit_card,AURORA20,13.59,10,delivered,3
A05266,C01918,2025-11-20,marketplace,pix,,12.56,6,delivered,5
A05267,C01957,2025-11-20,marketplace,pix,AURORA20,24.27,4,delivered,5
A05268,C01993,2025-11-20,site,credit_card,,16.49,2,delivered,
A05269,C02195,2025-11-20,app,pix,BEMVINDO10,24.37,14,delivered,
A05270,C02240,2025-11-20,app,credit_card,AURORA20,31.85,12,delivered,3
A05271,C02431,2025-11-20,marketplace,pix,,23.87,11,delivered,4
A05272,C02477,2025-11-20,site,boleto,AURORA20,15.91,5,delivered,5
A05273,C02528,2025-11-20,site,credit_card,AURORA20,12.93,2,delivered,5
A05274,C02668,2025-11-20,site,pix,AURORA20,24.76,15,delivered,3
A05275,C03062,2025-11-20,app,pix,,38.89,13,returned,
A05276,C03341,2025-11-20,marketplace,credit_card,FRETEGRATIS,0.0,5,delivered,4
A05277,C03638,2025-11-20,site,credit_card,,10.1,,canceled,
A05278,C03774,2025-11-20,site,credit_card,AURORA20,14.42,7,delivered,5
A05279,C03803,2025-11-20,site,pix,,16.08,2,delivered,4
A05280,C04127,2025-11-20,marketplace,credit_card,,12.26,3,delivered,5
A05281,C04143,2025-11-20,marketplace,credit_card,,14.93,8,delivered,4
A05282,C04183,2025-11-20,marketplace,credit_card,,35.59,13,delivered,3
A05283,C04336,2025-11-20,site,credit_card,AURORA20,31.68,10,delivered,4
A05284,C04437,2025-11-20,site,credit_card,,20.42,6,delivered,4
A05285,C04583,2025-11-20,site,credit_card,AURORA20,21.55,6,delivered,5
A05286,C04655,2025-11-20,site,boleto,,16.6,4,delivered,
A05287,C04752,2025-11-20,site,credit_card,AURORA20,15.53,4,delivered,5
A05288,C00016,2025-11-21,app,credit_card,AURORA20,15.21,4,delivered,5
A05289,C00164,2025-11-21,site,pix,BEMVINDO10,17.25,5,delivered,5
A05290,C00246,2025-11-21,app,boleto,BEMVINDO10,14.57,,canceled,
A05291,C00757,2025-11-21,site,credit_card,FRETEGRATIS,0.0,5,delivered,
A05292,C00862,2025-11-21,marketplace,pix,,17.27,8,delivered,3
A05293,C01079,2025-11-21,app,credit_card,AURORA20,12.06,2,delivered,4
A05294,C01090,2025-11-21,site,credit_card,AURORA20,18.41,9,delivered,4
A05295,C01101,2025-11-21,site,boleto,BEMVINDO10,14.7,,canceled,
A05296,C01210,2025-11-21,site,credit_card,FRETEGRATIS,0.0,4,delivered,
A05297,C01308,2025-11-21,app,pix,,17.64,8,delivered,
A05298,C01504,2025-11-21,site,credit_card,AURORA20,16.3,6,delivered,5
A05299,C01520,2025-11-21,marketplace,boleto,AURORA20,17.24,4,delivered,5
A05300,C01943,2025-11-21,marketplace,credit_card,,13.84,2,delivered,4
A05301,C02325,2025-11-21,marketplace,credit_card,AURORA20,15.18,6,delivered,4
A05302,C02365,2025-11-21,marketplace,credit_card,AURORA20,15.36,6,delivered,4
A05303,C02562,2025-11-21,app,pix,,18.21,6,delivered,5
A05304,C02712,2025-11-21,site,pix,,26.32,10,delivered,4
A05305,C02837,2025-11-21,site,boleto,,15.58,4,delivered,
A05306,C03018,2025-11-21,marketplace,credit_card,AURORA20,17.33,4,delivered,5
A05307,C03095,2025-11-21,marketplace,pix,AURORA20,28.27,3,delivered,5
A05308,C03144,2025-11-21,site,pix,AURORA20,20.34,6,delivered,5
A05309,C03372,2025-11-21,marketplace,credit_card,,16.45,2,delivered,
A05310,C03403,2025-11-21,marketplace,credit_card,AURORA20,33.26,6,delivered,4
A05311,C03431,2025-11-21,app,boleto,,28.85,8,delivered,4
A05312,C03494,2025-11-21,marketplace,credit_card,AURORA20,10.3,2,delivered,4
A05313,C03506,2025-11-21,site,credit_card,AURORA20,24.73,4,delivered,5
A05314,C03566,2025-11-21,site,pix,,14.96,4,delivered,
A05315,C03854,2025-11-21,site,pix,AURORA20,16.38,3,delivered,4
A05316,C04327,2025-11-21,site,pix,AURORA20,29.99,18,delivered,3
A05317,C04631,2025-11-21,app,credit_card,,23.86,5,delivered,4
A05318,C04865,2025-11-21,site,credit_card,BEMVINDO10,15.12,7,delivered,
A05319,C00428,2025-11-22,site,boleto,,14.55,3,delivered,
A05320,C00831,2025-11-22,app,pix,,14.82,4,delivered,
A05321,C00927,2025-11-22,app,pix,,22.34,9,delivered,5
A05322,C01308,2025-11-22,site,credit_card,FRETEGRATIS,0.0,4,delivered,5
A05323,C01802,2025-11-22,site,credit_card,BEMVINDO10,29.63,10,delivered,4
A05324,C02301,2025-11-22,site,pix,AURORA20,30.69,8,delivered,4
A05325,C02707,2025-11-22,site,pix,AURORA20,33.55,12,delivered,3
A05326,C02730,2025-11-22,site,credit_card,,15.23,8,delivered,
A05327,C03116,2025-11-22,site,boleto,AURORA20,15.23,4,delivered,5
A05328,C03344,2025-11-22,site,pix,,19.75,3,delivered,3
A05329,C03460,2025-11-22,marketplace,credit_card,AURORA20,27.7,13,delivered,
A05330,C04149,2025-11-22,marketplace,pix,,29.21,13,delivered,2
A05331,C04306,2025-11-22,app,credit_card,,12.8,6,delivered,
A05332,C04522,2025-11-22,marketplace,credit_card,AURORA20,20.82,5,returned,
A05333,C04539,2025-11-22,app,credit_card,AURORA20,18.17,2,delivered,5
A05334,C04650,2025-11-22,site,pix,AURORA20,28.61,15,delivered,4
A05335,C04801,2025-11-22,app,pix,,25.94,21,delivered,
A05336,C04952,2025-11-22,site,credit_card,,18.91,9,delivered,4
A05337,C04997,2025-11-22,site,credit_card,AURORA20,26.95,7,delivered,4
A05338,C00001,2025-11-23,site,credit_card,AURORA20,29.39,13,delivered,5
A05339,C00300,2025-11-23,marketplace,credit_card,,29.19,8,delivered,3
A05340,C00349,2025-11-23,site,pix,,22.75,10,delivered,
A05341,C00365,2025-11-23,marketplace,pix,AURORA20,30.44,11,delivered,4
A05342,C00420,2025-11-23,app,credit_card,AURORA20,13.67,,canceled,
A05343,C00579,2025-11-23,site,credit_card,AURORA20,13.3,3,delivered,5
A05344,C00705,2025-11-23,app,pix,FRETEGRATIS,0.0,9,delivered,3
A05345,C00981,2025-11-23,marketplace,pix,AURORA20,12.34,5,delivered,
A05346,C01066,2025-11-23,app,pix,AURORA20,19.87,4,delivered,5
A05347,C01096,2025-11-23,marketplace,credit_card,AURORA20,16.45,6,delivered,5
A05348,C01363,2025-11-23,site,pix,AURORA20,13.93,5,delivered,4
A05349,C01472,2025-11-23,app,pix,,28.44,10,delivered,4
A05350,C01567,2025-11-23,marketplace,boleto,FRETEGRATIS,0.0,7,delivered,
A05351,C01745,2025-11-23,site,pix,,29.17,13,delivered,2
A05352,C01746,2025-11-23,marketplace,credit_card,AURORA20,10.16,4,delivered,5
A05353,C01783,2025-11-23,site,credit_card,,18.97,3,delivered,5
A05354,C01886,2025-11-23,app,credit_card,,31.32,20,returned,
A05355,C01944,2025-11-23,marketplace,pix,AURORA20,16.56,3,delivered,4
A05356,C02019,2025-11-23,site,pix,,16.22,4,delivered,4
A05357,C02111,2025-11-23,app,credit_card,BEMVINDO10,25.76,11,delivered,3
A05358,C02498,2025-11-23,app,credit_card,AURORA20,16.6,10,delivered,4
A05359,C02711,2025-11-23,app,pix,,14.85,3,delivered,
A05360,C03593,2025-11-23,site,pix,BEMVINDO10,15.29,5,delivered,4
A05361,C03628,2025-11-23,site,credit_card,,12.27,5,returned,
A05362,C03979,2025-11-23,marketplace,pix,,13.46,3,delivered,4
A05363,C04038,2025-11-23,app,pix,,12.23,4,delivered,5
A05364,C04107,2025-11-23,site,pix,,36.22,18,delivered,3
A05365,C04237,2025-11-23,app,pix,,19.2,3,delivered,4
A05366,C04332,2025-11-23,app,credit_card,BEMVINDO10,14.96,5,delivered,5
A05367,C04529,2025-11-23,marketplace,credit_card,AURORA20,14.15,7,delivered,4
A05368,C04646,2025-11-23,marketplace,credit_card,AURORA20,13.97,5,delivered,5
A05369,C04765,2025-11-23,site,pix,,31.17,12,delivered,4
A05370,C00033,2025-11-24,marketplace,credit_card,AURORA20,14.48,2,delivered,5
A05371,C00050,2025-11-24,marketplace,credit_card,AURORA20,13.43,3,delivered,4
A05372,C00064,2025-11-24,marketplace,credit_card,AURORA20,28.88,11,delivered,4
A05373,C00081,2025-11-24,app,boleto,AURORA20,19.72,7,delivered,4
A05374,C00082,2025-11-24,site,pix,AURORA20,33.9,8,delivered,4
A05375,C00103,2025-11-24,site,pix,AURORA20,23.06,16,returned,
A05376,C00124,2025-11-24,site,pix,,12.85,4,delivered,
A05377,C00139,2025-11-24,marketplace,pix,BEMVINDO10,14.81,4,delivered,
A05378,C00162,2025-11-24,site,pix,AURORA20,22.09,3,delivered,5
A05379,C00202,2025-11-24,app,pix,,22.87,6,delivered,5
A05380,C00210,2025-11-24,marketplace,pix,BEMVINDO10,19.56,5,delivered,4
A05381,C00241,2025-11-24,app,pix,,11.7,3,delivered,5
A05382,C00263,2025-11-24,site,credit_card,,22.88,2,delivered,5
A05383,C00301,2025-11-24,app,pix,,23.5,8,delivered,5
A05384,C00322,2025-11-24,app,pix,,13.17,5,delivered,5
A05385,C00454,2025-11-24,marketplace,boleto,AURORA20,13.18,3,delivered,5
A05386,C00465,2025-11-24,marketplace,boleto,AURORA20,24.33,6,delivered,
A05387,C00467,2025-11-24,app,credit_card,AURORA20,10.93,4,delivered,
A05388,C00471,2025-11-24,site,credit_card,,16.57,4,delivered,4
A05389,C00565,2025-11-24,site,credit_card,AURORA20,13.91,5,delivered,5
A05390,C00580,2025-11-24,app,pix,AURORA20,12.94,5,delivered,
A05391,C00588,2025-11-24,app,pix,AURORA20,17.9,,canceled,
A05392,C00633,2025-11-24,app,credit_card,,14.51,2,delivered,4
A05393,C00642,2025-11-24,site,pix,,18.34,,canceled,
A05394,C00644,2025-11-24,site,pix,AURORA20,18.03,14,delivered,3
A05395,C00767,2025-11-24,site,credit_card,AURORA20,17.03,2,delivered,5
A05396,C00769,2025-11-24,app,boleto,,26.47,9,delivered,2
A05397,C00779,2025-11-24,site,pix,FRETEGRATIS,0.0,4,delivered,4
A05398,C00798,2025-11-24,app,pix,,30.94,10,delivered,4
A05399,C00842,2025-11-24,app,pix,,19.18,7,delivered,
A05400,C00925,2025-11-24,app,pix,,12.84,4,delivered,5
A05401,C00951,2025-11-24,site,pix,,29.78,12,delivered,4
A05402,C01017,2025-11-24,site,boleto,AURORA20,9.72,7,delivered,5
A05403,C01031,2025-11-24,site,credit_card,FRETEGRATIS,0.0,1,delivered,5
A05404,C01075,2025-11-24,marketplace,credit_card,FRETEGRATIS,0.0,16,delivered,2
A05405,C01117,2025-11-24,site,pix,AURORA20,12.52,2,delivered,5
A05406,C01177,2025-11-24,site,credit_card,,25.34,14,delivered,3
A05407,C01258,2025-11-24,marketplace,credit_card,,21.44,5,delivered,
A05408,C01272,2025-11-24,marketplace,credit_card,BEMVINDO10,24.41,14,delivered,3
A05409,C01278,2025-11-24,app,credit_card,FRETEGRATIS,0.0,20,returned,
A05410,C01302,2025-11-24,site,pix,AURORA20,16.73,8,delivered,4
A05411,C01361,2025-11-24,app,credit_card,FRETEGRATIS,0.0,4,delivered,
A05412,C01413,2025-11-24,app,credit_card,,16.13,6,delivered,4
A05413,C01432,2025-11-24,site,pix,,24.93,9,delivered,3
A05414,C01440,2025-11-24,app,pix,,21.38,7,delivered,5
A05415,C01472,2025-11-24,app,boleto,,30.41,13,delivered,3
A05416,C01535,2025-11-24,app,credit_card,AURORA20,12.84,4,delivered,5
A05417,C01630,2025-11-24,app,pix,AURORA20,33.4,12,delivered,4
A05418,C01641,2025-11-24,app,credit_card,AURORA20,22.24,8,delivered,3
A05419,C01707,2025-11-24,marketplace,boleto,AURORA20,15.65,,canceled,
A05420,C01774,2025-11-24,site,credit_card,,15.33,7,delivered,5
A05421,C01786,2025-11-24,site,pix,,14.37,4,delivered,
A05422,C01829,2025-11-24,app,pix,BEMVINDO10,12.92,7,delivered,4
A05423,C01932,2025-11-24,app,boleto,AURORA20,16.04,3,delivered,5
A05424,C02023,2025-11-24,app,pix,AURORA20,14.26,,canceled,
A05425,C02150,2025-11-24,app,pix,,31.29,20,delivered,
A05426,C02317,2025-11-24,app,pix,,14.54,6,delivered,5
A05427,C02341,2025-11-24,site,pix,AURORA20,18.77,4,delivered,4
A05428,C02347,2025-11-24,site,pix,AURORA20,28.0,14,delivered,3
A05429,C02358,2025-11-24,site,credit_card,BEMVINDO10,15.55,2,delivered,
A05430,C02366,2025-11-24,site,pix,,28.67,13,delivered,
A05431,C02376,2025-11-24,site,pix,,23.75,10,delivered,4
A05432,C02433,2025-11-24,app,boleto,AURORA20,14.84,6,delivered,5
A05433,C02647,2025-11-24,marketplace,pix,,13.48,7,delivered,4
A05434,C02661,2025-11-24,app,pix,,11.85,5,delivered,5
A05435,C02711,2025-11-24,marketplace,pix,,14.08,,canceled,
A05436,C02767,2025-11-24,app,boleto,AURORA20,17.49,2,delivered,
A05437,C02800,2025-11-24,app,pix,AURORA20,17.79,6,delivered,4
A05438,C02830,2025-11-24,site,pix,AURORA20,26.35,3,delivered,
A05439,C02841,2025-11-24,site,credit_card,AURORA20,21.42,8,delivered,4
A05440,C02846,2025-11-24,app,credit_card,AURORA20,14.24,3,delivered,5
A05441,C02860,2025-11-24,site,pix,AURORA20,30.5,6,delivered,5
A05442,C02901,2025-11-24,marketplace,credit_card,,16.56,3,delivered,5
A05443,C02908,2025-11-24,site,pix,,15.15,4,delivered,5
A05444,C02910,2025-11-24,site,credit_card,AURORA20,25.22,8,delivered,3
A05445,C02921,2025-11-24,site,credit_card,AURORA20,27.35,8,delivered,4
A05446,C02940,2025-11-24,site,credit_card,,16.37,3,delivered,4
A05447,C02958,2025-11-24,app,pix,,17.73,,canceled,
A05448,C02972,2025-11-24,site,boleto,,12.42,7,delivered,5
A05449,C03026,2025-11-24,app,pix,AURORA20,17.27,5,delivered,3
A05450,C03049,2025-11-24,marketplace,pix,AURORA20,33.65,5,delivered,5
A05451,C03055,2025-11-24,site,credit_card,AURORA20,23.8,6,delivered,5
A05452,C03097,2025-11-24,marketplace,pix,AURORA20,16.53,7,delivered,
A05453,C03137,2025-11-24,app,credit_card,,14.67,,canceled,
A05454,C03159,2025-11-24,site,pix,BEMVINDO10,14.49,4,delivered,
A05455,C03181,2025-11-24,app,pix,AURORA20,14.08,2,delivered,4
A05456,C03234,2025-11-24,app,pix,,12.72,5,delivered,5
A05457,C03263,2025-11-24,marketplace,credit_card,,19.54,6,delivered,4
A05458,C03267,2025-11-24,app,pix,,28.31,14,delivered,4
A05459,C03376,2025-11-24,site,credit_card,,17.04,6,delivered,5
A05460,C03410,2025-11-24,app,credit_card,AURORA20,26.22,10,delivered,5
A05461,C03413,2025-11-24,app,pix,,13.52,7,delivered,
A05462,C03434,2025-11-24,site,credit_card,BEMVINDO10,14.41,3,delivered,5
A05463,C03453,2025-11-24,site,pix,,22.06,9,delivered,
A05464,C03480,2025-11-24,app,credit_card,AURORA20,13.32,6,delivered,
A05465,C03495,2025-11-24,app,pix,,32.18,9,delivered,
A05466,C03502,2025-11-24,site,pix,,19.03,3,delivered,5
A05467,C03507,2025-11-24,site,credit_card,AURORA20,12.28,6,delivered,5
A05468,C03533,2025-11-24,app,pix,,16.59,1,delivered,
A05469,C03594,2025-11-24,site,pix,,14.17,4,delivered,4
A05470,C03606,2025-11-24,app,boleto,,37.35,14,delivered,
A05471,C03620,2025-11-24,marketplace,pix,AURORA20,13.11,4,delivered,5
A05472,C03700,2025-11-24,marketplace,pix,AURORA20,13.98,4,delivered,4
A05473,C03728,2025-11-24,site,pix,,19.11,4,delivered,
A05474,C03743,2025-11-24,app,pix,AURORA20,13.96,6,delivered,4
A05475,C03909,2025-11-24,site,pix,AURORA20,14.45,3,delivered,5
A05476,C03910,2025-11-24,app,boleto,,32.51,14,delivered,5
A05477,C03913,2025-11-24,site,credit_card,AURORA20,17.16,2,delivered,5
A05478,C03924,2025-11-24,site,credit_card,AURORA20,20.32,,canceled,
A05479,C03997,2025-11-24,site,pix,AURORA20,11.61,4,delivered,5
A05480,C04049,2025-11-24,site,pix,,19.34,4,delivered,
A05481,C04069,2025-11-24,app,credit_card,BEMVINDO10,13.43,4,delivered,5
A05482,C04085,2025-11-24,marketplace,credit_card,,36.98,23,delivered,2
A05483,C04087,2025-11-24,site,credit_card,,19.77,3,delivered,
A05484,C04173,2025-11-24,site,credit_card,BEMVINDO10,17.66,2,delivered,5
A05485,C04306,2025-11-24,app,credit_card,AURORA20,13.56,3,delivered,5
A05486,C04306,2025-11-24,app,pix,,12.31,4,delivered,4
A05487,C04418,2025-11-24,app,credit_card,AURORA20,12.08,3,delivered,4
A05488,C04468,2025-11-24,site,pix,FRETEGRATIS,0.0,5,delivered,
A05489,C04545,2025-11-24,app,boleto,,17.83,6,delivered,
A05490,C04548,2025-11-24,marketplace,pix,,18.82,4,delivered,5
A05491,C04559,2025-11-24,app,pix,,24.26,11,delivered,
A05492,C04563,2025-11-24,app,credit_card,AURORA20,20.36,13,returned,
A05493,C04564,2025-11-24,app,boleto,,12.13,3,delivered,5
A05494,C04604,2025-11-24,marketplace,pix,,11.05,3,delivered,5
A05495,C04668,2025-11-24,marketplace,pix,AURORA20,15.57,4,delivered,5
A05496,C04700,2025-11-24,site,pix,,23.93,10,returned,
A05497,C04721,2025-11-24,marketplace,credit_card,AURORA20,17.79,9,delivered,4
A05498,C04834,2025-11-24,site,pix,BEMVINDO10,18.63,7,delivered,4
A05499,C04951,2025-11-24,site,boleto,BEMVINDO10,30.75,15,delivered,
A05500,C04986,2025-11-24,site,pix,,13.96,7,delivered,3
A05501,C00078,2025-11-25,marketplace,pix,,17.87,6,delivered,
A05502,C00160,2025-11-25,site,credit_card,,14.95,2,delivered,4
A05503,C00179,2025-11-25,app,credit_card,AURORA20,12.47,6,delivered,
A05504,C00204,2025-11-25,app,pix,BEMVINDO10,11.52,2,delivered,5
A05505,C00344,2025-11-25,site,boleto,AURORA20,12.66,5,delivered,4
A05506,C00346,2025-11-25,site,pix,,14.06,2,delivered,4
A05507,C00369,2025-11-25,site,boleto,,22.05,5,delivered,
A05508,C00409,2025-11-25,site,credit_card,,29.44,6,delivered,5
A05509,C00423,2025-11-25,site,credit_card,,14.73,3,delivered,4
A05510,C00427,2025-11-25,app,credit_card,BEMVINDO10,28.48,12,delivered,3
A05511,C00434,2025-11-25,marketplace,pix,,19.01,6,delivered,
A05512,C00459,2025-11-25,site,credit_card,,30.72,14,delivered,3
A05513,C00489,2025-11-25,site,pix,,12.19,4,delivered,
A05514,C00499,2025-11-25,marketplace,pix,,30.35,5,delivered,
A05515,C00529,2025-11-25,app,pix,FRETEGRATIS,0.0,,canceled,
A05516,C00548,2025-11-25,site,pix,,13.35,3,delivered,5
A05517,C00594,2025-11-25,marketplace,credit_card,,29.1,16,delivered,3
A05518,C00604,2025-11-25,site,pix,FRETEGRATIS,0.0,6,delivered,
A05519,C00643,2025-11-25,site,credit_card,,16.38,4,delivered,4
A05520,C00649,2025-11-25,marketplace,pix,,13.86,5,delivered,4
A05521,C00661,2025-11-25,marketplace,pix,,18.32,3,delivered,
A05522,C00673,2025-11-25,site,pix,,15.75,2,delivered,4
A05523,C00688,2025-11-25,app,pix,,12.08,3,delivered,
A05524,C00721,2025-11-25,app,pix,AURORA20,20.68,5,delivered,
A05525,C00764,2025-11-25,marketplace,credit_card,AURORA20,11.84,5,delivered,5
A05526,C00770,2025-11-25,app,credit_card,AURORA20,22.68,11,delivered,4
A05527,C00802,2025-11-25,marketplace,pix,,13.53,3,delivered,4
A05528,C00817,2025-11-25,app,credit_card,BEMVINDO10,21.77,23,delivered,2
A05529,C00880,2025-11-25,app,credit_card,,17.23,4,delivered,5
A05530,C00923,2025-11-25,site,credit_card,,22.98,16,delivered,3
A05531,C00940,2025-11-25,site,pix,BEMVINDO10,13.22,5,delivered,
A05532,C00977,2025-11-25,site,pix,AURORA20,12.06,2,delivered,3
A05533,C01003,2025-11-25,site,credit_card,,17.34,2,delivered,
A05534,C01024,2025-11-25,marketplace,credit_card,,11.75,2,delivered,4
A05535,C01208,2025-11-25,site,credit_card,,15.69,3,delivered,4
A05536,C01225,2025-11-25,app,pix,AURORA20,33.79,11,delivered,4
A05537,C01303,2025-11-25,marketplace,credit_card,,20.52,5,delivered,5
A05538,C01361,2025-11-25,app,credit_card,,10.86,5,delivered,5
A05539,C01475,2025-11-25,app,credit_card,BEMVINDO10,14.6,,canceled,
A05540,C01501,2025-11-25,site,pix,,12.55,2,delivered,
A05541,C01526,2025-11-25,app,pix,,32.76,13,delivered,3
A05542,C01554,2025-11-25,app,boleto,AURORA20,11.84,1,delivered,
A05543,C01562,2025-11-25,marketplace,credit_card,AURORA20,29.86,7,delivered,5
A05544,C01614,2025-11-25,marketplace,pix,AURORA20,16.65,3,delivered,
A05545,C01720,2025-11-25,app,pix,,21.64,4,delivered,
A05546,C01737,2025-11-25,site,credit_card,AURORA20,27.3,6,delivered,
A05547,C01741,2025-11-25,site,credit_card,,18.5,9,delivered,3
A05548,C01791,2025-11-25,site,pix,,26.34,17,delivered,2
A05549,C01801,2025-11-25,marketplace,pix,FRETEGRATIS,0.0,16,delivered,3
A05550,C01812,2025-11-25,site,credit_card,AURORA20,19.38,5,returned,
A05551,C01885,2025-11-25,site,pix,AURORA20,21.95,3,delivered,4
A05552,C01941,2025-11-25,marketplace,pix,AURORA20,15.52,2,delivered,4
A05553,C01958,2025-11-25,app,pix,AURORA20,26.06,20,delivered,2
A05554,C01977,2025-11-25,marketplace,credit_card,AURORA20,16.72,1,delivered,5
A05555,C01987,2025-11-25,marketplace,pix,,13.6,5,delivered,4
A05556,C02051,2025-11-25,site,boleto,,20.94,5,delivered,4
A05557,C02077,2025-11-25,site,pix,,15.32,3,delivered,5
A05558,C02111,2025-11-25,app,credit_card,AURORA20,29.69,7,delivered,
A05559,C02185,2025-11-25,site,credit_card,AURORA20,17.82,5,delivered,5
A05560,C02210,2025-11-25,site,credit_card,AURORA20,32.83,15,delivered,3
A05561,C02305,2025-11-25,site,pix,,17.69,5,delivered,4
A05562,C02405,2025-11-25,app,pix,AURORA20,14.53,4,delivered,4
A05563,C02441,2025-11-25,site,boleto,FRETEGRATIS,0.0,6,delivered,5
A05564,C02451,2025-11-25,marketplace,boleto,,11.35,7,delivered,4
A05565,C02461,2025-11-25,app,pix,,23.15,10,delivered,4
A05566,C02544,2025-11-25,site,credit_card,AURORA20,12.78,5,delivered,3
A05567,C02620,2025-11-25,site,pix,AURORA20,13.32,7,delivered,5
A05568,C02649,2025-11-25,app,credit_card,,24.63,10,delivered,3
A05569,C02678,2025-11-25,site,credit_card,,24.01,,canceled,
A05570,C02722,2025-11-25,site,pix,AURORA20,15.03,2,delivered,
A05571,C02741,2025-11-25,app,credit_card,AURORA20,13.74,5,delivered,5
A05572,C02750,2025-11-25,marketplace,credit_card,,12.31,5,delivered,
A05573,C02796,2025-11-25,marketplace,pix,AURORA20,10.83,3,delivered,5
A05574,C02880,2025-11-25,marketplace,credit_card,AURORA20,14.92,7,delivered,4
A05575,C02931,2025-11-25,app,credit_card,,12.5,4,delivered,5
A05576,C02976,2025-11-25,site,credit_card,,13.47,4,delivered,4
A05577,C03047,2025-11-25,site,boleto,AURORA20,17.49,2,delivered,
A05578,C03056,2025-11-25,site,credit_card,AURORA20,24.2,18,delivered,3
A05579,C03075,2025-11-25,site,credit_card,,15.61,5,delivered,4
A05580,C03088,2025-11-25,site,pix,AURORA20,14.54,2,delivered,5
A05581,C03125,2025-11-25,site,pix,,15.78,3,delivered,5
A05582,C03159,2025-11-25,site,credit_card,AURORA20,13.14,5,delivered,5
A05583,C03173,2025-11-25,app,pix,,25.83,12,delivered,
A05584,C03176,2025-11-25,app,credit_card,FRETEGRATIS,0.0,3,returned,
A05585,C03207,2025-11-25,app,credit_card,AURORA20,13.21,2,delivered,3
A05586,C03335,2025-11-25,site,boleto,,23.7,15,delivered,2
A05587,C03338,2025-11-25,site,pix,,11.55,5,delivered,5
A05588,C03353,2025-11-25,app,credit_card,,24.78,13,delivered,3
A05589,C03360,2025-11-25,app,boleto,AURORA20,20.08,,canceled,
A05590,C03376,2025-11-25,site,pix,AURORA20,17.33,3,delivered,
A05591,C03388,2025-11-25,app,credit_card,AURORA20,13.91,4,delivered,5
A05592,C03410,2025-11-25,app,credit_card,FRETEGRATIS,0.0,12,delivered,4
A05593,C03493,2025-11-25,site,pix,,23.97,11,delivered,
A05594,C03497,2025-11-25,site,pix,AURORA20,15.15,4,delivered,
A05595,C03500,2025-11-25,site,pix,AURORA20,13.9,7,delivered,4
A05596,C03525,2025-11-25,site,credit_card,,18.89,3,delivered,
A05597,C03562,2025-11-25,site,credit_card,AURORA20,13.95,4,delivered,
A05598,C03669,2025-11-25,app,pix,AURORA20,27.3,8,delivered,4
A05599,C03671,2025-11-25,site,pix,,16.98,7,delivered,
A05600,C03675,2025-11-25,app,credit_card,AURORA20,14.69,2,delivered,
A05601,C03720,2025-11-25,app,pix,FRETEGRATIS,0.0,,canceled,
A05602,C03732,2025-11-25,marketplace,credit_card,AURORA20,23.89,8,delivered,
A05603,C03735,2025-11-25,app,pix,AURORA20,13.59,3,delivered,
A05604,C03749,2025-11-25,marketplace,boleto,,12.16,6,delivered,
A05605,C03755,2025-11-25,site,credit_card,,11.49,3,returned,
A05606,C03833,2025-11-25,site,credit_card,,18.46,4,delivered,
A05607,C03862,2025-11-25,site,credit_card,,15.42,3,delivered,4
A05608,C03878,2025-11-25,site,credit_card,,15.37,3,returned,
A05609,C03887,2025-11-25,marketplace,pix,,27.35,17,delivered,
A05610,C03937,2025-11-25,app,credit_card,,16.08,12,delivered,4
A05611,C03937,2025-11-25,app,credit_card,AURORA20,15.85,5,delivered,5
A05612,C03941,2025-11-25,app,credit_card,,16.11,6,delivered,
A05613,C03955,2025-11-25,site,credit_card,AURORA20,12.49,6,delivered,3
A05614,C03964,2025-11-25,app,credit_card,,11.95,5,returned,
A05615,C04003,2025-11-25,marketplace,boleto,AURORA20,19.19,8,delivered,3
A05616,C04052,2025-11-25,site,pix,AURORA20,15.7,3,delivered,
A05617,C04147,2025-11-25,site,credit_card,,22.96,5,delivered,
A05618,C04158,2025-11-25,app,pix,BEMVINDO10,16.75,,canceled,
A05619,C04163,2025-11-25,app,pix,AURORA20,25.25,10,delivered,5
A05620,C04182,2025-11-25,site,boleto,,33.24,,canceled,
A05621,C04242,2025-11-25,app,pix,,17.57,5,delivered,
A05622,C04328,2025-11-25,app,pix,,14.08,3,delivered,4
A05623,C04347,2025-11-25,marketplace,credit_card,,20.99,16,delivered,2
A05624,C04351,2025-11-25,site,credit_card,AURORA20,12.84,2,returned,
A05625,C04371,2025-11-25,marketplace,credit_card,,22.83,4,delivered,4
A05626,C04386,2025-11-25,site,pix,FRETEGRATIS,0.0,11,delivered,4
A05627,C04397,2025-11-25,site,credit_card,,15.89,3,delivered,3
A05628,C04482,2025-11-25,app,boleto,AURORA20,30.05,15,returned,
A05629,C04491,2025-11-25,app,credit_card,AURORA20,26.5,3,delivered,
A05630,C04507,2025-11-25,site,credit_card,AURORA20,30.75,8,delivered,4
A05631,C04539,2025-11-25,app,pix,AURORA20,19.15,4,delivered,5
A05632,C04542,2025-11-25,site,pix,AURORA20,13.95,2,delivered,4
A05633,C04593,2025-11-25,site,credit_card,,23.2,16,returned,
A05634,C04606,2025-11-25,site,pix,AURORA20,26.04,24,delivered,3
A05635,C04633,2025-11-25,site,pix,,14.96,3,delivered,4
A05636,C04656,2025-11-25,app,boleto,,17.55,4,delivered,5
A05637,C04662,2025-11-25,marketplace,pix,,14.72,3,delivered,5
A05638,C04731,2025-11-25,site,credit_card,,13.4,4,delivered,4
A05639,C04761,2025-11-25,site,pix,AURORA20,30.75,9,delivered,5
A05640,C04781,2025-11-25,site,pix,AURORA20,17.69,3,delivered,
A05641,C04816,2025-11-25,app,pix,,13.93,4,delivered,
A05642,C04847,2025-11-25,site,credit_card,,10.96,6,delivered,4
A05643,C04863,2025-11-25,site,pix,,14.05,2,delivered,5
A05644,C04908,2025-11-25,marketplace,pix,AURORA20,12.81,4,delivered,5
A05645,C04959,2025-11-25,app,pix,AURORA20,21.45,6,delivered,5
A05646,C00064,2025-11-26,app,pix,AURORA20,30.32,21,delivered,
A05647,C00067,2025-11-26,site,pix,AURORA20,15.12,4,delivered,5
A05648,C00145,2025-11-26,site,credit_card,,10.65,6,delivered,5
A05649,C00184,2025-11-26,app,pix,,25.95,10,delivered,4
A05650,C00219,2025-11-26,app,pix,AURORA20,20.34,10,delivered,4
A05651,C00230,2025-11-26,app,credit_card,FRETEGRATIS,0.0,6,delivered,5
A05652,C00308,2025-11-26,site,credit_card,,20.54,8,delivered,4
A05653,C00385,2025-11-26,marketplace,credit_card,AURORA20,23.49,7,delivered,4
A05654,C00573,2025-11-26,marketplace,credit_card,AURORA20,15.83,3,delivered,5
A05655,C00583,2025-11-26,marketplace,pix,,16.19,4,delivered,5
A05656,C00660,2025-11-26,app,credit_card,,26.29,,canceled,
A05657,C00664,2025-11-26,site,credit_card,AURORA20,31.62,18,delivered,2
A05658,C00741,2025-11-26,app,pix,AURORA20,28.88,11,delivered,4
A05659,C00759,2025-11-26,site,credit_card,,15.38,7,delivered,4
A05660,C00782,2025-11-26,marketplace,credit_card,,18.46,13,delivered,
A05661,C00808,2025-11-26,app,credit_card,,15.08,3,delivered,4
A05662,C00886,2025-11-26,app,credit_card,,28.34,4,delivered,4
A05663,C00894,2025-11-26,site,credit_card,,16.5,,canceled,
A05664,C00901,2025-11-26,site,pix,,20.9,7,delivered,3
A05665,C00914,2025-11-26,app,credit_card,,14.5,,canceled,
A05666,C00925,2025-11-26,app,pix,,11.44,7,delivered,
A05667,C00929,2025-11-26,app,credit_card,,14.5,4,delivered,5
A05668,C00940,2025-11-26,site,credit_card,,13.43,6,delivered,5
A05669,C00972,2025-11-26,app,pix,AURORA20,18.53,5,delivered,5
A05670,C01003,2025-11-26,site,pix,,12.19,3,delivered,
A05671,C01025,2025-11-26,site,pix,,17.73,9,delivered,5
A05672,C01068,2025-11-26,site,boleto,,18.75,4,delivered,
A05673,C01151,2025-11-26,app,credit_card,,12.39,1,delivered,
A05674,C01181,2025-11-26,site,pix,,14.03,2,delivered,4
A05675,C01184,2025-11-26,marketplace,pix,,20.51,4,delivered,
A05676,C01272,2025-11-26,site,pix,FRETEGRATIS,0.0,12,delivered,5
A05677,C01284,2025-11-26,app,credit_card,,15.02,5,delivered,
A05678,C01326,2025-11-26,site,pix,FRETEGRATIS,0.0,8,delivered,5
A05679,C01374,2025-11-26,site,credit_card,,19.26,5,delivered,3
A05680,C01491,2025-11-26,app,credit_card,,9.69,,canceled,
A05681,C01501,2025-11-26,site,credit_card,,15.55,3,delivered,4
A05682,C01541,2025-11-26,site,pix,AURORA20,20.53,5,delivered,5
A05683,C01549,2025-11-26,marketplace,pix,AURORA20,24.2,6,delivered,
A05684,C01611,2025-11-26,app,credit_card,,17.94,5,delivered,5
A05685,C01654,2025-11-26,marketplace,boleto,,25.8,6,delivered,
A05686,C01654,2025-11-26,marketplace,credit_card,,23.41,8,delivered,
A05687,C01662,2025-11-26,site,credit_card,,19.14,4,delivered,5
A05688,C01673,2025-11-26,site,boleto,AURORA20,12.21,5,delivered,3
A05689,C01719,2025-11-26,site,pix,,23.56,3,delivered,4
A05690,C01809,2025-11-26,app,pix,,14.62,4,delivered,4
A05691,C01811,2025-11-26,site,credit_card,BEMVINDO10,24.73,10,delivered,4
A05692,C01831,2025-11-26,site,credit_card,,18.07,7,delivered,
A05693,C01879,2025-11-26,app,pix,AURORA20,10.54,,canceled,
A05694,C01949,2025-11-26,app,credit_card,AURORA20,19.91,4,delivered,
A05695,C01959,2025-11-26,app,credit_card,BEMVINDO10,14.62,2,delivered,5
A05696,C02003,2025-11-26,app,credit_card,AURORA20,14.06,5,delivered,4
A05697,C02068,2025-11-26,app,pix,,12.55,3,delivered,3
A05698,C02083,2025-11-26,marketplace,pix,,10.21,2,delivered,4
A05699,C02087,2025-11-26,marketplace,pix,AURORA20,24.84,6,delivered,
A05700,C02094,2025-11-26,app,credit_card,AURORA20,30.13,10,delivered,
A05701,C02133,2025-11-26,app,credit_card,,17.02,4,delivered,5
A05702,C02165,2025-11-26,site,boleto,AURORA20,15.85,2,delivered,
A05703,C02220,2025-11-26,marketplace,pix,,18.51,10,delivered,5
A05704,C02374,2025-11-26,app,credit_card,,17.26,3,delivered,
A05705,C02547,2025-11-26,site,credit_card,,10.77,10,delivered,3
A05706,C02641,2025-11-26,marketplace,pix,AURORA20,25.52,5,delivered,4
A05707,C02741,2025-11-26,app,pix,AURORA20,11.43,6,returned,
A05708,C02824,2025-11-26,app,credit_card,,22.86,3,delivered,
A05709,C02900,2025-11-26,app,credit_card,BEMVINDO10,24.33,12,delivered,
A05710,C02926,2025-11-26,site,credit_card,,42.24,15,returned,
A05711,C02954,2025-11-26,site,credit_card,,19.72,11,delivered,3
A05712,C03007,2025-11-26,site,pix,AURORA20,29.14,8,delivered,4
A05713,C03034,2025-11-26,marketplace,pix,BEMVINDO10,19.17,8,delivered,
A05714,C03063,2025-11-26,marketplace,pix,,9.7,2,delivered,4
A05715,C03112,2025-11-26,marketplace,pix,,12.49,6,delivered,5
A05716,C03130,2025-11-26,app,pix,,25.51,7,delivered,5
A05717,C03226,2025-11-26,marketplace,pix,,26.85,14,delivered,3
A05718,C03247,2025-11-26,marketplace,pix,AURORA20,15.47,5,delivered,
A05719,C03263,2025-11-26,marketplace,pix,AURORA20,29.83,10,delivered,
A05720,C03267,2025-11-26,marketplace,boleto,AURORA20,29.99,6,delivered,4
A05721,C03299,2025-11-26,app,credit_card,AURORA20,20.93,3,delivered,5
A05722,C03337,2025-11-26,app,credit_card,AURORA20,26.69,9,delivered,4
A05723,C03367,2025-11-26,site,credit_card,,22.97,6,delivered,5
A05724,C03406,2025-11-26,app,credit_card,AURORA20,8.49,1,delivered,4
A05725,C03507,2025-11-26,site,pix,AURORA20,15.62,4,delivered,4
A05726,C03574,2025-11-26,app,pix,,16.4,3,delivered,4
A05727,C03602,2025-11-26,marketplace,boleto,AURORA20,29.8,11,delivered,4
A05728,C03603,2025-11-26,site,credit_card,AURORA20,11.61,4,delivered,4
A05729,C03631,2025-11-26,site,pix,AURORA20,26.56,13,delivered,
A05730,C03640,2025-11-26,marketplace,pix,AURORA20,10.94,5,delivered,
A05731,C03716,2025-11-26,marketplace,credit_card,BEMVINDO10,11.94,4,delivered,
A05732,C03759,2025-11-26,site,credit_card,,12.78,,canceled,
A05733,C03764,2025-11-26,site,pix,AURORA20,14.79,5,returned,
A05734,C03805,2025-11-26,site,pix,,30.77,15,delivered,4
A05735,C03818,2025-11-26,app,pix,AURORA20,19.12,3,delivered,5
A05736,C03826,2025-11-26,site,pix,,20.57,4,delivered,5
A05737,C03861,2025-11-26,marketplace,pix,AURORA20,17.88,5,delivered,5
A05738,C03929,2025-11-26,marketplace,credit_card,,21.49,11,delivered,
A05739,C03934,2025-11-26,app,credit_card,AURORA20,37.19,7,delivered,4
A05740,C03973,2025-11-26,marketplace,credit_card,,34.86,10,delivered,3
A05741,C03979,2025-11-26,marketplace,credit_card,AURORA20,13.54,4,delivered,
A05742,C03981,2025-11-26,marketplace,credit_card,AURORA20,27.49,9,delivered,4
A05743,C04032,2025-11-26,marketplace,pix,AURORA20,30.07,7,delivered,5
A05744,C04090,2025-11-26,app,pix,AURORA20,13.94,5,delivered,
A05745,C04123,2025-11-26,app,credit_card,,19.81,5,delivered,5
A05746,C04124,2025-11-26,app,pix,,20.17,2,delivered,4
A05747,C04134,2025-11-26,app,credit_card,AURORA20,14.16,3,delivered,4
A05748,C04142,2025-11-26,app,boleto,AURORA20,17.28,7,delivered,5
A05749,C04171,2025-11-26,app,boleto,AURORA20,9.32,2,delivered,
A05750,C04178,2025-11-26,app,credit_card,,12.92,4,delivered,5
A05751,C04213,2025-11-26,marketplace,credit_card,AURORA20,13.86,5,delivered,4
A05752,C04320,2025-11-26,site,credit_card,AURORA20,20.15,15,delivered,
A05753,C04345,2025-11-26,site,credit_card,BEMVINDO10,11.25,7,delivered,
A05754,C04346,2025-11-26,app,credit_card,,14.11,1,delivered,5
A05755,C04370,2025-11-26,marketplace,boleto,AURORA20,9.57,5,delivered,4
A05756,C04373,2025-11-26,site,credit_card,,30.16,6,delivered,4
A05757,C04413,2025-11-26,site,pix,AURORA20,27.34,11,delivered,4
A05758,C04416,2025-11-26,site,credit_card,AURORA20,21.42,6,delivered,4
A05759,C04417,2025-11-26,app,boleto,,14.95,8,delivered,5
A05760,C04422,2025-11-26,app,credit_card,,12.7,1,delivered,
A05761,C04579,2025-11-26,site,credit_card,AURORA20,10.97,2,delivered,5
A05762,C04592,2025-11-26,site,pix,,33.59,8,returned,
A05763,C04603,2025-11-26,app,pix,AURORA20,18.38,11,delivered,
A05764,C04610,2025-11-26,marketplace,pix,,12.33,5,delivered,5
A05765,C04612,2025-11-26,site,pix,,17.51,7,delivered,4
A05766,C04625,2025-11-26,site,pix,AURORA20,32.7,13,delivered,
A05767,C04691,2025-11-26,app,pix,,28.83,17,delivered,3
A05768,C04703,2025-11-26,site,pix,,11.12,4,delivered,4
A05769,C04715,2025-11-26,site,credit_card,BEMVINDO10,13.01,6,delivered,5
A05770,C04729,2025-11-26,app,pix,,31.52,10,delivered,5
A05771,C04758,2025-11-26,marketplace,pix,,18.63,4,delivered,5
A05772,C04781,2025-11-26,site,credit_card,FRETEGRATIS,0.0,5,delivered,
A05773,C04806,2025-11-26,marketplace,pix,AURORA20,22.38,5,delivered,
A05774,C04859,2025-11-26,site,credit_card,BEMVINDO10,20.08,14,delivered,
A05775,C04872,2025-11-26,marketplace,pix,,25.97,5,delivered,
A05776,C04958,2025-11-26,app,boleto,AURORA20,13.81,3,delivered,4
A05777,C04985,2025-11-26,app,credit_card,,22.56,,canceled,
A05778,C00011,2025-11-27,site,credit_card,AURORA20,16.61,3,delivered,
A05779,C00012,2025-11-27,marketplace,pix,AURORA20,13.66,,canceled,
A05780,C00015,2025-11-27,marketplace,credit_card,AURORA20,11.73,1,delivered,5
A05781,C00018,2025-11-27,site,credit_card,AURORA20,27.42,9,delivered,5
A05782,C00039,2025-11-27,app,pix,AURORA20,16.79,5,delivered,3
A05783,C00046,2025-11-27,app,credit_card,,29.72,17,delivered,
A05784,C00055,2025-11-27,marketplace,credit_card,AURORA20,18.81,6,delivered,
A05785,C00069,2025-11-27,app,boleto,,13.52,2,delivered,4
A05786,C00102,2025-11-27,marketplace,pix,AURORA20,14.42,,canceled,
A05787,C00246,2025-11-27,app,boleto,AURORA20,11.95,4,delivered,5
A05788,C00276,2025-11-27,site,pix,AURORA20,18.24,5,delivered,5
A05789,C00332,2025-11-27,app,pix,AURORA20,14.78,2,delivered,5
A05790,C00334,2025-11-27,site,credit_card,,15.03,7,delivered,4
A05791,C00403,2025-11-27,site,boleto,AURORA20,26.6,11,delivered,5
A05792,C00423,2025-11-27,site,credit_card,AURORA20,12.88,5,delivered,5
A05793,C00477,2025-11-27,site,credit_card,,16.69,4,delivered,
A05794,C00493,2025-11-27,marketplace,credit_card,,34.55,15,delivered,4
A05795,C00625,2025-11-27,site,pix,,24.85,19,delivered,3
A05796,C00666,2025-11-27,site,credit_card,,15.2,6,delivered,
A05797,C00750,2025-11-27,app,credit_card,,33.28,13,delivered,4
A05798,C00769,2025-11-27,app,boleto,FRETEGRATIS,0.0,9,delivered,4
A05799,C00791,2025-11-27,app,credit_card,,24.28,7,delivered,
A05800,C00801,2025-11-27,app,credit_card,AURORA20,25.49,13,delivered,3
A05801,C00805,2025-11-27,marketplace,credit_card,AURORA20,13.69,4,delivered,4
A05802,C00811,2025-11-27,site,credit_card,,15.93,5,returned,
A05803,C00838,2025-11-27,site,pix,,20.13,3,delivered,5
A05804,C00861,2025-11-27,app,credit_card,AURORA20,33.07,12,delivered,
A05805,C00984,2025-11-27,app,credit_card,AURORA20,21.17,15,delivered,4
A05806,C00994,2025-11-27,app,pix,,31.16,9,delivered,
A05807,C01069,2025-11-27,marketplace,pix,,29.37,7,delivered,5
A05808,C01071,2025-11-27,marketplace,credit_card,,12.66,3,delivered,5
A05809,C01099,2025-11-27,site,pix,AURORA20,15.3,5,delivered,
A05810,C01132,2025-11-27,site,boleto,FRETEGRATIS,0.0,12,delivered,4
A05811,C01171,2025-11-27,app,pix,,24.23,9,delivered,4
A05812,C01192,2025-11-27,marketplace,pix,BEMVINDO10,10.06,3,delivered,
A05813,C01200,2025-11-27,app,pix,,31.06,7,delivered,5
A05814,C01213,2025-11-27,app,pix,AURORA20,14.55,3,delivered,
A05815,C01308,2025-11-27,site,pix,,17.22,5,delivered,5
A05816,C01320,2025-11-27,marketplace,credit_card,,24.9,13,delivered,4
A05817,C01349,2025-11-27,marketplace,credit_card,AURORA20,16.1,3,delivered,4
A05818,C01424,2025-11-27,site,pix,AURORA20,17.9,4,delivered,
A05819,C01587,2025-11-27,app,pix,BEMVINDO10,22.36,7,delivered,
A05820,C01595,2025-11-27,site,credit_card,,23.21,14,delivered,3
A05821,C01604,2025-11-27,site,credit_card,AURORA20,15.65,3,delivered,5
A05822,C01663,2025-11-27,site,credit_card,,15.58,6,returned,
A05823,C01715,2025-11-27,app,credit_card,AURORA20,13.56,3,delivered,5
A05824,C01735,2025-11-27,app,credit_card,,12.33,4,delivered,5
A05825,C01806,2025-11-27,site,credit_card,BEMVINDO10,23.95,5,delivered,4
A05826,C01823,2025-11-27,app,pix,AURORA20,18.54,13,delivered,3
A05827,C01885,2025-11-27,site,credit_card,,19.94,3,delivered,4
A05828,C01888,2025-11-27,app,pix,,11.31,4,delivered,5
A05829,C01940,2025-11-27,site,credit_card,BEMVINDO10,15.44,5,delivered,5
A05830,C02043,2025-11-27,site,credit_card,,15.16,4,delivered,4
A05831,C02049,2025-11-27,site,credit_card,AURORA20,16.9,7,delivered,5
A05832,C02140,2025-11-27,site,credit_card,AURORA20,33.34,8,delivered,3
A05833,C02181,2025-11-27,site,credit_card,AURORA20,21.32,6,delivered,4
A05834,C02209,2025-11-27,site,credit_card,AURORA20,26.47,10,returned,
A05835,C02227,2025-11-27,site,pix,,16.05,4,delivered,5
A05836,C02229,2025-11-27,app,pix,AURORA20,24.45,7,delivered,
A05837,C02234,2025-11-27,site,pix,AURORA20,17.29,2,delivered,
A05838,C02235,2025-11-27,site,boleto,AURORA20,11.89,4,delivered,5
A05839,C02250,2025-11-27,app,credit_card,BEMVINDO10,42.74,11,delivered,3
A05840,C02265,2025-11-27,app,credit_card,,33.78,10,delivered,3
A05841,C02339,2025-11-27,app,credit_card,,35.98,17,delivered,4
A05842,C02487,2025-11-27,marketplace,pix,AURORA20,13.23,2,delivered,3
A05843,C02542,2025-11-27,app,credit_card,,11.02,6,delivered,5
A05844,C02588,2025-11-27,site,pix,BEMVINDO10,14.24,5,delivered,5
A05845,C02597,2025-11-27,site,boleto,FRETEGRATIS,0.0,8,returned,
A05846,C02600,2025-11-27,marketplace,credit_card,,29.02,8,delivered,
A05847,C02643,2025-11-27,app,credit_card,,17.29,1,delivered,
A05848,C02653,2025-11-27,marketplace,credit_card,AURORA20,17.11,5,delivered,4
A05849,C02688,2025-11-27,site,pix,AURORA20,17.06,3,delivered,3
A05850,C02693,2025-11-27,app,pix,AURORA20,17.74,2,delivered,5
A05851,C02704,2025-11-27,site,credit_card,,14.43,3,delivered,
A05852,C02782,2025-11-27,site,pix,AURORA20,20.76,7,delivered,
A05853,C02817,2025-11-27,app,credit_card,AURORA20,25.05,11,delivered,4
A05854,C02883,2025-11-27,app,pix,AURORA20,29.83,9,delivered,
A05855,C02887,2025-11-27,app,credit_card,,28.41,12,delivered,4
A05856,C02933,2025-11-27,app,credit_card,AURORA20,30.84,9,delivered,5
A05857,C02992,2025-11-27,app,boleto,,37.59,4,delivered,5
A05858,C03039,2025-11-27,marketplace,boleto,AURORA20,9.22,4,delivered,5
A05859,C03082,2025-11-27,marketplace,pix,AURORA20,34.45,25,delivered,2
A05860,C03092,2025-11-27,site,boleto,,32.35,11,delivered,5
A05861,C03120,2025-11-27,app,credit_card,,14.86,4,delivered,
A05862,C03143,2025-11-27,marketplace,credit_card,,12.02,5,delivered,5
A05863,C03212,2025-11-27,site,pix,,34.35,10,delivered,
A05864,C03216,2025-11-27,marketplace,pix,AURORA20,26.5,12,delivered,3
A05865,C03249,2025-11-27,marketplace,pix,,25.79,13,delivered,4
A05866,C03267,2025-11-27,app,credit_card,,24.75,8,delivered,4
A05867,C03295,2025-11-27,app,credit_card,,14.05,2,delivered,
A05868,C03301,2025-11-27,site,credit_card,AURORA20,14.79,,canceled,
A05869,C03342,2025-11-27,site,credit_card,,18.57,5,delivered,4
A05870,C03343,2025-11-27,marketplace,credit_card,BEMVINDO10,11.73,3,delivered,4
A05871,C03346,2025-11-27,app,credit_card,AURORA20,12.74,4,delivered,5
A05872,C03346,2025-11-27,app,pix,FRETEGRATIS,0.0,5,delivered,5
A05873,C03364,2025-11-27,site,credit_card,AURORA20,20.34,5,delivered,
A05874,C03367,2025-11-27,marketplace,credit_card,AURORA20,27.06,22,delivered,3
A05875,C03498,2025-11-27,app,pix,,30.89,11,delivered,5
A05876,C03504,2025-11-27,app,credit_card,,11.82,4,delivered,4
A05877,C03511,2025-11-27,site,pix,,13.0,4,delivered,5
A05878,C03511,2025-11-27,app,pix,,13.4,4,delivered,5
A05879,C03523,2025-11-27,site,credit_card,AURORA20,10.93,6,delivered,5
A05880,C03549,2025-11-27,site,pix,AURORA20,16.08,4,delivered,5
A05881,C03665,2025-11-27,app,boleto,AURORA20,32.56,17,delivered,3
A05882,C03709,2025-11-27,app,pix,AURORA20,14.69,6,delivered,5
A05883,C03718,2025-11-27,marketplace,credit_card,,24.27,5,delivered,5
A05884,C03749,2025-11-27,marketplace,pix,,11.84,2,delivered,
A05885,C03756,2025-11-27,site,credit_card,,30.63,14,delivered,4
A05886,C03818,2025-11-27,app,credit_card,,17.61,5,delivered,5
A05887,C03911,2025-11-27,marketplace,pix,,11.12,3,delivered,5
A05888,C03937,2025-11-27,app,credit_card,AURORA20,18.97,3,delivered,
A05889,C03942,2025-11-27,site,credit_card,AURORA20,27.97,8,delivered,4
A05890,C03948,2025-11-27,site,pix,AURORA20,14.52,3,delivered,
A05891,C04017,2025-11-27,app,pix,,26.36,8,delivered,4
A05892,C04047,2025-11-27,app,credit_card,BEMVINDO10,18.77,10,delivered,
A05893,C04052,2025-11-27,site,credit_card,AURORA20,16.16,3,delivered,4
A05894,C04085,2025-11-27,app,credit_card,,31.99,13,delivered,5
A05895,C04118,2025-11-27,site,boleto,,14.98,5,delivered,5
A05896,C04144,2025-11-27,app,credit_card,,22.72,16,delivered,
A05897,C04248,2025-11-27,site,pix,AURORA20,20.33,5,delivered,5
A05898,C04308,2025-11-27,app,credit_card,AURORA20,21.38,11,delivered,4
A05899,C04410,2025-11-27,site,credit_card,AURORA20,34.91,6,delivered,4
A05900,C04426,2025-11-27,marketplace,boleto,FRETEGRATIS,0.0,10,delivered,4
A05901,C04473,2025-11-27,site,credit_card,,17.59,5,delivered,
A05902,C04475,2025-11-27,site,credit_card,AURORA20,16.68,2,delivered,
A05903,C04488,2025-11-27,app,pix,,31.81,22,delivered,
A05904,C04532,2025-11-27,marketplace,credit_card,,21.25,13,delivered,
A05905,C04544,2025-11-27,marketplace,pix,,24.62,11,delivered,3
A05906,C04578,2025-11-27,site,pix,AURORA20,15.43,5,delivered,5
A05907,C04589,2025-11-27,site,pix,,23.76,,canceled,
A05908,C04663,2025-11-27,app,credit_card,AURORA20,19.29,6,delivered,3
A05909,C04730,2025-11-27,app,credit_card,AURORA20,21.93,13,delivered,4
A05910,C04737,2025-11-27,site,credit_card,,29.99,13,delivered,3
A05911,C04823,2025-11-27,marketplace,credit_card,AURORA20,30.75,21,delivered,3
A05912,C04885,2025-11-27,site,pix,,12.98,5,delivered,4
A05913,C04902,2025-11-27,site,pix,,15.4,2,delivered,5
A05914,C04976,2025-11-27,app,credit_card,AURORA20,11.52,7,delivered,4
A05915,C04999,2025-11-27,app,credit_card,,14.15,3,delivered,5
A05916,C00026,2025-11-28,site,credit_card,FRETEGRATIS,0.0,11,delivered,
A05917,C00071,2025-11-28,marketplace,pix,,15.78,5,delivered,
A05918,C00170,2025-11-28,site,credit_card,,20.44,13,delivered,
A05919,C00233,2025-11-28,marketplace,pix,AURORA20,29.26,,canceled,
A05920,C00254,2025-11-28,site,credit_card,,14.3,5,delivered,4
A05921,C00255,2025-11-28,app,credit_card,,26.02,7,delivered,5
A05922,C00323,2025-11-28,site,credit_card,BEMVINDO10,23.71,15,delivered,4
A05923,C00381,2025-11-28,site,credit_card,,20.29,4,delivered,5
A05924,C00399,2025-11-28,marketplace,credit_card,,18.12,1,delivered,4
A05925,C00428,2025-11-28,site,credit_card,,12.95,3,delivered,
A05926,C00462,2025-11-28,marketplace,boleto,AURORA20,12.78,2,delivered,5
A05927,C00486,2025-11-28,site,pix,,41.75,11,delivered,3
A05928,C00528,2025-11-28,site,credit_card,,15.69,2,delivered,4
A05929,C00578,2025-11-28,site,credit_card,,16.8,9,delivered,4
A05930,C00585,2025-11-28,app,pix,,13.77,2,delivered,4
A05931,C00600,2025-11-28,marketplace,credit_card,BEMVINDO10,27.17,10,delivered,3
A05932,C00620,2025-11-28,site,credit_card,AURORA20,16.46,3,delivered,5
A05933,C00628,2025-11-28,app,credit_card,,18.99,3,returned,
A05934,C00717,2025-11-28,site,boleto,,13.61,6,delivered,
A05935,C00783,2025-11-28,app,credit_card,,16.41,7,delivered,4
A05936,C00787,2025-11-28,app,credit_card,,30.46,8,delivered,4
A05937,C00797,2025-11-28,marketplace,credit_card,AURORA20,12.91,4,delivered,
A05938,C00803,2025-11-28,marketplace,boleto,,10.47,3,delivered,4
A05939,C00806,2025-11-28,marketplace,pix,AURORA20,21.13,9,delivered,
A05940,C00835,2025-11-28,app,pix,AURORA20,13.75,5,delivered,
A05941,C00889,2025-11-28,site,credit_card,AURORA20,14.79,6,delivered,5
A05942,C00964,2025-11-28,marketplace,pix,,20.0,7,delivered,4
A05943,C00989,2025-11-28,site,credit_card,AURORA20,23.59,6,delivered,5
A05944,C01006,2025-11-28,app,credit_card,,13.98,4,delivered,4
A05945,C01025,2025-11-28,site,credit_card,,15.36,6,delivered,3
A05946,C01074,2025-11-28,app,pix,,13.85,2,delivered,5
A05947,C01082,2025-11-28,marketplace,pix,,21.03,6,delivered,4
A05948,C01113,2025-11-28,app,boleto,,13.58,,canceled,
A05949,C01132,2025-11-28,site,boleto,AURORA20,32.17,3,delivered,5
A05950,C01133,2025-11-28,marketplace,pix,,12.35,4,delivered,4
A05951,C01139,2025-11-28,marketplace,pix,AURORA20,30.38,7,delivered,
A05952,C01155,2025-11-28,site,pix,AURORA20,18.9,9,delivered,4
A05953,C01167,2025-11-28,app,credit_card,,14.69,5,delivered,5
A05954,C01177,2025-11-28,site,pix,,25.9,16,delivered,3
A05955,C01216,2025-11-28,app,pix,,15.39,5,delivered,4
A05956,C01223,2025-11-28,app,credit_card,,15.66,6,delivered,4
A05957,C01267,2025-11-28,app,pix,AURORA20,13.49,4,delivered,5
A05958,C01371,2025-11-28,site,pix,AURORA20,13.31,5,delivered,5
A05959,C01417,2025-11-28,site,credit_card,,18.43,5,delivered,
A05960,C01426,2025-11-28,app,credit_card,,13.15,3,delivered,5
A05961,C01519,2025-11-28,site,credit_card,AURORA20,17.81,,canceled,
A05962,C01529,2025-11-28,app,pix,,34.41,8,delivered,4
A05963,C01575,2025-11-28,site,pix,AURORA20,16.15,5,delivered,
A05964,C01615,2025-11-28,app,credit_card,BEMVINDO10,13.65,4,delivered,
A05965,C01694,2025-11-28,marketplace,credit_card,,27.41,12,delivered,
A05966,C01786,2025-11-28,site,pix,AURORA20,14.48,4,delivered,5
A05967,C01787,2025-11-28,marketplace,pix,BEMVINDO10,29.29,8,delivered,4
A05968,C01808,2025-11-28,marketplace,boleto,,21.29,9,delivered,4
A05969,C01906,2025-11-28,site,pix,BEMVINDO10,14.11,2,delivered,3
A05970,C01908,2025-11-28,marketplace,credit_card,,22.49,7,delivered,
A05971,C01918,2025-11-28,marketplace,credit_card,,15.35,4,delivered,5
A05972,C01930,2025-11-28,app,pix,AURORA20,21.39,3,delivered,5
A05973,C01938,2025-11-28,app,credit_card,,30.6,27,delivered,
A05974,C02013,2025-11-28,marketplace,credit_card,AURORA20,14.87,7,delivered,4
A05975,C02056,2025-11-28,marketplace,boleto,AURORA20,19.68,6,delivered,4
A05976,C02068,2025-11-28,app,pix,AURORA20,14.33,8,delivered,4
A05977,C02073,2025-11-28,app,pix,AURORA20,28.27,15,delivered,4
A05978,C02179,2025-11-28,site,pix,AURORA20,17.95,4,delivered,5
A05979,C02189,2025-11-28,app,pix,AURORA20,13.13,3,delivered,5
A05980,C02205,2025-11-28,app,credit_card,,14.7,3,delivered,4
A05981,C02214,2025-11-28,app,pix,,16.04,6,delivered,5
A05982,C02214,2025-11-28,app,credit_card,FRETEGRATIS,0.0,4,delivered,5
A05983,C02224,2025-11-28,site,pix,,31.02,15,delivered,2
A05984,C02262,2025-11-28,site,credit_card,,13.48,3,delivered,4
A05985,C02276,2025-11-28,app,credit_card,AURORA20,14.3,6,delivered,4
A05986,C02317,2025-11-28,app,credit_card,,14.97,4,delivered,5
A05987,C02409,2025-11-28,app,pix,AURORA20,16.04,2,delivered,
A05988,C02429,2025-11-28,site,credit_card,AURORA20,14.44,5,delivered,4
A05989,C02435,2025-11-28,app,credit_card,AURORA20,28.87,11,delivered,
A05990,C02475,2025-11-28,marketplace,pix,AURORA20,28.99,7,delivered,5
A05991,C02517,2025-11-28,marketplace,credit_card,BEMVINDO10,37.64,11,delivered,4
A05992,C02596,2025-11-28,site,credit_card,BEMVINDO10,19.31,12,delivered,3
A05993,C02642,2025-11-28,app,boleto,,10.96,3,delivered,5
A05994,C02666,2025-11-28,app,pix,,24.83,12,delivered,4
A05995,C02680,2025-11-28,marketplace,credit_card,AURORA20,26.25,8,delivered,
A05996,C02682,2025-11-28,app,credit_card,,13.55,3,delivered,5
A05997,C02684,2025-11-28,site,pix,FRETEGRATIS,0.0,5,delivered,
A05998,C02702,2025-11-28,site,credit_card,AURORA20,16.43,4,delivered,4
A05999,C02746,2025-11-28,app,pix,,17.63,,canceled,
A06000,C02770,2025-11-28,marketplace,pix,,14.38,6,delivered,4
A06001,C02780,2025-11-28,app,credit_card,,22.96,15,delivered,3
A06002,C02794,2025-11-28,site,credit_card,,28.0,14,delivered,5
A06003,C02808,2025-11-28,site,credit_card,BEMVINDO10,25.7,3,delivered,4
A06004,C02877,2025-11-28,site,boleto,,15.03,4,returned,
A06005,C02926,2025-11-28,app,credit_card,,25.93,11,delivered,4
A06006,C02966,2025-11-28,site,credit_card,,18.75,5,delivered,5
A06007,C02978,2025-11-28,marketplace,credit_card,,25.91,11,delivered,2
A06008,C02995,2025-11-28,app,pix,AURORA20,17.68,4,delivered,5
A06009,C03010,2025-11-28,site,credit_card,AURORA20,37.92,14,delivered,
A06010,C03053,2025-11-28,marketplace,credit_card,AURORA20,15.05,5,delivered,5
A06011,C03147,2025-11-28,app,pix,BEMVINDO10,14.81,10,delivered,4
A06012,C03175,2025-11-28,marketplace,credit_card,,14.93,3,delivered,4
A06013,C03187,2025-11-28,site,credit_card,BEMVINDO10,13.45,8,delivered,2
A06014,C03191,2025-11-28,site,credit_card,AURORA20,15.22,3,delivered,5
A06015,C03223,2025-11-28,app,pix,BEMVINDO10,32.23,7,delivered,5
A06016,C03333,2025-11-28,marketplace,credit_card,AURORA20,40.34,9,delivered,4
A06017,C03392,2025-11-28,site,credit_card,,13.68,5,delivered,
A06018,C03490,2025-11-28,marketplace,credit_card,,24.73,16,delivered,3
A06019,C03506,2025-11-28,site,credit_card,,21.46,11,returned,
A06020,C03564,2025-11-28,marketplace,credit_card,AURORA20,17.8,5,delivered,5
A06021,C03576,2025-11-28,site,pix,,16.2,5,delivered,5
A06022,C03601,2025-11-28,site,pix,,26.72,15,delivered,
A06023,C03619,2025-11-28,marketplace,credit_card,,13.83,5,delivered,5
A06024,C03641,2025-11-28,site,pix,AURORA20,13.86,2,delivered,4
A06025,C03644,2025-11-28,app,credit_card,AURORA20,23.51,8,delivered,4
A06026,C03664,2025-11-28,marketplace,credit_card,AURORA20,17.84,9,delivered,3
A06027,C03679,2025-11-28,site,credit_card,AURORA20,16.68,5,delivered,5
A06028,C03721,2025-11-28,marketplace,boleto,,28.4,12,returned,
A06029,C03731,2025-11-28,marketplace,credit_card,,26.86,4,delivered,3
A06030,C03738,2025-11-28,site,boleto,AURORA20,13.95,8,delivered,
A06031,C03873,2025-11-28,site,credit_card,FRETEGRATIS,0.0,12,delivered,4
A06032,C03873,2025-11-28,site,credit_card,FRETEGRATIS,0.0,14,delivered,
A06033,C03889,2025-11-28,marketplace,pix,BEMVINDO10,14.43,6,delivered,5
A06034,C03893,2025-11-28,app,credit_card,FRETEGRATIS,0.0,2,delivered,4
A06035,C03908,2025-11-28,app,pix,,16.7,6,delivered,5
A06036,C03910,2025-11-28,site,pix,FRETEGRATIS,0.0,19,delivered,
A06037,C03931,2025-11-28,marketplace,pix,AURORA20,13.12,2,delivered,5
A06038,C03943,2025-11-28,app,credit_card,AURORA20,20.91,7,delivered,5
A06039,C04006,2025-11-28,site,credit_card,AURORA20,13.88,5,delivered,
A06040,C04084,2025-11-28,marketplace,credit_card,,15.77,4,delivered,
A06041,C04091,2025-11-28,site,boleto,AURORA20,18.14,3,delivered,5
A06042,C04096,2025-11-28,marketplace,credit_card,AURORA20,10.57,6,delivered,
A06043,C04142,2025-11-28,app,credit_card,AURORA20,24.29,6,delivered,5
A06044,C04194,2025-11-28,app,credit_card,,17.46,8,delivered,5
A06045,C04211,2025-11-28,app,pix,,22.62,5,delivered,5
A06046,C04291,2025-11-28,marketplace,credit_card,,9.8,5,delivered,5
A06047,C04293,2025-11-28,marketplace,boleto,,11.94,4,delivered,4
A06048,C04349,2025-11-28,app,pix,AURORA20,24.73,7,delivered,
A06049,C04356,2025-11-28,site,pix,AURORA20,20.99,8,delivered,4
A06050,C04379,2025-11-28,site,boleto,,11.69,6,delivered,3
A06051,C04413,2025-11-28,site,pix,AURORA20,29.89,12,delivered,
A06052,C04420,2025-11-28,site,credit_card,,24.35,8,delivered,3
A06053,C04478,2025-11-28,app,pix,AURORA20,17.56,4,delivered,
A06054,C04503,2025-11-28,app,credit_card,AURORA20,9.87,3,delivered,4
A06055,C04513,2025-11-28,marketplace,pix,,13.93,8,delivered,4
A06056,C04540,2025-11-28,site,credit_card,,33.53,5,delivered,
A06057,C04617,2025-11-28,marketplace,credit_card,,30.18,7,delivered,3
A06058,C04621,2025-11-28,app,pix,AURORA20,33.54,8,returned,
A06059,C04633,2025-11-28,site,credit_card,AURORA20,13.42,5,delivered,3
A06060,C04654,2025-11-28,site,boleto,,13.93,2,delivered,3
A06061,C04676,2025-11-28,site,credit_card,AURORA20,19.13,13,delivered,
A06062,C04692,2025-11-28,site,pix,AURORA20,23.44,15,delivered,3
A06063,C04753,2025-11-28,app,pix,,14.24,2,delivered,5
A06064,C04781,2025-11-28,marketplace,boleto,,18.15,3,delivered,4
A06065,C04860,2025-11-28,site,boleto,AURORA20,15.02,3,delivered,5
A06066,C04898,2025-11-28,marketplace,pix,AURORA20,32.21,12,delivered,4
A06067,C04916,2025-11-28,app,pix,AURORA20,17.46,3,delivered,5
A06068,C04979,2025-11-28,marketplace,credit_card,,14.31,4,delivered,
A06069,C04984,2025-11-28,marketplace,credit_card,AURORA20,17.04,3,delivered,4
A06070,C04987,2025-11-28,site,pix,,13.34,5,delivered,5
A06071,C00014,2025-11-29,marketplace,credit_card,,16.38,3,delivered,
A06072,C00033,2025-11-29,marketplace,credit_card,AURORA20,12.92,5,delivered,5
A06073,C00051,2025-11-29,app,pix,AURORA20,13.56,4,returned,
A06074,C00168,2025-11-29,site,credit_card,,25.43,14,delivered,3
A06075,C00172,2025-11-29,marketplace,credit_card,BEMVINDO10,33.09,8,delivered,
A06076,C00186,2025-11-29,site,pix,,24.18,4,delivered,
A06077,C00198,2025-11-29,site,credit_card,,12.87,3,delivered,
A06078,C00199,2025-11-29,marketplace,boleto,AURORA20,15.72,4,delivered,5
A06079,C00237,2025-11-29,site,pix,,19.64,5,delivered,5
A06080,C00243,2025-11-29,site,pix,,24.87,13,delivered,5
A06081,C00303,2025-11-29,site,pix,AURORA20,21.88,16,delivered,3
A06082,C00313,2025-11-29,marketplace,credit_card,BEMVINDO10,25.12,,canceled,
A06083,C00318,2025-11-29,marketplace,credit_card,,15.39,3,delivered,
A06084,C00335,2025-11-29,site,credit_card,AURORA20,29.8,15,delivered,3
A06085,C00407,2025-11-29,app,credit_card,,17.37,6,delivered,4
A06086,C00419,2025-11-29,site,pix,,15.21,5,delivered,5
A06087,C00437,2025-11-29,app,credit_card,AURORA20,25.77,10,delivered,4
A06088,C00441,2025-11-29,marketplace,pix,,12.67,6,delivered,5
A06089,C00480,2025-11-29,marketplace,credit_card,BEMVINDO10,32.22,11,delivered,4
A06090,C00482,2025-11-29,app,pix,,34.35,13,delivered,
A06091,C00487,2025-11-29,site,pix,AURORA20,31.34,13,delivered,4
A06092,C00530,2025-11-29,marketplace,credit_card,AURORA20,20.39,6,delivered,5
A06093,C00562,2025-11-29,site,pix,,26.97,7,delivered,4
A06094,C00566,2025-11-29,site,pix,,17.55,2,delivered,4
A06095,C00599,2025-11-29,app,credit_card,,10.97,4,delivered,4
A06096,C00600,2025-11-29,marketplace,credit_card,AURORA20,22.0,10,delivered,5
A06097,C00611,2025-11-29,site,credit_card,,15.35,4,delivered,5
A06098,C00691,2025-11-29,app,pix,,29.53,18,delivered,
A06099,C00718,2025-11-29,site,credit_card,AURORA20,28.11,11,delivered,5
A06100,C00760,2025-11-29,site,pix,BEMVINDO10,13.77,3,delivered,5
A06101,C00818,2025-11-29,app,credit_card,,29.72,,canceled,
A06102,C00892,2025-11-29,site,credit_card,,27.88,12,delivered,
A06103,C00919,2025-11-29,marketplace,boleto,,13.5,2,delivered,5
A06104,C00955,2025-11-29,site,pix,,29.28,8,delivered,
A06105,C00957,2025-11-29,app,credit_card,BEMVINDO10,16.6,2,delivered,4
A06106,C00970,2025-11-29,site,boleto,AURORA20,12.45,3,delivered,
A06107,C01015,2025-11-29,app,boleto,AURORA20,12.08,3,delivered,4
A06108,C01037,2025-11-29,marketplace,credit_card,AURORA20,14.32,4,delivered,5
A06109,C01089,2025-11-29,site,credit_card,,25.96,10,delivered,5
A06110,C01092,2025-11-29,site,boleto,AURORA20,8.4,6,delivered,5
A06111,C01111,2025-11-29,app,credit_card,AURORA20,27.13,6,delivered,5
A06112,C01136,2025-11-29,app,credit_card,,13.0,3,delivered,4
A06113,C01143,2025-11-29,app,pix,,27.67,8,delivered,
A06114,C01145,2025-11-29,app,credit_card,BEMVINDO10,18.06,17,delivered,3
A06115,C01170,2025-11-29,site,pix,,16.37,6,delivered,4
A06116,C01183,2025-11-29,site,credit_card,AURORA20,18.99,6,delivered,5
A06117,C01215,2025-11-29,app,boleto,,26.43,9,delivered,2
A06118,C01308,2025-11-29,marketplace,boleto,,19.69,6,delivered,
A06119,C01333,2025-11-29,app,pix,,19.17,5,delivered,4
A06120,C01335,2025-11-29,marketplace,pix,,17.52,5,delivered,5
A06121,C01425,2025-11-29,site,pix,,25.89,16,delivered,4
A06122,C01430,2025-11-29,marketplace,pix,,11.89,6,delivered,5
A06123,C01435,2025-11-29,site,credit_card,AURORA20,15.31,3,delivered,5
A06124,C01449,2025-11-29,marketplace,credit_card,AURORA20,27.4,11,delivered,4
A06125,C01498,2025-11-29,marketplace,credit_card,AURORA20,35.2,13,delivered,3
A06126,C01502,2025-11-29,site,credit_card,,12.79,4,delivered,5
A06127,C01515,2025-11-29,site,pix,,10.91,4,delivered,
A06128,C01602,2025-11-29,site,pix,AURORA20,23.89,,canceled,
A06129,C01603,2025-11-29,marketplace,pix,AURORA20,18.04,3,delivered,4
A06130,C01638,2025-11-29,site,pix,AURORA20,27.33,8,delivered,4
A06131,C01676,2025-11-29,site,credit_card,,12.45,3,delivered,5
A06132,C01703,2025-11-29,app,boleto,,19.1,2,delivered,
A06133,C01706,2025-11-29,app,pix,AURORA20,13.08,2,delivered,4
A06134,C01744,2025-11-29,marketplace,boleto,,15.43,,canceled,
A06135,C01773,2025-11-29,site,pix,AURORA20,21.22,5,delivered,5
A06136,C01844,2025-11-29,app,credit_card,,27.92,9,delivered,2
A06137,C01850,2025-11-29,site,credit_card,,12.66,2,delivered,5
A06138,C01852,2025-11-29,site,credit_card,,27.19,9,delivered,3
A06139,C01866,2025-11-29,site,credit_card,AURORA20,12.64,3,delivered,4
A06140,C01878,2025-11-29,app,pix,AURORA20,15.76,1,delivered,5
A06141,C01902,2025-11-29,site,credit_card,AURORA20,14.71,3,delivered,4
A06142,C01926,2025-11-29,site,boleto,BEMVINDO10,12.46,6,delivered,
A06143,C01945,2025-11-29,app,credit_card,,10.62,3,delivered,4
A06144,C02008,2025-11-29,marketplace,credit_card,,19.65,2,delivered,4
A06145,C02019,2025-11-29,site,pix,,18.65,3,delivered,
A06146,C02041,2025-11-29,app,credit_card,AURORA20,24.31,11,delivered,4
A06147,C02068,2025-11-29,app,pix,,11.1,2,delivered,
A06148,C02098,2025-11-29,site,pix,,21.01,6,delivered,
A06149,C02102,2025-11-29,app,pix,,15.98,6,delivered,4
A06150,C02112,2025-11-29,app,credit_card,,16.96,3,delivered,
A06151,C02142,2025-11-29,marketplace,pix,,28.56,5,delivered,5
A06152,C02159,2025-11-29,site,credit_card,AURORA20,17.82,8,delivered,3
A06153,C02214,2025-11-29,app,pix,,15.41,3,delivered,5
A06154,C02231,2025-11-29,site,credit_card,,11.87,5,delivered,
A06155,C02262,2025-11-29,marketplace,pix,,21.98,10,delivered,2
A06156,C02300,2025-11-29,marketplace,pix,BEMVINDO10,14.44,6,delivered,5
A06157,C02327,2025-11-29,site,credit_card,,10.97,1,delivered,5
A06158,C02382,2025-11-29,marketplace,pix,AURORA20,28.51,6,delivered,
A06159,C02404,2025-11-29,app,boleto,,14.71,4,delivered,
A06160,C02409,2025-11-29,app,boleto,AURORA20,10.06,5,delivered,4
A06161,C02481,2025-11-29,marketplace,pix,,20.41,8,delivered,4
A06162,C02484,2025-11-29,site,credit_card,AURORA20,26.38,18,delivered,3
A06163,C02493,2025-11-29,marketplace,credit_card,,12.87,5,delivered,
A06164,C02509,2025-11-29,marketplace,credit_card,,13.55,4,delivered,4
A06165,C02517,2025-11-29,site,credit_card,,38.38,14,delivered,5
A06166,C02527,2025-11-29,marketplace,credit_card,,13.76,6,delivered,5
A06167,C02537,2025-11-29,app,pix,AURORA20,28.09,4,delivered,5
A06168,C02596,2025-11-29,site,credit_card,,26.48,5,delivered,
A06169,C02597,2025-11-29,site,credit_card,,21.55,2,delivered,
A06170,C02744,2025-11-29,site,pix,AURORA20,15.22,6,delivered,3
A06171,C02746,2025-11-29,app,pix,AURORA20,13.57,5,delivered,5
A06172,C02773,2025-11-29,app,pix,,15.81,4,delivered,5
A06173,C02785,2025-11-29,marketplace,pix,AURORA20,26.04,12,delivered,4
A06174,C02814,2025-11-29,app,pix,AURORA20,12.09,4,delivered,4
A06175,C02846,2025-11-29,app,credit_card,AURORA20,13.14,7,delivered,5
A06176,C02850,2025-11-29,site,credit_card,,21.75,5,delivered,5
A06177,C02871,2025-11-29,app,boleto,AURORA20,16.6,3,delivered,5
A06178,C02946,2025-11-29,app,boleto,FRETEGRATIS,0.0,7,returned,
A06179,C02950,2025-11-29,site,credit_card,AURORA20,13.64,4,delivered,
A06180,C02964,2025-11-29,site,pix,BEMVINDO10,29.0,15,delivered,
A06181,C02983,2025-11-29,app,credit_card,,19.85,5,delivered,5
A06182,C03008,2025-11-29,site,pix,BEMVINDO10,18.0,10,delivered,
A06183,C03037,2025-11-29,site,boleto,AURORA20,11.28,3,delivered,5
A06184,C03065,2025-11-29,app,credit_card,,22.32,6,delivered,5
A06185,C03139,2025-11-29,marketplace,pix,,29.88,9,delivered,
A06186,C03176,2025-11-29,site,pix,AURORA20,15.73,4,delivered,5
A06187,C03215,2025-11-29,marketplace,pix,,17.21,7,returned,
A06188,C03249,2025-11-29,marketplace,credit_card,FRETEGRATIS,0.0,15,delivered,
A06189,C03271,2025-11-29,app,credit_card,,16.33,3,delivered,5
A06190,C03307,2025-11-29,site,pix,,16.12,3,delivered,5
A06191,C03319,2025-11-29,marketplace,credit_card,,14.13,1,delivered,
A06192,C03369,2025-11-29,marketplace,pix,BEMVINDO10,17.39,3,delivered,5
A06193,C03405,2025-11-29,site,credit_card,BEMVINDO10,18.6,4,delivered,5
A06194,C03411,2025-11-29,app,credit_card,,14.82,4,delivered,4
A06195,C03441,2025-11-29,app,credit_card,AURORA20,14.65,4,delivered,5
A06196,C03569,2025-11-29,site,pix,BEMVINDO10,35.0,12,delivered,
A06197,C03666,2025-11-29,marketplace,credit_card,AURORA20,14.02,5,delivered,3
A06198,C03698,2025-11-29,site,credit_card,,14.6,3,delivered,
A06199,C03721,2025-11-29,app,pix,,30.71,12,delivered,4
A06200,C03732,2025-11-29,marketplace,boleto,,22.71,9,delivered,
A06201,C03733,2025-11-29,marketplace,credit_card,AURORA20,15.71,5,delivered,5
A06202,C03761,2025-11-29,marketplace,boleto,,32.71,8,delivered,5
A06203,C03808,2025-11-29,app,pix,AURORA20,23.78,,canceled,
A06204,C03829,2025-11-29,marketplace,credit_card,,20.25,5,delivered,4
A06205,C03880,2025-11-29,site,pix,AURORA20,28.05,9,delivered,
A06206,C03925,2025-11-29,marketplace,credit_card,AURORA20,25.79,4,delivered,
A06207,C03933,2025-11-29,app,credit_card,AURORA20,13.57,3,delivered,
A06208,C03941,2025-11-29,site,pix,,14.77,7,delivered,4
A06209,C04001,2025-11-29,site,pix,,15.34,8,delivered,4
A06210,C04004,2025-11-29,site,credit_card,AURORA20,32.45,9,delivered,5
A06211,C04011,2025-11-29,marketplace,credit_card,AURORA20,18.94,7,delivered,4
A06212,C04038,2025-11-29,app,pix,AURORA20,14.3,5,delivered,5
A06213,C04046,2025-11-29,app,credit_card,AURORA20,18.02,7,delivered,3
A06214,C04117,2025-11-29,marketplace,credit_card,AURORA20,17.48,4,delivered,5
A06215,C04132,2025-11-29,app,pix,AURORA20,27.2,9,delivered,
A06216,C04156,2025-11-29,site,boleto,,14.35,4,delivered,
A06217,C04168,2025-11-29,site,credit_card,AURORA20,40.15,10,delivered,
A06218,C04199,2025-11-29,app,pix,BEMVINDO10,33.37,21,delivered,1
A06219,C04250,2025-11-29,marketplace,pix,,27.91,4,delivered,5
A06220,C04282,2025-11-29,site,pix,AURORA20,32.03,9,delivered,5
A06221,C04286,2025-11-29,marketplace,credit_card,AURORA20,14.66,3,delivered,
A06222,C04313,2025-11-29,site,pix,,16.74,3,delivered,5
A06223,C04314,2025-11-29,site,pix,AURORA20,16.41,5,delivered,5
A06224,C04407,2025-11-29,marketplace,credit_card,,15.5,8,delivered,
A06225,C04445,2025-11-29,app,boleto,,12.31,3,delivered,5
A06226,C04505,2025-11-29,app,pix,,22.12,4,delivered,
A06227,C04517,2025-11-29,app,pix,,9.18,3,delivered,5
A06228,C04528,2025-11-29,marketplace,credit_card,AURORA20,26.69,6,delivered,5
A06229,C04553,2025-11-29,marketplace,pix,,13.49,7,delivered,5
A06230,C04564,2025-11-29,app,pix,,15.58,3,delivered,5
A06231,C04565,2025-11-29,marketplace,pix,AURORA20,25.52,16,delivered,
A06232,C04567,2025-11-29,marketplace,pix,,13.69,2,delivered,4
A06233,C04568,2025-11-29,site,credit_card,AURORA20,36.12,,canceled,
A06234,C04605,2025-11-29,marketplace,pix,,20.02,27,delivered,2
A06235,C04720,2025-11-29,site,credit_card,,13.27,6,delivered,5
A06236,C04759,2025-11-29,site,credit_card,,17.6,1,delivered,5
A06237,C04837,2025-11-29,site,credit_card,AURORA20,26.86,11,delivered,3
A06238,C04891,2025-11-29,marketplace,credit_card,AURORA20,23.5,7,delivered,4
A06239,C04909,2025-11-29,app,credit_card,,13.74,3,delivered,5
A06240,C04955,2025-11-29,site,pix,,16.57,3,delivered,
A06241,C04975,2025-11-29,site,credit_card,AURORA20,17.26,3,delivered,4
A06242,C04999,2025-11-29,app,credit_card,AURORA20,12.13,3,delivered,5
A06243,C00052,2025-11-30,site,credit_card,FRETEGRATIS,0.0,5,delivered,4
A06244,C00079,2025-11-30,app,pix,AURORA20,14.11,3,delivered,
A06245,C00174,2025-11-30,app,pix,,18.58,7,delivered,5
A06246,C00205,2025-11-30,site,credit_card,,14.54,6,delivered,4
A06247,C00214,2025-11-30,site,pix,,29.98,10,delivered,4
A06248,C00228,2025-11-30,app,pix,,24.17,10,delivered,3
A06249,C00236,2025-11-30,site,credit_card,,12.55,5,delivered,5
A06250,C00340,2025-11-30,marketplace,boleto,,12.84,3,delivered,4
A06251,C00357,2025-11-30,marketplace,pix,,20.92,9,delivered,4
A06252,C00450,2025-11-30,site,credit_card,AURORA20,26.15,13,delivered,
A06253,C00568,2025-11-30,app,credit_card,AURORA20,15.16,3,delivered,5
A06254,C00570,2025-11-30,site,boleto,AURORA20,14.39,5,returned,
A06255,C00585,2025-11-30,app,credit_card,AURORA20,13.84,5,delivered,
A06256,C00588,2025-11-30,app,boleto,,18.43,6,delivered,5
A06257,C00595,2025-11-30,site,credit_card,AURORA20,24.98,,canceled,
A06258,C00648,2025-11-30,app,credit_card,AURORA20,14.32,,canceled,
A06259,C00697,2025-11-30,app,pix,AURORA20,11.0,4,delivered,4
A06260,C00709,2025-11-30,app,pix,,32.41,18,delivered,
A06261,C00746,2025-11-30,site,credit_card,AURORA20,13.88,14,delivered,4
A06262,C00759,2025-11-30,app,credit_card,AURORA20,20.45,8,delivered,3
A06263,C00788,2025-11-30,site,credit_card,,13.88,7,delivered,5
A06264,C00856,2025-11-30,marketplace,credit_card,AURORA20,15.6,4,delivered,
A06265,C00928,2025-11-30,marketplace,pix,,32.15,13,delivered,3
A06266,C00939,2025-11-30,app,pix,,15.24,6,delivered,4
A06267,C00977,2025-11-30,site,pix,,16.85,5,delivered,5
A06268,C01010,2025-11-30,site,pix,BEMVINDO10,23.85,9,delivered,
A06269,C01017,2025-11-30,site,credit_card,FRETEGRATIS,0.0,2,delivered,5
A06270,C01069,2025-11-30,marketplace,pix,,30.58,9,delivered,4
A06271,C01136,2025-11-30,app,pix,AURORA20,11.9,,canceled,
A06272,C01145,2025-11-30,app,pix,FRETEGRATIS,0.0,5,delivered,4
A06273,C01156,2025-11-30,marketplace,pix,AURORA20,20.08,16,delivered,5
A06274,C01160,2025-11-30,marketplace,credit_card,,14.47,4,delivered,
A06275,C01167,2025-11-30,app,pix,AURORA20,13.4,3,delivered,5
A06276,C01233,2025-11-30,app,credit_card,AURORA20,12.77,4,delivered,5
A06277,C01249,2025-11-30,site,credit_card,AURORA20,15.0,7,delivered,3
A06278,C01252,2025-11-30,site,pix,AURORA20,19.67,12,delivered,
A06279,C01276,2025-11-30,app,pix,,14.86,4,delivered,4
A06280,C01286,2025-11-30,app,credit_card,BEMVINDO10,13.91,6,delivered,5
A06281,C01338,2025-11-30,site,pix,,15.36,5,delivered,
A06282,C01345,2025-11-30,app,credit_card,AURORA20,11.92,7,delivered,4
A06283,C01352,2025-11-30,site,pix,,19.28,4,delivered,5
A06284,C01361,2025-11-30,site,boleto,,11.26,5,delivered,5
A06285,C01366,2025-11-30,app,credit_card,,11.13,6,delivered,5
A06286,C01406,2025-11-30,marketplace,credit_card,AURORA20,13.36,7,delivered,4
A06287,C01499,2025-11-30,site,pix,AURORA20,13.97,4,delivered,5
A06288,C01533,2025-11-30,app,credit_card,AURORA20,28.0,11,delivered,4
A06289,C01552,2025-11-30,site,credit_card,,30.82,12,delivered,3
A06290,C01575,2025-11-30,site,pix,AURORA20,12.66,2,delivered,
A06291,C01598,2025-11-30,app,credit_card,,13.08,2,delivered,3
A06292,C01660,2025-11-30,marketplace,pix,,35.07,5,delivered,5
A06293,C01665,2025-11-30,app,credit_card,,16.65,6,delivered,4
A06294,C01674,2025-11-30,marketplace,pix,AURORA20,13.33,,canceled,
A06295,C01709,2025-11-30,app,credit_card,AURORA20,13.66,6,delivered,
A06296,C01784,2025-11-30,site,credit_card,AURORA20,19.84,6,delivered,4
A06297,C01820,2025-11-30,app,boleto,AURORA20,37.9,10,delivered,4
A06298,C01830,2025-11-30,app,credit_card,AURORA20,11.39,3,delivered,4
A06299,C01889,2025-11-30,app,credit_card,AURORA20,39.77,15,delivered,4
A06300,C01981,2025-11-30,app,credit_card,,14.27,2,delivered,5
A06301,C02002,2025-11-30,app,credit_card,,30.37,6,delivered,5
A06302,C02029,2025-11-30,app,credit_card,,18.95,6,delivered,
A06303,C02045,2025-11-30,marketplace,pix,AURORA20,12.79,3,delivered,5
A06304,C02060,2025-11-30,marketplace,credit_card,AURORA20,23.58,15,delivered,3
A06305,C02074,2025-11-30,marketplace,pix,,32.81,13,delivered,3
A06306,C02093,2025-11-30,marketplace,pix,,25.31,7,delivered,4
A06307,C02095,2025-11-30,marketplace,boleto,AURORA20,18.37,7,delivered,
A06308,C02127,2025-11-30,marketplace,credit_card,,14.21,5,delivered,
A06309,C02156,2025-11-30,site,credit_card,AURORA20,13.98,5,delivered,
A06310,C02157,2025-11-30,marketplace,credit_card,,27.74,5,delivered,
A06311,C02160,2025-11-30,site,pix,AURORA20,30.82,9,delivered,
A06312,C02164,2025-11-30,marketplace,credit_card,AURORA20,13.26,4,delivered,
A06313,C02233,2025-11-30,site,pix,BEMVINDO10,32.31,8,returned,
A06314,C02253,2025-11-30,marketplace,credit_card,AURORA20,16.75,8,delivered,4
A06315,C02274,2025-11-30,site,credit_card,,10.0,4,delivered,5
A06316,C02412,2025-11-30,app,credit_card,AURORA20,26.04,9,delivered,4
A06317,C02418,2025-11-30,app,credit_card,AURORA20,10.47,3,delivered,4
A06318,C02423,2025-11-30,marketplace,pix,,13.63,4,delivered,5
A06319,C02487,2025-11-30,marketplace,credit_card,FRETEGRATIS,0.0,5,delivered,5
A06320,C02554,2025-11-30,app,pix,AURORA20,14.1,3,delivered,4
A06321,C02567,2025-11-30,site,boleto,AURORA20,14.49,6,delivered,5
A06322,C02576,2025-11-30,site,credit_card,,15.57,5,delivered,3
A06323,C02582,2025-11-30,marketplace,credit_card,AURORA20,15.67,3,delivered,4
A06324,C02599,2025-11-30,site,credit_card,AURORA20,13.25,8,delivered,4
A06325,C02629,2025-11-30,site,pix,AURORA20,32.6,13,delivered,3
A06326,C02643,2025-11-30,app,credit_card,AURORA20,13.92,5,delivered,5
A06327,C02654,2025-11-30,app,credit_card,AURORA20,12.56,3,delivered,5
A06328,C02686,2025-11-30,app,pix,,14.25,2,delivered,4
A06329,C02687,2025-11-30,marketplace,credit_card,AURORA20,34.72,12,delivered,
A06330,C02690,2025-11-30,app,pix,FRETEGRATIS,0.0,6,delivered,5
A06331,C02784,2025-11-30,app,credit_card,,35.75,15,delivered,3
A06332,C02846,2025-11-30,app,boleto,,14.42,4,delivered,5
A06333,C02849,2025-11-30,app,credit_card,AURORA20,15.38,8,delivered,4
A06334,C02886,2025-11-30,app,credit_card,,18.62,3,delivered,4
A06335,C02916,2025-11-30,site,pix,,13.88,9,delivered,4
A06336,C02922,2025-11-30,marketplace,pix,,16.26,7,delivered,
A06337,C02926,2025-11-30,app,credit_card,AURORA20,32.94,10,delivered,
A06338,C02953,2025-11-30,site,pix,AURORA20,34.47,14,delivered,
A06339,C02968,2025-11-30,site,pix,,13.25,5,delivered,
A06340,C02971,2025-11-30,site,pix,,12.56,4,delivered,
A06341,C02982,2025-11-30,app,credit_card,,17.5,2,delivered,5
A06342,C02986,2025-11-30,app,credit_card,AURORA20,14.64,4,delivered,4
A06343,C03023,2025-11-30,site,credit_card,AURORA20,14.53,2,delivered,
A06344,C03040,2025-11-30,site,pix,AURORA20,18.04,6,delivered,5
A06345,C03041,2025-11-30,app,pix,AURORA20,31.38,12,delivered,5
A06346,C03070,2025-11-30,marketplace,pix,BEMVINDO10,26.12,14,delivered,3
A06347,C03108,2025-11-30,app,pix,,38.51,7,delivered,
A06348,C03197,2025-11-30,site,credit_card,AURORA20,40.94,8,delivered,4
A06349,C03266,2025-11-30,app,pix,,19.14,3,delivered,4
A06350,C03272,2025-11-30,site,credit_card,BEMVINDO10,26.73,9,delivered,4
A06351,C03286,2025-11-30,site,pix,,22.86,11,delivered,3
A06352,C03313,2025-11-30,app,credit_card,FRETEGRATIS,0.0,5,delivered,4
A06353,C03345,2025-11-30,site,pix,BEMVINDO10,13.38,7,delivered,5
A06354,C03358,2025-11-30,marketplace,pix,AURORA20,17.05,,canceled,
A06355,C03371,2025-11-30,site,pix,,13.52,3,delivered,5
A06356,C03382,2025-11-30,marketplace,credit_card,AURORA20,31.39,4,delivered,5
A06357,C03404,2025-11-30,app,credit_card,,17.18,4,delivered,5
A06358,C03454,2025-11-30,site,credit_card,,41.71,9,delivered,5
A06359,C03458,2025-11-30,site,credit_card,,21.81,6,delivered,4
A06360,C03510,2025-11-30,app,credit_card,AURORA20,14.22,3,delivered,5
A06361,C03606,2025-11-30,site,pix,,24.68,6,delivered,
A06362,C03656,2025-11-30,site,pix,,13.0,6,delivered,
A06363,C03675,2025-11-30,app,credit_card,FRETEGRATIS,0.0,5,delivered,5
A06364,C03686,2025-11-30,marketplace,credit_card,,12.19,5,delivered,5
A06365,C03691,2025-11-30,site,credit_card,,14.56,4,delivered,5
A06366,C03764,2025-11-30,site,credit_card,,15.16,3,delivered,5
A06367,C03767,2025-11-30,site,pix,BEMVINDO10,28.0,16,delivered,2
A06368,C03775,2025-11-30,app,pix,,21.92,23,delivered,2
A06369,C03813,2025-11-30,marketplace,credit_card,,12.89,3,delivered,5
A06370,C03839,2025-11-30,app,credit_card,,30.62,8,delivered,
A06371,C03877,2025-11-30,app,boleto,,13.77,4,delivered,5
A06372,C03893,2025-11-30,app,credit_card,,13.15,4,delivered,4
A06373,C03904,2025-11-30,site,credit_card,,14.81,3,delivered,5
A06374,C03952,2025-11-30,site,pix,,15.81,5,delivered,4
A06375,C03984,2025-11-30,site,boleto,AURORA20,15.99,6,delivered,5
A06376,C04018,2025-11-30,app,pix,,27.96,9,delivered,
A06377,C04045,2025-11-30,marketplace,pix,,15.14,6,delivered,4
A06378,C04058,2025-11-30,site,credit_card,AURORA20,19.42,6,delivered,4
A06379,C04205,2025-11-30,site,credit_card,,14.42,8,delivered,5
A06380,C04241,2025-11-30,marketplace,credit_card,,20.23,4,delivered,4
A06381,C04257,2025-11-30,site,credit_card,,13.64,3,delivered,3
A06382,C04306,2025-11-30,app,boleto,AURORA20,18.04,3,delivered,5
A06383,C04354,2025-11-30,app,boleto,AURORA20,13.11,8,delivered,5
A06384,C04380,2025-11-30,app,credit_card,,19.65,6,delivered,5
A06385,C04421,2025-11-30,site,pix,,10.96,2,delivered,4
A06386,C04428,2025-11-30,site,pix,,10.43,4,delivered,
A06387,C04443,2025-11-30,site,pix,,14.3,,canceled,
A06388,C04469,2025-11-30,app,pix,AURORA20,25.88,5,delivered,3
A06389,C04585,2025-11-30,site,credit_card,,20.0,18,delivered,4
A06390,C04596,2025-11-30,site,pix,BEMVINDO10,12.95,3,delivered,5
A06391,C04634,2025-11-30,site,pix,,23.3,10,delivered,4
A06392,C04683,2025-11-30,site,boleto,,21.47,4,delivered,
A06393,C04685,2025-11-30,marketplace,credit_card,,11.71,4,delivered,4
A06394,C04687,2025-11-30,app,pix,AURORA20,25.53,6,delivered,
A06395,C04687,2025-11-30,app,credit_card,,33.55,5,delivered,4
A06396,C04697,2025-11-30,app,boleto,AURORA20,20.48,6,delivered,5
A06397,C04698,2025-11-30,site,credit_card,,27.88,8,delivered,4
A06398,C04707,2025-11-30,marketplace,credit_card,AURORA20,29.84,11,delivered,5
A06399,C04726,2025-11-30,app,credit_card,BEMVINDO10,18.95,5,returned,
A06400,C04769,2025-11-30,marketplace,credit_card,,13.89,3,delivered,4
A06401,C04773,2025-11-30,marketplace,pix,,34.87,15,returned,
A06402,C04781,2025-11-30,site,pix,,15.87,5,delivered,5
A06403,C04786,2025-11-30,site,credit_card,BEMVINDO10,23.28,10,delivered,4
A06404,C04823,2025-11-30,site,credit_card,,24.05,7,delivered,4
A06405,C04895,2025-11-30,marketplace,pix,AURORA20,35.74,8,delivered,4
A06406,C04916,2025-11-30,app,pix,,12.14,8,delivered,4
A06407,C04929,2025-11-30,site,pix,AURORA20,14.79,3,delivered,3
A06408,C04945,2025-11-30,site,credit_card,,26.18,11,delivered,4
A06409,C04973,2025-11-30,site,pix,AURORA20,11.57,1,delivered,4
A06410,C04985,2025-11-30,app,pix,,18.98,7,delivered,4
A06411,C00326,2025-12-01,marketplace,pix,BEMVINDO10,12.52,4,delivered,
A06412,C00440,2025-12-01,site,credit_card,BEMVINDO10,28.04,3,delivered,4
A06413,C00624,2025-12-01,site,pix,,22.95,9,delivered,4
A06414,C00673,2025-12-01,site,credit_card,,12.48,3,returned,
A06415,C00733,2025-12-01,app,pix,,27.53,11,delivered,
A06416,C00779,2025-12-01,site,boleto,AURORA20,12.1,4,delivered,5
A06417,C00789,2025-12-01,site,pix,,21.08,8,delivered,4
A06418,C00841,2025-12-01,site,boleto,AURORA20,18.53,6,returned,
A06419,C00897,2025-12-01,marketplace,credit_card,,24.02,8,delivered,5
A06420,C00967,2025-12-01,site,boleto,BEMVINDO10,25.63,16,delivered,3
A06421,C01059,2025-12-01,marketplace,credit_card,AURORA20,23.11,7,delivered,
A06422,C01102,2025-12-01,marketplace,pix,,13.27,4,delivered,4
A06423,C01115,2025-12-01,app,credit_card,,18.43,3,delivered,
A06424,C01441,2025-12-01,site,pix,,13.01,2,delivered,5
A06425,C01454,2025-12-01,app,credit_card,,30.97,11,delivered,3
A06426,C01612,2025-12-01,app,credit_card,,20.56,8,delivered,5
A06427,C01642,2025-12-01,site,credit_card,,27.59,14,returned,
A06428,C01737,2025-12-01,site,pix,,21.44,10,delivered,4
A06429,C01771,2025-12-01,marketplace,pix,AURORA20,14.9,7,delivered,
A06430,C02076,2025-12-01,marketplace,credit_card,,22.99,15,returned,
A06431,C02111,2025-12-01,app,credit_card,,31.59,14,delivered,3
A06432,C02116,2025-12-01,site,credit_card,AURORA20,19.95,7,delivered,
A06433,C02139,2025-12-01,site,credit_card,,12.33,5,delivered,
A06434,C02169,2025-12-01,marketplace,pix,BEMVINDO10,10.96,1,delivered,5
A06435,C02206,2025-12-01,site,pix,,12.67,2,delivered,5
A06436,C02412,2025-12-01,app,credit_card,,34.77,10,delivered,
A06437,C02463,2025-12-01,marketplace,credit_card,BEMVINDO10,26.12,9,delivered,
A06438,C02514,2025-12-01,site,pix,,20.66,5,delivered,4
A06439,C02700,2025-12-01,marketplace,pix,AURORA20,21.76,9,delivered,
A06440,C02741,2025-12-01,site,boleto,,15.23,4,delivered,5
A06441,C02924,2025-12-01,app,credit_card,,21.16,5,delivered,4
A06442,C02931,2025-12-01,app,pix,,13.09,6,delivered,4
A06443,C02943,2025-12-01,marketplace,boleto,,15.68,7,delivered,5
A06444,C03336,2025-12-01,app,credit_card,,20.98,6,delivered,
A06445,C03587,2025-12-01,site,credit_card,,16.86,9,delivered,5
A06446,C03691,2025-12-01,site,boleto,,16.11,3,delivered,5
A06447,C03748,2025-12-01,marketplace,pix,,15.3,6,delivered,3
A06448,C03946,2025-12-01,marketplace,credit_card,,24.3,12,delivered,
A06449,C04028,2025-12-01,site,credit_card,,15.74,7,delivered,
A06450,C04098,2025-12-01,app,credit_card,,9.12,4,delivered,5
A06451,C04204,2025-12-01,marketplace,credit_card,BEMVINDO10,27.25,13,delivered,
A06452,C04252,2025-12-01,app,boleto,AURORA20,12.38,2,delivered,
A06453,C04385,2025-12-01,site,credit_card,,18.37,3,delivered,5
A06454,C04453,2025-12-01,site,credit_card,,24.8,4,delivered,
A06455,C04472,2025-12-01,app,credit_card,,31.7,10,delivered,3
A06456,C04603,2025-12-01,app,boleto,,29.69,5,returned,
A06457,C04780,2025-12-01,site,pix,AURORA20,22.45,10,delivered,4
A06458,C04782,2025-12-01,site,credit_card,,13.37,2,delivered,5
A06459,C04977,2025-12-01,app,credit_card,BEMVINDO10,16.32,2,delivered,
A06460,C00009,2025-12-02,app,boleto,AURORA20,17.47,4,delivered,
A06461,C00084,2025-12-02,site,boleto,AURORA20,13.18,3,delivered,4
A06462,C00202,2025-12-02,site,pix,AURORA20,15.34,5,delivered,4
A06463,C00501,2025-12-02,site,credit_card,AURORA20,28.58,18,delivered,4
A06464,C00518,2025-12-02,site,credit_card,,11.06,4,delivered,5
A06465,C00734,2025-12-02,app,boleto,,11.26,2,delivered,5
A06466,C00821,2025-12-02,app,credit_card,AURORA20,13.43,4,delivered,5
A06467,C01211,2025-12-02,app,pix,,26.04,10,delivered,4
A06468,C01214,2025-12-02,app,credit_card,BEMVINDO10,10.43,5,delivered,4
A06469,C01384,2025-12-02,app,boleto,AURORA20,24.06,6,delivered,
A06470,C01428,2025-12-02,site,credit_card,,16.16,3,delivered,3
A06471,C01567,2025-12-02,site,pix,,15.54,6,delivered,5
A06472,C02002,2025-12-02,marketplace,boleto,FRETEGRATIS,0.0,5,delivered,4
A06473,C02145,2025-12-02,app,credit_card,,33.67,17,delivered,4
A06474,C02175,2025-12-02,app,credit_card,BEMVINDO10,34.69,5,delivered,4
A06475,C02241,2025-12-02,app,credit_card,,17.39,10,delivered,4
A06476,C02248,2025-12-02,app,credit_card,,12.48,3,delivered,5
A06477,C02285,2025-12-02,site,pix,,20.79,6,returned,
A06478,C02572,2025-12-02,app,pix,,13.78,5,delivered,4
A06479,C02808,2025-12-02,app,pix,,20.66,7,delivered,5
A06480,C03231,2025-12-02,app,pix,,25.69,9,delivered,5
A06481,C03394,2025-12-02,site,credit_card,,13.57,3,delivered,5
A06482,C03475,2025-12-02,marketplace,pix,BEMVINDO10,15.23,5,delivered,4
A06483,C03555,2025-12-02,app,credit_card,,17.9,6,returned,
A06484,C03697,2025-12-02,marketplace,credit_card,,24.93,13,delivered,
A06485,C03941,2025-12-02,app,pix,AURORA20,21.52,2,delivered,5
A06486,C03991,2025-12-02,site,credit_card,,16.47,2,delivered,4
A06487,C04214,2025-12-02,app,credit_card,,21.13,12,delivered,5
A06488,C04303,2025-12-02,marketplace,pix,,15.56,5,delivered,
A06489,C04544,2025-12-02,marketplace,credit_card,,25.83,7,delivered,
A06490,C04966,2025-12-02,site,boleto,,14.18,,canceled,
A06491,C04987,2025-12-02,site,pix,,13.05,4,delivered,5
A06492,C00092,2025-12-03,app,credit_card,AURORA20,18.61,4,delivered,5
A06493,C00135,2025-12-03,marketplace,boleto,,14.06,3,delivered,5
A06494,C00248,2025-12-03,marketplace,credit_card,,13.65,,canceled,
A06495,C00398,2025-12-03,app,credit_card,,17.57,7,delivered,5
A06496,C00653,2025-12-03,app,credit_card,,19.54,5,delivered,
A06497,C00885,2025-12-03,site,pix,,17.04,4,delivered,5
A06498,C00976,2025-12-03,site,pix,,9.35,4,delivered,
A06499,C01084,2025-12-03,app,credit_card,AURORA20,13.7,8,delivered,
A06500,C01218,2025-12-03,site,pix,,17.02,,canceled,
A06501,C01296,2025-12-03,site,pix,AURORA20,8.9,2,delivered,4
A06502,C01308,2025-12-03,site,pix,FRETEGRATIS,0.0,5,delivered,
A06503,C01315,2025-12-03,app,pix,,12.62,2,delivered,4
A06504,C01325,2025-12-03,site,credit_card,,11.75,3,delivered,3
A06505,C01344,2025-12-03,site,pix,,18.2,4,delivered,5
A06506,C01459,2025-12-03,site,pix,,17.71,3,delivered,5
A06507,C01663,2025-12-03,site,boleto,,15.7,2,delivered,5
A06508,C01674,2025-12-03,marketplace,credit_card,,14.71,2,delivered,
A06509,C01704,2025-12-03,app,credit_card,,33.24,5,delivered,5
A06510,C01712,2025-12-03,marketplace,pix,AURORA20,9.55,5,delivered,
A06511,C01718,2025-12-03,site,pix,,43.46,13,delivered,
A06512,C01738,2025-12-03,app,pix,,28.89,16,delivered,3
A06513,C01999,2025-12-03,app,pix,,20.77,11,returned,
A06514,C02143,2025-12-03,site,pix,FRETEGRATIS,0.0,3,delivered,5
A06515,C02166,2025-12-03,site,boleto,,13.19,3,delivered,5
A06516,C02279,2025-12-03,app,credit_card,,16.51,5,returned,
A06517,C02284,2025-12-03,app,credit_card,,10.8,4,delivered,4
A06518,C02297,2025-12-03,marketplace,credit_card,AURORA20,33.61,9,delivered,4
A06519,C02363,2025-12-03,marketplace,pix,,18.33,12,delivered,4
A06520,C02417,2025-12-03,site,credit_card,AURORA20,25.72,7,delivered,4
A06521,C02486,2025-12-03,site,credit_card,,19.06,13,delivered,5
A06522,C02494,2025-12-03,app,pix,,13.01,4,delivered,4
A06523,C02530,2025-12-03,marketplace,pix,,18.33,3,delivered,3
A06524,C02622,2025-12-03,marketplace,pix,AURORA20,10.42,2,delivered,5
A06525,C02672,2025-12-03,site,boleto,,16.11,7,delivered,4
A06526,C02727,2025-12-03,site,pix,,21.94,9,delivered,4
A06527,C02835,2025-12-03,site,pix,FRETEGRATIS,0.0,3,delivered,5
A06528,C02943,2025-12-03,marketplace,pix,,16.26,3,delivered,5
A06529,C02988,2025-12-03,app,credit_card,,27.69,14,delivered,4
A06530,C03100,2025-12-03,marketplace,credit_card,,14.33,4,delivered,5
A06531,C03104,2025-12-03,marketplace,credit_card,,32.54,18,delivered,
A06532,C03140,2025-12-03,app,credit_card,,15.23,4,delivered,5
A06533,C03156,2025-12-03,site,pix,,18.97,9,delivered,4
A06534,C03234,2025-12-03,app,pix,FRETEGRATIS,0.0,4,delivered,5
A06535,C03238,2025-12-03,marketplace,credit_card,,26.86,11,delivered,
A06536,C03378,2025-12-03,app,pix,FRETEGRATIS,0.0,7,delivered,4
A06537,C03436,2025-12-03,marketplace,boleto,AURORA20,13.31,6,delivered,5
A06538,C03449,2025-12-03,app,boleto,BEMVINDO10,13.71,4,delivered,5
A06539,C03678,2025-12-03,app,credit_card,FRETEGRATIS,0.0,3,delivered,4
A06540,C03679,2025-12-03,site,credit_card,AURORA20,13.65,4,delivered,4
A06541,C03687,2025-12-03,marketplace,credit_card,,15.65,7,delivered,3
A06542,C03725,2025-12-03,app,pix,AURORA20,17.01,3,delivered,
A06543,C03731,2025-12-03,app,pix,AURORA20,25.05,4,delivered,
A06544,C03797,2025-12-03,marketplace,credit_card,,15.06,2,delivered,5
A06545,C03860,2025-12-03,app,credit_card,,15.65,2,delivered,
A06546,C03995,2025-12-03,app,credit_card,,15.3,2,delivered,5
A06547,C04021,2025-12-03,site,credit_card,,12.47,3,delivered,
A06548,C04024,2025-12-03,app,credit_card,AURORA20,25.12,13,returned,
A06549,C04066,2025-12-03,marketplace,credit_card,,29.69,9,delivered,5
A06550,C04067,2025-12-03,site,boleto,,29.14,12,delivered,4
A06551,C04227,2025-12-03,marketplace,credit_card,,15.57,5,delivered,5
A06552,C04552,2025-12-03,marketplace,credit_card,,18.13,4,delivered,4
A06553,C04621,2025-12-03,app,credit_card,,40.78,10,delivered,5
A06554,C04623,2025-12-03,marketplace,credit_card,,25.26,11,delivered,3
A06555,C04634,2025-12-03,site,credit_card,,23.39,9,delivered,
A06556,C04749,2025-12-03,site,credit_card,,33.39,17,delivered,4
A06557,C04754,2025-12-03,site,pix,,13.48,3,delivered,4
A06558,C04809,2025-12-03,marketplace,credit_card,,10.77,1,delivered,4
A06559,C04952,2025-12-03,site,pix,AURORA20,13.4,4,delivered,5
A06560,C00042,2025-12-04,site,pix,AURORA20,16.45,4,delivered,4
A06561,C00120,2025-12-04,marketplace,credit_card,,19.27,5,delivered,5
A06562,C00157,2025-12-04,site,credit_card,,18.57,10,delivered,5
A06563,C00192,2025-12-04,app,pix,,15.12,8,delivered,5
A06564,C00316,2025-12-04,site,credit_card,AURORA20,17.38,5,delivered,
A06565,C00441,2025-12-04,marketplace,credit_card,,12.16,10,delivered,5
A06566,C00473,2025-12-04,marketplace,boleto,AURORA20,31.57,11,delivered,
A06567,C00496,2025-12-04,marketplace,pix,AURORA20,26.49,11,delivered,4
A06568,C00678,2025-12-04,app,pix,,30.05,17,returned,
A06569,C01130,2025-12-04,site,credit_card,,25.01,12,delivered,3
A06570,C01170,2025-12-04,site,credit_card,,14.36,10,delivered,5
A06571,C01233,2025-12-04,app,credit_card,,16.18,4,delivered,5
A06572,C01306,2025-12-04,app,pix,,14.46,2,delivered,5
A06573,C01330,2025-12-04,site,credit_card,AURORA20,17.45,4,delivered,5
A06574,C01373,2025-12-04,marketplace,credit_card,BEMVINDO10,16.16,2,delivered,
A06575,C01417,2025-12-04,site,boleto,,13.51,4,delivered,
A06576,C01467,2025-12-04,site,credit_card,AURORA20,13.27,2,delivered,5
A06577,C01488,2025-12-04,app,credit_card,AURORA20,14.14,3,delivered,4
A06578,C01532,2025-12-04,app,credit_card,,14.54,1,delivered,5
A06579,C01563,2025-12-04,site,credit_card,,8.69,5,delivered,4
A06580,C01722,2025-12-04,marketplace,pix,BEMVINDO10,11.24,3,delivered,5
A06581,C01758,2025-12-04,app,credit_card,BEMVINDO10,31.55,5,delivered,5
A06582,C01863,2025-12-04,app,pix,,12.56,4,delivered,
A06583,C01889,2025-12-04,app,credit_card,,34.66,15,returned,
A06584,C01947,2025-12-04,marketplace,pix,AURORA20,30.4,9,delivered,
A06585,C02064,2025-12-04,app,credit_card,,19.26,,canceled,
A06586,C02069,2025-12-04,site,pix,AURORA20,26.73,13,delivered,
A06587,C02163,2025-12-04,marketplace,boleto,,17.5,4,delivered,5
A06588,C02252,2025-12-04,site,pix,AURORA20,17.58,7,delivered,
A06589,C02315,2025-12-04,app,credit_card,FRETEGRATIS,0.0,17,delivered,2
A06590,C02331,2025-12-04,marketplace,pix,BEMVINDO10,14.68,2,delivered,5
A06591,C02369,2025-12-04,site,boleto,,24.62,6,delivered,4
A06592,C02522,2025-12-04,site,boleto,AURORA20,26.27,9,delivered,
A06593,C02564,2025-12-04,app,boleto,,13.94,5,delivered,5
A06594,C02636,2025-12-04,site,pix,,10.88,2,delivered,5
A06595,C02683,2025-12-04,app,credit_card,,10.77,1,delivered,5
A06596,C02838,2025-12-04,marketplace,credit_card,AURORA20,26.09,8,delivered,4
A06597,C02851,2025-12-04,site,pix,,32.63,13,delivered,4
A06598,C03084,2025-12-04,app,credit_card,,15.12,3,delivered,4
A06599,C03093,2025-12-04,app,credit_card,BEMVINDO10,12.41,10,delivered,
A06600,C03198,2025-12-04,marketplace,boleto,,32.49,7,delivered,3
A06601,C03302,2025-12-04,app,credit_card,AURORA20,27.22,6,delivered,
A06602,C03321,2025-12-04,site,boleto,,15.96,3,delivered,4
A06603,C03470,2025-12-04,app,credit_card,,18.57,4,delivered,4
A06604,C03512,2025-12-04,marketplace,credit_card,,15.79,4,delivered,5
A06605,C03606,2025-12-04,app,pix,,34.31,14,delivered,
A06606,C03621,2025-12-04,site,credit_card,,15.43,5,delivered,4
A06607,C03730,2025-12-04,site,pix,,16.42,4,delivered,
A06608,C03806,2025-12-04,marketplace,boleto,,17.48,,canceled,
A06609,C03837,2025-12-04,site,pix,AURORA20,12.94,4,delivered,3
A06610,C03864,2025-12-04,marketplace,credit_card,BEMVINDO10,35.65,16,delivered,
A06611,C04001,2025-12-04,site,credit_card,AURORA20,13.4,4,delivered,4
A06612,C04086,2025-12-04,app,credit_card,AURORA20,16.91,7,delivered,5
A06613,C04106,2025-12-04,marketplace,boleto,BEMVINDO10,12.93,3,delivered,5
A06614,C04130,2025-12-04,site,credit_card,AURORA20,12.47,6,delivered,4
A06615,C04339,2025-12-04,site,credit_card,,17.41,4,returned,
A06616,C04359,2025-12-04,site,boleto,,14.83,6,delivered,4
A06617,C04459,2025-12-04,site,credit_card,,25.57,14,delivered,4
A06618,C04552,2025-12-04,marketplace,credit_card,,21.56,12,delivered,4
A06619,C04687,2025-12-04,app,pix,AURORA20,36.6,6,delivered,5
A06620,C04820,2025-12-04,marketplace,credit_card,BEMVINDO10,39.46,10,delivered,4
A06621,C00019,2025-12-05,marketplace,credit_card,,27.01,9,delivered,2
A06622,C00040,2025-12-05,site,credit_card,,15.42,2,delivered,
A06623,C00054,2025-12-05,marketplace,credit_card,BEMVINDO10,14.22,3,delivered,5
A06624,C00068,2025-12-05,site,pix,,11.08,3,delivered,5
A06625,C00160,2025-12-05,app,boleto,AURORA20,16.24,4,delivered,5
A06626,C00180,2025-12-05,marketplace,pix,,12.27,5,delivered,4
A06627,C00594,2025-12-05,marketplace,boleto,,32.34,,canceled,
A06628,C00597,2025-12-05,app,pix,,15.43,6,delivered,5
A06629,C00858,2025-12-05,site,pix,BEMVINDO10,34.32,11,delivered,5
A06630,C01198,2025-12-05,site,pix,,12.48,6,delivered,
A06631,C01363,2025-12-05,site,credit_card,FRETEGRATIS,0.0,3,delivered,5
A06632,C01506,2025-12-05,site,credit_card,AURORA20,13.92,5,delivered,5
A06633,C01509,2025-12-05,site,pix,,11.7,6,delivered,4
A06634,C01690,2025-12-05,app,credit_card,AURORA20,33.3,8,delivered,
A06635,C01916,2025-12-05,app,boleto,,11.88,2,delivered,4
A06636,C02219,2025-12-05,site,credit_card,,12.69,7,delivered,4
A06637,C02387,2025-12-05,site,credit_card,,27.9,8,delivered,5
A06638,C02414,2025-12-05,site,credit_card,,28.69,5,returned,
A06639,C02505,2025-12-05,app,credit_card,,13.11,3,delivered,5
A06640,C02568,2025-12-05,app,credit_card,,18.55,6,delivered,5
A06641,C02802,2025-12-05,site,credit_card,,17.77,9,delivered,
A06642,C02872,2025-12-05,app,credit_card,,21.55,5,delivered,4
A06643,C03133,2025-12-05,app,pix,,11.9,5,delivered,4
A06644,C03137,2025-12-05,app,boleto,,15.39,5,delivered,4
A06645,C03167,2025-12-05,app,credit_card,,14.78,6,delivered,4
A06646,C03221,2025-12-05,marketplace,boleto,BEMVINDO10,35.02,17,returned,
A06647,C03311,2025-12-05,site,credit_card,,33.37,7,delivered,3
A06648,C03511,2025-12-05,site,credit_card,AURORA20,9.47,3,delivered,
A06649,C03791,2025-12-05,app,credit_card,,10.84,4,delivered,5
A06650,C03803,2025-12-05,site,pix,,16.58,2,delivered,
A06651,C03855,2025-12-05,app,pix,,16.7,5,delivered,5
A06652,C03902,2025-12-05,app,credit_card,,10.23,7,delivered,5
A06653,C04007,2025-12-05,app,credit_card,,17.17,2,delivered,
A06654,C04152,2025-12-05,app,credit_card,,26.91,8,returned,
A06655,C04441,2025-12-05,marketplace,pix,BEMVINDO10,15.79,3,delivered,5
A06656,C04499,2025-12-05,site,pix,BEMVINDO10,9.33,8,delivered,5
A06657,C04540,2025-12-05,site,pix,AURORA20,23.0,14,delivered,3
A06658,C04582,2025-12-05,app,credit_card,,15.8,2,delivered,4
A06659,C04594,2025-12-05,app,pix,,11.91,6,delivered,
A06660,C04892,2025-12-05,site,credit_card,AURORA20,25.7,6,delivered,4
A06661,C04974,2025-12-05,site,credit_card,AURORA20,29.84,10,delivered,4
A06662,C04995,2025-12-05,site,pix,,11.72,,canceled,
A06663,C00152,2025-12-06,app,pix,,14.34,2,delivered,5
A06664,C00356,2025-12-06,app,pix,FRETEGRATIS,0.0,3,returned,
A06665,C00413,2025-12-06,site,pix,,12.84,,canceled,
A06666,C00424,2025-12-06,app,pix,FRETEGRATIS,0.0,8,delivered,
A06667,C00445,2025-12-06,marketplace,pix,FRETEGRATIS,0.0,3,delivered,
A06668,C00572,2025-12-06,marketplace,credit_card,,12.38,4,delivered,5
A06669,C00584,2025-12-06,marketplace,pix,,23.58,5,returned,
A06670,C00686,2025-12-06,site,credit_card,,25.79,8,delivered,4
A06671,C00775,2025-12-06,site,pix,,18.75,8,delivered,4
A06672,C00779,2025-12-06,site,pix,AURORA20,15.63,2,delivered,4
A06673,C00941,2025-12-06,app,credit_card,,12.05,5,delivered,
A06674,C00946,2025-12-06,site,pix,,10.91,3,delivered,
A06675,C00973,2025-12-06,marketplace,credit_card,,12.76,4,delivered,4
A06676,C00996,2025-12-06,site,credit_card,,14.76,4,delivered,5
A06677,C01267,2025-12-06,site,pix,AURORA20,15.93,4,delivered,
A06678,C01270,2025-12-06,site,pix,,22.34,13,delivered,3
A06679,C01377,2025-12-06,app,credit_card,,22.09,9,delivered,4
A06680,C01429,2025-12-06,marketplace,credit_card,,12.11,2,delivered,
A06681,C01642,2025-12-06,site,credit_card,AURORA20,31.41,11,delivered,3
A06682,C01672,2025-12-06,app,boleto,,22.85,,canceled,
A06683,C01801,2025-12-06,marketplace,credit_card,,22.88,8,delivered,4
A06684,C01813,2025-12-06,site,credit_card,AURORA20,20.2,3,delivered,4
A06685,C01846,2025-12-06,marketplace,pix,,25.29,7,delivered,5
A06686,C02006,2025-12-06,marketplace,credit_card,AURORA20,16.09,7,delivered,3
A06687,C02008,2025-12-06,site,boleto,,16.03,4,delivered,4
A06688,C02193,2025-12-06,marketplace,pix,AURORA20,13.47,3,delivered,5
A06689,C02452,2025-12-06,app,credit_card,,33.84,9,delivered,4
A06690,C02597,2025-12-06,site,credit_card,AURORA20,18.37,4,delivered,5
A06691,C02655,2025-12-06,site,credit_card,AURORA20,31.07,6,delivered,
A06692,C02733,2025-12-06,site,pix,,12.23,3,delivered,
A06693,C02738,2025-12-06,app,pix,AURORA20,15.71,6,delivered,5
A06694,C02864,2025-12-06,app,credit_card,,27.56,28,delivered,2
A06695,C02911,2025-12-06,site,pix,AURORA20,25.6,16,delivered,3
A06696,C02979,2025-12-06,app,credit_card,AURORA20,18.41,8,delivered,
A06697,C03054,2025-12-06,app,boleto,,15.91,3,delivered,
A06698,C03124,2025-12-06,app,pix,,28.12,7,delivered,4
A06699,C03238,2025-12-06,site,credit_card,,27.87,20,delivered,
A06700,C03467,2025-12-06,site,pix,AURORA20,27.11,14,delivered,
A06701,C03471,2025-12-06,app,pix,,20.85,3,delivered,
A06702,C03635,2025-12-06,site,pix,,14.81,2,delivered,
A06703,C03766,2025-12-06,marketplace,credit_card,,32.69,6,delivered,
A06704,C03815,2025-12-06,site,pix,,26.28,16,returned,
A06705,C04000,2025-12-06,site,credit_card,AURORA20,30.46,15,delivered,
A06706,C04008,2025-12-06,site,credit_card,,13.53,4,delivered,5
A06707,C04016,2025-12-06,marketplace,credit_card,,35.35,13,delivered,
A06708,C04052,2025-12-06,site,credit_card,AURORA20,13.69,6,delivered,5
A06709,C04062,2025-12-06,app,credit_card,,14.4,3,delivered,5
A06710,C04108,2025-12-06,site,pix,,13.26,3,delivered,
A06711,C04227,2025-12-06,app,credit_card,AURORA20,15.17,4,delivered,5
A06712,C04262,2025-12-06,site,boleto,AURORA20,40.43,9,delivered,4
A06713,C04271,2025-12-06,marketplace,pix,,26.54,11,delivered,4
A06714,C04274,2025-12-06,marketplace,boleto,,13.96,3,delivered,
A06715,C04447,2025-12-06,marketplace,credit_card,,12.94,3,delivered,5
A06716,C04842,2025-12-06,app,credit_card,BEMVINDO10,26.66,6,delivered,5
A06717,C04885,2025-12-06,site,pix,,11.38,5,delivered,4
A06718,C04895,2025-12-06,app,pix,AURORA20,26.06,9,delivered,4
A06719,C04964,2025-12-06,app,credit_card,,30.4,30,delivered,
A06720,C00087,2025-12-07,site,credit_card,AURORA20,31.5,8,delivered,5
A06721,C00181,2025-12-07,marketplace,credit_card,,11.81,2,delivered,
A06722,C00225,2025-12-07,site,boleto,AURORA20,29.53,10,delivered,4
A06723,C00250,2025-12-07,site,credit_card,,17.11,8,delivered,
A06724,C00279,2025-12-07,app,credit_card,AURORA20,13.72,4,delivered,3
A06725,C00346,2025-12-07,site,pix,,13.1,3,delivered,
A06726,C00364,2025-12-07,site,pix,BEMVINDO10,11.94,2,delivered,
A06727,C00383,2025-12-07,site,pix,AURORA20,27.44,14,delivered,
A06728,C00561,2025-12-07,marketplace,credit_card,,21.91,5,delivered,
A06729,C00670,2025-12-07,site,boleto,,16.25,6,delivered,4
A06730,C00685,2025-12-07,marketplace,boleto,,15.97,3,delivered,4
A06731,C00839,2025-12-07,site,credit_card,,14.94,3,delivered,3
A06732,C00912,2025-12-07,site,boleto,BEMVINDO10,26.58,16,delivered,3
A06733,C01067,2025-12-07,app,credit_card,,32.28,3,delivered,5
A06734,C01120,2025-12-07,site,credit_card,,15.85,5,delivered,4
A06735,C01122,2025-12-07,marketplace,pix,,14.64,8,delivered,
A06736,C01261,2025-12-07,site,pix,,25.84,6,delivered,4
A06737,C01565,2025-12-07,marketplace,pix,,13.98,1,delivered,5
A06738,C01797,2025-12-07,site,credit_card,,17.17,7,delivered,
A06739,C01804,2025-12-07,site,credit_card,AURORA20,11.98,,canceled,
A06740,C01836,2025-12-07,app,credit_card,AURORA20,21.77,3,delivered,4
A06741,C01837,2025-12-07,app,pix,BEMVINDO10,16.51,10,delivered,
A06742,C01879,2025-12-07,app,pix,AURORA20,14.36,4,delivered,4
A06743,C01992,2025-12-07,site,boleto,,17.61,8,delivered,5
A06744,C02021,2025-12-07,site,pix,,13.88,7,delivered,5
A06745,C02058,2025-12-07,site,pix,,16.88,5,delivered,
A06746,C02119,2025-12-07,app,boleto,,18.25,5,delivered,5
A06747,C02464,2025-12-07,marketplace,credit_card,AURORA20,14.54,4,delivered,3
A06748,C02556,2025-12-07,marketplace,pix,,10.52,4,delivered,
A06749,C02736,2025-12-07,app,credit_card,FRETEGRATIS,0.0,18,delivered,3
A06750,C02746,2025-12-07,app,pix,AURORA20,17.15,5,delivered,4
A06751,C02796,2025-12-07,marketplace,pix,,11.34,1,delivered,5
A06752,C02852,2025-12-07,site,credit_card,AURORA20,16.38,9,delivered,
A06753,C02861,2025-12-07,app,pix,,13.48,4,delivered,4
A06754,C02968,2025-12-07,app,credit_card,FRETEGRATIS,0.0,3,delivered,5
A06755,C02990,2025-12-07,app,pix,,18.53,9,delivered,
A06756,C03061,2025-12-07,app,credit_card,AURORA20,13.55,2,delivered,5
A06757,C03104,2025-12-07,marketplace,pix,AURORA20,27.51,12,delivered,
A06758,C03146,2025-12-07,site,credit_card,,24.5,18,delivered,3
A06759,C03211,2025-12-07,marketplace,credit_card,FRETEGRATIS,0.0,6,delivered,4
A06760,C03407,2025-12-07,marketplace,pix,AURORA20,14.59,4,delivered,5
A06761,C03507,2025-12-07,site,boleto,,11.63,5,delivered,
A06762,C03507,2025-12-07,site,credit_card,,13.78,1,delivered,4
A06763,C03507,2025-12-07,site,pix,FRETEGRATIS,0.0,2,delivered,4
A06764,C03557,2025-12-07,site,pix,,26.73,2,delivered,
A06765,C03827,2025-12-07,app,boleto,BEMVINDO10,16.04,4,delivered,5
A06766,C03841,2025-12-07,app,pix,,41.02,20,delivered,3
A06767,C03869,2025-12-07,app,pix,,11.85,6,delivered,
A06768,C03972,2025-12-07,app,credit_card,,15.53,5,delivered,5
A06769,C04068,2025-12-07,marketplace,boleto,,18.75,2,delivered,5
A06770,C04097,2025-12-07,app,credit_card,,22.32,3,delivered,4
A06771,C04166,2025-12-07,site,pix,AURORA20,11.9,3,delivered,5
A06772,C04242,2025-12-07,app,pix,,17.79,6,delivered,5
A06773,C04516,2025-12-07,site,credit_card,,10.92,3,delivered,5
A06774,C04517,2025-12-07,app,boleto,,16.18,4,delivered,
A06775,C04536,2025-12-07,app,pix,,16.36,8,delivered,4
A06776,C04769,2025-12-07,marketplace,pix,AURORA20,11.65,3,delivered,
A06777,C04772,2025-12-07,app,credit_card,,16.59,10,delivered,4
A06778,C00016,2025-12-08,app,pix,,14.45,3,delivered,4
A06779,C00201,2025-12-08,app,boleto,,13.87,10,delivered,5
A06780,C00212,2025-12-08,app,pix,,12.67,4,delivered,
A06781,C00221,2025-12-08,site,credit_card,,13.75,4,delivered,5
A06782,C00393,2025-12-08,app,credit_card,AURORA20,14.35,2,delivered,4
A06783,C00442,2025-12-08,app,boleto,,15.91,3,delivered,4
A06784,C00468,2025-12-08,app,credit_card,,29.15,23,delivered,3
A06785,C00659,2025-12-08,app,pix,,23.8,7,delivered,3
A06786,C00763,2025-12-08,app,credit_card,,13.76,2,delivered,3
A06787,C00832,2025-12-08,app,credit_card,,9.99,3,delivered,4
A06788,C01071,2025-12-08,marketplace,credit_card,,13.94,5,delivered,5
A06789,C01133,2025-12-08,marketplace,credit_card,AURORA20,17.23,3,delivered,5
A06790,C01168,2025-12-08,marketplace,pix,,14.35,4,returned,
A06791,C01220,2025-12-08,app,credit_card,,11.87,1,delivered,
A06792,C01243,2025-12-08,app,pix,,14.48,4,delivered,
A06793,C01322,2025-12-08,marketplace,pix,,23.02,11,delivered,4
A06794,C01367,2025-12-08,site,credit_card,AURORA20,25.21,11,delivered,4
A06795,C01402,2025-12-08,site,boleto,,25.9,9,delivered,4
A06796,C01613,2025-12-08,marketplace,boleto,,15.01,3,delivered,
A06797,C01645,2025-12-08,site,boleto,AURORA20,34.95,25,delivered,2
A06798,C01858,2025-12-08,app,pix,,15.35,4,delivered,5
A06799,C01991,2025-12-08,site,boleto,AURORA20,14.78,4,delivered,
A06800,C01993,2025-12-08,site,credit_card,,11.22,2,delivered,5
A06801,C02194,2025-12-08,marketplace,pix,,34.06,24,delivered,2
A06802,C02282,2025-12-08,app,credit_card,,11.47,5,delivered,4
A06803,C02290,2025-12-08,app,pix,,17.41,4,delivered,4
A06804,C02306,2025-12-08,app,pix,,16.54,6,delivered,5
A06805,C02338,2025-12-08,site,pix,AURORA20,11.22,3,delivered,4
A06806,C02372,2025-12-08,marketplace,credit_card,AURORA20,17.91,4,delivered,5
A06807,C02378,2025-12-08,site,credit_card,AURORA20,14.58,4,delivered,4
A06808,C02399,2025-12-08,app,credit_card,,11.33,4,delivered,
A06809,C02502,2025-12-08,site,pix,,29.56,8,delivered,3
A06810,C02586,2025-12-08,site,credit_card,BEMVINDO10,17.25,6,delivered,
A06811,C02668,2025-12-08,site,credit_card,,40.79,8,delivered,
A06812,C02778,2025-12-08,site,pix,AURORA20,24.45,8,delivered,
A06813,C02909,2025-12-08,site,boleto,FRETEGRATIS,0.0,14,delivered,3
A06814,C02925,2025-12-08,site,pix,,13.37,5,delivered,4
A06815,C03052,2025-12-08,marketplace,pix,AURORA20,21.16,6,delivered,
A06816,C03179,2025-12-08,app,credit_card,,24.09,4,delivered,4
A06817,C03346,2025-12-08,app,credit_card,FRETEGRATIS,0.0,,canceled,
A06818,C03373,2025-12-08,site,credit_card,,26.25,11,delivered,5
A06819,C03522,2025-12-08,site,credit_card,,14.06,5,delivered,4
A06820,C03585,2025-12-08,site,credit_card,,19.14,6,delivered,4
A06821,C03720,2025-12-08,marketplace,pix,,15.19,3,delivered,5
A06822,C03730,2025-12-08,site,pix,AURORA20,14.45,2,delivered,5
A06823,C03813,2025-12-08,app,credit_card,,15.8,6,delivered,5
A06824,C03824,2025-12-08,app,pix,BEMVINDO10,12.92,7,delivered,4
A06825,C03847,2025-12-08,site,credit_card,,10.52,3,delivered,5
A06826,C04052,2025-12-08,site,credit_card,,11.44,4,delivered,3
A06827,C04187,2025-12-08,site,credit_card,,13.21,4,delivered,5
A06828,C04376,2025-12-08,site,boleto,AURORA20,17.19,8,delivered,5
A06829,C04404,2025-12-08,site,credit_card,AURORA20,12.91,9,delivered,4
A06830,C04422,2025-12-08,app,boleto,,16.49,3,delivered,5
A06831,C04430,2025-12-08,app,boleto,AURORA20,21.4,11,delivered,3
A06832,C04467,2025-12-08,site,pix,,21.79,3,delivered,5
A06833,C04493,2025-12-08,app,pix,,39.91,20,delivered,
A06834,C04746,2025-12-08,marketplace,credit_card,,13.56,3,delivered,4
A06835,C04799,2025-12-08,app,pix,,28.17,7,delivered,4
A06836,C04856,2025-12-08,site,pix,,19.1,5,delivered,5
A06837,C04972,2025-12-08,site,pix,,38.33,19,returned,
A06838,C00070,2025-12-09,site,pix,,23.16,7,delivered,
A06839,C00149,2025-12-09,marketplace,credit_card,,23.88,9,delivered,5
A06840,C00206,2025-12-09,site,pix,AURORA20,18.48,2,delivered,5
A06841,C00365,2025-12-09,site,pix,AURORA20,27.9,16,delivered,3
A06842,C00372,2025-12-09,app,credit_card,BEMVINDO10,33.43,10,delivered,4
A06843,C00394,2025-12-09,marketplace,pix,,28.15,9,delivered,4
A06844,C00441,2025-12-09,marketplace,boleto,,10.07,1,delivered,5
A06845,C00488,2025-12-09,app,pix,,40.65,6,delivered,4
A06846,C00610,2025-12-09,app,pix,,13.25,3,delivered,5
A06847,C00710,2025-12-09,app,credit_card,BEMVINDO10,16.91,3,delivered,5
A06848,C00792,2025-12-09,site,boleto,,18.52,,canceled,
A06849,C01001,2025-12-09,app,credit_card,,13.73,6,delivered,5
A06850,C01019,2025-12-09,app,credit_card,,15.11,3,delivered,5
A06851,C01021,2025-12-09,app,pix,,24.76,7,delivered,
A06852,C01322,2025-12-09,app,credit_card,,18.93,9,delivered,3
A06853,C01437,2025-12-09,marketplace,credit_card,,14.31,4,delivered,
A06854,C01447,2025-12-09,app,pix,,11.79,4,delivered,4
A06855,C01494,2025-12-09,app,pix,,12.74,2,delivered,4
A06856,C01540,2025-12-09,marketplace,credit_card,AURORA20,34.84,13,delivered,4
A06857,C01547,2025-12-09,marketplace,pix,,28.44,7,delivered,4
A06858,C01575,2025-12-09,app,credit_card,AURORA20,13.88,4,delivered,5
A06859,C01664,2025-12-09,marketplace,credit_card,,19.97,12,delivered,4
A06860,C01709,2025-12-09,app,pix,,12.08,9,delivered,3
A06861,C01717,2025-12-09,app,pix,AURORA20,13.99,4,delivered,
A06862,C01922,2025-12-09,marketplace,pix,AURORA20,16.54,3,delivered,
A06863,C02002,2025-12-09,marketplace,credit_card,,28.78,13,delivered,
A06864,C02044,2025-12-09,app,boleto,,27.15,,canceled,
A06865,C02354,2025-12-09,app,credit_card,,21.62,4,delivered,5
A06866,C02399,2025-12-09,app,credit_card,,9.67,4,delivered,
A06867,C02479,2025-12-09,site,credit_card,,12.54,3,delivered,4
A06868,C02485,2025-12-09,site,pix,,15.7,2,delivered,5
A06869,C02569,2025-12-09,site,credit_card,,25.96,9,delivered,5
A06870,C02642,2025-12-09,app,credit_card,,12.9,2,delivered,5
A06871,C02661,2025-12-09,app,credit_card,,14.26,4,delivered,
A06872,C02692,2025-12-09,site,pix,FRETEGRATIS,0.0,4,delivered,3
A06873,C02696,2025-12-09,marketplace,pix,,38.71,17,delivered,3
A06874,C02723,2025-12-09,app,pix,AURORA20,32.34,17,returned,
A06875,C02732,2025-12-09,app,pix,,14.38,4,delivered,5
A06876,C02857,2025-12-09,app,pix,,25.53,13,delivered,
A06877,C03000,2025-12-09,marketplace,credit_card,AURORA20,12.16,3,delivered,4
A06878,C03028,2025-12-09,site,pix,BEMVINDO10,13.76,5,delivered,5
A06879,C03107,2025-12-09,app,credit_card,BEMVINDO10,37.37,13,delivered,
A06880,C03164,2025-12-09,app,credit_card,AURORA20,30.65,16,delivered,3
A06881,C03167,2025-12-09,site,credit_card,AURORA20,11.51,5,delivered,5
A06882,C03223,2025-12-09,app,credit_card,,19.78,6,returned,
A06883,C03234,2025-12-09,app,pix,,15.44,3,delivered,5
A06884,C03238,2025-12-09,site,pix,AURORA20,26.4,5,delivered,5
A06885,C03242,2025-12-09,site,credit_card,,16.65,5,delivered,4
A06886,C03402,2025-12-09,site,pix,AURORA20,13.12,4,delivered,4
A06887,C03427,2025-12-09,site,pix,,21.14,7,delivered,3
A06888,C03493,2025-12-09,site,boleto,,22.11,,canceled,
A06889,C03578,2025-12-09,app,boleto,,20.56,,canceled,
A06890,C03657,2025-12-09,marketplace,pix,AURORA20,30.38,9,delivered,
A06891,C03823,2025-12-09,app,credit_card,AURORA20,31.33,13,delivered,3
A06892,C04062,2025-12-09,app,pix,,14.32,6,delivered,
A06893,C04179,2025-12-09,site,pix,AURORA20,27.27,17,delivered,
A06894,C04236,2025-12-09,site,credit_card,,14.67,4,delivered,
A06895,C04366,2025-12-09,marketplace,pix,,19.72,9,delivered,
A06896,C04413,2025-12-09,site,pix,,31.89,13,delivered,
A06897,C04488,2025-12-09,app,credit_card,AURORA20,33.04,6,delivered,4
A06898,C04495,2025-12-09,site,pix,,14.78,6,delivered,5
A06899,C04603,2025-12-09,app,credit_card,AURORA20,26.93,22,delivered,3
A06900,C04871,2025-12-09,site,pix,,20.36,13,delivered,
A06901,C00005,2025-12-10,site,boleto,,17.19,6,delivered,5
A06902,C00080,2025-12-10,marketplace,boleto,,19.06,5,delivered,5
A06903,C00263,2025-12-10,site,credit_card,AURORA20,19.55,3,delivered,3
A06904,C00471,2025-12-10,site,boleto,FRETEGRATIS,0.0,4,delivered,5
A06905,C00500,2025-12-10,site,pix,,14.65,2,delivered,5
A06906,C00732,2025-12-10,app,credit_card,,23.03,5,delivered,5
A06907,C00776,2025-12-10,app,credit_card,BEMVINDO10,27.87,18,delivered,3
A06908,C01013,2025-12-10,marketplace,credit_card,,12.91,8,delivered,5
A06909,C01234,2025-12-10,site,credit_card,FRETEGRATIS,0.0,4,delivered,5
A06910,C01243,2025-12-10,app,pix,,11.48,6,delivered,5
A06911,C01261,2025-12-10,site,pix,AURORA20,27.61,8,delivered,
A06912,C01394,2025-12-10,site,pix,,36.39,6,delivered,4
A06913,C01413,2025-12-10,app,pix,,26.02,6,delivered,5
A06914,C01431,2025-12-10,app,credit_card,,14.56,5,delivered,5
A06915,C01435,2025-12-10,marketplace,credit_card,,18.88,,canceled,
A06916,C01474,2025-12-10,site,pix,BEMVINDO10,15.44,2,delivered,4
A06917,C01537,2025-12-10,app,pix,,17.77,6,delivered,5
A06918,C01556,2025-12-10,site,pix,,31.46,8,delivered,3
A06919,C01796,2025-12-10,site,pix,AURORA20,12.77,4,delivered,5
A06920,C01800,2025-12-10,app,pix,,17.45,4,delivered,5
A06921,C02228,2025-12-10,site,pix,,14.25,3,delivered,
A06922,C02242,2025-12-10,marketplace,pix,,11.72,2,delivered,
A06923,C02334,2025-12-10,app,boleto,,18.77,4,delivered,
A06924,C02368,2025-12-10,site,credit_card,AURORA20,12.64,3,delivered,
A06925,C02508,2025-12-10,site,pix,AURORA20,18.73,4,delivered,4
A06926,C02535,2025-12-10,app,pix,,34.06,9,delivered,5
A06927,C02563,2025-12-10,site,pix,AURORA20,29.04,11,returned,
A06928,C02635,2025-12-10,app,credit_card,,13.07,4,delivered,
A06929,C02670,2025-12-10,app,credit_card,,11.14,3,delivered,4
A06930,C02955,2025-12-10,marketplace,pix,,14.1,3,delivered,5
A06931,C03129,2025-12-10,site,pix,AURORA20,31.78,5,delivered,
A06932,C03162,2025-12-10,marketplace,boleto,,15.84,4,delivered,4
A06933,C03359,2025-12-10,app,pix,,10.53,3,delivered,
A06934,C03425,2025-12-10,site,credit_card,AURORA20,29.65,16,delivered,3
A06935,C03455,2025-12-10,site,pix,,14.1,4,delivered,5
A06936,C03633,2025-12-10,marketplace,pix,,15.64,7,delivered,
A06937,C03650,2025-12-10,marketplace,pix,,39.22,19,delivered,3
A06938,C03988,2025-12-10,site,boleto,BEMVINDO10,18.2,6,delivered,4
A06939,C04060,2025-12-10,app,credit_card,,16.54,3,delivered,
A06940,C04124,2025-12-10,app,credit_card,,19.5,5,delivered,
A06941,C04567,2025-12-10,marketplace,credit_card,,12.53,5,delivered,4
A06942,C04591,2025-12-10,site,pix,,13.49,4,delivered,
A06943,C04693,2025-12-10,app,pix,AURORA20,15.77,3,delivered,5
A06944,C04755,2025-12-10,marketplace,pix,,32.34,6,delivered,
A06945,C04894,2025-12-10,site,boleto,,13.69,4,delivered,
A06946,C04914,2025-12-10,app,pix,,23.21,4,delivered,3
A06947,C04936,2025-12-10,site,credit_card,,30.9,4,delivered,
A06948,C04965,2025-12-10,app,credit_card,,23.39,8,delivered,
A06949,C04991,2025-12-10,app,pix,,11.99,5,delivered,4
A06950,C00040,2025-12-11,site,pix,FRETEGRATIS,0.0,3,delivered,5
A06951,C00057,2025-12-11,site,credit_card,,17.25,6,delivered,3
A06952,C00161,2025-12-11,site,boleto,,29.95,11,delivered,4
A06953,C00205,2025-12-11,site,credit_card,,15.72,4,delivered,4
A06954,C00419,2025-12-11,site,credit_card,AURORA20,15.25,3,delivered,5
A06955,C00457,2025-12-11,site,credit_card,AURORA20,12.87,5,delivered,
A06956,C00513,2025-12-11,app,credit_card,AURORA20,21.49,3,delivered,5
A06957,C00619,2025-12-11,marketplace,pix,,11.31,5,delivered,5
A06958,C01106,2025-12-11,site,pix,,30.25,8,delivered,5
A06959,C01202,2025-12-11,app,pix,,24.27,13,delivered,4
A06960,C01243,2025-12-11,app,credit_card,,13.69,5,delivered,
A06961,C01264,2025-12-11,app,pix,AURORA20,26.37,26,delivered,2
A06962,C01270,2025-12-11,site,credit_card,,30.18,12,delivered,4
A06963,C01304,2025-12-11,site,credit_card,,11.44,2,delivered,
A06964,C01336,2025-12-11,app,boleto,,9.76,4,delivered,5
A06965,C01389,2025-12-11,site,pix,BEMVINDO10,31.89,9,delivered,4
A06966,C01643,2025-12-11,marketplace,credit_card,FRETEGRATIS,0.0,3,delivered,4
A06967,C01713,2025-12-11,marketplace,credit_card,,22.23,9,delivered,
A06968,C01833,2025-12-11,app,pix,,15.02,4,delivered,5
A06969,C01936,2025-12-11,app,pix,,26.99,5,delivered,4
A06970,C02065,2025-12-11,site,boleto,,15.28,3,delivered,
A06971,C02068,2025-12-11,site,credit_card,,17.39,3,delivered,
A06972,C02162,2025-12-11,marketplace,pix,,25.12,10,delivered,5
A06973,C02392,2025-12-11,site,boleto,AURORA20,12.3,4,delivered,5
A06974,C02446,2025-12-11,marketplace,boleto,,13.55,2,delivered,5
A06975,C02469,2025-12-11,marketplace,credit_card,BEMVINDO10,31.85,9,delivered,
A06976,C02515,2025-12-11,marketplace,pix,,21.28,11,delivered,4
A06977,C02782,2025-12-11,site,boleto,FRETEGRATIS,0.0,6,delivered,5
A06978,C03023,2025-12-11,site,credit_card,,14.12,3,delivered,5
A06979,C03067,2025-12-11,app,credit_card,,18.09,16,delivered,
A06980,C03071,2025-12-11,app,credit_card,,34.41,19,delivered,
A06981,C03150,2025-12-11,site,credit_card,,12.66,2,delivered,4
A06982,C03224,2025-12-11,site,pix,,23.83,5,delivered,4
A06983,C03462,2025-12-11,site,credit_card,,16.25,3,delivered,5
A06984,C03498,2025-12-11,app,credit_card,,30.0,12,delivered,
A06985,C03508,2025-12-11,marketplace,pix,,20.39,5,delivered,
A06986,C03573,2025-12-11,marketplace,pix,AURORA20,26.12,21,delivered,2
A06987,C03711,2025-12-11,marketplace,credit_card,,26.65,9,delivered,4
A06988,C03872,2025-12-11,site,pix,BEMVINDO10,31.68,14,delivered,4
A06989,C03882,2025-12-11,app,pix,,17.49,5,delivered,5
A06990,C04161,2025-12-11,site,pix,,16.62,6,delivered,
A06991,C04208,2025-12-11,app,pix,,15.11,6,delivered,5
A06992,C04301,2025-12-11,app,boleto,,21.9,,canceled,
A06993,C04486,2025-12-11,site,pix,,13.36,3,delivered,5
A06994,C04611,2025-12-11,app,boleto,,21.64,11,delivered,
A06995,C04681,2025-12-11,site,credit_card,BEMVINDO10,21.26,6,delivered,5
A06996,C04798,2025-12-11,site,boleto,,26.48,14,returned,
A06997,C04827,2025-12-11,site,pix,,21.85,23,delivered,1
A06998,C04920,2025-12-11,app,pix,,11.82,5,delivered,5
A06999,C04930,2025-12-11,marketplace,credit_card,,16.31,5,delivered,
A07000,C00188,2025-12-12,app,boleto,,12.67,4,delivered,5
A07001,C00411,2025-12-12,marketplace,boleto,AURORA20,13.41,,canceled,
A07002,C00436,2025-12-12,site,credit_card,AURORA20,19.32,8,delivered,
A07003,C00558,2025-12-12,marketplace,boleto,,32.24,7,delivered,5
A07004,C00622,2025-12-12,site,pix,,17.13,6,delivered,5
A07005,C00643,2025-12-12,site,pix,AURORA20,15.52,4,returned,
A07006,C00647,2025-12-12,app,pix,,23.54,8,delivered,4
A07007,C00669,2025-12-12,site,pix,AURORA20,21.83,12,delivered,
A07008,C00710,2025-12-12,app,credit_card,AURORA20,16.0,3,delivered,
A07009,C00910,2025-12-12,app,pix,BEMVINDO10,11.07,5,delivered,4
A07010,C00934,2025-12-12,site,credit_card,,24.1,9,delivered,
A07011,C01055,2025-12-12,marketplace,boleto,BEMVINDO10,27.04,3,delivered,
A07012,C01228,2025-12-12,site,pix,,16.9,5,delivered,5
A07013,C01313,2025-12-12,site,credit_card,,21.43,10,delivered,4
A07014,C01410,2025-12-12,site,credit_card,AURORA20,23.82,15,delivered,
A07015,C01442,2025-12-12,app,pix,AURORA20,30.07,10,delivered,
A07016,C01529,2025-12-12,site,pix,AURORA20,32.09,6,delivered,4
A07017,C01567,2025-12-12,site,credit_card,,19.26,7,delivered,4
A07018,C01577,2025-12-12,site,credit_card,AURORA20,15.52,3,delivered,5
A07019,C01607,2025-12-12,marketplace,credit_card,,22.63,5,delivered,5
A07020,C01699,2025-12-12,site,credit_card,,15.27,3,delivered,5
A07021,C01756,2025-12-12,site,pix,AURORA20,18.73,2,delivered,4
A07022,C01781,2025-12-12,site,pix,AURORA20,12.87,5,delivered,4
A07023,C01790,2025-12-12,app,boleto,,25.64,,canceled,
A07024,C01905,2025-12-12,marketplace,credit_card,AURORA20,31.3,14,delivered,4
A07025,C02033,2025-12-12,marketplace,credit_card,,10.58,3,delivered,5
A07026,C02057,2025-12-12,site,pix,,26.65,10,delivered,
A07027,C02132,2025-12-12,app,credit_card,,19.18,12,delivered,3
A07028,C02566,2025-12-12,app,pix,BEMVINDO10,30.39,19,delivered,3
A07029,C02575,2025-12-12,site,pix,,17.08,9,delivered,
A07030,C02867,2025-12-12,site,pix,,32.89,13,delivered,5
A07031,C02950,2025-12-12,site,boleto,,13.35,7,delivered,5
A07032,C02951,2025-12-12,marketplace,pix,,11.4,4,delivered,5
A07033,C02962,2025-12-12,marketplace,pix,,30.4,10,delivered,
A07034,C02974,2025-12-12,site,credit_card,,15.98,3,delivered,
A07035,C03050,2025-12-12,site,credit_card,,18.88,4,delivered,3
A07036,C03099,2025-12-12,marketplace,pix,,23.98,13,delivered,3
A07037,C03145,2025-12-12,app,pix,,14.62,4,delivered,5
A07038,C03184,2025-12-12,app,credit_card,,23.76,5,delivered,5
A07039,C03192,2025-12-12,site,pix,AURORA20,16.27,7,delivered,4
A07040,C03234,2025-12-12,app,credit_card,,13.52,4,delivered,4
A07041,C03598,2025-12-12,site,credit_card,,29.44,9,delivered,4
A07042,C03674,2025-12-12,site,credit_card,,18.65,3,delivered,4
A07043,C03692,2025-12-12,site,credit_card,AURORA20,15.54,2,delivered,4
A07044,C03783,2025-12-12,site,pix,,12.11,4,delivered,
A07045,C03885,2025-12-12,app,pix,,22.89,12,delivered,4
A07046,C04004,2025-12-12,site,credit_card,AURORA20,30.62,17,delivered,
A07047,C04131,2025-12-12,app,credit_card,,13.25,5,delivered,4
A07048,C04146,2025-12-12,site,credit_card,AURORA20,13.44,2,delivered,
A07049,C04154,2025-12-12,site,pix,,14.23,5,delivered,5
A07050,C04172,2025-12-12,site,credit_card,AURORA20,12.22,5,delivered,5
A07051,C04440,2025-12-12,site,credit_card,BEMVINDO10,27.88,7,delivered,5
A07052,C04485,2025-12-12,site,pix,BEMVINDO10,29.63,12,delivered,4
A07053,C04503,2025-12-12,app,pix,,18.26,4,delivered,5
A07054,C04868,2025-12-12,app,pix,,27.1,22,delivered,2
A07055,C04879,2025-12-12,marketplace,pix,AURORA20,9.4,4,delivered,5
A07056,C04923,2025-12-12,site,boleto,,27.94,12,delivered,5
A07057,C00040,2025-12-13,site,pix,AURORA20,18.43,7,delivered,3
A07058,C00129,2025-12-13,marketplace,pix,BEMVINDO10,18.21,4,delivered,4
A07059,C00284,2025-12-13,marketplace,credit_card,,11.88,4,delivered,
A07060,C00514,2025-12-13,site,credit_card,,29.4,10,delivered,4
A07061,C00597,2025-12-13,site,boleto,AURORA20,19.73,,canceled,
A07062,C00727,2025-12-13,app,pix,,23.55,10,delivered,3
A07063,C00941,2025-12-13,app,credit_card,,13.89,6,delivered,4
A07064,C00964,2025-12-13,marketplace,boleto,,13.93,9,delivered,2
A07065,C01140,2025-12-13,site,credit_card,,15.82,7,delivered,3
A07066,C01167,2025-12-13,app,pix,,12.66,5,delivered,
A07067,C01194,2025-12-13,site,credit_card,BEMVINDO10,26.7,24,delivered,1
A07068,C01292,2025-12-13,marketplace,credit_card,,13.87,5,delivered,4
A07069,C01494,2025-12-13,site,credit_card,,15.41,6,delivered,4
A07070,C01514,2025-12-13,site,credit_card,,16.84,3,delivered,4
A07071,C01533,2025-12-13,app,credit_card,,28.74,6,delivered,5
A07072,C01869,2025-12-13,site,pix,AURORA20,14.03,7,delivered,
A07073,C01983,2025-12-13,site,pix,,38.13,15,delivered,3
A07074,C02237,2025-12-13,app,credit_card,,14.47,3,delivered,4
A07075,C02326,2025-12-13,app,credit_card,,29.01,6,delivered,
A07076,C02501,2025-12-13,site,credit_card,,18.46,3,delivered,
A07077,C02638,2025-12-13,site,credit_card,,13.67,3,delivered,
A07078,C02709,2025-12-13,app,pix,,28.72,21,delivered,
A07079,C02779,2025-12-13,site,boleto,,14.85,4,delivered,5
A07080,C02997,2025-12-13,app,credit_card,,25.06,6,delivered,4
A07081,C03152,2025-12-13,site,pix,AURORA20,19.53,4,delivered,
A07082,C03233,2025-12-13,marketplace,pix,,15.92,4,delivered,5
A07083,C03298,2025-12-13,marketplace,pix,AURORA20,12.71,6,delivered,5
A07084,C03413,2025-12-13,app,credit_card,,13.43,4,delivered,5
A07085,C03416,2025-12-13,site,credit_card,,11.7,7,delivered,
A07086,C03438,2025-12-13,app,pix,,16.77,7,delivered,
A07087,C03474,2025-12-13,app,pix,,16.73,7,delivered,4
A07088,C03552,2025-12-13,app,credit_card,,13.2,4,delivered,
A07089,C03646,2025-12-13,app,boleto,BEMVINDO10,16.32,6,delivered,
A07090,C03805,2025-12-13,site,credit_card,,27.27,6,delivered,4
A07091,C03892,2025-12-13,marketplace,credit_card,AURORA20,17.31,3,delivered,
A07092,C03922,2025-12-13,site,credit_card,AURORA20,15.24,3,delivered,4
A07093,C04079,2025-12-13,app,pix,,13.46,4,delivered,
A07094,C04130,2025-12-13,site,boleto,AURORA20,15.75,3,delivered,4
A07095,C04273,2025-12-13,site,pix,,25.82,20,delivered,1
A07096,C04425,2025-12-13,app,pix,,29.06,10,delivered,4
A07097,C04550,2025-12-13,marketplace,pix,,16.66,3,delivered,
A07098,C04741,2025-12-13,site,pix,AURORA20,16.29,3,delivered,4
A07099,C04759,2025-12-13,site,credit_card,FRETEGRATIS,0.0,5,delivered,5
A07100,C04796,2025-12-13,marketplace,credit_card,,13.53,3,delivered,
A07101,C00031,2025-12-14,marketplace,credit_card,AURORA20,13.57,2,delivered,5
A07102,C00247,2025-12-14,site,pix,,14.55,,canceled,
A07103,C00359,2025-12-14,site,pix,FRETEGRATIS,0.0,3,delivered,4
A07104,C00374,2025-12-14,app,pix,AURORA20,23.24,14,delivered,
A07105,C00451,2025-12-14,marketplace,pix,,13.87,7,returned,
A07106,C00698,2025-12-14,app,credit_card,BEMVINDO10,37.69,25,delivered,2
A07107,C00719,2025-12-14,site,boleto,BEMVINDO10,13.75,6,delivered,4
A07108,C00935,2025-12-14,site,pix,,30.05,9,delivered,4
A07109,C01027,2025-12-14,marketplace,pix,,17.36,3,delivered,4
A07110,C01172,2025-12-14,marketplace,boleto,,15.81,4,delivered,5
A07111,C01212,2025-12-14,marketplace,pix,,24.53,9,delivered,
A07112,C01275,2025-12-14,app,credit_card,BEMVINDO10,12.71,2,delivered,5
A07113,C01306,2025-12-14,app,pix,,12.68,3,delivered,
A07114,C01317,2025-12-14,marketplace,credit_card,,13.48,3,delivered,3
A07115,C01353,2025-12-14,site,pix,,23.12,2,delivered,4
A07116,C01396,2025-12-14,site,credit_card,AURORA20,11.42,3,returned,
A07117,C01418,2025-12-14,site,credit_card,BEMVINDO10,25.29,9,delivered,5
A07118,C01507,2025-12-14,app,pix,,17.62,9,delivered,2
A07119,C01522,2025-12-14,app,credit_card,,15.79,4,delivered,4
A07120,C01610,2025-12-14,site,credit_card,,17.67,2,returned,
A07121,C01628,2025-12-14,site,credit_card,,17.54,4,delivered,5
A07122,C01634,2025-12-14,site,credit_card,AURORA20,31.67,8,delivered,
A07123,C01659,2025-12-14,site,pix,,12.99,2,delivered,4
A07124,C01894,2025-12-14,app,pix,,15.83,6,delivered,
A07125,C02082,2025-12-14,site,pix,,20.09,7,delivered,3
A07126,C02400,2025-12-14,site,credit_card,,27.77,18,delivered,3
A07127,C02467,2025-12-14,site,credit_card,,16.83,5,delivered,5
A07128,C02538,2025-12-14,app,credit_card,,14.73,3,delivered,
A07129,C02849,2025-12-14,marketplace,credit_card,,16.4,3,delivered,
A07130,C02894,2025-12-14,app,credit_card,FRETEGRATIS,0.0,8,delivered,
A07131,C03168,2025-12-14,site,pix,,18.14,9,delivered,5
A07132,C03168,2025-12-14,site,pix,FRETEGRATIS,0.0,6,delivered,
A07133,C03189,2025-12-14,site,credit_card,AURORA20,11.2,4,delivered,5
A07134,C03209,2025-12-14,site,pix,,26.11,11,delivered,
A07135,C03238,2025-12-14,site,credit_card,,27.91,4,delivered,
A07136,C03305,2025-12-14,app,credit_card,,27.41,15,delivered,
A07137,C03807,2025-12-14,marketplace,credit_card,BEMVINDO10,16.77,,canceled,
A07138,C03845,2025-12-14,marketplace,pix,AURORA20,19.06,3,delivered,5
A07139,C03937,2025-12-14,site,pix,,14.13,2,delivered,
A07140,C04095,2025-12-14,site,credit_card,,22.04,9,delivered,
A07141,C04134,2025-12-14,app,pix,,14.92,3,delivered,4
A07142,C04165,2025-12-14,app,pix,AURORA20,15.1,3,delivered,5
A07143,C04192,2025-12-14,app,pix,AURORA20,17.16,3,delivered,5
A07144,C04307,2025-12-14,site,credit_card,,37.16,8,delivered,3
A07145,C04376,2025-12-14,site,pix,,21.74,6,delivered,
A07146,C04446,2025-12-14,site,credit_card,,14.96,10,delivered,4
A07147,C04475,2025-12-14,site,credit_card,,10.07,6,delivered,4
A07148,C04477,2025-12-14,app,pix,AURORA20,10.48,3,delivered,
A07149,C04717,2025-12-14,site,credit_card,BEMVINDO10,14.76,4,delivered,4
A07150,C04744,2025-12-14,app,pix,,19.2,11,delivered,
A07151,C04745,2025-12-14,site,credit_card,AURORA20,28.84,11,delivered,
A07152,C04940,2025-12-14,marketplace,credit_card,,15.13,4,delivered,
A07153,C04949,2025-12-14,marketplace,pix,,17.72,4,returned,
A07154,C00101,2025-12-15,site,pix,BEMVINDO10,36.5,12,delivered,4
A07155,C00300,2025-12-15,marketplace,pix,,29.03,11,delivered,
A07156,C00426,2025-12-15,app,credit_card,AURORA20,14.36,6,delivered,4
A07157,C00427,2025-12-15,app,pix,,33.41,13,delivered,
A07158,C00508,2025-12-15,site,credit_card,,16.78,5,delivered,4
A07159,C00542,2025-12-15,app,credit_card,,27.04,10,delivered,
A07160,C00571,2025-12-15,app,pix,,15.04,7,delivered,
A07161,C00574,2025-12-15,site,pix,AURORA20,18.76,4,delivered,5
A07162,C00660,2025-12-15,app,credit_card,,20.98,5,delivered,
A07163,C00692,2025-12-15,marketplace,pix,AURORA20,14.01,3,delivered,4
A07164,C00812,2025-12-15,marketplace,boleto,,10.57,4,delivered,5
A07165,C00877,2025-12-15,app,credit_card,,30.77,11,delivered,3
A07166,C01002,2025-12-15,app,boleto,AURORA20,15.11,7,delivered,4
A07167,C01415,2025-12-15,app,pix,,16.18,3,delivered,5
A07168,C01422,2025-12-15,app,credit_card,,18.8,7,delivered,
A07169,C01740,2025-12-15,marketplace,pix,,13.73,2,delivered,5
A07170,C01763,2025-12-15,marketplace,credit_card,,13.93,2,delivered,4
A07171,C01794,2025-12-15,app,credit_card,,16.92,3,delivered,5
A07172,C02032,2025-12-15,app,credit_card,,19.07,5,delivered,4
A07173,C02080,2025-12-15,site,credit_card,,15.27,4,delivered,4
A07174,C02091,2025-12-15,site,pix,,25.55,3,delivered,5
A07175,C02151,2025-12-15,app,credit_card,,20.79,7,delivered,3
A07176,C02247,2025-12-15,site,credit_card,AURORA20,18.87,8,delivered,4
A07177,C02385,2025-12-15,site,pix,,13.11,3,delivered,5
A07178,C02408,2025-12-15,app,pix,,14.28,4,delivered,4
A07179,C02419,2025-12-15,site,credit_card,AURORA20,12.04,4,delivered,4
A07180,C02550,2025-12-15,site,pix,FRETEGRATIS,0.0,5,delivered,5
A07181,C02558,2025-12-15,site,boleto,AURORA20,12.09,3,delivered,3
A07182,C02595,2025-12-15,site,credit_card,,14.33,2,delivered,5
A07183,C02597,2025-12-15,site,pix,,21.55,8,delivered,4
A07184,C02681,2025-12-15,site,credit_card,,17.44,7,delivered,5
A07185,C02808,2025-12-15,app,credit_card,FRETEGRATIS,0.0,,canceled,
A07186,C02989,2025-12-15,marketplace,credit_card,AURORA20,18.65,5,delivered,4
A07187,C03094,2025-12-15,app,credit_card,,17.31,3,delivered,4
A07188,C03168,2025-12-15,site,pix,,21.97,3,delivered,
A07189,C03204,2025-12-15,marketplace,credit_card,,15.6,5,delivered,4
A07190,C03223,2025-12-15,app,credit_card,,20.41,14,delivered,
A07191,C03228,2025-12-15,site,credit_card,,36.29,13,delivered,4
A07192,C03254,2025-12-15,site,pix,,22.22,13,delivered,
A07193,C03296,2025-12-15,app,pix,,11.81,,canceled,
A07194,C03327,2025-12-15,marketplace,credit_card,BEMVINDO10,14.73,4,delivered,5
A07195,C03410,2025-12-15,app,pix,,21.1,9,delivered,4
A07196,C03505,2025-12-15,site,credit_card,BEMVINDO10,25.13,4,delivered,5
A07197,C03584,2025-12-15,app,pix,,12.56,8,delivered,3
A07198,C03625,2025-12-15,site,credit_card,,26.58,10,delivered,3
A07199,C03893,2025-12-15,app,pix,,15.24,2,delivered,5
A07200,C03985,2025-12-15,marketplace,pix,,17.2,9,delivered,5
A07201,C04076,2025-12-15,marketplace,credit_card,,16.74,3,delivered,5
A07202,C04077,2025-12-15,marketplace,credit_card,,16.78,4,delivered,3
A07203,C04093,2025-12-15,app,credit_card,AURORA20,13.87,5,delivered,4
A07204,C04239,2025-12-15,site,boleto,,18.78,6,delivered,5
A07205,C04292,2025-12-15,site,credit_card,,22.07,6,delivered,
A07206,C04318,2025-12-15,site,boleto,,15.44,4,delivered,5
A07207,C04361,2025-12-15,site,boleto,,33.06,13,delivered,4
A07208,C04383,2025-12-15,site,credit_card,,21.63,9,delivered,
A07209,C04545,2025-12-15,app,pix,,13.06,5,delivered,
A07210,C04632,2025-12-15,site,pix,AURORA20,13.26,4,delivered,5
A07211,C04757,2025-12-15,site,pix,FRETEGRATIS,0.0,4,delivered,5
A07212,C04930,2025-12-15,marketplace,credit_card,,16.36,3,delivered,
A07213,C00052,2025-12-16,site,pix,,15.62,4,delivered,4
A07214,C00127,2025-12-16,app,credit_card,,15.01,5,delivered,5
A07215,C00323,2025-12-16,app,credit_card,,25.78,7,delivered,
A07216,C00367,2025-12-16,site,credit_card,AURORA20,23.54,7,delivered,4
A07217,C00423,2025-12-16,site,credit_card,,16.28,2,delivered,3
A07218,C00433,2025-12-16,site,pix,AURORA20,34.19,12,delivered,3
A07219,C00467,2025-12-16,site,credit_card,AURORA20,16.71,,canceled,
A07220,C00507,2025-12-16,site,boleto,AURORA20,19.96,11,delivered,5
A07221,C00564,2025-12-16,marketplace,credit_card,,12.12,4,delivered,5
A07222,C00638,2025-12-16,site,credit_card,,28.07,,canceled,
A07223,C00642,2025-12-16,app,pix,,17.64,6,delivered,
A07224,C00725,2025-12-16,marketplace,pix,BEMVINDO10,21.01,3,delivered,5
A07225,C00731,2025-12-16,app,pix,,16.82,7,delivered,4
A07226,C00750,2025-12-16,app,pix,FRETEGRATIS,0.0,12,delivered,
A07227,C00873,2025-12-16,site,credit_card,AURORA20,24.4,4,delivered,4
A07228,C00987,2025-12-16,app,credit_card,,19.77,3,delivered,5
A07229,C00999,2025-12-16,site,boleto,,33.82,,canceled,
A07230,C01123,2025-12-16,app,credit_card,,11.31,3,delivered,5
A07231,C01308,2025-12-16,site,pix,,14.29,5,delivered,
A07232,C01327,2025-12-16,site,boleto,,10.82,4,delivered,4
A07233,C01385,2025-12-16,site,pix,,13.01,8,delivered,3
A07234,C01444,2025-12-16,app,credit_card,AURORA20,12.73,4,delivered,
A07235,C01451,2025-12-16,site,boleto,AURORA20,25.36,,canceled,
A07236,C01460,2025-12-16,site,credit_card,,15.97,,canceled,
A07237,C01570,2025-12-16,app,boleto,AURORA20,21.43,4,delivered,5
A07238,C01594,2025-12-16,marketplace,credit_card,BEMVINDO10,20.22,11,delivered,4
A07239,C01718,2025-12-16,site,credit_card,AURORA20,23.67,18,delivered,2
A07240,C01751,2025-12-16,app,pix,,11.79,2,delivered,
A07241,C01821,2025-12-16,marketplace,credit_card,,20.91,6,delivered,
A07242,C01965,2025-12-16,site,credit_card,,15.76,9,delivered,2
A07243,C02024,2025-12-16,app,pix,,16.21,6,delivered,4
A07244,C02294,2025-12-16,marketplace,pix,,11.76,2,delivered,4
A07245,C02309,2025-12-16,site,pix,,15.81,5,delivered,4
A07246,C02415,2025-12-16,app,pix,,16.07,4,delivered,
A07247,C02475,2025-12-16,marketplace,pix,,27.37,12,delivered,5
A07248,C02565,2025-12-16,site,credit_card,,22.32,3,delivered,4
A07249,C02601,2025-12-16,site,pix,AURORA20,12.51,3,delivered,5
A07250,C02673,2025-12-16,marketplace,pix,,12.74,3,delivered,
A07251,C02739,2025-12-16,site,credit_card,AURORA20,12.81,3,delivered,
A07252,C02779,2025-12-16,site,credit_card,,16.23,4,delivered,4
A07253,C02893,2025-12-16,marketplace,credit_card,,27.71,20,delivered,
A07254,C03034,2025-12-16,app,pix,AURORA20,23.11,6,delivered,3
A07255,C03098,2025-12-16,app,credit_card,AURORA20,17.24,6,delivered,
A07256,C03100,2025-12-16,app,pix,AURORA20,15.36,3,delivered,
A07257,C03135,2025-12-16,app,pix,FRETEGRATIS,0.0,3,delivered,
A07258,C03165,2025-12-16,app,boleto,,29.31,12,delivered,4
A07259,C03173,2025-12-16,app,pix,,26.68,10,delivered,4
A07260,C03184,2025-12-16,app,pix,AURORA20,25.74,5,delivered,5
A07261,C03193,2025-12-16,site,credit_card,AURORA20,15.9,8,delivered,4
A07262,C03222,2025-12-16,app,pix,,16.43,2,delivered,5
A07263,C03232,2025-12-16,marketplace,pix,AURORA20,18.7,4,delivered,5
A07264,C03328,2025-12-16,marketplace,boleto,,17.48,2,delivered,
A07265,C03368,2025-12-16,app,credit_card,,18.99,4,delivered,
A07266,C03653,2025-12-16,site,pix,,13.16,2,delivered,4
A07267,C03758,2025-12-16,app,boleto,FRETEGRATIS,0.0,13,delivered,
A07268,C04042,2025-12-16,site,credit_card,,15.19,2,delivered,5
A07269,C04054,2025-12-16,app,boleto,,26.97,7,delivered,5
A07270,C04150,2025-12-16,site,credit_card,AURORA20,16.84,3,delivered,5
A07271,C04227,2025-12-16,app,pix,,16.36,3,delivered,4
A07272,C04312,2025-12-16,marketplace,credit_card,,28.96,15,delivered,4
A07273,C04325,2025-12-16,app,pix,BEMVINDO10,14.72,6,delivered,
A07274,C04334,2025-12-16,site,pix,AURORA20,35.57,16,delivered,3
A07275,C04352,2025-12-16,site,credit_card,BEMVINDO10,14.93,5,delivered,
A07276,C04392,2025-12-16,site,pix,,25.43,6,delivered,4
A07277,C04499,2025-12-16,app,credit_card,AURORA20,10.77,3,delivered,
A07278,C04517,2025-12-16,app,credit_card,AURORA20,12.82,5,delivered,4
A07279,C04659,2025-12-16,app,credit_card,AURORA20,14.85,4,delivered,5
A07280,C04819,2025-12-16,site,credit_card,,15.7,3,delivered,5
A07281,C04824,2025-12-16,site,credit_card,AURORA20,11.96,3,delivered,
A07282,C04926,2025-12-16,app,credit_card,,14.85,4,delivered,5
A07283,C04993,2025-12-16,app,pix,,12.88,4,delivered,4
A07284,C00005,2025-12-17,app,pix,AURORA20,20.95,4,delivered,
A07285,C00091,2025-12-17,site,credit_card,,21.13,2,delivered,4
A07286,C00150,2025-12-17,app,pix,BEMVINDO10,26.27,16,delivered,
A07287,C00274,2025-12-17,site,credit_card,,27.09,15,delivered,4
A07288,C00306,2025-12-17,site,credit_card,AURORA20,10.78,6,delivered,5
A07289,C00307,2025-12-17,site,pix,AURORA20,16.98,4,delivered,5
A07290,C00321,2025-12-17,site,credit_card,,15.96,2,delivered,5
A07291,C00346,2025-12-17,site,credit_card,,13.55,3,delivered,5
A07292,C00516,2025-12-17,app,pix,,14.48,5,delivered,
A07293,C00520,2025-12-17,site,credit_card,,11.2,4,delivered,5
A07294,C00625,2025-12-17,site,pix,,26.98,5,delivered,5
A07295,C00674,2025-12-17,site,pix,,12.42,,canceled,
A07296,C00791,2025-12-17,app,credit_card,,24.45,7,delivered,
A07297,C00875,2025-12-17,site,pix,,16.4,4,delivered,5
A07298,C00906,2025-12-17,app,pix,BEMVINDO10,13.0,3,delivered,4
A07299,C01018,2025-12-17,app,pix,,36.04,15,delivered,
A07300,C01231,2025-12-17,site,boleto,,23.63,5,delivered,3
A07301,C01254,2025-12-17,app,boleto,,32.05,18,delivered,3
A07302,C01285,2025-12-17,site,pix,,36.22,11,delivered,4
A07303,C01413,2025-12-17,marketplace,pix,,22.46,4,delivered,4
A07304,C01445,2025-12-17,marketplace,credit_card,,21.69,5,delivered,3
A07305,C01546,2025-12-17,marketplace,credit_card,,10.29,5,delivered,5
A07306,C01705,2025-12-17,site,pix,BEMVINDO10,19.45,6,delivered,5
A07307,C01739,2025-12-17,marketplace,credit_card,,30.06,12,delivered,
A07308,C01847,2025-12-17,marketplace,credit_card,,11.44,6,delivered,5
A07309,C01860,2025-12-17,app,pix,,31.46,12,delivered,4
A07310,C01891,2025-12-17,marketplace,pix,,30.21,16,delivered,
A07311,C01932,2025-12-17,app,pix,,15.43,3,delivered,
A07312,C02110,2025-12-17,marketplace,pix,,28.75,10,delivered,4
A07313,C02214,2025-12-17,app,credit_card,,17.39,8,delivered,5
A07314,C02404,2025-12-17,app,credit_card,,17.55,3,delivered,4
A07315,C02565,2025-12-17,site,boleto,,18.04,4,delivered,5
A07316,C02799,2025-12-17,site,credit_card,AURORA20,21.88,4,delivered,
A07317,C02862,2025-12-17,site,credit_card,AURORA20,14.41,2,delivered,5
A07318,C02918,2025-12-17,site,pix,,22.26,8,delivered,
A07319,C02983,2025-12-17,app,credit_card,,20.21,4,delivered,5
A07320,C03019,2025-12-17,marketplace,credit_card,BEMVINDO10,23.67,9,delivered,
A07321,C03150,2025-12-17,site,credit_card,,14.23,3,delivered,5
A07322,C03432,2025-12-17,marketplace,credit_card,,14.35,6,delivered,5
A07323,C03433,2025-12-17,app,pix,,15.63,3,delivered,
A07324,C03571,2025-12-17,app,credit_card,,13.38,3,delivered,4
A07325,C03603,2025-12-17,site,credit_card,,17.14,3,delivered,
A07326,C03786,2025-12-17,site,credit_card,,15.27,4,delivered,
A07327,C03876,2025-12-17,site,credit_card,,30.58,5,delivered,3
A07328,C03896,2025-12-17,site,credit_card,,22.18,5,delivered,5
A07329,C03948,2025-12-17,site,pix,,13.67,4,delivered,
A07330,C04059,2025-12-17,app,credit_card,,13.44,5,delivered,4
A07331,C04120,2025-12-17,app,credit_card,AURORA20,14.31,4,delivered,3
A07332,C04160,2025-12-17,app,credit_card,,18.58,3,delivered,5
A07333,C04187,2025-12-17,site,pix,AURORA20,17.86,5,delivered,4
A07334,C04209,2025-12-17,app,pix,BEMVINDO10,15.39,3,delivered,5
A07335,C04211,2025-12-17,app,credit_card,,22.61,5,delivered,
A07336,C04219,2025-12-17,marketplace,credit_card,,10.7,3,delivered,3
A07337,C04290,2025-12-17,marketplace,boleto,,22.92,8,delivered,
A07338,C04337,2025-12-17,app,credit_card,,13.18,5,delivered,3
A07339,C04504,2025-12-17,app,pix,,15.2,3,delivered,
A07340,C04603,2025-12-17,app,pix,AURORA20,25.96,9,delivered,5
A07341,C04614,2025-12-17,marketplace,pix,AURORA20,11.07,3,delivered,
A07342,C04804,2025-12-17,site,pix,,31.69,5,delivered,
A07343,C04878,2025-12-17,app,credit_card,BEMVINDO10,17.07,3,delivered,
A07344,C04904,2025-12-17,app,pix,,16.84,3,delivered,5
A07345,C00098,2025-12-18,site,credit_card,BEMVINDO10,12.7,5,delivered,5
A07346,C00145,2025-12-18,marketplace,credit_card,AURORA20,16.66,5,delivered,5
A07347,C00295,2025-12-18,marketplace,pix,,22.38,9,delivered,
A07348,C00453,2025-12-18,app,pix,,14.11,3,delivered,5
A07349,C00502,2025-12-18,site,pix,,16.03,3,delivered,
A07350,C00559,2025-12-18,marketplace,credit_card,,11.2,4,delivered,5
A07351,C00561,2025-12-18,marketplace,boleto,,23.92,5,delivered,
A07352,C00577,2025-12-18,marketplace,credit_card,,13.21,2,delivered,
A07353,C00688,2025-12-18,app,pix,,14.35,6,delivered,
A07354,C00830,2025-12-18,site,boleto,,22.57,5,delivered,
A07355,C00957,2025-12-18,app,pix,FRETEGRATIS,0.0,4,delivered,5
A07356,C00984,2025-12-18,app,credit_card,,12.73,7,delivered,5
A07357,C01001,2025-12-18,app,credit_card,,18.28,3,delivered,5
A07358,C01007,2025-12-18,app,credit_card,AURORA20,19.3,4,delivered,
A07359,C01080,2025-12-18,app,pix,,14.85,5,delivered,
A07360,C01289,2025-12-18,site,credit_card,,12.69,1,returned,
A07361,C01291,2025-12-18,app,credit_card,AURORA20,17.09,5,delivered,
A07362,C01298,2025-12-18,app,pix,,19.28,7,delivered,4
A07363,C01372,2025-12-18,marketplace,pix,AURORA20,12.37,2,delivered,3
A07364,C01543,2025-12-18,app,credit_card,,14.82,3,delivered,5
A07365,C01647,2025-12-18,app,pix,,13.84,9,delivered,
A07366,C01704,2025-12-18,app,boleto,,27.95,6,delivered,
A07367,C01843,2025-12-18,site,credit_card,BEMVINDO10,31.5,16,delivered,3
A07368,C01956,2025-12-18,marketplace,boleto,AURORA20,28.27,,canceled,
A07369,C02044,2025-12-18,app,credit_card,,24.3,7,delivered,5
A07370,C02090,2025-12-18,site,credit_card,,15.11,5,returned,
A07371,C02096,2025-12-18,marketplace,pix,,12.73,2,delivered,5
A07372,C02222,2025-12-18,app,pix,,26.45,10,delivered,4
A07373,C02280,2025-12-18,app,credit_card,,36.97,13,delivered,3
A07374,C02408,2025-12-18,app,pix,AURORA20,12.27,4,delivered,5
A07375,C02412,2025-12-18,app,boleto,,21.89,10,delivered,5
A07376,C02437,2025-12-18,app,credit_card,,15.93,2,delivered,
A07377,C02546,2025-12-18,site,pix,AURORA20,26.6,6,delivered,4
A07378,C02550,2025-12-18,site,credit_card,,17.11,6,delivered,5
A07379,C02593,2025-12-18,marketplace,pix,,19.12,11,delivered,
A07380,C02611,2025-12-18,marketplace,pix,,29.81,12,delivered,3
A07381,C02692,2025-12-18,site,credit_card,,12.65,2,returned,
A07382,C02868,2025-12-18,site,credit_card,,15.13,4,delivered,5
A07383,C03013,2025-12-18,site,credit_card,,20.29,7,delivered,5
A07384,C03038,2025-12-18,app,boleto,AURORA20,33.02,18,delivered,
A07385,C03128,2025-12-18,app,pix,,14.0,3,delivered,
A07386,C03163,2025-12-18,marketplace,credit_card,,17.15,4,delivered,
A07387,C03259,2025-12-18,site,pix,AURORA20,9.19,2,delivered,4
A07388,C03279,2025-12-18,marketplace,credit_card,,13.79,2,delivered,
A07389,C03335,2025-12-18,site,credit_card,FRETEGRATIS,0.0,6,delivered,4
A07390,C03357,2025-12-18,marketplace,pix,AURORA20,35.04,19,delivered,2
A07391,C03456,2025-12-18,site,pix,AURORA20,25.06,10,delivered,
A07392,C03540,2025-12-18,app,credit_card,AURORA20,14.31,5,delivered,
A07393,C03625,2025-12-18,site,pix,AURORA20,28.53,10,delivered,
A07394,C03803,2025-12-18,site,pix,,19.62,4,delivered,
A07395,C03950,2025-12-18,marketplace,pix,,16.18,3,delivered,5
A07396,C03979,2025-12-18,marketplace,credit_card,AURORA20,14.08,3,delivered,
A07397,C04052,2025-12-18,site,credit_card,,14.47,4,delivered,5
A07398,C04445,2025-12-18,site,pix,,12.05,4,delivered,
A07399,C04457,2025-12-18,marketplace,pix,,11.79,7,delivered,
A07400,C04501,2025-12-18,app,credit_card,,11.43,4,delivered,
A07401,C04545,2025-12-18,app,pix,,18.85,6,delivered,5
A07402,C04587,2025-12-18,app,pix,,32.28,11,delivered,3
A07403,C04659,2025-12-18,app,pix,,19.21,3,delivered,5
A07404,C04763,2025-12-18,site,credit_card,,13.72,5,delivered,
A07405,C04851,2025-12-18,site,credit_card,AURORA20,15.8,3,delivered,5
A07406,C00029,2025-12-19,app,boleto,,24.71,15,delivered,3
A07407,C00171,2025-12-19,app,credit_card,,21.72,6,delivered,4
A07408,C00232,2025-12-19,app,pix,,26.51,10,delivered,
A07409,C00269,2025-12-19,site,pix,,16.12,5,delivered,4
A07410,C00287,2025-12-19,site,credit_card,AURORA20,15.57,3,delivered,5
A07411,C00351,2025-12-19,marketplace,credit_card,,12.27,4,delivered,4
A07412,C00366,2025-12-19,app,credit_card,,16.37,3,delivered,4
A07413,C00476,2025-12-19,app,credit_card,,25.28,5,delivered,4
A07414,C00555,2025-12-19,marketplace,pix,,15.65,3,delivered,
A07415,C00696,2025-12-19,app,pix,,25.89,8,delivered,
A07416,C00973,2025-12-19,marketplace,pix,,12.13,6,delivered,
A07417,C00986,2025-12-19,site,credit_card,BEMVINDO10,16.35,3,delivered,4
A07418,C00995,2025-12-19,app,pix,,11.17,4,delivered,4
A07419,C01044,2025-12-19,marketplace,credit_card,AURORA20,31.24,13,delivered,
A07420,C01048,2025-12-19,marketplace,credit_card,AURORA20,32.52,15,delivered,4
A07421,C01053,2025-12-19,app,pix,AURORA20,15.8,4,delivered,5
A07422,C01146,2025-12-19,marketplace,credit_card,,10.43,5,delivered,5
A07423,C01345,2025-12-19,site,credit_card,AURORA20,12.14,5,delivered,4
A07424,C01446,2025-12-19,marketplace,credit_card,AURORA20,13.75,2,delivered,3
A07425,C01455,2025-12-19,marketplace,credit_card,,15.33,5,delivered,4
A07426,C01620,2025-12-19,site,credit_card,,27.97,8,delivered,4
A07427,C01725,2025-12-19,marketplace,pix,AURORA20,14.51,4,delivered,3
A07428,C01984,2025-12-19,marketplace,credit_card,,31.57,14,delivered,
A07429,C02025,2025-12-19,site,pix,AURORA20,14.77,2,delivered,4
A07430,C02042,2025-12-19,marketplace,boleto,,14.03,2,delivered,5
A07431,C02127,2025-12-19,site,credit_card,AURORA20,25.35,9,delivered,5
A07432,C02221,2025-12-19,app,pix,,29.05,8,delivered,5
A07433,C02236,2025-12-19,app,boleto,,33.09,22,delivered,2
A07434,C02268,2025-12-19,app,boleto,,14.63,2,delivered,5
A07435,C02330,2025-12-19,site,pix,AURORA20,14.9,6,delivered,5
A07436,C02333,2025-12-19,app,pix,,22.2,3,delivered,5
A07437,C02391,2025-12-19,marketplace,pix,AURORA20,29.69,15,delivered,
A07438,C02647,2025-12-19,marketplace,credit_card,,10.85,4,delivered,
A07439,C02647,2025-12-19,marketplace,credit_card,,18.19,5,delivered,5
A07440,C02678,2025-12-19,site,pix,,22.54,18,delivered,3
A07441,C02962,2025-12-19,marketplace,credit_card,,22.47,9,delivered,
A07442,C02981,2025-12-19,marketplace,credit_card,,11.6,2,delivered,
A07443,C03165,2025-12-19,app,pix,,33.89,7,delivered,4
A07444,C03213,2025-12-19,site,credit_card,AURORA20,15.9,6,delivered,
A07445,C03385,2025-12-19,app,pix,,12.1,2,delivered,
A07446,C03426,2025-12-19,site,pix,,14.98,6,delivered,5
A07447,C03432,2025-12-19,marketplace,pix,,11.99,6,delivered,
A07448,C03439,2025-12-19,site,credit_card,BEMVINDO10,10.87,5,delivered,
A07449,C03683,2025-12-19,site,credit_card,AURORA20,29.51,11,delivered,
A07450,C03688,2025-12-19,marketplace,credit_card,,26.42,12,returned,
A07451,C03704,2025-12-19,app,boleto,,12.48,3,delivered,5
A07452,C03818,2025-12-19,app,pix,,18.81,7,delivered,5
A07453,C03846,2025-12-19,app,credit_card,,19.94,7,delivered,5
A07454,C04052,2025-12-19,site,credit_card,FRETEGRATIS,0.0,2,delivered,
A07455,C04071,2025-12-19,app,pix,,16.27,8,delivered,5
A07456,C04164,2025-12-19,app,pix,AURORA20,27.93,5,delivered,5
A07457,C04377,2025-12-19,marketplace,boleto,BEMVINDO10,14.93,4,delivered,
A07458,C04413,2025-12-19,site,credit_card,AURORA20,34.94,14,delivered,
A07459,C04539,2025-12-19,site,credit_card,,15.99,2,delivered,
A07460,C04619,2025-12-19,site,boleto,AURORA20,13.48,3,delivered,5
A07461,C04642,2025-12-19,app,pix,BEMVINDO10,12.95,8,delivered,
A07462,C04647,2025-12-19,marketplace,credit_card,,26.62,11,delivered,3
A07463,C04712,2025-12-19,site,credit_card,BEMVINDO10,16.18,3,delivered,5
A07464,C04742,2025-12-19,marketplace,credit_card,,27.49,12,delivered,4
A07465,C00016,2025-12-20,app,pix,,14.41,2,delivered,4
A07466,C00020,2025-12-20,site,credit_card,,14.99,5,delivered,5
A07467,C00126,2025-12-20,app,pix,,12.76,3,delivered,4
A07468,C00255,2025-12-20,marketplace,credit_card,,27.8,8,delivered,5
A07469,C00458,2025-12-20,site,credit_card,AURORA20,15.31,3,delivered,
A07470,C00478,2025-12-20,site,pix,,28.98,6,delivered,
A07471,C00604,2025-12-20,site,pix,,13.51,2,delivered,
A07472,C00713,2025-12-20,app,credit_card,,15.34,7,delivered,3
A07473,C00716,2025-12-20,marketplace,pix,AURORA20,28.43,12,delivered,5
A07474,C00763,2025-12-20,app,pix,,8.27,3,delivered,3
A07475,C00814,2025-12-20,site,pix,AURORA20,13.91,5,delivered,5
A07476,C01020,2025-12-20,marketplace,credit_card,,16.39,3,delivered,5
A07477,C01032,2025-12-20,app,pix,,27.3,17,returned,
A07478,C01118,2025-12-20,site,credit_card,,24.08,12,delivered,5
A07479,C01147,2025-12-20,app,credit_card,,15.54,6,delivered,4
A07480,C01157,2025-12-20,marketplace,boleto,,15.99,5,delivered,5
A07481,C01176,2025-12-20,app,pix,BEMVINDO10,14.4,3,delivered,5
A07482,C01179,2025-12-20,app,boleto,,16.4,4,delivered,
A07483,C01267,2025-12-20,site,pix,,17.13,3,delivered,4
A07484,C01271,2025-12-20,site,credit_card,,27.11,25,returned,
A07485,C01326,2025-12-20,site,credit_card,,28.94,21,delivered,3
A07486,C01433,2025-12-20,site,credit_card,,10.8,5,delivered,5
A07487,C01471,2025-12-20,site,credit_card,AURORA20,14.43,6,delivered,4
A07488,C01551,2025-12-20,site,credit_card,,25.7,8,delivered,5
A07489,C01597,2025-12-20,app,credit_card,,25.27,8,delivered,
A07490,C01861,2025-12-20,site,credit_card,AURORA20,18.82,3,delivered,4
A07491,C01867,2025-12-20,app,pix,AURORA20,12.76,6,returned,
A07492,C01959,2025-12-20,app,pix,,14.88,4,delivered,
A07493,C02128,2025-12-20,app,credit_card,,16.84,6,delivered,3
A07494,C02380,2025-12-20,marketplace,pix,BEMVINDO10,14.69,5,delivered,4
A07495,C02388,2025-12-20,site,pix,,12.22,5,delivered,
A07496,C02413,2025-12-20,marketplace,pix,,12.05,4,delivered,4
A07497,C02557,2025-12-20,site,credit_card,,15.86,5,delivered,
A07498,C02568,2025-12-20,app,credit_card,AURORA20,21.97,9,delivered,3
A07499,C02604,2025-12-20,site,pix,AURORA20,15.46,4,delivered,
A07500,C02628,2025-12-20,app,pix,,17.19,3,delivered,5
A07501,C02722,2025-12-20,site,pix,,13.85,3,delivered,5
A07502,C02775,2025-12-20,marketplace,credit_card,,36.3,4,delivered,5
A07503,C02870,2025-12-20,app,credit_card,,17.95,,canceled,
A07504,C02974,2025-12-20,app,pix,,13.36,4,delivered,4
A07505,C02985,2025-12-20,marketplace,credit_card,,19.19,5,delivered,5
A07506,C03060,2025-12-20,site,credit_card,,32.93,14,delivered,4
A07507,C03076,2025-12-20,app,pix,FRETEGRATIS,0.0,,canceled,
A07508,C03101,2025-12-20,site,credit_card,,29.03,5,delivered,5
A07509,C03167,2025-12-20,site,credit_card,AURORA20,12.77,4,delivered,5
A07510,C03180,2025-12-20,site,credit_card,,16.26,3,delivered,5
A07511,C03475,2025-12-20,site,boleto,,12.18,7,delivered,4
A07512,C03664,2025-12-20,app,credit_card,,24.52,6,delivered,4
A07513,C03853,2025-12-20,app,pix,,13.43,2,delivered,4
A07514,C04027,2025-12-20,site,credit_card,,12.48,4,delivered,5
A07515,C04028,2025-12-20,site,pix,,10.32,3,delivered,5
A07516,C04052,2025-12-20,site,pix,AURORA20,13.21,3,delivered,5
A07517,C04080,2025-12-20,site,boleto,,26.07,9,delivered,4
A07518,C04128,2025-12-20,marketplace,pix,AURORA20,19.61,5,delivered,5
A07519,C04186,2025-12-20,app,pix,,15.15,1,delivered,
A07520,C04489,2025-12-20,site,pix,AURORA20,29.33,5,delivered,5
A07521,C04983,2025-12-20,app,pix,BEMVINDO10,19.07,6,delivered,4
A07522,C00038,2025-12-21,site,credit_card,,25.61,12,delivered,
A07523,C00140,2025-12-21,site,pix,,30.92,5,delivered,
A07524,C00171,2025-12-21,app,boleto,,21.94,8,delivered,5
A07525,C00199,2025-12-21,app,credit_card,,11.87,6,delivered,
A07526,C00208,2025-12-21,app,credit_card,BEMVINDO10,15.18,8,returned,
A07527,C00213,2025-12-21,marketplace,credit_card,,13.94,3,delivered,4
A07528,C00305,2025-12-21,app,pix,,27.99,9,delivered,3
A07529,C00850,2025-12-21,app,credit_card,AURORA20,26.65,15,delivered,4
A07530,C00869,2025-12-21,site,pix,AURORA20,13.72,7,delivered,
A07531,C00883,2025-12-21,app,credit_card,,12.82,2,delivered,
A07532,C01169,2025-12-21,marketplace,credit_card,BEMVINDO10,15.34,4,delivered,4
A07533,C01251,2025-12-21,site,pix,AURORA20,28.98,16,delivered,3
A07534,C01284,2025-12-21,app,credit_card,FRETEGRATIS,0.0,5,delivered,4
A07535,C01308,2025-12-21,app,pix,,15.47,2,delivered,5
A07536,C01364,2025-12-21,site,pix,,19.27,9,delivered,4
A07537,C01384,2025-12-21,app,credit_card,,26.6,10,delivered,4
A07538,C01498,2025-12-21,marketplace,boleto,,26.78,18,delivered,3
A07539,C01517,2025-12-21,site,pix,,31.14,8,delivered,5
A07540,C01671,2025-12-21,site,pix,AURORA20,15.84,5,delivered,
A07541,C01733,2025-12-21,app,pix,,34.8,7,delivered,4
A07542,C01778,2025-12-21,site,pix,BEMVINDO10,15.45,2,delivered,5
A07543,C01984,2025-12-21,site,pix,AURORA20,33.51,17,delivered,3
A07544,C02111,2025-12-21,app,credit_card,FRETEGRATIS,0.0,12,delivered,
A07545,C02500,2025-12-21,site,credit_card,AURORA20,23.57,11,returned,
A07546,C02555,2025-12-21,app,pix,,14.38,3,delivered,5
A07547,C02559,2025-12-21,marketplace,credit_card,,15.15,4,delivered,
A07548,C02586,2025-12-21,site,credit_card,,15.26,4,delivered,
A07549,C02889,2025-12-21,marketplace,credit_card,,18.0,3,delivered,4
A07550,C02997,2025-12-21,app,pix,,32.08,19,delivered,2
A07551,C03023,2025-12-21,site,credit_card,,16.1,3,delivered,5
A07552,C03094,2025-12-21,app,pix,AURORA20,21.84,5,delivered,4
A07553,C03200,2025-12-21,marketplace,pix,,16.44,6,delivered,
A07554,C03253,2025-12-21,app,credit_card,,15.23,7,delivered,
A07555,C03354,2025-12-21,site,pix,,16.33,6,delivered,
A07556,C03507,2025-12-21,site,credit_card,,13.87,5,delivered,5
A07557,C03557,2025-12-21,site,boleto,,20.92,3,delivered,5
A07558,C03563,2025-12-21,app,pix,,28.84,5,delivered,
A07559,C03594,2025-12-21,site,pix,AURORA20,13.15,5,delivered,4
A07560,C03595,2025-12-21,app,pix,BEMVINDO10,16.24,7,delivered,
A07561,C03617,2025-12-21,site,boleto,,22.11,11,delivered,
A07562,C03656,2025-12-21,site,pix,,17.8,5,delivered,
A07563,C03707,2025-12-21,site,pix,BEMVINDO10,14.49,3,delivered,5
A07564,C03804,2025-12-21,app,credit_card,AURORA20,23.65,23,delivered,
A07565,C03818,2025-12-21,app,credit_card,AURORA20,19.74,5,delivered,
A07566,C03842,2025-12-21,site,credit_card,,14.85,5,delivered,
A07567,C03932,2025-12-21,app,pix,,12.21,5,delivered,4
A07568,C03958,2025-12-21,site,credit_card,BEMVINDO10,30.76,8,delivered,5
A07569,C03977,2025-12-21,marketplace,credit_card,AURORA20,30.8,6,delivered,5
A07570,C04254,2025-12-21,site,pix,,13.93,3,delivered,5
A07571,C04408,2025-12-21,app,pix,,23.83,8,delivered,4
A07572,C04413,2025-12-21,site,pix,,19.85,11,delivered,
A07573,C04481,2025-12-21,site,credit_card,,15.61,12,delivered,4
A07574,C04492,2025-12-21,app,credit_card,AURORA20,17.97,9,delivered,3
A07575,C04515,2025-12-21,site,pix,,15.15,2,delivered,4
A07576,C04517,2025-12-21,site,credit_card,,15.84,7,returned,
A07577,C04895,2025-12-21,app,pix,AURORA20,35.87,8,delivered,4
A07578,C04973,2025-12-21,site,pix,AURORA20,20.05,5,delivered,5
A07579,C00005,2025-12-22,site,boleto,,16.41,14,delivered,3
A07580,C00013,2025-12-22,app,credit_card,,12.03,7,delivered,
A07581,C00141,2025-12-22,site,pix,,13.42,8,delivered,3
A07582,C00180,2025-12-22,site,credit_card,,15.32,,canceled,
A07583,C00319,2025-12-22,site,boleto,,22.03,4,delivered,5
A07584,C00428,2025-12-22,site,boleto,AURORA20,13.2,5,delivered,5
A07585,C00477,2025-12-22,marketplace,credit_card,,17.13,2,delivered,5
A07586,C00506,2025-12-22,app,credit_card,,16.28,4,delivered,4
A07587,C00645,2025-12-22,marketplace,credit_card,,29.76,16,delivered,
A07588,C00798,2025-12-22,app,pix,AURORA20,28.38,8,delivered,
A07589,C00857,2025-12-22,site,pix,,14.78,6,delivered,5
A07590,C00870,2025-12-22,site,credit_card,BEMVINDO10,28.22,5,delivered,4
A07591,C00987,2025-12-22,app,boleto,,16.69,9,returned,
A07592,C01016,2025-12-22,marketplace,credit_card,AURORA20,27.85,5,delivered,5
A07593,C01167,2025-12-22,app,credit_card,,19.2,4,delivered,
A07594,C01521,2025-12-22,marketplace,credit_card,AURORA20,14.58,6,delivered,5
A07595,C01683,2025-12-22,site,pix,BEMVINDO10,13.31,3,delivered,5
A07596,C01767,2025-12-22,marketplace,pix,,30.27,8,delivered,5
A07597,C01881,2025-12-22,site,pix,AURORA20,37.4,14,delivered,4
A07598,C01970,2025-12-22,site,boleto,,26.74,8,delivered,
A07599,C02323,2025-12-22,app,credit_card,,12.01,3,delivered,
A07600,C02344,2025-12-22,site,pix,AURORA20,14.52,3,delivered,5
A07601,C02371,2025-12-22,app,credit_card,,27.87,10,delivered,3
A07602,C02481,2025-12-22,marketplace,credit_card,,22.94,5,delivered,5
A07603,C02514,2025-12-22,site,pix,,21.23,5,delivered,4
A07604,C02722,2025-12-22,site,pix,,12.11,2,delivered,5
A07605,C02723,2025-12-22,app,pix,,20.6,26,delivered,3
A07606,C02728,2025-12-22,site,credit_card,,11.34,5,delivered,4
A07607,C02869,2025-12-22,app,pix,,23.21,3,delivered,4
A07608,C02930,2025-12-22,app,credit_card,AURORA20,13.2,2,delivered,5
A07609,C02946,2025-12-22,marketplace,pix,,17.9,6,delivered,4
A07610,C02984,2025-12-22,site,pix,,32.34,6,delivered,4
A07611,C02998,2025-12-22,site,boleto,,12.33,3,delivered,
A07612,C03064,2025-12-22,site,boleto,AURORA20,11.95,,canceled,
A07613,C03068,2025-12-22,app,credit_card,,10.48,6,delivered,4
A07614,C03220,2025-12-22,site,boleto,,14.86,1,delivered,5
A07615,C03445,2025-12-22,marketplace,credit_card,,15.03,7,delivered,5
A07616,C03500,2025-12-22,site,credit_card,,12.51,3,delivered,5
A07617,C03543,2025-12-22,marketplace,credit_card,BEMVINDO10,21.21,5,delivered,4
A07618,C03618,2025-12-22,marketplace,credit_card,AURORA20,22.54,15,delivered,4
A07619,C03664,2025-12-22,app,pix,FRETEGRATIS,0.0,13,delivered,4
A07620,C03852,2025-12-22,app,pix,,20.02,7,delivered,5
A07621,C03970,2025-12-22,site,pix,AURORA20,12.19,5,delivered,5
A07622,C04084,2025-12-22,marketplace,pix,AURORA20,14.12,4,delivered,
A07623,C04183,2025-12-22,site,pix,,28.05,7,delivered,5
A07624,C04354,2025-12-22,app,pix,,14.1,3,delivered,5
A07625,C04357,2025-12-22,app,pix,,33.97,10,delivered,4
A07626,C04675,2025-12-22,app,credit_card,,15.47,,canceled,
A07627,C04702,2025-12-22,site,credit_card,,29.66,12,returned,
A07628,C04790,2025-12-22,site,boleto,AURORA20,11.7,3,delivered,3
A07629,C00173,2025-12-23,marketplace,pix,,27.57,15,delivered,4
A07630,C00328,2025-12-23,marketplace,credit_card,,15.82,3,delivered,5
A07631,C00517,2025-12-23,site,pix,,34.15,4,delivered,
A07632,C00586,2025-12-23,marketplace,credit_card,,29.54,13,delivered,3
A07633,C00880,2025-12-23,app,credit_card,AURORA20,16.6,5,delivered,4
A07634,C00974,2025-12-23,app,pix,,25.51,19,delivered,1
A07635,C01050,2025-12-23,app,credit_card,,13.81,3,delivered,3
A07636,C01140,2025-12-23,site,boleto,,15.64,7,delivered,
A07637,C01233,2025-12-23,app,pix,AURORA20,13.87,7,delivered,4
A07638,C01505,2025-12-23,site,credit_card,,12.85,5,delivered,
A07639,C01533,2025-12-23,app,credit_card,,26.28,15,delivered,3
A07640,C01666,2025-12-23,site,pix,AURORA20,25.32,8,delivered,3
A07641,C01755,2025-12-23,site,pix,,11.44,2,delivered,5
A07642,C01790,2025-12-23,site,credit_card,,32.67,10,delivered,
A07643,C01889,2025-12-23,app,boleto,,27.02,12,delivered,
A07644,C01984,2025-12-23,site,boleto,,22.31,7,delivered,4
A07645,C02198,2025-12-23,marketplace,credit_card,AURORA20,12.54,6,delivered,5
A07646,C02243,2025-12-23,site,credit_card,AURORA20,30.81,11,delivered,
A07647,C02342,2025-12-23,marketplace,credit_card,,18.65,13,delivered,
A07648,C02468,2025-12-23,site,boleto,,13.55,3,delivered,
A07649,C02761,2025-12-23,app,pix,AURORA20,20.61,6,delivered,
A07650,C02768,2025-12-23,app,pix,AURORA20,17.48,3,delivered,5
A07651,C03074,2025-12-23,site,credit_card,BEMVINDO10,13.74,5,delivered,5
A07652,C03178,2025-12-23,site,credit_card,,11.42,3,delivered,
A07653,C03526,2025-12-23,site,pix,,34.5,14,returned,
A07654,C04001,2025-12-23,site,credit_card,,15.73,6,delivered,5
A07655,C04012,2025-12-23,app,pix,,13.06,3,delivered,4
A07656,C04023,2025-12-23,marketplace,credit_card,,31.87,11,delivered,2
A07657,C04260,2025-12-23,marketplace,pix,,26.66,11,delivered,4
A07658,C04554,2025-12-23,marketplace,pix,AURORA20,34.31,22,delivered,
A07659,C04783,2025-12-23,app,pix,,21.28,7,delivered,
A07660,C00151,2025-12-24,site,credit_card,,27.77,9,delivered,4
A07661,C00160,2025-12-24,app,credit_card,,10.25,6,delivered,4
A07662,C00182,2025-12-24,site,pix,AURORA20,21.79,7,delivered,
A07663,C00397,2025-12-24,site,pix,,23.59,,canceled,
A07664,C00639,2025-12-24,marketplace,credit_card,,16.88,2,returned,
A07665,C00702,2025-12-24,site,pix,,16.75,6,delivered,
A07666,C00704,2025-12-24,marketplace,pix,,18.62,10,delivered,
A07667,C00773,2025-12-24,app,credit_card,AURORA20,14.3,4,delivered,5
A07668,C00834,2025-12-24,app,pix,AURORA20,12.93,7,delivered,4
A07669,C00901,2025-12-24,site,credit_card,,18.69,8,delivered,4
A07670,C00933,2025-12-24,app,credit_card,,22.23,5,delivered,5
A07671,C01127,2025-12-24,marketplace,pix,,11.71,2,delivered,
A07672,C01380,2025-12-24,marketplace,pix,,22.1,8,delivered,4
A07673,C01381,2025-12-24,app,credit_card,AURORA20,24.67,9,delivered,4
A07674,C01426,2025-12-24,app,boleto,,16.64,4,delivered,
A07675,C01523,2025-12-24,app,credit_card,,24.92,11,delivered,4
A07676,C01609,2025-12-24,marketplace,credit_card,,12.92,3,delivered,
A07677,C01623,2025-12-24,site,pix,BEMVINDO10,33.08,8,delivered,
A07678,C01955,2025-12-24,site,pix,,19.85,4,delivered,
A07679,C02530,2025-12-24,marketplace,credit_card,,13.64,2,delivered,
A07680,C02563,2025-12-24,site,credit_card,,24.98,5,delivered,
A07681,C02760,2025-12-24,site,credit_card,FRETEGRATIS,0.0,1,delivered,5
A07682,C04239,2025-12-24,site,credit_card,,16.79,6,delivered,4
A07683,C04800,2025-12-24,site,credit_card,AURORA20,13.76,4,delivered,5
A07684,C04957,2025-12-24,site,credit_card,,17.92,2,delivered,5
A07685,C04990,2025-12-24,marketplace,boleto,AURORA20,21.36,8,delivered,
A07686,C00041,2025-12-25,site,credit_card,,29.37,8,delivered,4
A07687,C00114,2025-12-25,marketplace,credit_card,,27.43,10,delivered,3
A07688,C00130,2025-12-25,app,pix,,11.88,4,delivered,4
A07689,C00149,2025-12-25,marketplace,boleto,,27.38,4,delivered,5
A07690,C00154,2025-12-25,marketplace,boleto,,27.52,14,delivered,4
A07691,C00324,2025-12-25,app,credit_card,,34.28,15,delivered,2
A07692,C00532,2025-12-25,app,pix,,28.08,11,delivered,
A07693,C00818,2025-12-25,app,credit_card,AURORA20,33.59,8,delivered,5
A07694,C01235,2025-12-25,app,pix,,17.2,2,delivered,4
A07695,C01308,2025-12-25,site,credit_card,AURORA20,21.99,3,delivered,5
A07696,C01672,2025-12-25,marketplace,credit_card,,22.28,11,delivered,
A07697,C01714,2025-12-25,site,credit_card,,28.08,7,delivered,3
A07698,C01780,2025-12-25,site,credit_card,AURORA20,13.24,4,delivered,5
A07699,C01849,2025-12-25,site,pix,,25.12,8,delivered,4
A07700,C01921,2025-12-25,site,pix,AURORA20,16.4,2,delivered,
A07701,C01995,2025-12-25,marketplace,pix,,17.69,9,delivered,
A07702,C03113,2025-12-25,app,credit_card,,29.93,10,delivered,
A07703,C03292,2025-12-25,site,pix,AURORA20,21.51,,canceled,
A07704,C03383,2025-12-25,app,pix,,18.27,2,delivered,
A07705,C03591,2025-12-25,marketplace,credit_card,,32.74,7,delivered,4
A07706,C03827,2025-12-25,marketplace,credit_card,,13.11,3,delivered,5
A07707,C04186,2025-12-25,app,credit_card,,10.84,6,delivered,4
A07708,C04227,2025-12-25,app,boleto,AURORA20,11.53,,canceled,
A07709,C04671,2025-12-25,app,credit_card,,14.05,6,delivered,4
A07710,C04714,2025-12-25,site,pix,,31.57,18,delivered,
A07711,C04724,2025-12-25,marketplace,boleto,AURORA20,10.31,3,delivered,5
A07712,C04749,2025-12-25,site,credit_card,,26.86,22,delivered,2
A07713,C00145,2025-12-26,marketplace,credit_card,,13.97,5,delivered,5
A07714,C00177,2025-12-26,app,credit_card,,12.37,4,delivered,
A07715,C00200,2025-12-26,site,credit_card,,26.3,4,delivered,4
A07716,C00899,2025-12-26,site,credit_card,,14.63,10,delivered,
A07717,C01441,2025-12-26,site,credit_card,,17.96,3,delivered,
A07718,C01981,2025-12-26,site,credit_card,,11.18,3,delivered,5
A07719,C01996,2025-12-26,marketplace,pix,,13.6,2,delivered,4
A07720,C02039,2025-12-26,site,boleto,AURORA20,21.27,,canceled,
A07721,C02047,2025-12-26,site,pix,,26.73,,canceled,
A07722,C02127,2025-12-26,marketplace,credit_card,,21.24,3,delivered,5
A07723,C02201,2025-12-26,app,credit_card,,15.28,2,delivered,
A07724,C02412,2025-12-26,app,credit_card,,26.55,11,delivered,4
A07725,C02430,2025-12-26,marketplace,pix,,10.46,3,delivered,5
A07726,C03091,2025-12-26,marketplace,boleto,AURORA20,21.41,4,delivered,5
A07727,C03223,2025-12-26,site,boleto,AURORA20,20.85,12,delivered,4
A07728,C03229,2025-12-26,app,boleto,,26.99,4,delivered,4
A07729,C03268,2025-12-26,app,credit_card,,13.37,2,delivered,5
A07730,C03372,2025-12-26,marketplace,pix,,14.2,3,delivered,4
A07731,C04089,2025-12-26,app,pix,,21.03,4,delivered,5
A07732,C04536,2025-12-26,app,credit_card,,13.61,5,delivered,4
A07733,C00128,2025-12-27,app,pix,,29.23,9,delivered,4
A07734,C00747,2025-12-27,marketplace,credit_card,,31.58,8,delivered,
A07735,C00843,2025-12-27,site,credit_card,AURORA20,23.7,8,delivered,
A07736,C00863,2025-12-27,site,credit_card,,15.49,2,delivered,4
A07737,C01367,2025-12-27,site,credit_card,,37.92,6,delivered,5
A07738,C01770,2025-12-27,app,pix,FRETEGRATIS,0.0,3,delivered,5
A07739,C01803,2025-12-27,app,pix,,18.98,5,delivered,
A07740,C02134,2025-12-27,site,pix,,14.39,3,delivered,4
A07741,C02199,2025-12-27,marketplace,credit_card,,11.97,5,delivered,5
A07742,C02423,2025-12-27,marketplace,boleto,AURORA20,13.8,4,delivered,5
A07743,C02474,2025-12-27,app,credit_card,AURORA20,16.41,4,delivered,5
A07744,C02514,2025-12-27,site,pix,AURORA20,16.23,2,delivered,
A07745,C02565,2025-12-27,site,boleto,AURORA20,18.22,5,delivered,5
A07746,C02702,2025-12-27,site,pix,,15.97,7,delivered,5
A07747,C02913,2025-12-27,app,credit_card,,29.79,11,delivered,4
A07748,C03085,2025-12-27,app,pix,,29.42,16,delivered,3
A07749,C03428,2025-12-27,site,boleto,,27.67,11,delivered,5
A07750,C03811,2025-12-27,site,pix,BEMVINDO10,28.84,12,delivered,3
A07751,C03962,2025-12-27,site,pix,BEMVINDO10,10.4,2,delivered,4
A07752,C04340,2025-12-27,site,boleto,,14.33,6,delivered,4
A07753,C04396,2025-12-27,app,pix,,22.29,14,returned,
A07754,C04439,2025-12-27,marketplace,credit_card,AURORA20,26.62,12,delivered,5
A07755,C04503,2025-12-27,app,pix,,12.61,3,delivered,
A07756,C04590,2025-12-27,app,credit_card,AURORA20,19.62,6,delivered,
A07757,C04768,2025-12-27,app,pix,AURORA20,24.95,9,delivered,4
A07758,C00119,2025-12-28,site,credit_card,AURORA20,15.53,4,delivered,5
A07759,C00349,2025-12-28,site,pix,AURORA20,29.15,8,delivered,4
A07760,C00446,2025-12-28,site,credit_card,,22.12,3,delivered,
A07761,C00893,2025-12-28,site,credit_card,,19.15,5,delivered,
A07762,C01248,2025-12-28,site,credit_card,,26.69,,canceled,
A07763,C01423,2025-12-28,app,boleto,,11.18,3,delivered,4
A07764,C01477,2025-12-28,site,pix,BEMVINDO10,21.32,6,delivered,5
A07765,C01567,2025-12-28,site,credit_card,,12.83,4,delivered,5
A07766,C01828,2025-12-28,marketplace,credit_card,,33.53,10,delivered,
A07767,C01922,2025-12-28,marketplace,pix,,16.87,5,delivered,5
A07768,C02122,2025-12-28,app,pix,AURORA20,15.59,4,delivered,
A07769,C02327,2025-12-28,site,pix,,14.98,3,delivered,4
A07770,C02619,2025-12-28,site,pix,,29.73,8,delivered,5
A07771,C03150,2025-12-28,site,credit_card,AURORA20,15.25,3,delivered,4
A07772,C03154,2025-12-28,app,credit_card,,21.36,13,delivered,4
A07773,C03588,2025-12-28,site,credit_card,,14.55,3,delivered,5
A07774,C03685,2025-12-28,site,pix,,19.36,10,delivered,
A07775,C03923,2025-12-28,site,pix,BEMVINDO10,33.16,20,delivered,
A07776,C04881,2025-12-28,site,pix,AURORA20,13.91,2,delivered,
A07777,C04969,2025-12-28,marketplace,credit_card,,17.71,6,delivered,4
A07778,C04972,2025-12-28,site,pix,,32.96,11,delivered,
A07779,C00180,2025-12-29,marketplace,pix,,16.7,3,delivered,
A07780,C00317,2025-12-29,app,pix,AURORA20,9.77,5,delivered,5
A07781,C00383,2025-12-29,site,credit_card,AURORA20,26.22,6,delivered,
A07782,C00578,2025-12-29,site,credit_card,,24.6,7,delivered,4
A07783,C00913,2025-12-29,app,pix,,19.35,7,delivered,5
A07784,C01272,2025-12-29,marketplace,credit_card,,28.91,9,delivered,
A07785,C01283,2025-12-29,site,credit_card,,21.64,,canceled,
A07786,C01397,2025-12-29,site,credit_card,AURORA20,13.89,3,delivered,
A07787,C01399,2025-12-29,site,credit_card,,15.48,4,delivered,4
A07788,C01522,2025-12-29,marketplace,credit_card,AURORA20,12.89,3,delivered,
A07789,C01676,2025-12-29,site,credit_card,,11.61,4,delivered,4
A07790,C01706,2025-12-29,app,boleto,FRETEGRATIS,0.0,5,delivered,4
A07791,C01751,2025-12-29,app,boleto,FRETEGRATIS,0.0,3,delivered,
A07792,C01770,2025-12-29,app,pix,,15.72,4,delivered,4
A07793,C02241,2025-12-29,app,credit_card,,18.86,4,delivered,
A07794,C02257,2025-12-29,site,credit_card,,30.72,15,delivered,3
A07795,C02416,2025-12-29,site,pix,,10.91,5,delivered,
A07796,C02497,2025-12-29,site,credit_card,AURORA20,28.17,6,delivered,4
A07797,C02634,2025-12-29,app,pix,AURORA20,29.89,15,delivered,4
A07798,C02784,2025-12-29,app,credit_card,AURORA20,39.45,24,delivered,2
A07799,C03078,2025-12-29,app,credit_card,,12.64,7,delivered,5
A07800,C03163,2025-12-29,marketplace,credit_card,,14.47,4,delivered,5
A07801,C03190,2025-12-29,site,pix,,17.51,7,delivered,4
A07802,C03214,2025-12-29,app,credit_card,,15.64,8,delivered,5
A07803,C03407,2025-12-29,site,credit_card,,10.17,2,returned,
A07804,C03612,2025-12-29,app,credit_card,,14.72,4,delivered,4
A07805,C03716,2025-12-29,marketplace,pix,,14.32,5,delivered,
A07806,C03806,2025-12-29,marketplace,pix,AURORA20,10.28,,canceled,
A07807,C04142,2025-12-29,app,pix,,17.91,5,delivered,3
A07808,C04281,2025-12-29,marketplace,credit_card,,15.0,3,delivered,5
A07809,C04354,2025-12-29,app,boleto,,15.76,5,delivered,
A07810,C04384,2025-12-29,marketplace,pix,,14.87,6,delivered,4
A07811,C04514,2025-12-29,site,credit_card,,14.52,8,delivered,
A07812,C04516,2025-12-29,site,pix,AURORA20,16.29,5,delivered,
A07813,C04577,2025-12-29,site,pix,,15.22,2,delivered,4
A07814,C04689,2025-12-29,marketplace,credit_card,,21.27,2,delivered,5
A07815,C04914,2025-12-29,site,pix,,16.65,6,delivered,5
A07816,C00202,2025-12-30,app,pix,AURORA20,18.23,2,delivered,
A07817,C00663,2025-12-30,site,pix,,16.17,5,delivered,5
A07818,C00967,2025-12-30,site,credit_card,AURORA20,29.52,16,delivered,3
A07819,C01221,2025-12-30,app,credit_card,,33.21,6,delivered,
A07820,C01597,2025-12-30,site,pix,AURORA20,25.89,5,delivered,
A07821,C01622,2025-12-30,site,credit_card,AURORA20,16.06,2,delivered,
A07822,C01710,2025-12-30,marketplace,pix,,20.47,5,delivered,4
A07823,C01881,2025-12-30,site,credit_card,AURORA20,25.37,8,delivered,
A07824,C02128,2025-12-30,app,pix,,23.77,4,delivered,5
A07825,C02426,2025-12-30,app,credit_card,,15.33,2,delivered,5
A07826,C02473,2025-12-30,marketplace,credit_card,BEMVINDO10,37.9,13,delivered,5
A07827,C02897,2025-12-30,marketplace,credit_card,,23.56,10,delivered,5
A07828,C02943,2025-12-30,marketplace,pix,,13.76,6,delivered,4
A07829,C03035,2025-12-30,site,credit_card,AURORA20,25.65,15,returned,
A07830,C03507,2025-12-30,site,pix,,15.29,5,delivered,
A07831,C03834,2025-12-30,app,credit_card,,32.49,11,delivered,4
A07832,C04007,2025-12-30,app,credit_card,,16.82,6,delivered,5
A07833,C04008,2025-12-30,site,pix,FRETEGRATIS,0.0,1,delivered,5
A07834,C04177,2025-12-30,app,pix,,11.47,2,delivered,5
A07835,C04295,2025-12-30,app,pix,,10.59,4,delivered,
A07836,C04418,2025-12-30,app,pix,,17.48,4,delivered,
A07837,C04458,2025-12-30,marketplace,pix,,21.52,12,delivered,3
A07838,C04603,2025-12-30,app,pix,,34.82,10,delivered,5
A07839,C04877,2025-12-30,site,pix,AURORA20,16.55,4,delivered,3
A07840,C04977,2025-12-30,marketplace,pix,,12.23,5,delivered,5
A07841,C00007,2025-12-31,site,pix,,13.59,3,delivered,
A07842,C00262,2025-12-31,site,credit_card,,18.84,6,delivered,5
A07843,C00660,2025-12-31,app,credit_card,,18.22,,canceled,
A07844,C00733,2025-12-31,app,pix,,29.36,11,delivered,
A07845,C00770,2025-12-31,app,credit_card,,19.25,13,delivered,4
A07846,C00896,2025-12-31,app,credit_card,AURORA20,23.23,6,delivered,
A07847,C01368,2025-12-31,app,credit_card,AURORA20,15.48,6,delivered,
A07848,C01659,2025-12-31,site,credit_card,AURORA20,12.41,5,delivered,
A07849,C01867,2025-12-31,app,credit_card,,11.28,2,delivered,5
A07850,C02109,2025-12-31,site,credit_card,,24.06,9,delivered,4
A07851,C02167,2025-12-31,site,pix,AURORA20,19.88,13,delivered,3
A07852,C02334,2025-12-31,app,credit_card,AURORA20,15.06,8,delivered,
A07853,C02346,2025-12-31,site,pix,,36.09,,canceled,
A07854,C02410,2025-12-31,marketplace,boleto,,30.34,16,delivered,
A07855,C03017,2025-12-31,site,credit_card,AURORA20,16.37,3,delivered,5
A07856,C03036,2025-12-31,marketplace,pix,,20.81,7,delivered,
A07857,C03072,2025-12-31,site,boleto,AURORA20,25.12,9,delivered,5
A07858,C03284,2025-12-31,app,credit_card,AURORA20,16.67,,canceled,
A07859,C03515,2025-12-31,site,credit_card,,20.86,6,delivered,4
A07860,C03664,2025-12-31,app,pix,,21.24,3,delivered,5
A07861,C03764,2025-12-31,site,pix,,13.26,8,delivered,
A07862,C03840,2025-12-31,app,pix,,29.99,17,returned,
A07863,C04033,2025-12-31,site,credit_card,,14.65,4,delivered,
A07864,C04188,2025-12-31,site,credit_card,AURORA20,22.67,4,delivered,5
A07865,C04331,2025-12-31,site,boleto,,14.2,5,delivered,5
A07866,C04433,2025-12-31,marketplace,credit_card,,14.6,5,delivered,
A07867,C04475,2025-12-31,site,credit_card,,12.2,4,delivered,5
A07868,C04883,2025-12-31,site,pix,,11.93,3,delivered,3
