order_id,product_id,quantity,unit_price,discount
A00001,P033,2,51.9,0.0
A00001,P043,1,51.9,0.0
A00001,P071,1,46.9,0.0
A00001,P083,3,116.9,0.0
A00002,P020,1,196.9,0.0
A00002,P049,2,175.9,0.0
A00002,P074,1,281.9,0.0
A00002,P108,1,79.9,0.0
A00003,P015,1,149.9,26.98
A00003,P037,1,68.9,0.0
A00004,P015,1,149.9,14.99
A00004,P062,2,72.9,14.58
A00004,P063,2,286.9,57.38
A00004,P073,2,266.9,53.38
A00005,P003,2,198.9,71.6
A00006,P030,2,166.9,33.38
A00006,P043,1,51.9,5.19
A00006,P046,2,41.9,8.38
A00006,P073,1,266.9,26.69
A00006,P113,2,244.9,48.98
A00006,P118,1,192.9,19.29
A00007,P001,1,40.9,0.0
A00007,P049,1,175.9,0.0
A00007,P111,1,169.9,0.0
A00008,P009,2,248.9,0.0
A00008,P014,2,144.9,0.0
A00008,P016,1,203.9,0.0
A00008,P025,2,104.9,0.0
A00008,P046,1,41.9,0.0
A00008,P078,2,190.9,0.0
A00009,P043,2,51.9,10.38
A00009,P048,1,100.9,10.09
A00009,P102,1,299.9,29.99
A00009,P110,1,225.9,22.59
A00010,P017,1,116.9,11.69
A00010,P031,1,93.9,9.39
A00011,P001,1,40.9,0.0
A00011,P036,1,68.9,0.0
A00011,P049,1,175.9,0.0
A00011,P067,2,68.9,0.0
A00012,P051,1,126.9,0.0
A00012,P088,1,76.9,0.0
A00013,P038,1,55.9,0.0
A00013,P052,1,124.9,0.0
A00013,P086,1,99.9,0.0
A00013,P097,2,27.9,0.0
A00013,P098,2,87.9,0.0
A00014,P085,1,33.9,0.0
A00014,P091,2,57.9,0.0
A00015,P035,1,174.9,0.0
A00016,P018,2,119.9,43.16
A00017,P008,1,105.9,19.06
A00017,P015,2,149.9,0.0
A00017,P025,2,104.9,0.0
A00017,P036,2,68.9,0.0
A00017,P116,3,234.9,0.0
A00018,P072,1,50.9,0.0
A00019,P021,1,81.9,14.74
A00019,P032,2,176.9,0.0
A00020,P036,1,68.9,0.0
A00020,P090,1,64.9,0.0
A00021,P015,1,149.9,0.0
A00022,P018,2,119.9,43.16
A00022,P025,1,104.9,0.0
A00023,P031,1,93.9,0.0
A00023,P070,1,132.9,0.0
A00023,P083,1,116.9,0.0
A00024,P048,1,100.9,0.0
A00025,P043,1,51.9,5.19
A00025,P082,1,108.9,10.89
A00025,P119,2,70.9,14.18
A00026,P014,1,144.9,26.08
A00026,P067,1,68.9,0.0
A00027,P023,1,174.9,17.49
A00027,P087,1,78.9,7.89
A00028,P043,2,51.9,0.0
A00028,P047,1,153.9,0.0
A00028,P085,1,33.9,0.0
A00028,P090,2,64.9,0.0
A00028,P111,2,169.9,0.0
A00029,P055,1,135.9,0.0
A00030,P002,1,111.9,0.0
A00030,P012,2,77.9,0.0
A00030,P029,1,173.9,31.3
A00030,P049,1,175.9,0.0
A00030,P099,1,54.9,0.0
A00031,P093,2,36.9,0.0
A00032,P012,1,77.9,7.79
A00032,P072,1,50.9,5.09
A00033,P007,2,153.9,86.18
A00033,P012,1,77.9,21.81
A00033,P060,1,297.9,29.79
A00033,P073,1,266.9,26.69
A00033,P095,3,89.9,26.97
A00033,P111,1,169.9,16.99
A00034,P020,2,196.9,0.0
A00035,P091,1,57.9,0.0
A00036,P014,1,144.9,14.49
A00036,P035,1,174.9,17.49
A00037,P035,1,174.9,0.0
A00037,P054,1,207.9,0.0
A00037,P061,1,233.9,0.0
A00037,P089,1,59.9,0.0
A00037,P106,1,87.9,0.0
A00038,P071,1,46.9,0.0
A00038,P085,1,33.9,0.0
A00038,P094,1,84.9,0.0
A00039,P006,2,208.9,75.2
A00039,P015,1,149.9,26.98
A00039,P022,1,79.9,0.0
A00039,P083,1,116.9,0.0
A00040,P002,2,111.9,0.0
A00040,P063,2,286.9,0.0
A00041,P002,1,111.9,20.14
A00041,P057,1,246.9,0.0
A00041,P108,2,79.9,0.0
A00042,P050,1,97.9,0.0
A00043,P086,1,99.9,0.0
A00044,P002,1,111.9,20.14
A00044,P004,1,123.9,22.3
A00044,P080,1,149.9,0.0
A00044,P094,1,84.9,0.0
A00044,P110,2,225.9,0.0
A00045,P029,3,173.9,0.0
A00045,P044,1,99.9,0.0
A00045,P066,1,238.9,0.0
A00045,P083,1,116.9,0.0
A00045,P099,2,54.9,0.0
A00045,P102,2,299.9,0.0
A00046,P005,1,100.9,18.16
A00046,P044,1,99.9,0.0
A00047,P084,1,18.9,0.0
A00047,P101,1,222.9,0.0
A00048,P024,1,228.9,0.0
A00048,P043,1,51.9,0.0
A00049,P010,1,163.9,0.0
A00049,P013,3,99.9,53.95
A00049,P018,2,119.9,0.0
A00049,P022,1,79.9,0.0
A00049,P026,2,193.9,69.8
A00049,P048,2,100.9,0.0
A00049,P065,2,48.9,0.0
A00049,P068,1,166.9,0.0
A00049,P088,2,76.9,0.0
A00049,P097,1,27.9,0.0
A00049,P118,1,192.9,0.0
A00050,P006,1,208.9,58.49
A00051,P014,1,144.9,0.0
A00051,P090,1,64.9,0.0
A00052,P005,1,100.9,10.09
A00052,P012,1,77.9,7.79
A00052,P034,1,162.9,16.29
A00053,P028,1,241.9,0.0
A00053,P080,1,149.9,0.0
A00054,P047,1,153.9,15.39
A00054,P058,1,271.9,27.19
A00054,P061,1,233.9,23.39
A00054,P063,1,286.9,28.69
A00054,P105,1,88.9,8.89
A00055,P004,2,123.9,44.6
A00055,P005,1,100.9,0.0
A00055,P011,1,72.9,13.12
A00055,P055,2,135.9,0.0
A00056,P015,1,149.9,26.98
A00056,P055,1,135.9,0.0
A00056,P063,2,286.9,0.0
A00057,P019,1,157.9,28.42
A00058,P030,1,166.9,30.04
A00058,P054,2,207.9,0.0
A00058,P113,2,244.9,0.0
A00059,P015,1,149.9,26.98
A00059,P064,1,140.9,0.0
A00059,P072,1,50.9,0.0
A00060,P011,1,72.9,0.0
A00061,P013,2,99.9,0.0
A00061,P111,1,169.9,0.0
A00062,P002,1,111.9,20.14
A00062,P030,1,166.9,0.0
A00063,P017,1,116.9,21.04
A00064,P008,2,105.9,59.3
A00064,P010,1,163.9,16.39
A00064,P030,2,166.9,33.38
A00064,P085,3,33.9,10.17
A00064,P111,1,169.9,16.99
A00064,P117,1,281.9,28.19
A00065,P005,1,100.9,18.16
A00066,P003,1,198.9,55.69
A00066,P041,1,118.9,11.89
A00067,P001,3,40.9,0.0
A00067,P062,1,72.9,0.0
A00068,P004,1,123.9,22.3
A00069,P085,1,33.9,0.0
A00069,P107,2,203.9,0.0
A00070,P011,1,72.9,0.0
A00070,P038,1,55.9,0.0
A00071,P014,1,144.9,26.08
A00071,P029,1,173.9,31.3
A00072,P018,2,119.9,43.16
A00072,P068,2,166.9,0.0
A00072,P092,2,39.9,0.0
A00072,P104,2,307.9,0.0
A00072,P119,1,70.9,0.0
A00073,P029,1,173.9,0.0
A00073,P035,2,174.9,0.0
A00073,P091,1,57.9,0.0
A00074,P047,1,153.9,0.0
A00074,P116,1,234.9,0.0
A00075,P104,1,307.9,30.79
A00075,P120,2,195.9,39.18
A00076,P038,1,55.9,0.0
A00077,P037,1,68.9,0.0
A00077,P061,1,233.9,0.0
A00078,P002,1,111.9,20.14
A00078,P010,1,163.9,29.5
A00079,P045,1,83.9,0.0
A00079,P082,2,108.9,0.0
A00080,P018,1,119.9,0.0
A00080,P026,1,193.9,0.0
A00080,P037,1,68.9,0.0
A00081,P045,2,83.9,0.0
A00081,P102,1,299.9,0.0
A00082,P014,1,144.9,26.08
A00082,P016,1,203.9,36.7
A00082,P030,1,166.9,0.0
A00083,P016,1,203.9,20.39
A00083,P076,1,203.9,20.39
A00084,P033,1,51.9,0.0
A00084,P037,1,68.9,0.0
A00084,P049,1,175.9,0.0
A00084,P061,2,233.9,0.0
A00085,P030,3,166.9,0.0
A00085,P055,1,135.9,0.0
A00086,P005,2,100.9,36.32
A00086,P027,2,187.9,67.64
A00086,P084,1,18.9,0.0
A00087,P100,1,110.9,0.0
A00087,P117,1,281.9,0.0
A00088,P041,1,118.9,0.0
A00088,P047,2,153.9,0.0
A00088,P099,1,54.9,0.0
A00089,P027,1,187.9,18.79
A00089,P035,1,174.9,17.49
A00089,P087,1,78.9,7.89
A00090,P015,1,149.9,0.0
A00091,P021,1,81.9,0.0
A00092,P054,2,207.9,0.0
A00092,P092,1,39.9,0.0
A00093,P011,1,72.9,0.0
A00093,P025,1,104.9,0.0
A00093,P038,1,55.9,0.0
A00093,P093,1,36.9,0.0
A00094,P108,1,79.9,0.0
A00095,P106,1,87.9,0.0
A00096,P046,1,41.9,0.0
A00097,P027,1,187.9,0.0
A00097,P086,2,99.9,0.0
A00098,P090,1,64.9,0.0
A00099,P066,2,238.9,0.0
A00099,P073,1,266.9,0.0
A00100,P066,1,238.9,0.0
A00101,P055,1,135.9,0.0
A00102,P014,2,144.9,52.16
A00102,P015,4,149.9,107.93
A00102,P022,3,79.9,0.0
A00102,P025,4,104.9,0.0
A00102,P036,3,68.9,0.0
A00102,P039,1,184.9,0.0
A00102,P065,1,48.9,0.0
A00102,P067,5,68.9,0.0
A00102,P077,5,284.9,0.0
A00102,P078,3,190.9,0.0
A00102,P086,2,99.9,0.0
A00102,P118,2,192.9,0.0
A00103,P020,1,196.9,35.44
A00103,P094,1,84.9,0.0
A00104,P117,1,281.9,0.0
A00105,P008,1,105.9,19.06
A00105,P043,2,51.9,0.0
A00105,P111,1,169.9,0.0
A00106,P018,1,119.9,21.58
A00107,P009,1,248.9,69.69
A00108,P027,1,187.9,33.82
A00108,P034,1,162.9,0.0
A00108,P113,2,244.9,0.0
A00109,P009,1,248.9,69.69
A00110,P049,1,175.9,0.0
A00111,P027,1,187.9,52.61
A00111,P056,1,179.9,17.99
A00112,P041,1,118.9,0.0
A00113,P024,1,228.9,41.2
A00113,P101,1,222.9,0.0
A00114,P025,1,104.9,0.0
A00114,P095,1,89.9,0.0
A00115,P063,3,286.9,0.0
A00115,P106,2,87.9,0.0
A00116,P035,1,174.9,0.0
A00117,P005,1,100.9,0.0
A00118,P003,1,198.9,0.0
A00118,P084,1,18.9,0.0
A00119,P015,1,149.9,0.0
A00119,P021,1,81.9,14.74
A00119,P026,2,193.9,69.8
A00119,P036,2,68.9,0.0
A00119,P053,3,86.9,0.0
A00119,P085,2,33.9,0.0
A00119,P100,1,110.9,0.0
A00120,P065,1,48.9,0.0
A00121,P049,2,175.9,35.18
A00121,P106,1,87.9,8.79
A00122,P015,1,149.9,26.98
A00122,P044,1,99.9,0.0
A00122,P115,1,295.9,0.0
A00123,P056,1,179.9,0.0
A00123,P064,1,140.9,0.0
A00124,P028,1,241.9,24.19
A00125,P116,2,234.9,0.0
A00126,P004,2,123.9,69.38
A00126,P052,2,124.9,24.98
A00127,P087,1,78.9,0.0
A00128,P026,3,193.9,162.88
A00128,P098,1,87.9,8.79
A00129,P040,1,180.9,0.0
A00129,P057,1,246.9,0.0
A00129,P083,2,116.9,0.0
A00129,P104,1,307.9,0.0
A00129,P105,2,88.9,0.0
A00130,P006,1,208.9,0.0
A00131,P001,2,40.9,0.0
A00131,P020,1,196.9,0.0
A00132,P002,1,111.9,0.0
A00132,P047,1,153.9,0.0
A00133,P004,2,123.9,69.38
A00134,P009,2,248.9,89.6
A00134,P013,1,99.9,17.98
A00134,P037,1,68.9,0.0
A00134,P117,1,281.9,0.0
A00135,P009,1,248.9,44.8
A00135,P078,1,190.9,0.0
A00135,P097,1,27.9,0.0
A00136,P006,4,208.9,150.41
A00136,P038,2,55.9,0.0
A00136,P056,1,179.9,0.0
A00137,P031,1,93.9,0.0
A00137,P053,1,86.9,0.0
A00137,P100,3,110.9,0.0
A00137,P102,1,299.9,0.0
A00138,P030,2,166.9,0.0
A00139,P029,1,173.9,31.3
A00139,P093,1,36.9,0.0
A00140,P025,1,104.9,18.88
A00140,P042,1,121.9,0.0
A00140,P088,1,76.9,0.0
A00140,P104,1,307.9,0.0
A00140,P114,1,246.9,0.0
A00141,P002,1,111.9,0.0
A00141,P031,2,93.9,0.0
A00141,P054,1,207.9,0.0
A00142,P042,1,121.9,0.0
A00143,P091,1,57.9,0.0
A00143,P110,1,225.9,0.0
A00144,P056,1,179.9,17.99
A00144,P087,1,78.9,7.89
A00145,P039,1,184.9,0.0
A00145,P063,1,286.9,0.0
A00145,P115,1,295.9,0.0
A00146,P093,1,36.9,0.0
A00146,P097,1,27.9,0.0
A00147,P004,1,123.9,22.3
A00147,P107,2,203.9,0.0
A00148,P035,2,174.9,34.98
A00149,P038,2,55.9,0.0
A00149,P074,1,281.9,0.0
A00149,P083,1,116.9,0.0
A00150,P071,2,46.9,0.0
A00151,P029,1,173.9,31.3
A00151,P046,2,41.9,0.0
A00152,P064,1,140.9,0.0
A00153,P015,2,149.9,83.94
A00153,P057,1,246.9,24.69
A00154,P004,1,123.9,22.3
A00154,P008,1,105.9,19.06
A00154,P067,1,68.9,0.0
A00154,P086,1,99.9,0.0
A00154,P095,2,89.9,0.0
A00155,P070,1,132.9,0.0
A00156,P060,1,297.9,0.0
A00156,P119,1,70.9,0.0
A00157,P047,1,153.9,0.0
A00158,P004,1,123.9,22.3
A00158,P039,2,184.9,0.0
A00158,P065,1,48.9,0.0
A00158,P067,1,68.9,0.0
A00158,P070,3,132.9,0.0
A00158,P086,4,99.9,0.0
A00159,P022,3,79.9,0.0
A00159,P040,2,180.9,0.0
A00159,P081,1,18.9,0.0
A00160,P095,1,89.9,0.0
A00160,P113,1,244.9,0.0
A00161,P003,1,198.9,0.0
A00161,P038,1,55.9,0.0
A00162,P010,1,163.9,0.0
A00162,P072,1,50.9,0.0
A00162,P085,2,33.9,0.0
A00162,P097,1,27.9,0.0
A00162,P117,1,281.9,0.0
A00163,P055,1,135.9,0.0
A00163,P087,1,78.9,0.0
A00164,P010,1,163.9,45.89
A00164,P017,1,116.9,11.69
A00164,P028,2,241.9,135.46
A00165,P112,1,141.9,0.0
A00166,P016,1,203.9,36.7
A00167,P065,1,48.9,0.0
A00167,P081,1,18.9,0.0
A00167,P102,2,299.9,0.0
A00168,P053,1,86.9,0.0
A00169,P081,2,18.9,0.0
A00169,P107,1,203.9,0.0
A00170,P022,2,79.9,0.0
A00170,P028,1,241.9,0.0
A00170,P092,1,39.9,0.0
A00171,P009,1,248.9,24.89
A00171,P014,2,144.9,28.98
A00171,P024,1,228.9,22.89
A00171,P038,1,55.9,5.59
A00171,P040,1,180.9,18.09
A00171,P064,1,140.9,14.09
A00172,P018,1,119.9,0.0
A00172,P021,1,81.9,14.74
A00172,P023,1,174.9,31.48
A00172,P053,1,86.9,0.0
A00172,P085,1,33.9,0.0
A00173,P071,1,46.9,4.69
A00174,P039,1,184.9,0.0
A00174,P061,2,233.9,0.0
A00174,P085,1,33.9,0.0
A00175,P010,1,163.9,45.89
A00175,P019,2,157.9,31.58
A00175,P021,1,81.9,8.19
A00175,P039,1,184.9,18.49
A00175,P064,2,140.9,28.18
A00175,P071,2,46.9,9.38
A00175,P081,2,18.9,3.78
A00175,P098,2,87.9,17.58
A00175,P118,4,192.9,77.16
A00176,P024,2,228.9,82.4
A00176,P051,1,126.9,0.0
A00177,P055,1,135.9,13.59
A00178,P011,1,72.9,0.0
A00178,P044,1,99.9,0.0
A00179,P017,1,116.9,0.0
A00179,P026,1,193.9,34.9
A00180,P001,1,40.9,0.0
A00180,P111,2,169.9,0.0
A00180,P120,1,195.9,0.0
A00181,P005,1,100.9,0.0
A00182,P001,1,40.9,7.36
A00182,P013,1,99.9,17.98
A00182,P014,2,144.9,52.16
A00182,P104,2,307.9,0.0
A00183,P027,1,187.9,0.0
A00183,P043,2,51.9,0.0
A00183,P048,2,100.9,0.0
A00183,P076,1,203.9,0.0
A00183,P091,2,57.9,0.0
A00184,P035,1,174.9,0.0
A00185,P057,1,246.9,0.0
A00185,P086,2,99.9,0.0
A00186,P012,2,77.9,0.0
A00186,P023,1,174.9,31.48
A00186,P036,1,68.9,0.0
A00186,P047,2,153.9,0.0
A00186,P066,1,238.9,0.0
A00186,P072,1,50.9,0.0
A00186,P088,1,76.9,0.0
A00187,P013,1,99.9,0.0
A00187,P032,1,176.9,0.0
A00187,P081,1,18.9,0.0
A00188,P021,1,81.9,8.19
A00188,P062,1,72.9,7.29
A00189,P043,2,51.9,0.0
A00189,P053,1,86.9,0.0
A00190,P003,2,198.9,111.38
A00190,P004,1,123.9,12.39
A00190,P079,2,230.9,46.18
A00191,P029,1,173.9,0.0
A00191,P092,1,39.9,0.0
A00192,P019,1,157.9,0.0
A00192,P087,1,78.9,0.0
A00193,P012,1,77.9,21.81
A00194,P006,3,208.9,112.81
A00194,P025,1,104.9,0.0
A00194,P099,1,54.9,0.0
A00194,P119,2,70.9,0.0
A00195,P013,1,99.9,17.98
A00195,P099,2,54.9,0.0
A00195,P109,1,221.9,0.0
A00196,P052,1,124.9,0.0
A00196,P099,2,54.9,0.0
A00197,P082,1,108.9,10.89
A00197,P091,1,57.9,5.79
A00197,P102,1,299.9,29.99
A00198,P076,1,203.9,0.0
A00198,P079,1,230.9,0.0
A00198,P097,1,27.9,0.0
A00199,P051,2,126.9,25.38
A00200,P040,2,180.9,0.0
A00200,P086,2,99.9,0.0
A00201,P011,1,72.9,13.12
A00201,P082,2,108.9,0.0
A00201,P092,1,39.9,0.0
A00201,P112,1,141.9,0.0
A00202,P089,1,59.9,0.0
A00203,P055,2,135.9,27.18
A00204,P039,2,184.9,0.0
A00205,P049,1,175.9,17.59
A00205,P075,1,115.9,11.59
A00205,P095,1,89.9,8.99
A00206,P002,1,111.9,20.14
A00206,P031,2,93.9,0.0
A00206,P055,2,135.9,0.0
A00206,P093,1,36.9,0.0
A00206,P113,1,244.9,0.0
A00207,P003,1,198.9,0.0
A00207,P114,1,246.9,0.0
A00208,P014,1,144.9,40.57
A00208,P040,1,180.9,18.09
A00208,P103,2,266.9,53.38
A00209,P034,1,162.9,0.0
A00209,P066,1,238.9,0.0
A00210,P094,1,84.9,0.0
A00211,P023,1,174.9,31.48
A00211,P091,1,57.9,0.0
A00212,P051,1,126.9,0.0
A00213,P034,3,162.9,0.0
A00213,P078,2,190.9,0.0
A00213,P082,1,108.9,0.0
A00213,P083,1,116.9,0.0
A00214,P087,1,78.9,0.0
A00214,P107,1,203.9,0.0
A00214,P110,2,225.9,0.0
A00215,P017,1,116.9,0.0
A00216,P028,1,241.9,43.54
A00217,P030,1,166.9,0.0
A00217,P036,1,68.9,0.0
A00217,P093,1,36.9,0.0
A00217,P106,1,87.9,0.0
A00218,P027,1,187.9,33.82
A00218,P034,1,162.9,0.0
A00218,P106,1,87.9,0.0
A00219,P099,1,54.9,0.0
A00220,P065,1,48.9,0.0
A00220,P074,1,281.9,0.0
A00220,P104,2,307.9,0.0
A00220,P117,1,281.9,0.0
A00221,P117,1,281.9,0.0
A00222,P004,1,123.9,22.3
A00222,P022,2,79.9,0.0
A00223,P002,2,111.9,0.0
A00223,P011,2,72.9,26.24
A00223,P025,2,104.9,37.76
A00223,P045,4,83.9,0.0
A00223,P082,2,108.9,0.0
A00223,P094,2,84.9,0.0
A00224,P003,2,198.9,71.6
A00224,P009,1,248.9,44.8
A00224,P021,2,81.9,29.48
A00224,P062,1,72.9,0.0
A00225,P116,1,234.9,0.0
A00226,P011,1,72.9,13.12
A00226,P012,1,77.9,0.0
A00226,P063,3,286.9,0.0
A00226,P112,1,141.9,0.0
A00227,P072,1,50.9,0.0
A00228,P051,3,126.9,0.0
A00228,P055,1,135.9,0.0
A00228,P058,2,271.9,0.0
A00228,P065,2,48.9,0.0
A00229,P115,1,295.9,0.0
A00230,P011,1,72.9,13.12
A00230,P017,1,116.9,0.0
A00230,P020,1,196.9,35.44
A00231,P048,1,100.9,0.0
A00231,P109,1,221.9,0.0
A00232,P021,2,81.9,29.48
A00232,P025,1,104.9,0.0
A00232,P031,1,93.9,0.0
A00232,P046,2,41.9,0.0
A00232,P073,1,266.9,0.0
A00232,P086,2,99.9,0.0
A00232,P103,2,266.9,0.0
A00232,P116,2,234.9,0.0
A00233,P017,1,116.9,21.04
A00233,P120,3,195.9,0.0
A00234,P002,1,111.9,20.14
A00234,P012,2,77.9,28.04
A00234,P032,1,176.9,0.0
A00234,P105,1,88.9,0.0
A00235,P020,1,196.9,35.44
A00236,P112,1,141.9,0.0
A00237,P053,1,86.9,0.0
A00238,P040,1,180.9,0.0
A00239,P064,1,140.9,0.0
A00240,P030,1,166.9,30.04
A00240,P048,1,100.9,0.0
A00241,P010,1,163.9,16.39
A00241,P029,1,173.9,17.39
A00241,P098,2,87.9,17.58
A00242,P003,1,198.9,0.0
A00243,P016,1,203.9,36.7
A00244,P066,1,238.9,0.0
A00245,P009,1,248.9,44.8
A00245,P112,1,141.9,0.0
A00246,P046,1,41.9,4.19
A00246,P073,1,266.9,26.69
A00246,P112,1,141.9,14.19
A00247,P054,1,207.9,0.0
A00247,P109,1,221.9,0.0
A00248,P014,2,144.9,0.0
A00248,P022,1,79.9,0.0
A00248,P061,1,233.9,0.0
A00249,P001,1,40.9,7.36
A00249,P015,2,149.9,53.96
A00249,P087,1,78.9,0.0
A00250,P064,1,140.9,0.0
A00250,P089,2,59.9,0.0
A00251,P119,1,70.9,0.0
A00252,P002,2,111.9,0.0
A00252,P021,1,81.9,0.0
A00253,P007,1,153.9,27.7
A00253,P099,1,54.9,0.0
A00253,P112,1,141.9,0.0
A00254,P035,1,174.9,17.49
A00254,P067,1,68.9,6.89
A00254,P075,1,115.9,11.59
A00255,P001,2,40.9,0.0
A00255,P012,2,77.9,0.0
A00255,P022,3,79.9,43.15
A00255,P039,1,184.9,0.0
A00255,P044,1,99.9,0.0
A00255,P060,1,297.9,0.0
A00255,P063,1,286.9,0.0
A00255,P095,2,89.9,0.0
A00255,P109,3,221.9,0.0
A00256,P006,2,208.9,0.0
A00256,P007,1,153.9,0.0
A00256,P088,1,76.9,0.0
A00256,P104,1,307.9,0.0
A00257,P061,1,233.9,0.0
A00258,P072,2,50.9,0.0
A00258,P088,1,76.9,0.0
A00258,P105,2,88.9,0.0
A00259,P004,1,123.9,0.0
A00260,P015,1,149.9,26.98
A00261,P021,1,81.9,14.74
A00262,P092,3,39.9,0.0
A00262,P094,2,84.9,0.0
A00262,P120,1,195.9,0.0
A00263,P035,1,174.9,0.0
A00263,P055,3,135.9,0.0
A00263,P056,1,179.9,0.0
A00263,P057,1,246.9,0.0
A00263,P087,1,78.9,0.0
A00264,P005,1,100.9,0.0
A00265,P029,1,173.9,31.3
A00265,P031,1,93.9,0.0
A00265,P072,1,50.9,0.0
A00265,P077,1,284.9,0.0
A00265,P091,1,57.9,0.0
A00265,P100,1,110.9,0.0
A00266,P007,1,153.9,27.7
A00266,P051,3,126.9,0.0
A00266,P089,1,59.9,0.0
A00267,P042,1,121.9,0.0
A00267,P116,1,234.9,0.0
A00268,P116,1,234.9,23.49
A00268,P117,1,281.9,28.19
A00269,P014,1,144.9,40.57
A00269,P018,1,119.9,33.57
A00269,P026,4,193.9,77.56
A00269,P082,1,108.9,10.89
A00269,P105,1,88.9,8.89
A00270,P027,1,187.9,0.0
A00271,P025,1,104.9,18.88
A00271,P039,1,184.9,0.0
A00271,P110,1,225.9,0.0
A00272,P052,1,124.9,0.0
A00272,P098,1,87.9,0.0
A00273,P020,1,196.9,55.13
A00274,P007,1,153.9,15.39
A00275,P047,1,153.9,0.0
A00276,P046,1,41.9,0.0
A00277,P006,1,208.9,37.6
A00277,P025,1,104.9,18.88
A00277,P117,1,281.9,0.0
A00278,P032,1,176.9,0.0
A00279,P012,1,77.9,7.79
A00279,P037,1,68.9,6.89
A00279,P039,1,184.9,18.49
A00279,P066,1,238.9,23.89
A00280,P076,1,203.9,20.39
A00280,P115,1,295.9,29.59
A00281,P013,1,99.9,17.98
A00281,P083,1,116.9,0.0
A00282,P036,1,68.9,0.0
A00282,P091,1,57.9,0.0
A00283,P011,1,72.9,20.41
A00283,P097,1,27.9,2.79
A00284,P034,1,162.9,16.29
A00285,P026,1,193.9,34.9
A00285,P058,1,271.9,0.0
A00285,P118,1,192.9,0.0
A00286,P008,1,105.9,29.65
A00286,P012,1,77.9,21.81
A00286,P066,1,238.9,23.89
A00287,P079,1,230.9,0.0
A00287,P108,2,79.9,0.0
A00288,P030,1,166.9,0.0
A00289,P008,1,105.9,19.06
A00289,P017,1,116.9,21.04
A00289,P046,1,41.9,0.0
A00290,P006,1,208.9,58.49
A00290,P013,1,99.9,9.99
A00290,P095,1,89.9,8.99
A00290,P120,1,195.9,19.59
A00291,P001,1,40.9,7.36
A00291,P098,1,87.9,0.0
A00292,P064,1,140.9,0.0
A00292,P086,1,99.9,0.0
A00293,P073,1,266.9,0.0
A00293,P112,1,141.9,0.0
A00294,P043,1,51.9,0.0
A00294,P062,1,72.9,0.0
A00295,P049,1,175.9,0.0
A00295,P075,2,115.9,0.0
A00296,P016,1,203.9,36.7
A00296,P025,1,104.9,18.88
A00296,P100,1,110.9,0.0
A00296,P106,2,87.9,0.0
A00297,P018,2,119.9,43.16
A00297,P101,1,222.9,0.0
A00298,P029,2,173.9,0.0
A00298,P048,2,100.9,0.0
A00298,P065,2,48.9,0.0
A00298,P073,2,266.9,0.0
A00299,P025,2,104.9,58.74
A00300,P075,1,115.9,0.0
A00300,P092,1,39.9,0.0
A00301,P049,2,175.9,0.0
A00302,P009,1,248.9,0.0
A00302,P054,1,207.9,0.0
A00302,P107,2,203.9,0.0
A00303,P053,2,86.9,0.0
A00304,P054,2,207.9,0.0
A00305,P029,1,173.9,31.3
A00306,P020,1,196.9,0.0
A00307,P013,1,99.9,17.98
A00307,P017,2,116.9,42.08
A00308,P036,1,68.9,0.0
A00308,P111,1,169.9,0.0
A00309,P018,1,119.9,33.57
A00309,P023,3,174.9,52.47
A00310,P082,1,108.9,0.0
A00310,P105,1,88.9,0.0
A00310,P115,2,295.9,0.0
A00311,P007,1,153.9,27.7
A00311,P010,1,163.9,29.5
A00312,P006,1,208.9,37.6
A00312,P070,1,132.9,0.0
A00313,P036,1,68.9,0.0
A00313,P088,1,76.9,0.0
A00314,P012,2,77.9,0.0
A00314,P031,1,93.9,0.0
A00314,P038,3,55.9,0.0
A00314,P053,3,86.9,0.0
A00315,P107,1,203.9,0.0
A00316,P018,1,119.9,0.0
A00316,P040,1,180.9,0.0
A00316,P068,1,166.9,0.0
A00316,P120,1,195.9,0.0
A00317,P016,1,203.9,36.7
A00317,P054,1,207.9,0.0
A00318,P006,1,208.9,37.6
A00318,P029,1,173.9,31.3
A00318,P040,2,180.9,0.0
A00318,P076,1,203.9,0.0
A00319,P051,1,126.9,12.69
A00319,P090,1,64.9,6.49
A00320,P002,1,111.9,0.0
A00320,P094,1,84.9,0.0
A00321,P021,1,81.9,0.0
A00322,P012,1,77.9,7.79
A00322,P039,2,184.9,36.98
A00322,P063,1,286.9,28.69
A00323,P036,1,68.9,0.0
A00323,P079,1,230.9,0.0
A00323,P089,1,59.9,0.0
A00324,P002,1,111.9,20.14
A00324,P020,2,196.9,0.0
A00324,P034,2,162.9,0.0
A00324,P065,2,48.9,0.0
A00324,P076,1,203.9,0.0
A00325,P030,1,166.9,0.0
A00325,P039,2,184.9,0.0
A00325,P087,1,78.9,0.0
A00326,P016,1,203.9,36.7
A00326,P030,1,166.9,30.04
A00327,P017,2,116.9,0.0
A00328,P018,2,119.9,23.98
A00328,P074,1,281.9,28.19
A00328,P080,1,149.9,14.99
A00329,P073,1,266.9,0.0
A00329,P090,1,64.9,0.0
A00329,P092,2,39.9,0.0
A00330,P068,1,166.9,0.0
A00331,P010,2,163.9,59.0
A00331,P094,1,84.9,0.0
A00331,P105,1,88.9,0.0
A00332,P053,1,86.9,8.69
A00333,P067,2,68.9,0.0
A00333,P080,1,149.9,0.0
A00333,P082,1,108.9,0.0
A00334,P097,1,27.9,0.0
A00335,P075,1,115.9,0.0
A00336,P083,1,116.9,0.0
A00336,P096,2,102.9,0.0
A00336,P117,2,281.9,0.0
A00337,P092,1,39.9,0.0
A00338,P011,1,72.9,13.12
A00338,P029,1,173.9,31.3
A00338,P046,1,41.9,0.0
A00339,P009,1,248.9,0.0
A00339,P065,2,48.9,0.0
A00339,P102,1,299.9,0.0
A00339,P109,1,221.9,0.0
A00339,P113,1,244.9,0.0
A00340,P002,1,111.9,20.14
A00341,P043,1,51.9,5.19
A00341,P048,1,100.9,10.09
A00341,P115,1,295.9,29.59
A00342,P059,1,278.9,0.0
A00343,P024,1,228.9,41.2
A00343,P052,1,124.9,0.0
A00343,P081,2,18.9,0.0
A00344,P066,1,238.9,0.0
A00345,P022,1,79.9,14.38
A00345,P097,1,27.9,0.0
A00346,P007,1,153.9,27.7
A00346,P024,1,228.9,0.0
A00346,P053,2,86.9,0.0
A00347,P007,1,153.9,43.09
A00347,P026,1,193.9,19.39
A00347,P034,1,162.9,16.29
A00347,P110,1,225.9,22.59
A00348,P055,1,135.9,0.0
A00349,P045,1,83.9,0.0
A00349,P099,1,54.9,0.0
A00350,P002,1,111.9,20.14
A00350,P032,2,176.9,0.0
A00351,P022,1,79.9,14.38
A00352,P005,1,100.9,18.16
A00353,P005,2,100.9,56.5
A00353,P006,1,208.9,58.49
A00354,P007,1,153.9,43.09
A00354,P073,2,266.9,53.38
A00355,P022,1,79.9,14.38
A00355,P120,1,195.9,0.0
A00356,P022,1,79.9,0.0
A00356,P051,2,126.9,0.0
A00357,P024,2,228.9,82.4
A00357,P095,1,89.9,0.0
A00358,P004,1,123.9,0.0
A00358,P031,1,93.9,0.0
A00358,P032,2,176.9,0.0
A00358,P067,2,68.9,0.0
A00359,P007,1,153.9,27.7
A00359,P023,1,174.9,31.48
A00359,P046,1,41.9,0.0
A00359,P098,1,87.9,0.0
A00359,P105,3,88.9,0.0
A00360,P022,3,79.9,67.12
A00360,P037,1,68.9,6.89
A00361,P033,2,51.9,0.0
A00362,P093,1,36.9,0.0
A00363,P001,2,40.9,8.18
A00363,P035,1,174.9,17.49
A00363,P060,1,297.9,29.79
A00363,P089,1,59.9,5.99
A00364,P008,2,105.9,38.12
A00365,P009,1,248.9,44.8
A00365,P064,1,140.9,0.0
A00366,P038,1,55.9,0.0
A00367,P018,1,119.9,0.0
A00367,P080,1,149.9,0.0
A00367,P086,1,99.9,0.0
A00368,P026,1,193.9,0.0
A00368,P029,2,173.9,0.0
A00368,P049,1,175.9,0.0
A00368,P089,1,59.9,0.0
A00368,P091,1,57.9,0.0
A00368,P112,2,141.9,0.0
A00369,P003,1,198.9,35.8
A00369,P098,1,87.9,0.0
A00370,P021,1,81.9,14.74
A00370,P039,1,184.9,0.0
A00370,P077,1,284.9,0.0
A00370,P083,3,116.9,0.0
A00370,P099,1,54.9,0.0
A00371,P013,2,99.9,0.0
A00371,P029,2,173.9,62.6
A00372,P035,1,174.9,0.0
A00373,P039,1,184.9,0.0
A00373,P055,1,135.9,0.0
A00373,P081,1,18.9,0.0
A00374,P028,1,241.9,0.0
A00374,P051,1,126.9,0.0
A00375,P028,1,241.9,0.0
A00375,P063,1,286.9,0.0
A00375,P118,1,192.9,0.0
A00376,P003,2,198.9,111.38
A00376,P004,1,123.9,34.69
A00376,P093,3,36.9,11.07
A00377,P074,1,281.9,0.0
A00378,P024,1,228.9,0.0
A00378,P030,4,166.9,0.0
A00378,P032,1,176.9,0.0
A00378,P074,1,281.9,0.0
A00378,P118,1,192.9,0.0
A00379,P030,1,166.9,30.04
A00379,P085,1,33.9,0.0
A00380,P037,1,68.9,0.0
A00381,P107,1,203.9,20.39
A00382,P023,1,174.9,48.97
A00382,P085,1,33.9,3.39
A00383,P024,2,228.9,0.0
A00384,P013,2,99.9,0.0
A00384,P034,2,162.9,0.0
A00384,P045,2,83.9,0.0
A00384,P050,2,97.9,0.0
A00385,P119,1,70.9,0.0
A00386,P093,1,36.9,0.0
A00387,P023,1,174.9,31.48
A00387,P087,2,78.9,0.0
A00387,P112,1,141.9,0.0
A00388,P009,1,248.9,0.0
A00389,P068,2,166.9,0.0
A00390,P111,1,169.9,16.99
A00391,P011,1,72.9,13.12
A00391,P013,1,99.9,17.98
A00391,P014,1,144.9,26.08
A00392,P006,1,208.9,0.0
A00392,P033,2,51.9,0.0
A00392,P040,2,180.9,0.0
A00392,P087,3,78.9,0.0
A00392,P098,1,87.9,0.0
A00393,P090,1,64.9,0.0
A00394,P038,2,55.9,11.18
A00395,P108,2,79.9,0.0
A00396,P037,1,68.9,0.0
A00396,P060,1,297.9,0.0
A00396,P102,1,299.9,0.0
A00396,P116,2,234.9,0.0
A00396,P117,2,281.9,0.0
A00397,P043,2,51.9,0.0
A00397,P055,1,135.9,0.0
A00398,P009,1,248.9,44.8
A00398,P027,4,187.9,135.29
A00398,P038,2,55.9,0.0
A00398,P039,2,184.9,0.0
A00398,P042,3,121.9,0.0
A00398,P055,4,135.9,0.0
A00398,P098,2,87.9,0.0
A00399,P054,4,207.9,0.0
A00399,P065,2,48.9,0.0
A00399,P104,4,307.9,0.0
A00399,P107,2,203.9,0.0
A00400,P003,1,198.9,35.8
A00401,P030,1,166.9,0.0
A00401,P075,1,115.9,0.0
A00401,P078,1,190.9,0.0
A00402,P092,1,39.9,0.0
A00403,P040,1,180.9,0.0
A00403,P046,1,41.9,0.0
A00403,P048,3,100.9,0.0
A00403,P081,1,18.9,0.0
A00404,P005,1,100.9,0.0
A00404,P015,1,149.9,26.98
A00404,P033,1,51.9,0.0
A00405,P113,1,244.9,0.0
A00406,P012,2,77.9,28.04
A00406,P095,2,89.9,0.0
A00406,P100,3,110.9,0.0
A00407,P040,1,180.9,0.0
A00407,P083,1,116.9,0.0
A00408,P049,1,175.9,17.59
A00408,P065,2,48.9,9.78
A00408,P086,1,99.9,9.99
A00408,P094,2,84.9,16.98
A00408,P113,1,244.9,24.49
A00409,P011,1,72.9,20.41
A00409,P019,3,157.9,47.37
A00409,P069,3,266.9,80.07
A00409,P078,3,190.9,57.27
A00410,P035,1,174.9,0.0
A00411,P092,2,39.9,0.0
A00412,P019,2,157.9,56.84
A00413,P039,1,184.9,0.0
A00414,P047,4,153.9,0.0
A00414,P053,3,86.9,0.0
A00414,P075,1,115.9,0.0
A00414,P118,2,192.9,0.0
A00415,P006,1,208.9,37.6
A00415,P025,1,104.9,18.88
A00416,P098,1,87.9,0.0
A00417,P017,1,116.9,0.0
A00417,P092,1,39.9,0.0
A00417,P102,1,299.9,0.0
A00418,P017,2,116.9,0.0
A00419,P001,1,40.9,0.0
A00419,P095,1,89.9,0.0
A00419,P099,3,54.9,0.0
A00420,P005,1,100.9,18.16
A00421,P042,1,121.9,0.0
A00422,P049,3,175.9,0.0
A00422,P091,1,57.9,0.0
A00422,P092,2,39.9,0.0
A00423,P022,1,79.9,14.38
A00423,P038,2,55.9,0.0
A00423,P090,1,64.9,0.0
A00424,P027,1,187.9,0.0
A00424,P035,2,174.9,0.0
A00424,P048,1,100.9,0.0
A00424,P066,1,238.9,0.0
A00425,P016,1,203.9,0.0
A00426,P022,1,79.9,14.38
A00426,P054,2,207.9,0.0
A00426,P104,1,307.9,0.0
A00427,P076,1,203.9,0.0
A00427,P077,1,284.9,0.0
A00427,P094,1,84.9,0.0
A00428,P031,1,93.9,9.39
A00428,P097,1,27.9,2.79
A00429,P056,1,179.9,0.0
A00429,P089,1,59.9,0.0
A00430,P016,1,203.9,57.09
A00430,P017,2,116.9,23.38
A00430,P091,1,57.9,5.79
A00431,P006,1,208.9,0.0
A00431,P007,2,153.9,55.4
A00431,P050,2,97.9,0.0
A00431,P074,1,281.9,0.0
A00432,P031,2,93.9,0.0
A00432,P114,2,246.9,0.0
A00433,P117,1,281.9,0.0
A00434,P045,1,83.9,0.0
A00434,P085,1,33.9,0.0
A00435,P010,1,163.9,0.0
A00435,P038,1,55.9,0.0
A00435,P046,1,41.9,0.0
A00435,P056,1,179.9,0.0
A00436,P013,1,99.9,17.98
A00436,P033,1,51.9,0.0
A00437,P001,1,40.9,7.36
A00437,P030,1,166.9,30.04
A00437,P045,1,83.9,0.0
A00438,P064,2,140.9,0.0
A00438,P096,2,102.9,0.0
A00438,P112,1,141.9,0.0
A00439,P015,1,149.9,26.98
A00439,P033,2,51.9,0.0
A00439,P040,1,180.9,0.0
A00439,P066,2,238.9,0.0
A00439,P111,1,169.9,0.0
A00440,P033,1,51.9,0.0
A00441,P054,1,207.9,20.79
A00442,P011,1,72.9,0.0
A00442,P036,2,68.9,0.0
A00443,P105,1,88.9,0.0
A00444,P021,2,81.9,0.0
A00444,P033,1,51.9,0.0
A00444,P112,1,141.9,0.0
A00445,P003,2,198.9,71.6
A00445,P021,1,81.9,0.0
A00445,P027,1,187.9,0.0
A00445,P031,1,93.9,0.0
A00445,P045,1,83.9,0.0
A00446,P100,1,110.9,0.0
A00447,P024,1,228.9,41.2
A00448,P022,2,79.9,0.0
A00448,P095,1,89.9,0.0
A00448,P097,1,27.9,0.0
A00448,P100,1,110.9,0.0
A00449,P051,1,126.9,0.0
A00450,P003,2,198.9,111.38
A00450,P015,1,149.9,41.97
A00450,P017,3,116.9,98.2
A00450,P098,1,87.9,8.79
A00450,P100,1,110.9,11.09
A00450,P111,1,169.9,16.99
A00451,P085,1,33.9,0.0
A00451,P106,1,87.9,0.0
A00452,P020,1,196.9,35.44
A00452,P046,1,41.9,0.0
A00452,P049,2,175.9,0.0
A00453,P066,1,238.9,0.0
A00454,P001,2,40.9,14.72
A00454,P044,1,99.9,0.0
A00454,P047,1,153.9,0.0
A00455,P013,2,99.9,0.0
A00456,P005,1,100.9,18.16
A00456,P014,1,144.9,26.08
A00456,P051,2,126.9,0.0
A00456,P059,1,278.9,0.0
A00457,P021,1,81.9,22.93
A00457,P063,1,286.9,28.69
A00458,P031,2,93.9,0.0
A00458,P086,1,99.9,0.0
A00458,P112,1,141.9,0.0
A00459,P039,1,184.9,0.0
A00459,P084,1,18.9,0.0
A00459,P116,1,234.9,0.0
A00460,P091,1,57.9,0.0
A00460,P107,1,203.9,0.0
A00461,P027,2,187.9,0.0
A00461,P030,2,166.9,0.0
A00461,P106,1,87.9,0.0
A00462,P093,2,36.9,0.0
A00463,P009,1,248.9,0.0
A00463,P028,1,241.9,0.0
A00463,P029,1,173.9,0.0
A00463,P034,1,162.9,0.0
A00463,P059,1,278.9,0.0
A00463,P081,1,18.9,0.0
A00463,P088,1,76.9,0.0
A00463,P103,2,266.9,0.0
A00464,P059,1,278.9,0.0
A00464,P100,1,110.9,0.0
A00465,P055,1,135.9,0.0
A00465,P071,1,46.9,0.0
A00465,P093,1,36.9,0.0
A00466,P013,2,99.9,35.96
A00466,P075,1,115.9,0.0
A00467,P007,2,153.9,55.4
A00467,P014,1,144.9,26.08
A00467,P034,1,162.9,0.0
A00467,P037,2,68.9,0.0
A00467,P054,3,207.9,0.0
A00468,P004,1,123.9,22.3
A00468,P017,1,116.9,0.0
A00468,P037,3,68.9,0.0
A00469,P051,1,126.9,0.0
A00469,P080,1,149.9,0.0
A00470,P061,1,233.9,0.0
A00470,P106,1,87.9,0.0
A00471,P030,1,166.9,0.0
A00471,P060,1,297.9,0.0
A00471,P087,2,78.9,0.0
A00472,P070,1,132.9,0.0
A00473,P008,1,105.9,0.0
A00473,P028,1,241.9,43.54
A00473,P065,2,48.9,0.0
A00474,P003,1,198.9,35.8
A00475,P040,1,180.9,0.0
A00476,P009,2,248.9,89.6
A00477,P002,3,111.9,60.43
A00477,P016,1,203.9,36.7
A00478,P020,1,196.9,35.44
A00478,P117,1,281.9,0.0
A00479,P009,2,248.9,89.6
A00479,P105,1,88.9,0.0
A00479,P106,1,87.9,0.0
A00480,P010,1,163.9,0.0
A00480,P031,1,93.9,0.0
A00481,P033,1,51.9,0.0
A00481,P056,1,179.9,0.0
A00481,P096,1,102.9,0.0
A00482,P036,1,68.9,0.0
A00483,P011,2,72.9,26.24
A00483,P022,3,79.9,43.15
A00483,P027,1,187.9,33.82
A00483,P048,2,100.9,0.0
A00483,P108,1,79.9,0.0
A00484,P118,1,192.9,0.0
A00485,P018,1,119.9,21.58
A00485,P053,1,86.9,0.0
A00485,P061,1,233.9,0.0
A00485,P082,3,108.9,0.0
A00485,P101,1,222.9,0.0
A00486,P007,2,153.9,55.4
A00486,P032,2,176.9,0.0
A00486,P090,2,64.9,0.0
A00487,P009,1,248.9,44.8
A00488,P051,2,126.9,0.0
A00488,P085,2,33.9,0.0
A00489,P006,1,208.9,37.6
A00490,P040,3,180.9,54.27
A00490,P071,1,46.9,4.69
A00490,P120,2,195.9,39.18
A00491,P001,1,40.9,0.0
A00491,P010,3,163.9,88.51
A00491,P049,1,175.9,0.0
A00491,P068,1,166.9,0.0
A00492,P024,1,228.9,41.2
A00492,P070,1,132.9,0.0
A00493,P105,1,88.9,0.0
A00494,P002,3,111.9,0.0
A00494,P054,1,207.9,0.0
A00494,P105,1,88.9,0.0
A00495,P010,1,163.9,0.0
A00495,P043,1,51.9,0.0
A00495,P097,1,27.9,0.0
A00496,P005,1,100.9,0.0
A00496,P070,1,132.9,0.0
A00497,P013,1,99.9,17.98
A00498,P104,2,307.9,0.0
A00498,P113,1,244.9,0.0
A00499,P006,1,208.9,37.6
A00499,P037,1,68.9,0.0
A00499,P045,2,83.9,0.0
A00500,P056,1,179.9,0.0
A00501,P021,1,81.9,14.74
A00501,P033,2,51.9,0.0
A00501,P098,2,87.9,0.0
A00502,P055,2,135.9,27.18
A00502,P078,1,190.9,19.09
A00503,P014,1,144.9,0.0
A00503,P036,2,68.9,0.0
A00503,P046,1,41.9,0.0
A00503,P087,2,78.9,0.0
A00503,P112,3,141.9,0.0
A00504,P050,1,97.9,0.0
A00504,P083,1,116.9,0.0
A00504,P105,2,88.9,0.0
A00505,P113,2,244.9,0.0
A00505,P116,1,234.9,0.0
A00506,P086,1,99.9,0.0
A00506,P098,1,87.9,0.0
A00507,P026,1,193.9,0.0
A00508,P038,1,55.9,0.0
A00508,P088,1,76.9,0.0
A00508,P109,1,221.9,0.0
A00508,P116,1,234.9,0.0
A00509,P095,2,89.9,0.0
A00509,P099,4,54.9,0.0
A00509,P106,1,87.9,0.0
A00509,P116,2,234.9,0.0
A00510,P002,2,111.9,0.0
A00510,P004,1,123.9,22.3
A00510,P055,1,135.9,0.0
A00510,P103,1,266.9,0.0
A00511,P067,1,68.9,0.0
A00512,P004,1,123.9,0.0
A00512,P005,1,100.9,18.16
A00513,P097,2,27.9,0.0
A00514,P008,3,105.9,0.0
A00514,P106,3,87.9,0.0
A00515,P063,1,286.9,0.0
A00515,P088,1,76.9,0.0
A00516,P052,1,124.9,12.49
A00516,P063,1,286.9,28.69
A00517,P012,1,77.9,0.0
A00518,P040,1,180.9,0.0
A00518,P059,1,278.9,0.0
A00518,P074,1,281.9,0.0
A00518,P112,1,141.9,0.0
A00518,P116,1,234.9,0.0
A00519,P004,1,123.9,0.0
A00519,P036,2,68.9,0.0
A00519,P094,2,84.9,0.0
A00519,P103,1,266.9,0.0
A00519,P105,1,88.9,0.0
A00520,P024,2,228.9,0.0
A00520,P084,1,18.9,0.0
A00521,P001,1,40.9,7.36
A00521,P026,1,193.9,0.0
A00521,P041,1,118.9,0.0
A00522,P015,1,149.9,0.0
A00523,P036,2,68.9,0.0
A00523,P038,1,55.9,0.0
A00524,P063,1,286.9,0.0
A00525,P014,2,144.9,0.0
A00525,P090,1,64.9,0.0
A00525,P113,1,244.9,0.0
A00526,P018,5,119.9,59.95
A00526,P039,1,184.9,18.49
A00526,P045,2,83.9,16.78
A00526,P052,3,124.9,37.47
A00526,P064,1,140.9,14.09
A00526,P092,3,39.9,11.97
A00526,P093,2,36.9,7.38
A00526,P112,3,141.9,42.57
A00526,P119,4,70.9,28.36
A00527,P049,1,175.9,17.59
A00527,P068,1,166.9,16.69
A00527,P114,2,246.9,49.38
A00528,P040,1,180.9,0.0
A00528,P109,2,221.9,0.0
A00528,P111,1,169.9,0.0
A00529,P012,1,77.9,0.0
A00529,P049,1,175.9,0.0
A00529,P103,2,266.9,0.0
A00529,P105,2,88.9,0.0
A00529,P109,1,221.9,0.0
A00530,P007,2,153.9,55.4
A00530,P016,2,203.9,73.4
A00530,P021,2,81.9,29.48
A00530,P037,2,68.9,0.0
A00530,P041,2,118.9,0.0
A00531,P096,1,102.9,0.0
A00532,P066,1,238.9,0.0
A00533,P079,1,230.9,23.09
A00534,P001,2,40.9,14.72
A00534,P019,1,157.9,28.42
A00535,P026,1,193.9,34.9
A00535,P090,2,64.9,0.0
A00536,P001,2,40.9,0.0
A00536,P014,1,144.9,26.08
A00536,P103,1,266.9,0.0
A00537,P008,1,105.9,29.65
A00537,P014,2,144.9,81.14
A00537,P024,2,228.9,128.18
A00537,P069,2,266.9,53.38
A00537,P097,1,27.9,2.79
A00537,P105,2,88.9,17.78
A00538,P097,2,27.9,0.0
A00538,P115,1,295.9,0.0
A00539,P006,1,208.9,58.49
A00540,P001,1,40.9,7.36
A00540,P026,2,193.9,0.0
A00541,P040,3,180.9,0.0
A00541,P088,1,76.9,0.0
A00541,P105,1,88.9,0.0
A00542,P016,2,203.9,0.0
A00542,P028,1,241.9,0.0
A00542,P044,1,99.9,0.0
A00542,P098,1,87.9,0.0
A00543,P049,1,175.9,0.0
A00544,P021,1,81.9,0.0
A00545,P029,1,173.9,0.0
A00545,P039,1,184.9,0.0
A00546,P022,1,79.9,0.0
A00546,P085,1,33.9,0.0
A00547,P023,1,174.9,0.0
A00547,P066,1,238.9,0.0
A00547,P091,1,57.9,0.0
A00547,P095,2,89.9,0.0
A00548,P022,1,79.9,22.37
A00548,P084,1,18.9,1.89
A00548,P097,2,27.9,5.58
A00549,P048,1,100.9,0.0
A00549,P093,1,36.9,0.0
A00549,P119,1,70.9,0.0
A00550,P001,1,40.9,7.36
A00551,P024,1,228.9,0.0
A00551,P026,1,193.9,34.9
A00552,P009,1,248.9,0.0
A00552,P095,1,89.9,0.0
A00552,P112,1,141.9,0.0
A00553,P002,3,111.9,60.43
A00553,P006,1,208.9,37.6
A00553,P037,1,68.9,0.0
A00553,P047,2,153.9,0.0
A00553,P076,1,203.9,0.0
A00553,P089,2,59.9,0.0
A00553,P115,1,295.9,0.0
A00554,P050,1,97.9,0.0
A00555,P047,1,153.9,0.0
A00555,P097,1,27.9,0.0
A00556,P025,1,104.9,0.0
A00556,P043,1,51.9,0.0
A00556,P058,1,271.9,0.0
A00556,P059,1,278.9,0.0
A00557,P006,1,208.9,37.6
A00557,P017,1,116.9,21.04
A00557,P021,2,81.9,0.0
A00557,P085,3,33.9,0.0
A00558,P078,2,190.9,0.0
A00558,P104,2,307.9,0.0
A00559,P025,1,104.9,18.88
A00559,P030,1,166.9,30.04
A00559,P032,1,176.9,0.0
A00559,P045,1,83.9,0.0
A00559,P076,2,203.9,0.0
A00560,P015,1,149.9,41.97
A00560,P083,1,116.9,11.69
A00561,P008,1,105.9,0.0
A00561,P101,2,222.9,0.0
A00561,P112,1,141.9,0.0
A00562,P084,1,18.9,0.0
A00563,P002,1,111.9,0.0
A00563,P020,2,196.9,0.0
A00563,P096,1,102.9,0.0
A00564,P005,1,100.9,0.0
A00565,P096,1,102.9,10.29
A00565,P118,1,192.9,19.29
A00566,P006,1,208.9,0.0
A00566,P072,1,50.9,0.0
A00567,P046,2,41.9,8.38
A00568,P006,1,208.9,0.0
A00569,P058,2,271.9,0.0
A00569,P077,1,284.9,0.0
A00569,P085,2,33.9,0.0
A00569,P100,1,110.9,0.0
A00570,P066,2,238.9,47.78
A00570,P074,2,281.9,56.38
A00570,P077,1,284.9,28.49
A00571,P026,1,193.9,34.9
A00572,P037,1,68.9,0.0
A00572,P087,1,78.9,0.0
A00573,P063,1,286.9,0.0
A00573,P083,1,116.9,0.0
A00574,P054,1,207.9,20.79
A00575,P014,1,144.9,0.0
A00575,P070,1,132.9,0.0
A00575,P116,1,234.9,0.0
A00576,P001,2,40.9,0.0
A00576,P087,1,78.9,0.0
A00577,P028,1,241.9,43.54
A00577,P108,3,79.9,0.0
A00578,P093,1,36.9,0.0
A00578,P105,1,88.9,0.0
A00579,P001,1,40.9,11.45
A00579,P003,1,198.9,55.69
A00579,P034,2,162.9,32.58
A00579,P091,2,57.9,11.58
A00579,P108,2,79.9,15.98
A00580,P022,1,79.9,14.38
A00580,P095,2,89.9,0.0
A00580,P115,1,295.9,0.0
A00581,P081,2,18.9,3.78
A00582,P019,1,157.9,28.42
A00582,P029,1,173.9,31.3
A00583,P113,1,244.9,0.0
A00584,P106,1,87.9,0.0
A00585,P094,2,84.9,16.98
A00586,P018,1,119.9,21.58
A00587,P008,1,105.9,29.65
A00588,P090,1,64.9,0.0
A00588,P114,1,246.9,0.0
A00588,P117,1,281.9,0.0
A00589,P082,3,108.9,0.0
A00589,P109,1,221.9,0.0
A00590,P040,1,180.9,0.0
A00590,P068,1,166.9,0.0
A00591,P006,1,208.9,37.6
A00591,P077,1,284.9,0.0
A00592,P006,1,208.9,0.0
A00592,P021,1,81.9,0.0
A00592,P044,1,99.9,0.0
A00593,P005,1,100.9,28.25
A00593,P013,1,99.9,9.99
A00593,P042,2,121.9,24.38
A00594,P036,1,68.9,0.0
A00594,P040,2,180.9,0.0
A00594,P062,1,72.9,0.0
A00595,P008,1,105.9,19.06
A00595,P114,1,246.9,0.0
A00596,P009,1,248.9,0.0
A00596,P041,1,118.9,0.0
A00597,P007,1,153.9,27.7
A00597,P013,2,99.9,0.0
A00597,P052,1,124.9,0.0
A00597,P064,2,140.9,0.0
A00598,P002,1,111.9,0.0
A00599,P023,1,174.9,31.48
A00599,P078,2,190.9,0.0
A00599,P108,1,79.9,0.0
A00600,P049,1,175.9,17.59
A00600,P070,2,132.9,26.58
A00600,P107,2,203.9,40.78
A00600,P116,1,234.9,23.49
A00601,P002,1,111.9,0.0
A00601,P087,1,78.9,0.0
A00602,P004,1,123.9,22.3
A00602,P047,1,153.9,0.0
A00602,P071,1,46.9,0.0
A00603,P017,2,116.9,0.0
A00603,P024,1,228.9,0.0
A00604,P012,1,77.9,14.02
A00604,P114,1,246.9,0.0
A00605,P056,1,179.9,0.0
A00605,P101,2,222.9,0.0
A00606,P007,1,153.9,27.7
A00606,P017,1,116.9,0.0
A00606,P065,1,48.9,0.0
A00606,P100,1,110.9,0.0
A00607,P003,2,198.9,0.0
A00607,P006,2,208.9,75.2
A00608,P013,1,99.9,9.99
A00608,P078,1,190.9,19.09
A00609,P006,1,208.9,37.6
A00610,P010,1,163.9,0.0
A00610,P013,5,99.9,89.91
A00610,P049,2,175.9,0.0
A00611,P001,2,40.9,0.0
A00611,P014,1,144.9,0.0
A00611,P052,2,124.9,0.0
A00612,P078,1,190.9,0.0
A00612,P086,1,99.9,0.0
A00613,P074,3,281.9,84.57
A00614,P066,1,238.9,0.0
A00614,P079,1,230.9,0.0
A00615,P034,1,162.9,0.0
A00616,P115,1,295.9,0.0
A00617,P023,1,174.9,31.48
A00617,P042,1,121.9,0.0
A00617,P100,1,110.9,0.0
A00618,P035,1,174.9,0.0
A00619,P030,2,166.9,60.08
A00620,P009,1,248.9,0.0
A00620,P054,1,207.9,0.0
A00620,P072,1,50.9,0.0
A00621,P038,1,55.9,5.59
A00621,P049,2,175.9,35.18
A00621,P051,1,126.9,12.69
A00622,P059,1,278.9,27.89
A00622,P083,1,116.9,11.69
A00622,P117,1,281.9,28.19
A00623,P043,1,51.9,0.0
A00624,P022,1,79.9,7.99
A00625,P002,2,111.9,0.0
A00625,P024,2,228.9,0.0
A00625,P033,2,51.9,0.0
A00625,P099,1,54.9,0.0
A00625,P109,1,221.9,0.0
A00626,P112,1,141.9,0.0
A00627,P001,5,40.9,57.26
A00627,P039,1,184.9,18.49
A00627,P060,2,297.9,59.58
A00627,P066,2,238.9,47.78
A00627,P088,3,76.9,23.07
A00627,P101,4,222.9,89.16
A00628,P011,1,72.9,20.41
A00629,P047,2,153.9,0.0
A00629,P078,1,190.9,0.0
A00630,P045,1,83.9,8.39
A00630,P078,1,190.9,19.09
A00630,P081,1,18.9,1.89
A00630,P085,1,33.9,3.39
A00631,P018,1,119.9,0.0
A00632,P046,2,41.9,0.0
A00632,P097,1,27.9,0.0
A00633,P005,2,100.9,36.32
A00633,P009,2,248.9,89.6
A00633,P091,1,57.9,0.0
A00634,P004,1,123.9,0.0
A00634,P016,2,203.9,0.0
A00634,P021,2,81.9,29.48
A00635,P027,1,187.9,33.82
A00635,P039,1,184.9,0.0
A00635,P089,1,59.9,0.0
A00636,P080,1,149.9,14.99
A00637,P041,1,118.9,0.0
A00637,P054,2,207.9,0.0
A00637,P055,1,135.9,0.0
A00637,P074,3,281.9,0.0
A00638,P026,1,193.9,19.39
A00638,P058,2,271.9,54.38
A00639,P036,1,68.9,0.0
A00639,P038,1,55.9,0.0
A00640,P090,1,64.9,0.0
A00641,P019,1,157.9,15.79
A00641,P030,1,166.9,16.69
A00642,P026,1,193.9,54.29
A00642,P048,1,100.9,10.09
A00642,P049,1,175.9,17.59
A00642,P062,2,72.9,14.58
A00643,P021,1,81.9,14.74
A00643,P026,1,193.9,34.9
A00643,P028,2,241.9,0.0
A00643,P052,1,124.9,0.0
A00643,P117,1,281.9,0.0
A00644,P012,2,77.9,0.0
A00645,P024,1,228.9,41.2
A00645,P026,1,193.9,0.0
A00645,P029,2,173.9,62.6
A00646,P014,1,144.9,14.49
A00646,P034,1,162.9,16.29
A00646,P070,1,132.9,13.29
A00647,P085,1,33.9,0.0
A00648,P006,2,208.9,75.2
A00649,P113,1,244.9,0.0
A00650,P072,1,50.9,0.0
A00650,P095,2,89.9,0.0
A00651,P072,1,50.9,0.0
A00652,P004,1,123.9,34.69
A00652,P088,1,76.9,7.69
A00653,P012,1,77.9,0.0
A00653,P030,2,166.9,60.08
A00654,P008,3,105.9,57.19
A00654,P025,2,104.9,0.0
A00654,P039,2,184.9,0.0
A00654,P049,4,175.9,0.0
A00654,P055,1,135.9,0.0
A00655,P023,1,174.9,48.97
A00655,P029,3,173.9,146.08
A00655,P095,1,89.9,8.99
A00656,P017,1,116.9,11.69
A00656,P056,1,179.9,17.99
A00656,P100,1,110.9,11.09
A00657,P025,1,104.9,18.88
A00658,P018,1,119.9,0.0
A00658,P069,3,266.9,0.0
A00659,P010,1,163.9,45.89
A00660,P055,1,135.9,0.0
A00661,P016,1,203.9,36.7
A00661,P078,1,190.9,0.0
A00661,P116,1,234.9,0.0
A00662,P005,1,100.9,28.25
A00663,P005,1,100.9,0.0
A00663,P096,1,102.9,0.0
A00663,P110,1,225.9,0.0
A00663,P113,1,244.9,0.0
A00664,P099,1,54.9,0.0
A00665,P022,1,79.9,22.37
A00666,P006,1,208.9,0.0
A00666,P013,2,99.9,0.0
A00666,P020,2,196.9,0.0
A00666,P030,2,166.9,60.08
A00666,P044,2,99.9,0.0
A00666,P078,2,190.9,0.0
A00666,P089,3,59.9,0.0
A00667,P003,3,198.9,107.41
A00667,P035,2,174.9,0.0
A00667,P084,1,18.9,0.0
A00668,P022,1,79.9,14.38
A00669,P019,1,157.9,0.0
A00669,P023,1,174.9,0.0
A00669,P069,1,266.9,0.0
A00669,P094,1,84.9,0.0
A00670,P007,1,153.9,0.0
A00670,P013,1,99.9,17.98
A00670,P040,1,180.9,0.0
A00670,P068,1,166.9,0.0
A00671,P004,1,123.9,0.0
A00671,P015,2,149.9,0.0
A00672,P040,1,180.9,0.0
A00673,P020,2,196.9,0.0
A00673,P021,1,81.9,14.74
A00673,P077,1,284.9,0.0
A00674,P004,1,123.9,22.3
A00674,P118,1,192.9,0.0
A00675,P043,1,51.9,5.19
A00676,P063,1,286.9,28.69
A00677,P047,2,153.9,0.0
A00678,P003,1,198.9,35.8
A00679,P018,1,119.9,21.58
A00679,P065,2,48.9,0.0
A00680,P016,1,203.9,36.7
A00680,P017,1,116.9,0.0
A00680,P023,2,174.9,0.0
A00681,P012,3,77.9,42.07
A00681,P035,1,174.9,0.0
A00682,P022,1,79.9,22.37
A00682,P095,1,89.9,8.99
A00683,P041,1,118.9,0.0
A00683,P047,1,153.9,0.0
A00683,P070,2,132.9,0.0
A00683,P111,3,169.9,0.0
A00684,P006,1,208.9,20.89
A00684,P062,2,72.9,14.58
A00684,P095,1,89.9,8.99
A00685,P100,1,110.9,11.09
A00686,P019,1,157.9,28.42
A00686,P054,1,207.9,0.0
A00687,P009,1,248.9,44.8
A00687,P029,1,173.9,0.0
A00688,P032,2,176.9,35.38
A00688,P052,1,124.9,12.49
A00688,P092,3,39.9,11.97
A00688,P105,1,88.9,8.89
A00688,P111,2,169.9,33.98
A00689,P022,1,79.9,14.38
A00689,P112,1,141.9,0.0
A00690,P002,1,111.9,0.0
A00690,P038,1,55.9,0.0
A00690,P050,1,97.9,0.0
A00691,P019,1,157.9,28.42
A00692,P060,3,297.9,0.0
A00693,P007,1,153.9,43.09
A00694,P026,1,193.9,0.0
A00694,P038,1,55.9,0.0
A00694,P082,1,108.9,0.0
A00695,P025,1,104.9,18.88
A00696,P006,1,208.9,37.6
A00696,P085,1,33.9,0.0
A00697,P011,1,72.9,13.12
A00698,P089,1,59.9,0.0
A00698,P111,1,169.9,0.0
A00698,P119,1,70.9,0.0
A00698,P120,2,195.9,0.0
A00699,P023,1,174.9,31.48
A00700,P023,1,174.9,31.48
A00701,P029,1,173.9,31.3
A00701,P033,1,51.9,0.0
A00701,P042,1,121.9,0.0
A00701,P073,1,266.9,0.0
A00701,P091,1,57.9,0.0
A00702,P069,2,266.9,0.0
A00703,P097,2,27.9,5.58
A00704,P034,1,162.9,0.0
A00705,P054,1,207.9,0.0
A00705,P098,1,87.9,0.0
A00706,P087,1,78.9,0.0
A00707,P011,1,72.9,0.0
A00707,P020,1,196.9,35.44
A00707,P024,2,228.9,0.0
A00707,P075,2,115.9,0.0
A00707,P092,2,39.9,0.0
A00708,P031,1,93.9,0.0
A00709,P045,2,83.9,0.0
A00709,P046,1,41.9,0.0
A00709,P069,1,266.9,0.0
A00709,P079,2,230.9,0.0
A00709,P099,2,54.9,0.0
A00710,P066,1,238.9,0.0
A00710,P086,1,99.9,0.0
A00711,P001,1,40.9,0.0
A00711,P009,3,248.9,0.0
A00711,P015,1,149.9,0.0
A00711,P023,1,174.9,31.48
A00712,P087,1,78.9,0.0
A00712,P118,1,192.9,0.0
A00713,P007,1,153.9,0.0
A00713,P015,1,149.9,0.0
A00713,P083,1,116.9,0.0
A00714,P048,1,100.9,10.09
A00714,P060,1,297.9,29.79
A00714,P113,2,244.9,48.98
A00715,P003,1,198.9,55.69
A00715,P092,1,39.9,3.99
A00716,P042,2,121.9,0.0
A00716,P078,1,190.9,0.0
A00716,P119,2,70.9,0.0
A00717,P051,1,126.9,12.69
A00717,P117,1,281.9,28.19
A00718,P060,1,297.9,0.0
A00719,P079,1,230.9,0.0
A00720,P061,1,233.9,0.0
A00721,P006,2,208.9,41.78
A00721,P007,1,153.9,15.39
A00721,P008,2,105.9,59.3
A00722,P055,1,135.9,0.0
A00723,P028,2,241.9,0.0
A00723,P083,2,116.9,0.0
A00723,P104,1,307.9,0.0
A00724,P040,2,180.9,0.0
A00724,P085,1,33.9,0.0
A00724,P106,1,87.9,0.0
A00725,P014,1,144.9,14.49
A00725,P074,1,281.9,28.19
A00725,P095,1,89.9,8.99
A00726,P028,4,241.9,270.93
A00726,P030,2,166.9,33.38
A00726,P033,1,51.9,5.19
A00726,P064,1,140.9,14.09
A00726,P071,1,46.9,4.69
A00727,P004,1,123.9,34.69
A00728,P036,1,68.9,0.0
A00728,P082,1,108.9,0.0
A00729,P009,1,248.9,69.69
A00729,P022,1,79.9,22.37
A00729,P056,4,179.9,71.96
A00729,P105,1,88.9,8.89
A00730,P008,1,105.9,19.06
A00730,P026,2,193.9,0.0
A00730,P028,1,241.9,43.54
A00730,P033,1,51.9,0.0
A00730,P051,2,126.9,0.0
A00730,P060,1,297.9,0.0
A00730,P099,1,54.9,0.0
A00731,P043,1,51.9,0.0
A00731,P057,1,246.9,0.0
A00731,P064,1,140.9,0.0
A00732,P038,1,55.9,0.0
A00732,P044,1,99.9,0.0
A00732,P059,1,278.9,0.0
A00732,P108,1,79.9,0.0
A00733,P037,1,68.9,0.0
A00733,P082,1,108.9,0.0
A00734,P033,1,51.9,5.19
A00734,P104,1,307.9,30.79
A00735,P068,1,166.9,0.0
A00736,P023,1,174.9,17.49
A00737,P028,2,241.9,87.08
A00737,P069,1,266.9,0.0
A00738,P019,2,157.9,56.84
A00738,P069,1,266.9,0.0
A00738,P092,2,39.9,0.0
A00738,P116,1,234.9,0.0
A00739,P016,1,203.9,36.7
A00739,P041,1,118.9,0.0
A00739,P082,1,108.9,0.0
A00739,P086,2,99.9,0.0
A00740,P007,1,153.9,27.7
A00740,P073,1,266.9,0.0
A00741,P096,1,102.9,0.0
A00742,P093,1,36.9,0.0
A00743,P021,1,81.9,14.74
A00744,P039,2,184.9,0.0
A00744,P120,1,195.9,0.0
A00745,P020,1,196.9,35.44
A00745,P021,1,81.9,14.74
A00745,P048,2,100.9,0.0
A00746,P010,1,163.9,29.5
A00746,P021,3,81.9,44.23
A00746,P024,2,228.9,82.4
A00746,P101,3,222.9,0.0
A00746,P104,1,307.9,0.0
A00746,P110,2,225.9,0.0
A00746,P114,1,246.9,0.0
A00747,P027,1,187.9,33.82
A00747,P064,1,140.9,0.0
A00748,P026,3,193.9,104.71
A00748,P032,2,176.9,0.0
A00748,P118,1,192.9,0.0
A00749,P002,1,111.9,0.0
A00749,P011,1,72.9,13.12
A00749,P040,1,180.9,0.0
A00749,P057,1,246.9,0.0
A00750,P040,1,180.9,0.0
A00750,P086,1,99.9,0.0
A00751,P040,1,180.9,18.09
A00751,P043,1,51.9,5.19
A00751,P096,2,102.9,20.58
A00752,P045,1,83.9,0.0
A00752,P068,1,166.9,0.0
A00752,P119,2,70.9,0.0
A00753,P008,3,105.9,57.19
A00753,P020,3,196.9,0.0
A00753,P051,3,126.9,0.0
A00754,P004,1,123.9,12.39
A00754,P012,1,77.9,21.81
A00754,P013,1,99.9,27.97
A00754,P027,1,187.9,52.61
A00754,P031,2,93.9,18.78
A00755,P014,1,144.9,26.08
A00755,P096,1,102.9,0.0
A00755,P114,1,246.9,0.0
A00756,P001,1,40.9,0.0
A00757,P014,1,144.9,40.57
A00757,P054,1,207.9,20.79
A00757,P108,1,79.9,7.99
A00757,P109,1,221.9,22.19
A00758,P001,1,40.9,0.0
A00758,P045,1,83.9,0.0
A00758,P057,1,246.9,0.0
A00758,P089,1,59.9,0.0
A00758,P103,1,266.9,0.0
A00759,P029,1,173.9,0.0
A00759,P051,1,126.9,0.0
A00759,P093,1,36.9,0.0
A00760,P033,1,51.9,0.0
A00760,P092,1,39.9,0.0
A00760,P093,1,36.9,0.0
A00761,P017,1,116.9,21.04
A00761,P025,1,104.9,18.88
A00761,P097,1,27.9,0.0
A00762,P002,1,111.9,20.14
A00762,P025,1,104.9,0.0
A00763,P056,1,179.9,0.0
A00763,P094,2,84.9,0.0
A00763,P108,1,79.9,0.0
A00764,P012,1,77.9,14.02
A00764,P099,1,54.9,0.0
A00765,P021,1,81.9,0.0
A00765,P045,1,83.9,0.0
A00766,P052,1,124.9,0.0
A00767,P032,1,176.9,0.0
A00768,P023,1,174.9,31.48
A00768,P047,2,153.9,0.0
A00768,P063,2,286.9,0.0
A00769,P006,2,208.9,75.2
A00770,P003,1,198.9,35.8
A00770,P078,2,190.9,0.0
A00770,P108,1,79.9,0.0
A00771,P022,1,79.9,14.38
A00771,P063,2,286.9,0.0
A00771,P066,1,238.9,0.0
A00771,P094,1,84.9,0.0
A00771,P098,1,87.9,0.0
A00772,P026,2,193.9,0.0
A00772,P059,2,278.9,0.0
A00772,P102,1,299.9,0.0
A00773,P014,1,144.9,0.0
A00773,P023,1,174.9,0.0
A00774,P097,1,27.9,0.0
A00775,P008,1,105.9,10.59
A00775,P029,1,173.9,17.39
A00775,P044,1,99.9,9.99
A00775,P056,3,179.9,53.97
A00775,P110,1,225.9,22.59
A00775,P115,2,295.9,59.18
A00776,P007,1,153.9,27.7
A00776,P039,1,184.9,0.0
A00777,P050,1,97.9,0.0
A00778,P030,1,166.9,0.0
A00778,P044,3,99.9,0.0
A00778,P081,1,18.9,0.0
A00779,P003,1,198.9,0.0
A00779,P102,1,299.9,0.0
A00779,P119,2,70.9,0.0
A00780,P073,1,266.9,0.0
A00781,P005,1,100.9,0.0
A00781,P086,1,99.9,0.0
A00782,P015,1,149.9,0.0
A00782,P019,1,157.9,28.42
A00783,P062,1,72.9,0.0
A00783,P066,1,238.9,0.0
A00784,P026,1,193.9,34.9
A00784,P027,1,187.9,0.0
A00784,P082,1,108.9,0.0
A00785,P032,1,176.9,0.0
A00785,P060,2,297.9,0.0
A00785,P064,2,140.9,0.0
A00785,P086,1,99.9,0.0
A00785,P087,1,78.9,0.0
A00785,P104,1,307.9,0.0
A00786,P094,1,84.9,0.0
A00787,P075,1,115.9,11.59
A00787,P082,1,108.9,10.89
A00788,P085,2,33.9,0.0
A00789,P001,1,40.9,7.36
A00789,P031,1,93.9,0.0
A00789,P099,1,54.9,0.0
A00790,P082,2,108.9,0.0
A00790,P107,2,203.9,0.0
A00790,P110,1,225.9,0.0
A00791,P039,1,184.9,0.0
A00791,P068,1,166.9,0.0
A00791,P069,1,266.9,0.0
A00792,P027,1,187.9,33.82
A00793,P011,1,72.9,13.12
A00793,P109,1,221.9,0.0
A00794,P021,1,81.9,0.0
A00795,P012,1,77.9,0.0
A00795,P036,1,68.9,0.0
A00796,P021,1,81.9,14.74
A00796,P104,1,307.9,0.0
A00797,P026,1,193.9,0.0
A00797,P059,1,278.9,0.0
A00797,P089,1,59.9,0.0
A00797,P096,1,102.9,0.0
A00798,P004,2,123.9,69.38
A00799,P022,2,79.9,28.76
A00799,P034,1,162.9,0.0
A00799,P095,1,89.9,0.0
A00800,P054,1,207.9,0.0
A00801,P029,1,173.9,0.0
A00802,P028,3,241.9,72.57
A00802,P087,1,78.9,7.89
A00803,P017,2,116.9,42.08
A00803,P019,1,157.9,28.42
A00804,P017,1,116.9,0.0
A00805,P116,1,234.9,0.0
A00806,P038,2,55.9,0.0
A00807,P014,1,144.9,0.0
A00808,P023,2,174.9,62.96
A00808,P027,1,187.9,0.0
A00809,P016,1,203.9,36.7
A00809,P030,1,166.9,30.04
A00809,P079,2,230.9,0.0
A00810,P040,1,180.9,0.0
A00811,P090,1,64.9,0.0
A00812,P087,1,78.9,0.0
A00813,P018,1,119.9,11.99
A00813,P072,1,50.9,5.09
A00814,P024,1,228.9,41.2
A00814,P031,1,93.9,0.0
A00815,P007,1,153.9,27.7
A00815,P051,2,126.9,0.0
A00816,P083,1,116.9,11.69
A00817,P063,1,286.9,0.0
A00817,P108,1,79.9,0.0
A00818,P007,2,153.9,30.78
A00819,P032,1,176.9,0.0
A00819,P061,1,233.9,0.0
A00820,P094,1,84.9,8.49
A00821,P010,3,163.9,0.0
A00821,P059,1,278.9,0.0
A00821,P077,1,284.9,0.0
A00821,P095,1,89.9,0.0
A00822,P025,1,104.9,18.88
A00822,P034,1,162.9,0.0
A00822,P050,1,97.9,0.0
A00822,P091,1,57.9,0.0
A00823,P023,2,174.9,62.96
A00824,P011,1,72.9,13.12
A00824,P069,1,266.9,0.0
A00824,P120,1,195.9,0.0
A00825,P010,1,163.9,29.5
A00825,P075,1,115.9,0.0
A00825,P077,1,284.9,0.0
A00825,P090,1,64.9,0.0
A00826,P011,1,72.9,0.0
A00826,P053,2,86.9,0.0
A00827,P012,2,77.9,43.62
A00828,P008,1,105.9,0.0
A00828,P017,2,116.9,0.0
A00828,P075,1,115.9,0.0
A00829,P003,1,198.9,0.0
A00830,P031,1,93.9,0.0
A00830,P043,2,51.9,0.0
A00831,P033,1,51.9,5.19
A00831,P035,2,174.9,34.98
A00831,P050,1,97.9,9.79
A00831,P051,1,126.9,12.69
A00832,P041,1,118.9,0.0
A00832,P120,3,195.9,0.0
A00833,P019,1,157.9,0.0
A00834,P018,1,119.9,33.57
A00834,P022,1,79.9,7.99
A00834,P025,1,104.9,29.37
A00835,P029,1,173.9,48.69
A00835,P036,1,68.9,6.89
A00835,P044,1,99.9,9.99
A00836,P100,1,110.9,0.0
A00837,P059,2,278.9,0.0
A00837,P087,1,78.9,0.0
A00838,P010,1,163.9,45.89
A00838,P032,3,176.9,53.07
A00838,P055,1,135.9,13.59
A00839,P011,1,72.9,13.12
A00839,P012,1,77.9,0.0
A00839,P054,2,207.9,0.0
A00839,P068,3,166.9,0.0
A00839,P077,1,284.9,0.0
A00840,P002,2,111.9,40.28
A00840,P044,1,99.9,0.0
A00840,P088,3,76.9,0.0
A00840,P090,1,64.9,0.0
A00841,P020,1,196.9,35.44
A00841,P056,1,179.9,0.0
A00841,P120,2,195.9,0.0
A00842,P011,1,72.9,13.12
A00842,P022,2,79.9,28.76
A00842,P042,1,121.9,0.0
A00842,P090,2,64.9,0.0
A00843,P036,1,68.9,0.0
A00843,P081,1,18.9,0.0
A00844,P029,2,173.9,0.0
A00844,P050,1,97.9,0.0
A00844,P057,2,246.9,0.0
A00844,P068,1,166.9,0.0
A00844,P101,1,222.9,0.0
A00845,P010,1,163.9,0.0
A00845,P013,1,99.9,0.0
A00845,P030,1,166.9,0.0
A00846,P056,1,179.9,0.0
A00846,P074,1,281.9,0.0
A00846,P087,2,78.9,0.0
A00847,P025,1,104.9,10.49
A00848,P100,1,110.9,0.0
A00849,P015,2,149.9,53.96
A00849,P020,2,196.9,0.0
A00850,P039,1,184.9,18.49
A00850,P102,1,299.9,29.99
A00850,P103,2,266.9,53.38
A00851,P003,1,198.9,0.0
A00852,P068,1,166.9,0.0
A00853,P011,2,72.9,26.24
A00854,P066,1,238.9,23.89
A00854,P100,1,110.9,11.09
A00855,P010,2,163.9,0.0
A00855,P012,1,77.9,0.0
A00856,P048,1,100.9,0.0
A00857,P028,1,241.9,0.0
A00858,P017,1,116.9,21.04
A00858,P025,1,104.9,0.0
A00858,P039,1,184.9,0.0
A00858,P045,3,83.9,0.0
A00858,P055,3,135.9,0.0
A00858,P081,1,18.9,0.0
A00859,P018,1,119.9,0.0
A00860,P087,1,78.9,0.0
A00861,P013,3,99.9,0.0
A00861,P019,2,157.9,56.84
A00861,P024,2,228.9,82.4
A00861,P060,1,297.9,0.0
A00861,P102,1,299.9,0.0
A00862,P013,1,99.9,0.0
A00862,P026,1,193.9,34.9
A00862,P069,1,266.9,0.0
A00862,P081,1,18.9,0.0
A00862,P115,1,295.9,0.0
A00863,P073,1,266.9,0.0
A00864,P097,1,27.9,2.79
A00865,P008,1,105.9,0.0
A00865,P040,2,180.9,0.0
A00865,P088,3,76.9,0.0
A00866,P044,2,99.9,0.0
A00866,P062,1,72.9,0.0
A00867,P075,1,115.9,0.0
A00867,P084,1,18.9,0.0
A00868,P013,1,99.9,17.98
A00868,P026,1,193.9,34.9
A00868,P033,1,51.9,0.0
A00868,P100,1,110.9,0.0
A00869,P055,1,135.9,0.0
A00870,P001,1,40.9,7.36
A00870,P016,1,203.9,0.0
A00870,P023,1,174.9,0.0
A00870,P028,4,241.9,174.17
A00870,P091,1,57.9,0.0
A00871,P004,1,123.9,22.3
A00871,P043,1,51.9,0.0
A00871,P090,2,64.9,0.0
A00872,P019,3,157.9,0.0
A00872,P105,3,88.9,0.0
A00872,P109,1,221.9,0.0
A00873,P021,1,81.9,0.0
A00873,P041,1,118.9,0.0
A00874,P013,1,99.9,17.98
A00874,P105,1,88.9,0.0
A00875,P026,1,193.9,0.0
A00875,P053,1,86.9,0.0
A00875,P104,1,307.9,0.0
A00876,P018,1,119.9,0.0
A00876,P019,2,157.9,56.84
A00876,P061,1,233.9,0.0
A00876,P077,1,284.9,0.0
A00876,P085,2,33.9,0.0
A00876,P091,1,57.9,0.0
A00877,P022,1,79.9,22.37
A00878,P013,1,99.9,17.98
A00878,P050,3,97.9,0.0
A00878,P063,1,286.9,0.0
A00879,P029,2,173.9,62.6
A00879,P047,1,153.9,0.0
A00880,P023,1,174.9,31.48
A00880,P091,1,57.9,0.0
A00880,P118,2,192.9,0.0
A00881,P002,1,111.9,31.33
A00881,P029,2,173.9,34.78
A00881,P082,1,108.9,10.89
A00882,P014,1,144.9,0.0
A00883,P083,1,116.9,0.0
A00883,P104,1,307.9,0.0
A00884,P093,1,36.9,0.0
A00885,P092,1,39.9,0.0
A00886,P099,1,54.9,5.49
A00886,P105,2,88.9,17.78
A00887,P026,1,193.9,0.0
A00887,P033,1,51.9,0.0
A00888,P091,2,57.9,0.0
A00889,P025,1,104.9,18.88
A00889,P035,1,174.9,0.0
A00889,P050,1,97.9,0.0
A00890,P012,1,77.9,0.0
A00890,P020,1,196.9,0.0
A00890,P062,1,72.9,0.0
A00890,P084,1,18.9,0.0
A00891,P085,1,33.9,0.0
A00891,P087,1,78.9,0.0
A00891,P098,1,87.9,0.0
A00892,P093,1,36.9,0.0
A00893,P006,1,208.9,37.6
A00893,P019,1,157.9,28.42
A00893,P037,1,68.9,0.0
A00893,P111,1,169.9,0.0
A00894,P042,2,121.9,0.0
A00895,P022,1,79.9,0.0
A00895,P033,1,51.9,0.0
A00895,P061,2,233.9,0.0
A00896,P001,1,40.9,0.0
A00896,P004,1,123.9,22.3
A00896,P117,1,281.9,0.0
A00897,P005,1,100.9,10.09
A00898,P012,1,77.9,14.02
A00898,P020,1,196.9,35.44
A00898,P104,1,307.9,0.0
A00899,P019,1,157.9,0.0
A00899,P060,1,297.9,0.0
A00899,P066,1,238.9,0.0
A00899,P106,3,87.9,0.0
A00900,P006,1,208.9,20.89
A00900,P018,1,119.9,33.57
A00900,P021,1,81.9,22.93
A00900,P048,2,100.9,20.18
A00900,P096,1,102.9,10.29
A00901,P010,1,163.9,29.5
A00901,P086,2,99.9,0.0
A00901,P106,1,87.9,0.0
A00902,P023,1,174.9,0.0
A00902,P082,1,108.9,0.0
A00903,P010,1,163.9,29.5
A00903,P013,2,99.9,35.96
A00903,P067,1,68.9,0.0
A00904,P007,3,153.9,0.0
A00904,P014,2,144.9,0.0
A00905,P005,1,100.9,18.16
A00905,P027,1,187.9,33.82
A00906,P082,1,108.9,0.0
A00907,P001,1,40.9,11.45
A00907,P006,1,208.9,20.89
A00907,P010,2,163.9,32.78
A00908,P065,3,48.9,0.0
A00908,P078,2,190.9,0.0
A00909,P004,1,123.9,22.3
A00909,P030,1,166.9,30.04
A00909,P089,1,59.9,0.0
A00910,P040,2,180.9,0.0
A00910,P078,1,190.9,0.0
A00911,P032,1,176.9,0.0
A00911,P098,1,87.9,0.0
A00912,P028,1,241.9,43.54
A00912,P029,1,173.9,0.0
A00912,P038,1,55.9,0.0
A00912,P067,1,68.9,0.0
A00912,P088,1,76.9,0.0
A00912,P093,1,36.9,0.0
A00913,P021,1,81.9,14.74
A00913,P039,1,184.9,0.0
A00913,P046,1,41.9,0.0
A00913,P106,2,87.9,0.0
A00914,P009,2,248.9,0.0
A00915,P005,2,100.9,0.0
A00915,P047,2,153.9,0.0
A00915,P091,2,57.9,0.0
A00915,P118,1,192.9,0.0
A00916,P054,1,207.9,0.0
A00916,P076,2,203.9,0.0
A00917,P022,1,79.9,14.38
A00917,P104,2,307.9,0.0
A00917,P106,1,87.9,0.0
A00917,P113,1,244.9,0.0
A00918,P060,1,297.9,0.0
A00918,P074,1,281.9,0.0
A00919,P017,2,116.9,0.0
A00919,P035,1,174.9,0.0
A00919,P119,1,70.9,0.0
A00920,P031,2,93.9,0.0
A00920,P066,1,238.9,0.0
A00921,P032,1,176.9,0.0
A00921,P074,1,281.9,0.0
A00922,P007,1,153.9,27.7
A00922,P024,1,228.9,41.2
A00922,P032,1,176.9,0.0
A00923,P051,1,126.9,0.0
A00924,P011,2,72.9,26.24
A00925,P037,1,68.9,0.0
A00926,P009,1,248.9,44.8
A00927,P026,1,193.9,0.0
A00927,P034,1,162.9,0.0
A00927,P085,1,33.9,0.0
A00928,P009,1,248.9,44.8
A00928,P086,1,99.9,0.0
A00929,P011,1,72.9,0.0
A00929,P066,1,238.9,0.0
A00929,P089,1,59.9,0.0
A00930,P029,1,173.9,31.3
A00930,P043,1,51.9,0.0
A00931,P001,1,40.9,0.0
A00932,P034,1,162.9,0.0
A00933,P069,1,266.9,0.0
A00933,P118,1,192.9,0.0
A00934,P020,1,196.9,0.0
A00934,P022,1,79.9,0.0
A00934,P059,1,278.9,0.0
A00935,P009,1,248.9,0.0
A00935,P036,1,68.9,0.0
A00936,P006,1,208.9,37.6
A00937,P053,1,86.9,0.0
A00938,P040,1,180.9,0.0
A00938,P082,1,108.9,0.0
A00939,P015,2,149.9,0.0
A00939,P016,1,203.9,0.0
A00940,P017,1,116.9,21.04
A00940,P027,1,187.9,33.82
A00941,P008,1,105.9,0.0
A00942,P033,2,51.9,0.0
A00943,P037,1,68.9,0.0
A00943,P108,2,79.9,0.0
A00944,P019,1,157.9,0.0
A00944,P036,1,68.9,0.0
A00945,P065,2,48.9,0.0
A00946,P030,1,166.9,0.0
A00946,P035,1,174.9,0.0
A00947,P065,1,48.9,4.89
A00948,P017,1,116.9,0.0
A00948,P050,2,97.9,0.0
A00948,P052,2,124.9,0.0
A00949,P033,1,51.9,5.19
A00949,P111,1,169.9,16.99
A00950,P019,1,157.9,28.42
A00950,P024,1,228.9,0.0
A00950,P065,3,48.9,0.0
A00950,P106,3,87.9,0.0
A00951,P022,1,79.9,0.0
A00951,P027,2,187.9,67.64
A00952,P020,1,196.9,0.0
A00952,P053,2,86.9,0.0
A00953,P008,1,105.9,19.06
A00953,P081,1,18.9,0.0
A00954,P020,1,196.9,35.44
A00954,P109,1,221.9,0.0
A00955,P096,1,102.9,0.0
A00955,P103,1,266.9,0.0
A00956,P004,1,123.9,0.0
A00956,P023,2,174.9,0.0
A00957,P026,2,193.9,0.0
A00958,P029,2,173.9,0.0
A00958,P044,1,99.9,0.0
A00958,P052,1,124.9,0.0
A00958,P055,1,135.9,0.0
A00958,P067,1,68.9,0.0
A00958,P100,2,110.9,0.0
A00959,P022,1,79.9,0.0
A00960,P015,1,149.9,26.98
A00961,P085,1,33.9,0.0
A00962,P014,1,144.9,40.57
A00962,P024,2,228.9,128.18
A00962,P030,1,166.9,46.73
A00962,P054,1,207.9,20.79
A00962,P068,1,166.9,16.69
A00962,P076,1,203.9,20.39
A00963,P016,1,203.9,0.0
A00964,P012,1,77.9,0.0
A00964,P040,1,180.9,0.0
A00964,P059,2,278.9,0.0
A00964,P074,1,281.9,0.0
A00965,P010,1,163.9,45.89
A00965,P011,1,72.9,20.41
A00965,P041,1,118.9,11.89
A00965,P068,1,166.9,16.69
A00965,P087,2,78.9,15.78
A00965,P105,2,88.9,17.78
A00966,P011,1,72.9,7.29
A00967,P004,2,123.9,44.6
A00967,P038,1,55.9,0.0
A00967,P041,1,118.9,0.0
A00967,P044,3,99.9,0.0
A00967,P060,2,297.9,0.0
A00967,P065,3,48.9,0.0
A00967,P085,2,33.9,0.0
A00967,P087,1,78.9,0.0
A00968,P002,1,111.9,20.14
A00968,P008,3,105.9,0.0
A00968,P088,1,76.9,0.0
A00969,P002,1,111.9,20.14
A00969,P113,1,244.9,0.0
A00970,P064,1,140.9,0.0
A00970,P108,2,79.9,0.0
A00971,P038,1,55.9,0.0
A00972,P007,2,153.9,30.78
A00972,P030,2,166.9,93.46
A00972,P048,1,100.9,10.09
A00972,P075,4,115.9,46.36
A00972,P083,5,116.9,58.45
A00972,P103,1,266.9,26.69
A00973,P050,1,97.9,0.0
A00973,P109,2,221.9,0.0
A00973,P110,1,225.9,0.0
A00973,P111,1,169.9,0.0
A00974,P017,1,116.9,0.0
A00974,P026,2,193.9,0.0
A00974,P054,2,207.9,0.0
A00974,P112,1,141.9,0.0
A00975,P003,3,198.9,167.08
A00975,P005,1,100.9,10.09
A00975,P032,2,176.9,35.38
A00975,P040,1,180.9,18.09
A00975,P073,4,266.9,106.76
A00976,P022,1,79.9,14.38
A00976,P028,1,241.9,43.54
A00977,P027,1,187.9,0.0
A00978,P091,1,57.9,0.0
A00979,P031,1,93.9,9.39
A00979,P112,2,141.9,28.38
A00979,P117,2,281.9,56.38
A00980,P026,1,193.9,34.9
A00980,P073,1,266.9,0.0
A00981,P010,1,163.9,0.0
A00981,P095,1,89.9,0.0
A00981,P099,1,54.9,0.0
A00981,P106,2,87.9,0.0
A00982,P084,1,18.9,0.0
A00983,P011,2,72.9,26.24
A00983,P045,2,83.9,0.0
A00983,P047,1,153.9,0.0
A00983,P052,3,124.9,0.0
A00983,P092,1,39.9,0.0
A00984,P033,1,51.9,0.0
A00984,P042,2,121.9,0.0
A00984,P053,2,86.9,0.0
A00984,P073,2,266.9,0.0
A00984,P101,3,222.9,0.0
A00984,P108,3,79.9,0.0
A00984,P115,1,295.9,0.0
A00984,P116,3,234.9,0.0
A00985,P120,1,195.9,0.0
A00986,P056,1,179.9,0.0
A00987,P015,1,149.9,26.98
A00987,P094,1,84.9,0.0
A00988,P027,1,187.9,18.79
A00988,P060,1,297.9,29.79
A00989,P023,1,174.9,31.48
A00989,P035,2,174.9,0.0
A00989,P086,2,99.9,0.0
A00990,P022,1,79.9,0.0
A00991,P047,2,153.9,0.0
A00991,P048,1,100.9,0.0
A00991,P104,1,307.9,0.0
A00992,P009,2,248.9,0.0
A00992,P112,1,141.9,0.0
A00993,P067,1,68.9,0.0
A00994,P037,2,68.9,0.0
A00994,P104,1,307.9,0.0
A00995,P083,1,116.9,0.0
A00996,P002,2,111.9,40.28
A00996,P006,4,208.9,150.41
A00996,P078,1,190.9,0.0
A00996,P103,1,266.9,0.0
A00996,P104,1,307.9,0.0
A00997,P067,1,68.9,0.0
A00997,P116,1,234.9,0.0
A00998,P005,1,100.9,0.0
A00998,P025,1,104.9,0.0
A00998,P029,2,173.9,0.0
A00998,P102,1,299.9,0.0
A00998,P115,1,295.9,0.0
A00999,P036,1,68.9,0.0
A00999,P098,1,87.9,0.0
A00999,P113,1,244.9,0.0
A01000,P109,1,221.9,0.0
A01001,P020,1,196.9,35.44
A01001,P083,1,116.9,0.0
A01001,P119,2,70.9,0.0
A01002,P020,1,196.9,0.0
A01002,P037,2,68.9,0.0
A01003,P017,2,116.9,42.08
A01003,P063,1,286.9,0.0
A01003,P067,1,68.9,0.0
A01004,P017,1,116.9,0.0
A01004,P058,2,271.9,0.0
A01004,P085,1,33.9,0.0
A01005,P014,1,144.9,26.08
A01005,P097,1,27.9,0.0
A01006,P020,1,196.9,35.44
A01006,P028,1,241.9,0.0
A01007,P035,1,174.9,0.0
A01007,P049,1,175.9,0.0
A01007,P071,2,46.9,0.0
A01008,P073,1,266.9,0.0
A01009,P113,1,244.9,0.0
A01009,P116,2,234.9,0.0
A01010,P019,1,157.9,28.42
A01010,P036,1,68.9,0.0
A01010,P108,1,79.9,0.0
A01011,P002,1,111.9,20.14
A01011,P011,2,72.9,26.24
A01011,P076,1,203.9,0.0
A01012,P026,1,193.9,34.9
A01012,P034,2,162.9,0.0
A01012,P038,1,55.9,0.0
A01012,P081,2,18.9,0.0
A01013,P013,2,99.9,55.94
A01014,P032,2,176.9,0.0
A01014,P038,1,55.9,0.0
A01014,P058,2,271.9,0.0
A01014,P086,2,99.9,0.0
A01014,P100,2,110.9,0.0
A01015,P084,1,18.9,0.0
A01015,P100,1,110.9,0.0
A01016,P072,1,50.9,0.0
A01017,P002,2,111.9,40.28
A01017,P096,2,102.9,0.0
A01018,P032,1,176.9,0.0
A01018,P059,1,278.9,0.0
A01018,P081,1,18.9,0.0
A01019,P032,2,176.9,0.0
A01019,P061,1,233.9,0.0
A01019,P116,1,234.9,0.0
A01019,P117,2,281.9,0.0
A01020,P026,4,193.9,217.17
A01020,P031,1,93.9,9.39
A01021,P036,2,68.9,0.0
A01021,P041,1,118.9,0.0
A01022,P021,2,81.9,29.48
A01022,P037,1,68.9,0.0
A01023,P010,1,163.9,29.5
A01023,P032,1,176.9,0.0
A01024,P030,1,166.9,30.04
A01024,P034,1,162.9,0.0
A01025,P050,2,97.9,0.0
A01025,P081,2,18.9,0.0
A01025,P108,1,79.9,0.0
A01026,P120,1,195.9,0.0
A01027,P040,1,180.9,0.0
A01028,P022,1,79.9,0.0
A01028,P100,1,110.9,0.0
A01029,P041,1,118.9,0.0
A01029,P104,2,307.9,0.0
A01030,P044,1,99.9,9.99
A01030,P062,2,72.9,14.58
A01030,P110,1,225.9,22.59
A01031,P043,1,51.9,0.0
A01031,P073,1,266.9,0.0
A01032,P001,1,40.9,0.0
A01032,P017,1,116.9,21.04
A01032,P041,1,118.9,0.0
A01033,P073,1,266.9,0.0
A01033,P115,1,295.9,0.0
A01034,P023,1,174.9,0.0
A01034,P107,1,203.9,0.0
A01035,P023,1,174.9,0.0
A01035,P105,1,88.9,0.0
A01036,P108,1,79.9,0.0
A01037,P049,1,175.9,0.0
A01037,P050,2,97.9,0.0
A01037,P081,1,18.9,0.0
A01038,P002,1,111.9,20.14
A01039,P018,1,119.9,0.0
A01039,P102,1,299.9,0.0
A01040,P098,2,87.9,0.0
A01041,P001,2,40.9,0.0
A01041,P016,3,203.9,0.0
A01041,P020,2,196.9,70.88
A01041,P022,2,79.9,28.76
A01042,P033,1,51.9,0.0
A01042,P093,1,36.9,0.0
A01042,P116,2,234.9,0.0
A01043,P046,2,41.9,0.0
A01043,P055,1,135.9,0.0
A01043,P075,1,115.9,0.0
A01044,P005,1,100.9,18.16
A01044,P018,2,119.9,43.16
A01044,P113,2,244.9,0.0
A01045,P092,1,39.9,0.0
A01046,P088,1,76.9,0.0
A01047,P011,1,72.9,0.0
A01047,P097,1,27.9,0.0
A01048,P036,1,68.9,0.0
A01049,P017,1,116.9,0.0
A01050,P012,1,77.9,0.0
A01051,P005,2,100.9,36.32
A01051,P025,1,104.9,0.0
A01051,P039,1,184.9,0.0
A01051,P055,2,135.9,0.0
A01051,P086,1,99.9,0.0
A01052,P047,3,153.9,46.17
A01052,P048,1,100.9,10.09
A01053,P017,4,116.9,0.0
A01053,P054,3,207.9,0.0
A01053,P066,4,238.9,0.0
A01053,P085,2,33.9,0.0
A01053,P095,1,89.9,0.0
A01053,P102,1,299.9,0.0
A01054,P003,1,198.9,0.0
A01054,P022,1,79.9,14.38
A01054,P114,1,246.9,0.0
A01055,P004,2,123.9,0.0
A01055,P092,1,39.9,0.0
A01056,P001,3,40.9,0.0
A01056,P018,1,119.9,0.0
A01056,P020,1,196.9,35.44
A01056,P057,1,246.9,0.0
A01056,P091,1,57.9,0.0
A01057,P092,1,39.9,0.0
A01058,P093,1,36.9,0.0
A01059,P019,1,157.9,28.42
A01059,P042,1,121.9,0.0
A01060,P050,2,97.9,0.0
A01060,P081,3,18.9,0.0
A01060,P110,2,225.9,0.0
A01061,P019,2,157.9,56.84
A01062,P032,1,176.9,0.0
A01063,P011,1,72.9,0.0
A01063,P022,1,79.9,14.38
A01063,P026,1,193.9,0.0
A01063,P054,1,207.9,0.0
A01063,P077,3,284.9,0.0
A01064,P111,1,169.9,0.0
A01065,P016,1,203.9,57.09
A01065,P066,1,238.9,23.89
A01066,P009,2,248.9,0.0
A01066,P046,1,41.9,0.0
A01067,P035,1,174.9,17.49
A01067,P082,2,108.9,21.78
A01068,P043,2,51.9,0.0
A01068,P067,1,68.9,0.0
A01069,P008,1,105.9,19.06
A01069,P034,1,162.9,0.0
A01069,P075,1,115.9,0.0
A01070,P045,1,83.9,0.0
A01070,P108,1,79.9,0.0
A01071,P050,1,97.9,0.0
A01072,P018,1,119.9,0.0
A01072,P084,2,18.9,0.0
A01073,P005,1,100.9,10.09
A01074,P037,1,68.9,0.0
A01074,P112,1,141.9,0.0
A01075,P020,2,196.9,70.88
A01075,P039,2,184.9,0.0
A01075,P076,1,203.9,0.0
A01076,P082,1,108.9,0.0
A01077,P037,1,68.9,0.0
A01077,P046,1,41.9,0.0
A01078,P019,1,157.9,28.42
A01078,P051,1,126.9,0.0
A01078,P082,1,108.9,0.0
A01078,P100,1,110.9,0.0
A01079,P059,1,278.9,0.0
A01079,P104,1,307.9,0.0
A01080,P036,1,68.9,6.89
A01080,P043,1,51.9,5.19
A01080,P082,2,108.9,21.78
A01080,P089,1,59.9,5.99
A01080,P091,1,57.9,5.79
A01081,P014,1,144.9,26.08
A01081,P069,1,266.9,0.0
A01082,P120,1,195.9,19.59
A01083,P012,1,77.9,0.0
A01083,P027,1,187.9,33.82
A01083,P045,2,83.9,0.0
A01084,P021,2,81.9,0.0
A01084,P029,2,173.9,62.6
A01084,P106,1,87.9,0.0
A01085,P041,3,118.9,0.0
A01085,P106,1,87.9,0.0
A01086,P061,1,233.9,0.0
A01086,P065,2,48.9,0.0
A01087,P042,1,121.9,12.19
A01087,P081,2,18.9,3.78
A01088,P006,1,208.9,20.89
A01089,P010,1,163.9,0.0
A01089,P012,1,77.9,14.02
A01089,P047,1,153.9,0.0
A01089,P048,1,100.9,0.0
A01090,P003,1,198.9,0.0
A01090,P024,1,228.9,41.2
A01090,P030,1,166.9,30.04
A01090,P064,1,140.9,0.0
A01090,P102,1,299.9,0.0
A01091,P004,1,123.9,0.0
A01091,P039,2,184.9,0.0
A01092,P003,1,198.9,35.8
A01093,P009,1,248.9,69.69
A01093,P013,2,99.9,19.98
A01093,P014,2,144.9,28.98
A01093,P016,3,203.9,171.28
A01094,P039,1,184.9,18.49
A01095,P043,1,51.9,0.0
A01095,P119,1,70.9,0.0
A01096,P045,1,83.9,0.0
A01097,P055,2,135.9,0.0
A01098,P004,1,123.9,22.3
A01098,P061,3,233.9,0.0
A01098,P095,1,89.9,0.0
A01099,P066,1,238.9,0.0
A01100,P018,1,119.9,21.58
A01100,P035,1,174.9,0.0
A01101,P015,1,149.9,26.98
A01102,P112,1,141.9,0.0
A01103,P018,2,119.9,0.0
A01103,P067,2,68.9,0.0
A01103,P101,1,222.9,0.0
A01104,P090,1,64.9,0.0
A01105,P048,1,100.9,0.0
A01105,P075,1,115.9,0.0
A01106,P002,1,111.9,20.14
A01106,P034,1,162.9,0.0
A01107,P044,1,99.9,9.99
A01108,P110,1,225.9,0.0
A01109,P088,3,76.9,0.0
A01110,P009,2,248.9,0.0
A01110,P013,1,99.9,17.98
A01111,P009,1,248.9,0.0
A01111,P016,1,203.9,0.0
A01111,P038,1,55.9,0.0
A01111,P045,2,83.9,0.0
A01111,P056,2,179.9,0.0
A01112,P030,2,166.9,60.08
A01113,P115,1,295.9,0.0
A01114,P029,1,173.9,31.3
A01114,P038,1,55.9,0.0
A01115,P029,1,173.9,48.69
A01115,P063,1,286.9,28.69
A01115,P070,1,132.9,13.29
A01116,P055,1,135.9,0.0
A01116,P094,2,84.9,0.0
A01117,P068,1,166.9,0.0
A01117,P098,2,87.9,0.0
A01118,P019,2,157.9,56.84
A01118,P038,1,55.9,0.0
A01118,P051,2,126.9,0.0
A01118,P071,1,46.9,0.0
A01118,P085,1,33.9,0.0
A01119,P003,1,198.9,0.0
A01119,P053,2,86.9,0.0
A01119,P070,1,132.9,0.0
A01119,P077,2,284.9,0.0
A01120,P004,1,123.9,34.69
A01120,P018,1,119.9,33.57
A01120,P050,1,97.9,9.79
A01120,P088,2,76.9,15.38
A01120,P119,1,70.9,7.09
A01121,P083,1,116.9,0.0
A01121,P111,2,169.9,0.0
A01122,P001,1,40.9,7.36
A01123,P052,1,124.9,12.49
A01124,P026,1,193.9,0.0
A01124,P039,1,184.9,0.0
A01125,P015,1,149.9,0.0
A01125,P037,1,68.9,0.0
A01125,P050,1,97.9,0.0
A01125,P104,2,307.9,0.0
A01126,P101,1,222.9,0.0
A01127,P009,2,248.9,0.0
A01127,P025,1,104.9,18.88
A01127,P083,3,116.9,0.0
A01128,P002,1,111.9,0.0
A01128,P004,1,123.9,22.3
A01129,P067,1,68.9,6.89
A01130,P004,2,123.9,44.6
A01130,P005,2,100.9,0.0
A01130,P010,6,163.9,0.0
A01130,P035,2,174.9,0.0
A01130,P068,3,166.9,0.0
A01130,P073,3,266.9,0.0
A01130,P076,3,203.9,0.0
A01130,P105,3,88.9,0.0
A01131,P007,2,153.9,0.0
A01131,P017,1,116.9,0.0
A01131,P026,2,193.9,69.8
A01131,P106,1,87.9,0.0
A01132,P023,1,174.9,31.48
A01132,P072,1,50.9,0.0
A01132,P089,2,59.9,0.0
A01132,P090,1,64.9,0.0
A01132,P110,1,225.9,0.0
A01133,P009,1,248.9,0.0
A01133,P012,1,77.9,14.02
A01133,P095,1,89.9,0.0
A01133,P101,1,222.9,0.0
A01134,P006,1,208.9,37.6
A01134,P021,1,81.9,14.74
A01134,P085,1,33.9,0.0
A01135,P029,1,173.9,48.69
A01135,P117,1,281.9,28.19
A01136,P059,1,278.9,0.0
A01136,P063,1,286.9,0.0
A01136,P066,2,238.9,0.0
A01136,P072,2,50.9,0.0
A01136,P074,1,281.9,0.0
A01136,P105,1,88.9,0.0
A01137,P045,1,83.9,0.0
A01138,P036,1,68.9,0.0
A01138,P077,2,284.9,0.0
A01138,P081,1,18.9,0.0
A01138,P120,1,195.9,0.0
A01139,P026,2,193.9,69.8
A01139,P033,2,51.9,0.0
A01139,P052,2,124.9,0.0
A01139,P078,1,190.9,0.0
A01139,P084,1,18.9,0.0
A01139,P111,1,169.9,0.0
A01140,P008,1,105.9,19.06
A01141,P028,1,241.9,0.0
A01141,P039,1,184.9,0.0
A01142,P107,1,203.9,0.0
A01143,P034,2,162.9,0.0
A01143,P037,1,68.9,0.0
A01144,P070,1,132.9,0.0
A01145,P095,1,89.9,0.0
A01146,P010,2,163.9,59.0
A01146,P057,2,246.9,0.0
A01146,P067,1,68.9,0.0
A01146,P100,1,110.9,0.0
A01147,P040,2,180.9,36.18
A01147,P109,2,221.9,44.38
A01148,P036,1,68.9,0.0
A01148,P088,1,76.9,0.0
A01149,P047,2,153.9,0.0
A01149,P081,1,18.9,0.0
A01150,P002,2,111.9,0.0
A01150,P078,2,190.9,0.0
A01151,P081,1,18.9,0.0
A01152,P006,1,208.9,0.0
A01152,P023,1,174.9,0.0
A01152,P074,2,281.9,0.0
A01153,P111,1,169.9,0.0
A01154,P035,1,174.9,0.0
A01154,P038,1,55.9,0.0
A01154,P090,1,64.9,0.0
A01155,P038,1,55.9,0.0
A01155,P047,1,153.9,0.0
A01156,P001,2,40.9,14.72
A01156,P040,1,180.9,0.0
A01156,P076,1,203.9,0.0
A01156,P096,1,102.9,0.0
A01156,P101,1,222.9,0.0
A01157,P012,1,77.9,0.0
A01157,P042,2,121.9,0.0
A01158,P012,1,77.9,14.02
A01158,P062,1,72.9,0.0
A01159,P023,1,174.9,0.0
A01160,P060,1,297.9,0.0
A01160,P065,1,48.9,0.0
A01160,P092,1,39.9,0.0
A01160,P100,1,110.9,0.0
A01161,P023,1,174.9,31.48
A01161,P066,1,238.9,0.0
A01161,P068,1,166.9,0.0
A01161,P100,1,110.9,0.0
A01162,P069,2,266.9,0.0
A01162,P108,1,79.9,0.0
A01163,P006,1,208.9,37.6
A01163,P076,1,203.9,0.0
A01164,P021,1,81.9,0.0
A01164,P042,2,121.9,0.0
A01164,P058,1,271.9,0.0
A01165,P019,1,157.9,28.42
A01166,P010,1,163.9,29.5
A01167,P080,1,149.9,14.99
A01167,P088,1,76.9,7.69
A01168,P008,2,105.9,38.12
A01168,P026,1,193.9,34.9
A01168,P055,1,135.9,0.0
A01168,P082,1,108.9,0.0
A01168,P092,1,39.9,0.0
A01168,P095,1,89.9,0.0
A01169,P025,1,104.9,10.49
A01169,P083,1,116.9,11.69
A01170,P016,1,203.9,0.0
A01170,P043,1,51.9,0.0
A01171,P095,2,89.9,0.0
A01171,P106,1,87.9,0.0
A01172,P035,1,174.9,0.0
A01173,P003,1,198.9,0.0
A01174,P044,1,99.9,0.0
A01175,P003,2,198.9,111.38
A01175,P029,1,173.9,17.39
A01175,P076,1,203.9,20.39
A01176,P021,1,81.9,14.74
A01177,P014,1,144.9,0.0
A01177,P016,2,203.9,0.0
A01177,P051,1,126.9,0.0
A01178,P027,1,187.9,33.82
A01178,P102,1,299.9,0.0
A01178,P104,1,307.9,0.0
A01179,P011,1,72.9,0.0
A01179,P082,1,108.9,0.0
A01179,P107,1,203.9,0.0
A01180,P082,1,108.9,0.0
A01180,P098,1,87.9,0.0
A01181,P050,1,97.9,0.0
A01181,P090,1,64.9,0.0
A01181,P095,1,89.9,0.0
A01182,P003,2,198.9,71.6
A01182,P021,1,81.9,0.0
A01182,P058,2,271.9,0.0
A01183,P056,1,179.9,17.99
A01183,P081,1,18.9,1.89
A01184,P093,1,36.9,0.0
A01185,P022,1,79.9,14.38
A01186,P014,1,144.9,0.0
A01186,P016,1,203.9,36.7
A01187,P042,3,121.9,0.0
A01187,P105,2,88.9,0.0
A01188,P008,1,105.9,0.0
A01188,P011,1,72.9,13.12
A01188,P047,1,153.9,0.0
A01188,P091,1,57.9,0.0
A01189,P013,2,99.9,0.0
A01189,P032,1,176.9,0.0
A01189,P038,1,55.9,0.0
A01190,P117,1,281.9,0.0
A01191,P058,1,271.9,0.0
A01192,P029,1,173.9,31.3
A01193,P014,4,144.9,104.33
A01193,P024,1,228.9,0.0
A01193,P049,1,175.9,0.0
A01194,P021,1,81.9,14.74
A01194,P054,1,207.9,0.0
A01194,P093,1,36.9,0.0
A01194,P106,1,87.9,0.0
A01194,P114,1,246.9,0.0
A01195,P017,1,116.9,0.0
A01195,P029,1,173.9,31.3
A01195,P060,2,297.9,0.0
A01196,P026,3,193.9,0.0
A01196,P028,1,241.9,0.0
A01197,P112,1,141.9,0.0
A01198,P052,1,124.9,0.0
A01198,P091,1,57.9,0.0
A01199,P011,1,72.9,7.29
A01199,P052,1,124.9,12.49
A01200,P044,1,99.9,9.99
A01201,P002,1,111.9,20.14
A01201,P062,1,72.9,0.0
A01202,P004,1,123.9,12.39
A01202,P015,1,149.9,14.99
A01202,P070,1,132.9,13.29
A01203,P042,1,121.9,0.0
A01204,P019,1,157.9,28.42
A01204,P104,1,307.9,0.0
A01205,P003,1,198.9,0.0
A01205,P031,1,93.9,0.0
A01205,P057,2,246.9,0.0
A01205,P060,1,297.9,0.0
A01206,P083,1,116.9,11.69
A01206,P099,2,54.9,10.98
A01207,P010,2,163.9,59.0
A01208,P025,2,104.9,37.76
A01208,P080,1,149.9,0.0
A01209,P052,1,124.9,12.49
A01209,P084,1,18.9,1.89
A01210,P082,1,108.9,0.0
A01211,P062,1,72.9,0.0
A01211,P100,1,110.9,0.0
A01211,P101,1,222.9,0.0
A01212,P051,1,126.9,0.0
A01212,P092,1,39.9,0.0
A01213,P029,1,173.9,31.3
A01213,P052,2,124.9,0.0
A01213,P101,1,222.9,0.0
A01214,P037,1,68.9,0.0
A01214,P058,1,271.9,0.0
A01215,P005,1,100.9,18.16
A01215,P054,1,207.9,0.0
A01216,P006,2,208.9,75.2
A01216,P016,1,203.9,36.7
A01216,P022,1,79.9,14.38
A01216,P038,2,55.9,0.0
A01216,P042,1,121.9,0.0
A01216,P114,1,246.9,0.0
A01217,P013,1,99.9,17.98
A01217,P037,1,68.9,0.0
A01217,P070,1,132.9,0.0
A01218,P006,1,208.9,0.0
A01218,P010,1,163.9,29.5
A01218,P114,1,246.9,0.0
A01219,P109,1,221.9,0.0
A01220,P089,1,59.9,0.0
A01221,P014,2,144.9,0.0
A01221,P042,2,121.9,0.0
A01221,P107,1,203.9,0.0
A01222,P038,2,55.9,0.0
A01222,P080,2,149.9,0.0
A01222,P110,1,225.9,0.0
A01223,P023,2,174.9,0.0
A01223,P030,2,166.9,60.08
A01224,P043,1,51.9,0.0
A01224,P082,1,108.9,0.0
A01224,P116,1,234.9,0.0
A01225,P006,1,208.9,37.6
A01225,P011,1,72.9,0.0
A01225,P032,2,176.9,0.0
A01225,P052,1,124.9,0.0
A01226,P012,1,77.9,0.0
A01226,P074,1,281.9,0.0
A01226,P102,2,299.9,0.0
A01227,P052,1,124.9,0.0
A01227,P081,1,18.9,0.0
A01227,P083,1,116.9,0.0
A01228,P027,1,187.9,18.79
A01228,P101,1,222.9,22.29
A01229,P021,1,81.9,22.93
A01230,P021,1,81.9,0.0
A01230,P090,1,64.9,0.0
A01231,P011,1,72.9,20.41
A01231,P058,1,271.9,27.19
A01232,P013,1,99.9,0.0
A01233,P024,1,228.9,0.0
A01233,P071,1,46.9,0.0
A01234,P069,1,266.9,0.0
A01235,P002,1,111.9,0.0
A01235,P009,1,248.9,0.0
A01235,P013,1,99.9,17.98
A01235,P120,1,195.9,0.0
A01236,P014,1,144.9,0.0
A01236,P017,1,116.9,0.0
A01236,P022,1,79.9,0.0
A01237,P052,1,124.9,0.0
A01237,P066,2,238.9,0.0
A01238,P005,1,100.9,28.25
A01238,P093,1,36.9,3.69
A01239,P007,1,153.9,30.78
A01239,P008,1,105.9,40.24
A01239,P023,1,174.9,66.46
A01239,P073,1,266.9,53.38
A01240,P012,1,77.9,14.02
A01240,P044,3,99.9,0.0
A01240,P059,1,278.9,0.0
A01241,P027,1,187.9,33.82
A01241,P045,1,83.9,0.0
A01241,P058,2,271.9,0.0
A01241,P093,1,36.9,0.0
A01242,P003,1,198.9,0.0
A01242,P007,1,153.9,27.7
A01242,P116,2,234.9,0.0
A01243,P106,2,87.9,0.0
A01244,P008,1,105.9,0.0
A01244,P109,1,221.9,0.0
A01245,P067,1,68.9,0.0
A01245,P108,1,79.9,0.0
A01246,P028,1,241.9,43.54
A01246,P087,3,78.9,0.0
A01246,P108,1,79.9,0.0
A01247,P010,1,163.9,45.89
A01247,P105,2,88.9,17.78
A01248,P062,1,72.9,0.0
A01249,P049,3,175.9,105.54
A01249,P066,2,238.9,95.56
A01249,P078,1,190.9,38.18
A01250,P023,1,174.9,31.48
A01250,P066,2,238.9,0.0
A01250,P078,1,190.9,0.0
A01251,P005,1,100.9,38.34
A01251,P095,1,89.9,17.98
A01251,P113,1,244.9,48.98
A01252,P035,1,174.9,0.0
A01252,P086,1,99.9,0.0
A01253,P031,1,93.9,0.0
A01253,P049,1,175.9,0.0
A01253,P099,1,54.9,0.0
A01254,P081,1,18.9,3.78
A01255,P024,1,228.9,41.2
A01255,P072,1,50.9,0.0
A01256,P016,2,203.9,73.4
A01256,P058,1,271.9,0.0
A01256,P089,2,59.9,0.0
A01257,P008,1,105.9,19.06
A01257,P027,2,187.9,0.0
A01257,P082,3,108.9,0.0
A01257,P114,1,246.9,0.0
A01258,P037,1,68.9,0.0
A01258,P054,4,207.9,0.0
A01258,P060,2,297.9,0.0
A01259,P048,1,100.9,0.0
A01259,P091,1,57.9,0.0
A01260,P016,1,203.9,36.7
A01260,P117,2,281.9,0.0
A01261,P028,2,241.9,87.08
A01261,P075,1,115.9,0.0
A01262,P047,1,153.9,0.0
A01262,P070,1,132.9,0.0
A01262,P109,1,221.9,0.0
A01262,P119,2,70.9,0.0
A01263,P041,1,118.9,0.0
A01263,P061,1,233.9,0.0
A01263,P100,2,110.9,0.0
A01263,P119,1,70.9,0.0
A01264,P018,1,119.9,23.98
A01264,P090,1,64.9,12.98
A01264,P096,1,102.9,20.58
A01265,P027,2,187.9,67.64
A01265,P062,1,72.9,0.0
A01265,P076,2,203.9,0.0
A01265,P093,2,36.9,0.0
A01266,P040,1,180.9,0.0
A01266,P109,1,221.9,0.0
A01267,P023,1,174.9,0.0
A01267,P077,1,284.9,0.0
A01267,P091,1,57.9,0.0
A01268,P044,1,99.9,19.98
A01269,P015,1,149.9,26.98
A01269,P024,2,228.9,82.4
A01269,P040,1,180.9,0.0
A01269,P049,1,175.9,0.0
A01269,P081,1,18.9,0.0
A01270,P052,1,124.9,0.0
A01271,P052,1,124.9,0.0
A01271,P091,2,57.9,0.0
A01272,P051,1,126.9,0.0
A01273,P037,1,68.9,0.0
A01274,P093,1,36.9,0.0
A01275,P023,1,174.9,31.48
A01275,P025,1,104.9,0.0
A01275,P079,3,230.9,0.0
A01275,P103,1,266.9,0.0
A01276,P043,1,51.9,0.0
A01276,P116,1,234.9,0.0
A01277,P038,1,55.9,0.0
A01277,P042,3,121.9,0.0
A01277,P067,1,68.9,0.0
A01277,P096,2,102.9,0.0
A01277,P111,1,169.9,0.0
A01278,P015,2,149.9,113.92
A01278,P030,2,166.9,126.84
A01278,P118,1,192.9,38.58
A01279,P089,1,59.9,0.0
A01280,P050,1,97.9,0.0
A01281,P008,1,105.9,0.0
A01281,P046,1,41.9,0.0
A01281,P072,1,50.9,0.0
A01282,P002,2,111.9,0.0
A01282,P042,1,121.9,0.0
A01282,P104,1,307.9,0.0
A01283,P096,1,102.9,0.0
A01284,P016,1,203.9,20.39
A01284,P028,1,241.9,24.19
A01284,P068,1,166.9,16.69
A01284,P089,2,59.9,11.98
A01284,P105,1,88.9,8.89
A01285,P001,2,40.9,14.72
A01285,P004,1,123.9,22.3
A01285,P080,2,149.9,0.0
A01286,P016,2,203.9,73.4
A01286,P033,1,51.9,0.0
A01286,P109,1,221.9,0.0
A01287,P011,1,72.9,13.12
A01287,P089,1,59.9,0.0
A01287,P105,1,88.9,0.0
A01288,P024,1,228.9,0.0
A01288,P068,1,166.9,0.0
A01289,P023,1,174.9,0.0
A01289,P039,1,184.9,0.0
A01289,P096,1,102.9,0.0
A01290,P074,1,281.9,0.0
A01290,P077,1,284.9,0.0
A01290,P103,1,266.9,0.0
A01291,P006,1,208.9,37.6
A01291,P024,1,228.9,0.0
A01291,P031,1,93.9,0.0
A01292,P018,1,119.9,0.0
A01292,P090,1,64.9,0.0
A01292,P103,1,266.9,0.0
A01293,P003,2,198.9,111.38
A01293,P010,1,163.9,45.89
A01293,P053,1,86.9,8.69
A01293,P109,1,221.9,22.19
A01294,P050,2,97.9,39.16
A01294,P093,1,36.9,7.38
A01294,P094,1,84.9,16.98
A01295,P015,1,149.9,26.98
A01295,P091,1,57.9,0.0
A01295,P095,1,89.9,0.0
A01295,P108,2,79.9,0.0
A01296,P115,1,295.9,0.0
A01297,P024,1,228.9,86.98
A01297,P116,1,234.9,46.98
A01298,P026,1,193.9,0.0
A01298,P088,1,76.9,0.0
A01299,P013,2,99.9,0.0
A01299,P024,2,228.9,0.0
A01299,P106,1,87.9,0.0
A01300,P117,1,281.9,0.0
A01300,P119,1,70.9,0.0
A01301,P036,1,68.9,0.0
A01301,P044,1,99.9,0.0
A01302,P009,3,248.9,209.08
A01303,P024,1,228.9,22.89
A01303,P085,1,33.9,3.39
A01304,P034,1,162.9,32.58
A01304,P065,1,48.9,9.78
A01305,P074,1,281.9,0.0
A01305,P099,1,54.9,0.0
A01306,P061,1,233.9,23.39
A01306,P089,1,59.9,5.99
A01306,P094,1,84.9,8.49
A01306,P105,1,88.9,8.89
A01307,P064,1,140.9,0.0
A01308,P030,1,166.9,0.0
A01308,P036,2,68.9,0.0
A01308,P055,3,135.9,0.0
A01308,P095,1,89.9,0.0
A01308,P098,1,87.9,0.0
A01309,P002,1,111.9,20.14
A01310,P010,2,163.9,59.0
A01310,P084,1,18.9,0.0
A01310,P088,1,76.9,0.0
A01311,P103,1,266.9,0.0
A01312,P019,2,157.9,0.0
A01313,P002,1,111.9,0.0
A01313,P015,1,149.9,26.98
A01313,P025,2,104.9,0.0
A01313,P110,1,225.9,0.0
A01314,P037,2,68.9,0.0
A01314,P045,1,83.9,0.0
A01314,P050,1,97.9,0.0
A01314,P095,1,89.9,0.0
A01315,P112,1,141.9,0.0
A01316,P007,1,153.9,0.0
A01316,P021,1,81.9,0.0
A01316,P097,1,27.9,0.0
A01317,P106,1,87.9,8.79
A01318,P027,2,187.9,75.16
A01318,P087,2,78.9,31.56
A01319,P009,1,248.9,69.69
A01320,P022,1,79.9,22.37
A01320,P044,1,99.9,9.99
A01321,P082,1,108.9,0.0
A01321,P101,2,222.9,0.0
A01322,P071,1,46.9,0.0
A01322,P113,2,244.9,0.0
A01323,P018,1,119.9,45.56
A01323,P081,1,18.9,3.78
A01324,P013,2,99.9,35.96
A01324,P087,1,78.9,0.0
A01325,P071,1,46.9,0.0
A01325,P072,1,50.9,0.0
A01326,P116,1,234.9,0.0
A01327,P023,2,174.9,62.96
A01327,P029,2,173.9,62.6
A01327,P038,1,55.9,0.0
A01327,P044,1,99.9,0.0
A01327,P115,1,295.9,0.0
A01328,P025,1,104.9,0.0
A01328,P079,1,230.9,0.0
A01328,P098,2,87.9,0.0
A01329,P056,2,179.9,71.96
A01329,P107,1,203.9,40.78
A01329,P109,1,221.9,44.38
A01330,P099,1,54.9,0.0
A01331,P103,1,266.9,0.0
A01331,P112,2,141.9,0.0
A01332,P027,1,187.9,33.82
A01333,P097,1,27.9,2.79
A01333,P100,2,110.9,22.18
A01333,P101,1,222.9,22.29
A01333,P118,1,192.9,19.29
A01334,P031,1,93.9,0.0
A01334,P052,2,124.9,0.0
A01334,P053,1,86.9,0.0
A01334,P080,1,149.9,0.0
A01334,P082,1,108.9,0.0
A01334,P108,1,79.9,0.0
A01335,P084,2,18.9,0.0
A01336,P021,1,81.9,14.74
A01336,P025,2,104.9,0.0
A01336,P081,1,18.9,0.0
A01336,P085,1,33.9,0.0
A01336,P120,1,195.9,0.0
A01337,P017,1,116.9,44.42
A01337,P103,2,266.9,106.76
A01338,P064,1,140.9,0.0
A01338,P096,2,102.9,0.0
A01338,P101,1,222.9,0.0
A01339,P020,1,196.9,0.0
A01339,P034,1,162.9,0.0
A01339,P050,1,97.9,0.0
A01339,P112,1,141.9,0.0
A01340,P008,4,105.9,0.0
A01340,P017,2,116.9,42.08
A01340,P040,1,180.9,0.0
A01340,P105,1,88.9,0.0
A01340,P106,2,87.9,0.0
A01341,P018,2,119.9,67.14
A01341,P054,3,207.9,62.37
A01341,P091,1,57.9,5.79
A01342,P064,1,140.9,28.18
A01342,P086,1,99.9,19.98
A01343,P011,1,72.9,13.12
A01343,P031,1,93.9,0.0
A01344,P039,2,184.9,0.0
A01344,P040,2,180.9,0.0
A01344,P074,2,281.9,0.0
A01344,P108,2,79.9,0.0
A01345,P034,2,162.9,0.0
A01345,P052,1,124.9,0.0
A01346,P111,2,169.9,67.96
A01347,P113,1,244.9,24.49
A01348,P018,1,119.9,0.0
A01348,P020,1,196.9,35.44
A01348,P033,2,51.9,0.0
A01348,P034,2,162.9,0.0
A01348,P053,1,86.9,0.0
A01348,P073,2,266.9,0.0
A01348,P105,2,88.9,0.0
A01349,P005,1,100.9,0.0
A01349,P027,1,187.9,33.82
A01349,P048,1,100.9,0.0
A01349,P073,3,266.9,0.0
A01350,P035,1,174.9,0.0
A01350,P117,1,281.9,0.0
A01351,P023,1,174.9,31.48
A01351,P026,1,193.9,34.9
A01352,P025,1,104.9,18.88
A01352,P033,1,51.9,0.0
A01352,P042,2,121.9,0.0
A01352,P077,1,284.9,0.0
A01352,P080,1,149.9,0.0
A01353,P015,1,149.9,26.98
A01353,P073,1,266.9,0.0
A01354,P042,1,121.9,0.0
A01354,P112,1,141.9,0.0
A01355,P004,2,123.9,0.0
A01355,P005,2,100.9,36.32
A01355,P015,4,149.9,0.0
A01355,P018,2,119.9,43.16
A01355,P087,2,78.9,0.0
A01355,P089,1,59.9,0.0
A01355,P093,1,36.9,0.0
A01356,P003,1,198.9,0.0
A01356,P014,1,144.9,26.08
A01356,P052,1,124.9,0.0
A01357,P099,1,54.9,0.0
A01358,P079,1,230.9,0.0
A01358,P089,4,59.9,0.0
A01358,P106,1,87.9,0.0
A01359,P010,2,163.9,59.0
A01359,P015,2,149.9,53.96
A01359,P067,1,68.9,0.0
A01359,P110,1,225.9,0.0
A01360,P059,2,278.9,0.0
A01360,P060,1,297.9,0.0
A01360,P066,1,238.9,0.0
A01360,P091,2,57.9,0.0
A01361,P005,1,100.9,0.0
A01361,P057,1,246.9,0.0
A01361,P104,1,307.9,0.0
A01362,P051,1,126.9,0.0
A01362,P085,1,33.9,0.0
A01363,P052,1,124.9,0.0
A01363,P062,1,72.9,0.0
A01363,P070,3,132.9,0.0
A01364,P001,2,40.9,0.0
A01364,P045,1,83.9,0.0
A01364,P065,1,48.9,0.0
A01364,P093,1,36.9,0.0
A01365,P011,1,72.9,0.0
A01365,P049,1,175.9,0.0
A01366,P018,3,119.9,0.0
A01366,P060,2,297.9,0.0
A01366,P063,1,286.9,0.0
A01366,P085,1,33.9,0.0
A01367,P015,1,149.9,26.98
A01367,P071,1,46.9,0.0
A01368,P018,1,119.9,21.58
A01368,P048,2,100.9,0.0
A01368,P089,1,59.9,0.0
A01368,P107,1,203.9,0.0
A01369,P017,1,116.9,0.0
A01369,P024,1,228.9,41.2
A01369,P027,1,187.9,0.0
A01369,P095,2,89.9,0.0
A01369,P109,1,221.9,0.0
A01370,P071,1,46.9,0.0
A01371,P064,1,140.9,0.0
A01372,P120,1,195.9,0.0
A01373,P077,1,284.9,0.0
A01374,P079,1,230.9,0.0
A01375,P023,1,174.9,0.0
A01375,P028,1,241.9,0.0
A01375,P041,1,118.9,0.0
A01375,P067,1,68.9,0.0
A01376,P027,2,187.9,75.16
A01376,P084,3,18.9,11.34
A01376,P101,2,222.9,89.16
A01377,P013,2,99.9,35.96
A01377,P031,1,93.9,0.0
A01377,P088,1,76.9,0.0
A01377,P111,2,169.9,0.0
A01377,P116,1,234.9,0.0
A01378,P016,1,203.9,36.7
A01378,P049,2,175.9,0.0
A01378,P050,1,97.9,0.0
A01378,P082,1,108.9,0.0
A01379,P005,2,100.9,0.0
A01379,P083,3,116.9,0.0
A01379,P102,1,299.9,0.0
A01380,P029,1,173.9,0.0
A01380,P073,2,266.9,0.0
A01381,P032,2,176.9,0.0
A01381,P096,1,102.9,0.0
A01382,P019,1,157.9,15.79
A01382,P029,1,173.9,17.39
A01383,P036,1,68.9,0.0
A01383,P095,1,89.9,0.0
A01383,P112,2,141.9,0.0
A01383,P120,2,195.9,0.0
A01384,P014,2,144.9,0.0
A01384,P075,1,115.9,0.0
A01384,P093,1,36.9,0.0
A01385,P015,1,149.9,0.0
A01385,P037,1,68.9,0.0
A01385,P052,1,124.9,0.0
A01385,P089,2,59.9,0.0
A01385,P107,1,203.9,0.0
A01385,P110,1,225.9,0.0
A01386,P001,1,40.9,0.0
A01386,P076,1,203.9,0.0
A01387,P023,1,174.9,34.98
A01387,P120,3,195.9,117.54
A01388,P035,1,174.9,0.0
A01388,P037,2,68.9,0.0
A01388,P049,1,175.9,0.0
A01388,P063,1,286.9,0.0
A01389,P003,1,198.9,39.78
A01389,P012,1,77.9,29.6
A01389,P022,1,79.9,30.36
A01389,P043,1,51.9,10.38
A01390,P024,2,228.9,0.0
A01390,P029,1,173.9,0.0
A01391,P028,2,241.9,135.46
A01392,P093,1,36.9,7.38
A01392,P107,1,203.9,40.78
A01393,P013,2,99.9,0.0
A01393,P029,1,173.9,0.0
A01393,P054,1,207.9,0.0
A01393,P096,2,102.9,0.0
A01393,P118,1,192.9,0.0
A01394,P041,1,118.9,0.0
A01395,P079,1,230.9,0.0
A01396,P013,1,99.9,17.98
A01396,P071,1,46.9,0.0
A01396,P099,2,54.9,0.0
A01397,P048,1,100.9,0.0
A01397,P073,1,266.9,0.0
A01397,P112,1,141.9,0.0
A01398,P024,1,228.9,22.89
A01398,P046,1,41.9,4.19
A01399,P079,1,230.9,23.09
A01400,P025,3,104.9,56.65
A01400,P055,3,135.9,0.0
A01400,P067,1,68.9,0.0
A01400,P101,1,222.9,0.0
A01401,P009,1,248.9,44.8
A01401,P028,2,241.9,0.0
A01401,P043,1,51.9,0.0
A01402,P013,1,99.9,17.98
A01402,P029,1,173.9,31.3
A01403,P028,1,241.9,43.54
A01403,P032,2,176.9,0.0
A01403,P059,1,278.9,0.0
A01403,P083,1,116.9,0.0
A01403,P113,1,244.9,0.0
A01404,P042,2,121.9,0.0
A01404,P050,1,97.9,0.0
A01405,P056,1,179.9,0.0
A01405,P078,2,190.9,0.0
A01406,P011,1,72.9,0.0
A01406,P058,2,271.9,0.0
A01407,P039,1,184.9,36.98
A01407,P049,1,175.9,35.18
A01407,P066,2,238.9,95.56
A01408,P091,2,57.9,0.0
A01408,P092,1,39.9,0.0
A01409,P044,1,99.9,19.98
A01410,P082,1,108.9,0.0
A01411,P070,1,132.9,0.0
A01412,P006,1,208.9,0.0
A01412,P013,1,99.9,0.0
A01412,P028,1,241.9,43.54
A01413,P028,1,241.9,43.54
A01413,P071,1,46.9,0.0
A01414,P021,1,81.9,0.0
A01414,P031,1,93.9,0.0
A01415,P014,1,144.9,0.0
A01415,P096,1,102.9,0.0
A01416,P026,1,193.9,73.68
A01416,P039,2,184.9,73.96
A01416,P094,1,84.9,16.98
A01417,P049,1,175.9,35.18
A01418,P017,1,116.9,21.04
A01419,P010,1,163.9,29.5
A01419,P012,3,77.9,0.0
A01419,P022,2,79.9,28.76
A01419,P031,4,93.9,0.0
A01419,P053,2,86.9,0.0
A01419,P120,2,195.9,0.0
A01420,P017,1,116.9,21.04
A01420,P021,2,81.9,29.48
A01420,P054,1,207.9,0.0
A01420,P059,2,278.9,0.0
A01420,P070,2,132.9,0.0
A01420,P071,1,46.9,0.0
A01420,P081,1,18.9,0.0
A01420,P087,1,78.9,0.0
A01421,P059,1,278.9,0.0
A01421,P088,1,76.9,0.0
A01422,P015,1,149.9,26.98
A01422,P022,1,79.9,14.38
A01422,P025,1,104.9,18.88
A01422,P119,1,70.9,0.0
A01423,P006,1,208.9,0.0
A01424,P103,1,266.9,0.0
A01424,P107,1,203.9,0.0
A01424,P113,1,244.9,0.0
A01425,P049,1,175.9,0.0
A01425,P075,2,115.9,0.0
A01425,P078,1,190.9,0.0
A01426,P104,2,307.9,0.0
A01427,P073,2,266.9,53.38
A01427,P075,2,115.9,23.18
A01427,P106,3,87.9,26.37
A01428,P073,3,266.9,0.0
A01428,P090,1,64.9,0.0
A01429,P031,1,93.9,9.39
A01430,P098,1,87.9,0.0
A01431,P052,2,124.9,0.0
A01431,P058,1,271.9,0.0
A01431,P061,1,233.9,0.0
A01431,P090,1,64.9,0.0
A01431,P094,2,84.9,0.0
A01431,P098,1,87.9,0.0
A01432,P013,1,99.9,0.0
A01432,P063,1,286.9,0.0
A01432,P064,1,140.9,0.0
A01433,P022,1,79.9,30.36
A01433,P071,1,46.9,9.38
A01434,P008,2,105.9,0.0
A01434,P011,1,72.9,0.0
A01434,P024,3,228.9,123.61
A01434,P104,1,307.9,0.0
A01435,P090,1,64.9,0.0
A01436,P022,1,79.9,7.99
A01436,P033,1,51.9,5.19
A01436,P084,2,18.9,3.78
A01437,P095,1,89.9,0.0
A01438,P009,1,248.9,44.8
A01438,P109,1,221.9,0.0
A01439,P046,2,41.9,0.0
A01439,P081,3,18.9,0.0
A01439,P104,1,307.9,0.0
A01440,P030,1,166.9,46.73
A01440,P036,1,68.9,6.89
A01441,P063,1,286.9,0.0
A01442,P028,2,241.9,0.0
A01442,P033,1,51.9,0.0
A01442,P036,1,68.9,0.0
A01442,P041,2,118.9,0.0
A01442,P059,1,278.9,0.0
A01442,P072,2,50.9,0.0
A01442,P077,4,284.9,0.0
A01442,P082,1,108.9,0.0
A01442,P097,3,27.9,0.0
A01442,P099,1,54.9,0.0
A01443,P021,1,81.9,22.93
A01444,P031,3,93.9,0.0
A01444,P050,2,97.9,0.0
A01444,P067,2,68.9,0.0
A01444,P116,3,234.9,0.0
A01445,P012,1,77.9,14.02
A01445,P017,1,116.9,0.0
A01446,P005,1,100.9,18.16
A01446,P015,1,149.9,26.98
A01446,P048,1,100.9,0.0
A01447,P054,1,207.9,0.0
A01447,P059,1,278.9,0.0
A01448,P005,1,100.9,0.0
A01448,P010,1,163.9,29.5
A01448,P098,1,87.9,0.0
A01449,P056,1,179.9,0.0
A01450,P019,2,157.9,56.84
A01451,P037,2,68.9,0.0
A01452,P035,2,174.9,69.96
A01453,P012,1,77.9,0.0
A01453,P085,1,33.9,0.0
A01454,P074,1,281.9,0.0
A01455,P101,1,222.9,0.0
A01455,P105,1,88.9,0.0
A01456,P018,2,119.9,43.16
A01456,P022,1,79.9,0.0
A01456,P072,2,50.9,0.0
A01456,P073,2,266.9,0.0
A01456,P099,1,54.9,0.0
A01457,P009,2,248.9,89.6
A01457,P031,2,93.9,0.0
A01457,P044,1,99.9,0.0
A01457,P058,1,271.9,0.0
A01457,P059,2,278.9,0.0
A01457,P062,1,72.9,0.0
A01457,P074,1,281.9,0.0
A01457,P115,1,295.9,0.0
A01457,P119,2,70.9,0.0
A01458,P007,1,153.9,27.7
A01458,P051,1,126.9,0.0
A01458,P068,1,166.9,0.0
A01458,P079,1,230.9,0.0
A01459,P007,1,153.9,15.39
A01459,P085,2,33.9,6.78
A01460,P050,2,97.9,0.0
A01460,P098,1,87.9,0.0
A01460,P112,2,141.9,0.0
A01461,P038,1,55.9,11.18
A01461,P071,1,46.9,9.38
A01462,P018,1,119.9,45.56
A01462,P108,1,79.9,15.98
A01462,P116,1,234.9,46.98
A01463,P040,1,180.9,0.0
A01463,P051,1,126.9,0.0
A01464,P027,1,187.9,0.0
A01464,P039,1,184.9,0.0
A01465,P002,2,111.9,40.28
A01465,P026,1,193.9,34.9
A01466,P025,2,104.9,0.0
A01466,P093,3,36.9,0.0
A01467,P067,1,68.9,0.0
A01468,P095,1,89.9,0.0
A01468,P113,1,244.9,0.0
A01469,P041,2,118.9,0.0
A01470,P009,2,248.9,89.6
A01470,P036,1,68.9,0.0
A01470,P080,1,149.9,0.0
A01470,P095,2,89.9,0.0
A01470,P107,1,203.9,0.0
A01471,P001,1,40.9,0.0
A01471,P092,2,39.9,0.0
A01471,P102,1,299.9,0.0
A01472,P012,1,77.9,21.81
A01472,P032,1,176.9,17.69
A01472,P049,1,175.9,17.59
A01472,P055,1,135.9,13.59
A01473,P019,1,157.9,0.0
A01473,P027,1,187.9,33.82
A01473,P085,1,33.9,0.0
A01474,P006,1,208.9,37.6
A01474,P039,2,184.9,0.0
A01475,P023,1,174.9,0.0
A01475,P095,1,89.9,0.0
A01476,P005,1,100.9,18.16
A01476,P050,3,97.9,0.0
A01476,P100,2,110.9,0.0
A01476,P112,1,141.9,0.0
A01477,P026,1,193.9,0.0
A01477,P038,1,55.9,0.0
A01477,P081,1,18.9,0.0
A01477,P102,1,299.9,0.0
A01478,P023,1,174.9,0.0
A01478,P058,2,271.9,0.0
A01479,P001,1,40.9,15.54
A01479,P117,1,281.9,56.38
A01480,P017,1,116.9,0.0
A01480,P019,1,157.9,0.0
A01481,P004,3,123.9,66.91
A01481,P013,1,99.9,17.98
A01481,P017,1,116.9,0.0
A01481,P063,1,286.9,0.0
A01481,P075,1,115.9,0.0
A01482,P003,1,198.9,35.8
A01482,P023,1,174.9,31.48
A01482,P089,1,59.9,0.0
A01483,P009,2,248.9,89.6
A01483,P092,1,39.9,0.0
A01484,P011,2,72.9,0.0
A01484,P055,1,135.9,0.0
A01485,P014,1,144.9,26.08
A01485,P037,1,68.9,0.0
A01485,P041,1,118.9,0.0
A01485,P046,1,41.9,0.0
A01486,P011,1,72.9,27.7
A01486,P012,1,77.9,29.6
A01486,P021,1,81.9,16.38
A01486,P034,1,162.9,32.58
A01486,P103,1,266.9,53.38
A01487,P008,1,105.9,19.06
A01487,P071,1,46.9,0.0
A01488,P091,1,57.9,0.0
A01489,P075,1,115.9,23.18
A01489,P086,2,99.9,39.96
A01489,P103,1,266.9,53.38
A01490,P113,1,244.9,0.0
A01491,P019,1,157.9,28.42
A01491,P096,1,102.9,0.0
A01491,P100,2,110.9,0.0
A01492,P006,1,208.9,20.89
A01492,P045,2,83.9,16.78
A01492,P048,2,100.9,20.18
A01492,P079,2,230.9,46.18
A01492,P098,1,87.9,8.79
A01492,P102,1,299.9,29.99
A01493,P010,1,163.9,0.0
A01493,P039,2,184.9,0.0
A01493,P113,1,244.9,0.0
A01494,P093,1,36.9,0.0
A01494,P100,1,110.9,0.0
A01495,P011,3,72.9,0.0
A01495,P119,2,70.9,0.0
A01496,P009,1,248.9,44.8
A01496,P014,2,144.9,52.16
A01496,P101,2,222.9,0.0
A01496,P104,1,307.9,0.0
A01496,P113,1,244.9,0.0
A01497,P087,1,78.9,0.0
A01497,P092,1,39.9,0.0
A01498,P092,1,39.9,0.0
A01498,P094,1,84.9,0.0
A01499,P032,1,176.9,0.0
A01499,P079,1,230.9,0.0
A01499,P111,1,169.9,0.0
A01500,P081,1,18.9,3.78
A01501,P022,1,79.9,0.0
A01501,P063,2,286.9,0.0
A01502,P003,1,198.9,0.0
A01502,P069,1,266.9,0.0
A01502,P098,1,87.9,0.0
A01503,P099,1,54.9,5.49
A01504,P006,1,208.9,0.0
A01504,P104,3,307.9,0.0
A01504,P117,2,281.9,0.0
A01505,P047,1,153.9,0.0
A01505,P071,1,46.9,0.0
A01506,P026,1,193.9,0.0
A01506,P028,2,241.9,87.08
A01506,P105,1,88.9,0.0
A01507,P089,1,59.9,0.0
A01508,P020,1,196.9,35.44
A01508,P097,1,27.9,0.0
A01508,P104,2,307.9,0.0
A01508,P106,2,87.9,0.0
A01509,P070,1,132.9,26.58
A01510,P001,1,40.9,7.36
A01510,P076,1,203.9,0.0
A01511,P082,3,108.9,0.0
A01511,P097,1,27.9,0.0
A01511,P100,1,110.9,0.0
A01512,P008,1,105.9,19.06
A01512,P038,1,55.9,0.0
A01512,P082,1,108.9,0.0
A01512,P117,1,281.9,0.0
A01513,P055,1,135.9,13.59
A01513,P082,1,108.9,10.89
A01513,P099,1,54.9,5.49
A01514,P002,2,111.9,0.0
A01514,P028,1,241.9,43.54
A01515,P034,1,162.9,0.0
A01515,P066,2,238.9,0.0
A01515,P083,1,116.9,0.0
A01516,P008,1,105.9,0.0
A01516,P108,1,79.9,0.0
A01517,P010,1,163.9,29.5
A01517,P055,1,135.9,0.0
A01517,P092,2,39.9,0.0
A01518,P002,1,111.9,20.14
A01519,P022,1,79.9,22.37
A01520,P075,1,115.9,0.0
A01521,P012,2,77.9,59.2
A01521,P106,1,87.9,17.58
A01522,P065,1,48.9,0.0
A01523,P012,2,77.9,28.04
A01523,P013,1,99.9,0.0
A01524,P001,1,40.9,4.09
A01524,P004,1,123.9,34.69
A01524,P008,1,105.9,10.59
A01524,P023,1,174.9,48.97
A01524,P048,3,100.9,30.27
A01524,P065,1,48.9,4.89
A01524,P076,4,203.9,81.56
A01524,P109,2,221.9,44.38
A01525,P015,1,149.9,0.0
A01525,P035,1,174.9,0.0
A01525,P086,1,99.9,0.0
A01525,P117,1,281.9,0.0
A01526,P009,2,248.9,89.6
A01527,P073,2,266.9,0.0
A01527,P100,1,110.9,0.0
A01528,P063,1,286.9,0.0
A01528,P082,1,108.9,0.0
A01529,P081,2,18.9,0.0
A01529,P091,1,57.9,0.0
A01530,P011,1,72.9,0.0
A01531,P051,1,126.9,0.0
A01531,P116,2,234.9,0.0
A01532,P014,1,144.9,40.57
A01532,P023,1,174.9,48.97
A01532,P041,1,118.9,11.89
A01533,P053,1,86.9,0.0
A01534,P034,1,162.9,0.0
A01534,P080,1,149.9,0.0
A01534,P084,1,18.9,0.0
A01534,P088,2,76.9,0.0
A01535,P029,1,173.9,31.3
A01535,P111,3,169.9,0.0
A01536,P020,1,196.9,35.44
A01536,P023,1,174.9,31.48
A01536,P046,1,41.9,0.0
A01537,P029,1,173.9,31.3
A01537,P050,1,97.9,0.0
A01538,P017,1,116.9,21.04
A01538,P070,1,132.9,0.0
A01539,P019,1,157.9,28.42
A01539,P060,2,297.9,0.0
A01539,P112,1,141.9,0.0
A01540,P059,2,278.9,0.0
A01540,P094,1,84.9,0.0
A01541,P011,1,72.9,0.0
A01541,P029,3,173.9,93.91
A01542,P109,1,221.9,0.0
A01542,P113,1,244.9,0.0
A01543,P004,1,123.9,12.39
A01543,P012,1,77.9,21.81
A01543,P019,1,157.9,44.21
A01543,P031,1,93.9,9.39
A01543,P110,1,225.9,22.59
A01544,P084,1,18.9,0.0
A01545,P053,1,86.9,0.0
A01545,P119,1,70.9,0.0
A01546,P033,1,51.9,10.38
A01547,P043,1,51.9,0.0
A01547,P069,1,266.9,0.0
A01548,P015,1,149.9,0.0
A01548,P053,1,86.9,0.0
A01549,P017,1,116.9,21.04
A01549,P018,2,119.9,43.16
A01549,P056,1,179.9,0.0
A01549,P065,1,48.9,0.0
A01550,P023,1,174.9,34.98
A01550,P066,1,238.9,47.78
A01551,P059,1,278.9,0.0
A01551,P083,1,116.9,0.0
A01552,P027,1,187.9,71.4
A01552,P073,2,266.9,106.76
A01552,P083,1,116.9,23.38
A01553,P029,1,173.9,66.08
A01553,P095,1,89.9,17.98
A01554,P097,2,27.9,0.0
A01555,P023,1,174.9,0.0
A01555,P061,1,233.9,0.0
A01556,P021,1,81.9,0.0
A01556,P055,1,135.9,0.0
A01556,P061,1,233.9,0.0
A01557,P010,2,163.9,59.0
A01557,P048,2,100.9,0.0
A01557,P051,1,126.9,0.0
A01557,P084,1,18.9,0.0
A01557,P102,1,299.9,0.0
A01558,P036,1,68.9,0.0
A01558,P076,1,203.9,0.0
A01559,P021,1,81.9,14.74
A01559,P028,1,241.9,0.0
A01560,P048,1,100.9,0.0
A01560,P065,1,48.9,0.0
A01561,P037,1,68.9,0.0
A01561,P076,1,203.9,0.0
A01562,P009,2,248.9,0.0
A01562,P016,1,203.9,36.7
A01562,P110,1,225.9,0.0
A01563,P008,1,105.9,29.65
A01563,P104,1,307.9,30.79
A01564,P082,1,108.9,21.78
A01565,P006,2,208.9,0.0
A01565,P062,1,72.9,0.0
A01566,P008,1,105.9,0.0
A01566,P014,2,144.9,0.0
A01566,P015,2,149.9,53.96
A01566,P021,1,81.9,14.74
A01566,P028,1,241.9,0.0
A01566,P078,2,190.9,0.0
A01566,P079,1,230.9,0.0
A01566,P083,1,116.9,0.0
A01566,P086,1,99.9,0.0
A01566,P099,1,54.9,0.0
A01567,P014,2,144.9,57.96
A01567,P030,1,166.9,63.42
A01567,P107,1,203.9,40.78
A01568,P047,4,153.9,123.12
A01568,P053,1,86.9,17.38
A01568,P067,1,68.9,13.78
A01568,P110,1,225.9,45.18
A01568,P118,1,192.9,38.58
A01569,P028,1,241.9,0.0
A01569,P047,1,153.9,0.0
A01569,P095,1,89.9,0.0
A01570,P007,1,153.9,27.7
A01570,P031,1,93.9,0.0
A01571,P002,2,111.9,85.04
A01571,P090,2,64.9,25.96
A01571,P116,1,234.9,46.98
A01572,P021,1,81.9,0.0
A01572,P088,1,76.9,0.0
A01572,P116,2,234.9,0.0
A01573,P004,1,123.9,34.69
A01573,P008,1,105.9,10.59
A01573,P051,3,126.9,38.07
A01574,P007,1,153.9,0.0
A01574,P012,1,77.9,14.02
A01575,P019,1,157.9,60.0
A01575,P039,1,184.9,36.98
A01576,P068,1,166.9,0.0
A01576,P075,1,115.9,0.0
A01577,P023,3,174.9,0.0
A01577,P116,1,234.9,0.0
A01578,P050,1,97.9,19.58
A01578,P051,2,126.9,50.76
A01578,P081,3,18.9,11.34
A01578,P112,2,141.9,56.76
A01579,P046,1,41.9,0.0
A01580,P093,1,36.9,0.0
A01581,P029,1,173.9,31.3
A01581,P030,1,166.9,0.0
A01581,P117,2,281.9,0.0
A01581,P119,1,70.9,0.0
A01582,P056,3,179.9,0.0
A01582,P078,2,190.9,0.0
A01582,P083,1,116.9,0.0
A01583,P003,1,198.9,35.8
A01583,P079,1,230.9,0.0
A01584,P028,2,241.9,0.0
A01584,P037,2,68.9,0.0
A01584,P039,1,184.9,0.0
A01584,P072,2,50.9,0.0
A01585,P052,1,124.9,0.0
A01585,P067,1,68.9,0.0
A01586,P084,1,18.9,0.0
A01586,P088,1,76.9,0.0
A01587,P004,3,123.9,66.91
A01588,P022,1,79.9,14.38
A01588,P039,2,184.9,0.0
A01588,P111,1,169.9,0.0
A01589,P013,2,99.9,75.92
A01589,P074,1,281.9,56.38
A01589,P096,2,102.9,41.16
A01589,P116,1,234.9,46.98
A01590,P057,1,246.9,0.0
A01591,P004,1,123.9,0.0
A01591,P038,3,55.9,0.0
A01591,P054,2,207.9,0.0
A01591,P065,1,48.9,0.0
A01591,P112,2,141.9,0.0
A01592,P015,2,149.9,53.96
A01592,P064,1,140.9,0.0
A01592,P086,1,99.9,0.0
A01593,P016,1,203.9,0.0
A01594,P078,1,190.9,0.0
A01595,P003,1,198.9,0.0
A01595,P024,2,228.9,0.0
A01595,P031,2,93.9,0.0
A01595,P085,2,33.9,0.0
A01595,P089,2,59.9,0.0
A01596,P023,1,174.9,0.0
A01596,P105,1,88.9,0.0
A01597,P039,1,184.9,18.49
A01598,P078,1,190.9,0.0
A01598,P104,1,307.9,0.0
A01598,P106,1,87.9,0.0
A01599,P072,1,50.9,5.09
A01600,P069,1,266.9,0.0
A01600,P098,1,87.9,0.0
A01601,P114,1,246.9,0.0
A01602,P025,1,104.9,39.86
A01602,P096,1,102.9,20.58
A01603,P006,2,208.9,83.56
A01603,P013,3,99.9,59.94
A01603,P016,3,203.9,232.45
A01603,P025,1,104.9,39.86
A01603,P030,1,166.9,63.42
A01603,P093,1,36.9,7.38
A01603,P094,2,84.9,33.96
A01603,P110,2,225.9,90.36
A01604,P006,1,208.9,0.0
A01604,P007,1,153.9,0.0
A01605,P035,2,174.9,0.0
A01605,P039,1,184.9,0.0
A01605,P074,1,281.9,0.0
A01606,P044,1,99.9,0.0
A01607,P050,1,97.9,0.0
A01607,P076,1,203.9,0.0
A01608,P029,1,173.9,31.3
A01608,P034,1,162.9,0.0
A01608,P044,3,99.9,0.0
A01608,P048,1,100.9,0.0
A01608,P080,2,149.9,0.0
A01609,P002,1,111.9,0.0
A01610,P027,1,187.9,0.0
A01610,P106,1,87.9,0.0
A01611,P054,2,207.9,41.58
A01611,P072,2,50.9,10.18
A01611,P081,1,18.9,1.89
A01611,P096,1,102.9,10.29
A01612,P017,1,116.9,44.42
A01613,P019,1,157.9,28.42
A01613,P105,3,88.9,0.0
A01614,P014,1,144.9,0.0
A01615,P083,1,116.9,0.0
A01615,P092,1,39.9,0.0
A01615,P116,2,234.9,0.0
A01616,P100,1,110.9,0.0
A01617,P011,1,72.9,13.12
A01617,P014,1,144.9,0.0
A01617,P077,2,284.9,0.0
A01618,P002,1,111.9,0.0
A01618,P114,1,246.9,0.0
A01619,P004,2,123.9,0.0
A01619,P006,2,208.9,75.2
A01620,P052,1,124.9,12.49
A01621,P049,1,175.9,0.0
A01622,P024,1,228.9,41.2
A01622,P040,3,180.9,0.0
A01622,P095,3,89.9,0.0
A01622,P097,2,27.9,0.0
A01622,P112,3,141.9,0.0
A01623,P003,3,198.9,0.0
A01623,P030,1,166.9,30.04
A01623,P046,1,41.9,0.0
A01623,P059,2,278.9,0.0
A01623,P062,1,72.9,0.0
A01624,P011,1,72.9,0.0
A01625,P041,2,118.9,0.0
A01625,P061,1,233.9,0.0
A01625,P068,1,166.9,0.0
A01625,P084,1,18.9,0.0
A01626,P013,1,99.9,17.98
A01626,P024,1,228.9,41.2
A01627,P074,1,281.9,56.38
A01628,P004,1,123.9,47.08
A01628,P019,3,157.9,94.74
A01628,P020,3,196.9,118.14
A01628,P022,3,79.9,91.09
A01628,P023,1,174.9,66.46
A01628,P029,2,173.9,132.16
A01628,P046,2,41.9,16.76
A01628,P050,4,97.9,78.32
A01628,P055,3,135.9,81.54
A01628,P056,1,179.9,35.98
A01628,P067,2,68.9,27.56
A01628,P098,2,87.9,35.16
A01628,P107,3,203.9,122.34
A01628,P109,2,221.9,88.76
A01629,P002,1,111.9,42.52
A01629,P024,2,228.9,91.56
A01629,P064,2,140.9,56.36
A01629,P088,1,76.9,15.38
A01629,P089,1,59.9,11.98
A01629,P119,1,70.9,14.18
A01630,P005,1,100.9,18.16
A01630,P012,1,77.9,0.0
A01630,P016,1,203.9,0.0
A01630,P028,1,241.9,0.0
A01630,P119,2,70.9,0.0
A01631,P017,1,116.9,21.04
A01631,P048,1,100.9,0.0
A01631,P060,1,297.9,0.0
A01632,P011,2,72.9,26.24
A01632,P093,2,36.9,0.0
A01633,P044,1,99.9,19.98
A01634,P028,1,241.9,91.92
A01634,P090,1,64.9,12.98
A01634,P094,2,84.9,33.96
A01635,P053,2,86.9,0.0
A01636,P003,1,198.9,0.0
A01636,P060,1,297.9,0.0
A01636,P062,2,72.9,0.0
A01637,P004,1,123.9,34.69
A01637,P035,1,174.9,17.49
A01637,P050,2,97.9,19.58
A01637,P071,1,46.9,4.69
A01638,P027,2,187.9,0.0
A01638,P060,1,297.9,0.0
A01638,P093,1,36.9,0.0
A01639,P033,1,51.9,0.0
A01639,P065,1,48.9,0.0
A01640,P019,1,157.9,0.0
A01640,P052,1,124.9,0.0
A01640,P098,1,87.9,0.0
A01641,P099,1,54.9,0.0
A01642,P033,1,51.9,10.38
A01642,P082,1,108.9,21.78
A01642,P095,1,89.9,17.98
A01643,P104,1,307.9,0.0
A01644,P005,4,100.9,153.37
A01644,P017,1,116.9,44.42
A01644,P018,1,119.9,23.98
A01644,P058,3,271.9,163.14
A01644,P060,3,297.9,178.74
A01645,P028,1,241.9,43.54
A01645,P077,1,284.9,0.0
A01646,P060,1,297.9,29.79
A01646,P120,1,195.9,19.59
A01647,P039,1,184.9,0.0
A01647,P063,1,286.9,0.0
A01648,P011,1,72.9,0.0
A01648,P015,1,149.9,26.98
A01648,P033,1,51.9,0.0
A01649,P008,1,105.9,0.0
A01649,P030,3,166.9,90.13
A01649,P055,2,135.9,0.0
A01650,P057,1,246.9,0.0
A01651,P026,2,193.9,69.8
A01651,P028,1,241.9,0.0
A01651,P033,1,51.9,0.0
A01651,P040,2,180.9,0.0
A01651,P111,1,169.9,0.0
A01652,P014,1,144.9,26.08
A01652,P081,1,18.9,0.0
A01652,P117,1,281.9,0.0
A01653,P057,1,246.9,0.0
A01654,P014,1,144.9,26.08
A01654,P021,1,81.9,0.0
A01654,P067,2,68.9,0.0
A01654,P095,1,89.9,0.0
A01654,P098,1,87.9,0.0
A01655,P048,2,100.9,40.36
A01655,P111,2,169.9,67.96
A01656,P025,4,104.9,117.49
A01656,P095,1,89.9,8.99
A01656,P097,1,27.9,2.79
A01657,P023,2,174.9,62.96
A01657,P024,1,228.9,41.2
A01657,P055,2,135.9,0.0
A01658,P037,2,68.9,0.0
A01658,P098,2,87.9,0.0
A01659,P024,1,228.9,41.2
A01660,P005,1,100.9,18.16
A01660,P007,2,153.9,55.4
A01660,P093,1,36.9,0.0
A01661,P015,1,149.9,41.97
A01661,P017,1,116.9,32.73
A01661,P029,1,173.9,17.39
A01661,P031,1,93.9,9.39
A01662,P011,1,72.9,27.7
A01662,P113,1,244.9,48.98
A01663,P093,1,36.9,0.0
A01664,P032,1,176.9,35.38
A01665,P033,1,51.9,5.19
A01666,P109,1,221.9,44.38
A01667,P061,2,233.9,93.56
A01667,P103,2,266.9,106.76
A01667,P110,2,225.9,90.36
A01668,P003,1,198.9,35.8
A01668,P045,1,83.9,0.0
A01668,P073,1,266.9,0.0
A01668,P102,1,299.9,0.0
A01669,P076,1,203.9,0.0
A01670,P013,2,99.9,0.0
A01670,P054,1,207.9,0.0
A01671,P001,1,40.9,7.36
A01671,P004,2,123.9,44.6
A01671,P042,2,121.9,0.0
A01671,P115,1,295.9,0.0
A01672,P104,1,307.9,0.0
A01673,P025,1,104.9,29.37
A01673,P030,2,166.9,93.46
A01674,P055,1,135.9,0.0
A01675,P015,2,149.9,53.96
A01675,P068,2,166.9,0.0
A01676,P044,1,99.9,0.0
A01677,P040,2,180.9,0.0
A01677,P104,3,307.9,0.0
A01678,P026,1,193.9,0.0
A01678,P097,1,27.9,0.0
A01678,P111,1,169.9,0.0
A01678,P118,1,192.9,0.0
A01679,P048,1,100.9,0.0
A01680,P031,1,93.9,0.0
A01680,P057,3,246.9,0.0
A01680,P088,2,76.9,0.0
A01680,P091,1,57.9,0.0
A01680,P101,2,222.9,0.0
A01681,P018,1,119.9,21.58
A01681,P104,1,307.9,0.0
A01682,P050,1,97.9,0.0
A01682,P052,1,124.9,0.0
A01682,P073,1,266.9,0.0
A01682,P104,1,307.9,0.0
A01683,P009,1,248.9,44.8
A01683,P014,1,144.9,0.0
A01683,P029,1,173.9,0.0
A01683,P113,1,244.9,0.0
A01684,P031,1,93.9,9.39
A01684,P070,2,132.9,26.58
A01685,P051,1,126.9,0.0
A01685,P090,1,64.9,0.0
A01686,P005,1,100.9,0.0
A01686,P009,2,248.9,89.6
A01686,P042,1,121.9,0.0
A01686,P051,2,126.9,0.0
A01687,P039,1,184.9,0.0
A01687,P043,1,51.9,0.0
A01688,P025,1,104.9,18.88
A01688,P086,1,99.9,0.0
A01689,P103,1,266.9,0.0
A01689,P118,1,192.9,0.0
A01690,P020,1,196.9,0.0
A01690,P047,1,153.9,0.0
A01690,P112,1,141.9,0.0
A01691,P040,1,180.9,18.09
A01692,P025,1,104.9,39.86
A01692,P047,2,153.9,61.56
A01692,P063,1,286.9,57.38
A01693,P089,1,59.9,11.98
A01693,P090,1,64.9,12.98
A01693,P118,1,192.9,38.58
A01694,P091,1,57.9,0.0
A01695,P015,1,149.9,26.98
A01696,P056,2,179.9,71.96
A01696,P106,1,87.9,17.58
A01696,P119,2,70.9,28.36
A01697,P003,1,198.9,39.78
A01698,P019,1,157.9,0.0
A01699,P089,1,59.9,0.0
A01699,P107,1,203.9,0.0
A01700,P024,1,228.9,0.0
A01700,P075,1,115.9,0.0
A01700,P084,1,18.9,0.0
A01700,P087,2,78.9,0.0
A01700,P110,3,225.9,0.0
A01701,P021,2,81.9,0.0
A01701,P073,1,266.9,0.0
A01702,P005,1,100.9,28.25
A01702,P010,1,163.9,45.89
A01703,P007,1,153.9,58.48
A01704,P026,1,193.9,19.39
A01704,P039,1,184.9,18.49
A01704,P091,2,57.9,11.58
A01705,P052,1,124.9,0.0
A01706,P020,1,196.9,35.44
A01706,P033,2,51.9,0.0
A01706,P077,1,284.9,0.0
A01706,P103,1,266.9,0.0
A01707,P038,2,55.9,0.0
A01707,P047,1,153.9,0.0
A01707,P052,2,124.9,0.0
A01708,P033,2,51.9,0.0
A01709,P053,1,86.9,17.38
A01709,P092,2,39.9,15.96
A01710,P014,1,144.9,0.0
A01710,P065,1,48.9,0.0
A01710,P095,1,89.9,0.0
A01710,P104,2,307.9,0.0
A01711,P048,1,100.9,0.0
A01711,P101,3,222.9,0.0
A01712,P004,1,123.9,0.0
A01712,P030,1,166.9,30.04
A01712,P045,1,83.9,0.0
A01712,P086,1,99.9,0.0
A01713,P016,2,203.9,73.4
A01713,P027,2,187.9,0.0
A01714,P012,1,77.9,0.0
A01714,P043,1,51.9,0.0
A01715,P076,1,203.9,0.0
A01715,P097,1,27.9,0.0
A01716,P009,1,248.9,94.58
A01716,P050,1,97.9,19.58
A01716,P091,2,57.9,23.16
A01717,P010,1,163.9,0.0
A01718,P023,3,174.9,94.45
A01718,P043,4,51.9,0.0
A01718,P045,1,83.9,0.0
A01718,P114,1,246.9,0.0
A01719,P038,1,55.9,0.0
A01719,P066,2,238.9,0.0
A01719,P081,2,18.9,0.0
A01719,P106,2,87.9,0.0
A01720,P048,1,100.9,0.0
A01720,P055,1,135.9,0.0
A01721,P006,1,208.9,0.0
A01722,P025,1,104.9,29.37
A01722,P026,2,193.9,108.58
A01722,P035,1,174.9,17.49
A01722,P076,1,203.9,20.39
A01722,P109,1,221.9,22.19
A01723,P006,2,208.9,83.56
A01723,P022,3,79.9,47.94
A01724,P088,1,76.9,0.0
A01725,P049,1,175.9,35.18
A01726,P009,2,248.9,0.0
A01726,P030,3,166.9,90.13
A01726,P053,1,86.9,0.0
A01726,P113,2,244.9,0.0
A01727,P082,1,108.9,0.0
A01728,P024,4,228.9,183.12
A01728,P040,2,180.9,72.36
A01728,P047,1,153.9,30.78
A01728,P098,1,87.9,17.58
A01729,P003,1,198.9,0.0
A01729,P025,2,104.9,37.76
A01729,P027,2,187.9,67.64
A01729,P033,3,51.9,0.0
A01729,P035,1,174.9,0.0
A01730,P066,1,238.9,0.0
A01731,P028,1,241.9,91.92
A01731,P060,1,297.9,59.58
A01732,P017,2,116.9,42.08
A01732,P023,1,174.9,0.0
A01732,P047,1,153.9,0.0
A01732,P108,1,79.9,0.0
A01732,P119,1,70.9,0.0
A01733,P022,2,79.9,31.96
A01733,P110,1,225.9,45.18
A01734,P024,1,228.9,0.0
A01734,P025,3,104.9,0.0
A01734,P063,1,286.9,0.0
A01734,P086,1,99.9,0.0
A01734,P091,2,57.9,0.0
A01734,P115,2,295.9,0.0
A01735,P001,2,40.9,31.08
A01735,P019,1,157.9,31.58
A01736,P003,1,198.9,35.8
A01737,P046,1,41.9,0.0
A01738,P052,2,124.9,0.0
A01738,P079,1,230.9,0.0
A01738,P092,2,39.9,0.0
A01739,P007,5,153.9,138.51
A01739,P032,2,176.9,0.0
A01739,P046,1,41.9,0.0
A01739,P086,1,99.9,0.0
A01739,P108,2,79.9,0.0
A01739,P114,2,246.9,0.0
A01740,P021,1,81.9,14.74
A01740,P062,1,72.9,0.0
A01741,P018,2,119.9,23.98
A01741,P111,1,169.9,16.99
A01742,P001,1,40.9,0.0
A01742,P021,1,81.9,0.0
A01742,P062,1,72.9,0.0
A01743,P056,1,179.9,0.0
A01743,P086,1,99.9,0.0
A01744,P034,1,162.9,16.29
A01744,P081,1,18.9,1.89
A01744,P116,1,234.9,23.49
A01745,P023,1,174.9,31.48
A01745,P036,1,68.9,0.0
A01745,P088,2,76.9,0.0
A01746,P014,1,144.9,0.0
A01746,P029,1,173.9,31.3
A01747,P014,1,144.9,28.98
A01747,P024,2,228.9,91.56
A01747,P027,1,187.9,71.4
A01747,P032,1,176.9,35.38
A01748,P033,1,51.9,5.19
A01748,P073,2,266.9,53.38
A01749,P002,2,111.9,85.04
A01749,P025,2,104.9,79.72
A01749,P066,1,238.9,47.78
A01750,P030,1,166.9,0.0
A01750,P035,2,174.9,0.0
A01750,P049,2,175.9,0.0
A01750,P051,1,126.9,0.0
A01750,P117,1,281.9,0.0
A01751,P086,1,99.9,19.98
A01751,P087,1,78.9,15.78
A01752,P012,2,77.9,43.62
A01752,P033,1,51.9,5.19
A01752,P073,1,266.9,26.69
A01753,P018,2,119.9,43.16
A01753,P077,1,284.9,0.0
A01754,P007,1,153.9,27.7
A01754,P051,1,126.9,0.0
A01755,P003,1,198.9,35.8
A01755,P038,1,55.9,0.0
A01755,P117,2,281.9,0.0
A01756,P004,1,123.9,22.3
A01756,P094,2,84.9,0.0
A01757,P003,1,198.9,19.89
A01757,P039,1,184.9,18.49
A01757,P112,1,141.9,14.19
A01758,P025,1,104.9,20.98
A01758,P107,2,203.9,81.56
A01759,P062,1,72.9,0.0
A01759,P064,1,140.9,0.0
A01759,P117,1,281.9,0.0
A01759,P119,1,70.9,0.0
A01760,P027,1,187.9,33.82
A01760,P031,2,93.9,0.0
A01761,P038,1,55.9,0.0
A01762,P067,1,68.9,13.78
A01763,P021,1,81.9,0.0
A01763,P095,1,89.9,0.0
A01763,P108,1,79.9,0.0
A01764,P026,1,193.9,34.9
A01764,P073,1,266.9,0.0
A01765,P007,1,153.9,0.0
A01765,P024,2,228.9,82.4
A01765,P063,1,286.9,0.0
A01765,P090,1,64.9,0.0
A01766,P057,1,246.9,24.69
A01767,P108,1,79.9,7.99
A01768,P041,2,118.9,47.56
A01768,P090,1,64.9,12.98
A01768,P114,4,246.9,197.52
A01769,P024,1,228.9,41.2
A01769,P046,1,41.9,0.0
A01769,P078,2,190.9,0.0
A01769,P090,1,64.9,0.0
A01769,P093,1,36.9,0.0
A01769,P098,1,87.9,0.0
A01769,P119,1,70.9,0.0
A01770,P027,1,187.9,37.58
A01770,P054,1,207.9,41.58
A01770,P079,2,230.9,92.36
A01771,P045,1,83.9,16.78
A01772,P003,1,198.9,35.8
A01772,P082,1,108.9,0.0
A01772,P120,2,195.9,0.0
A01773,P024,1,228.9,0.0
A01773,P092,1,39.9,0.0
A01774,P104,2,307.9,61.58
A01774,P117,1,281.9,28.19
A01775,P005,1,100.9,0.0
A01775,P057,1,246.9,0.0
A01776,P002,2,111.9,85.04
A01776,P007,1,153.9,58.48
A01776,P012,1,77.9,15.58
A01776,P066,1,238.9,47.78
A01776,P097,1,27.9,5.58
A01777,P058,1,271.9,0.0
A01777,P088,1,76.9,0.0
A01778,P025,1,104.9,18.88
A01778,P108,1,79.9,0.0
A01779,P109,2,221.9,0.0
A01780,P072,1,50.9,0.0
A01781,P073,1,266.9,26.69
A01782,P055,1,135.9,0.0
A01783,P027,1,187.9,33.82
A01784,P042,2,121.9,0.0
A01784,P089,1,59.9,0.0
A01785,P003,1,198.9,35.8
A01785,P022,1,79.9,0.0
A01786,P016,4,203.9,0.0
A01786,P053,1,86.9,0.0
A01786,P085,1,33.9,0.0
A01787,P051,1,126.9,0.0
A01787,P053,1,86.9,0.0
A01787,P071,1,46.9,0.0
A01788,P072,1,50.9,5.09
A01789,P010,1,163.9,32.78
A01789,P018,1,119.9,45.56
A01789,P027,2,187.9,75.16
A01789,P032,1,176.9,35.38
A01789,P041,2,118.9,47.56
A01789,P046,3,41.9,25.14
A01789,P081,1,18.9,3.78
A01789,P083,1,116.9,23.38
A01789,P092,1,39.9,7.98
A01790,P012,1,77.9,0.0
A01790,P030,2,166.9,0.0
A01790,P054,3,207.9,0.0
A01791,P004,1,123.9,22.3
A01791,P024,1,228.9,0.0
A01791,P025,2,104.9,0.0
A01791,P047,1,153.9,0.0
A01792,P001,2,40.9,22.9
A01792,P006,1,208.9,58.49
A01792,P022,2,79.9,44.74
A01792,P028,1,241.9,24.19
A01793,P019,1,157.9,0.0
A01794,P053,1,86.9,8.69
A01794,P064,1,140.9,14.09
A01794,P066,1,238.9,23.89
A01794,P101,1,222.9,22.29
A01795,P036,1,68.9,0.0
A01796,P038,3,55.9,0.0
A01796,P093,2,36.9,0.0
A01796,P099,2,54.9,0.0
A01797,P060,1,297.9,0.0
A01797,P097,1,27.9,0.0
A01798,P013,1,99.9,17.98
A01798,P091,1,57.9,0.0
A01799,P002,2,111.9,40.28
A01799,P046,2,41.9,0.0
A01799,P057,1,246.9,0.0
A01799,P059,4,278.9,0.0
A01799,P080,1,149.9,0.0
A01799,P085,3,33.9,0.0
A01799,P096,2,102.9,0.0
A01799,P097,2,27.9,0.0
A01800,P047,1,153.9,0.0
A01800,P093,2,36.9,0.0
A01801,P006,1,208.9,37.6
A01801,P011,1,72.9,0.0
A01801,P033,1,51.9,0.0
A01802,P002,1,111.9,31.33
A01802,P030,1,166.9,16.69
A01803,P022,2,79.9,0.0
A01803,P083,2,116.9,0.0
A01803,P099,1,54.9,0.0
A01804,P032,1,176.9,17.69
A01804,P105,1,88.9,8.89
A01805,P015,2,149.9,29.98
A01805,P016,4,203.9,228.37
A01805,P043,3,51.9,15.57
A01805,P084,3,18.9,5.67
A01805,P086,3,99.9,29.97
A01805,P090,3,64.9,19.47
A01805,P092,2,39.9,7.98
A01805,P095,3,89.9,26.97
A01805,P098,1,87.9,8.79
A01805,P107,1,203.9,20.39
A01806,P003,1,198.9,75.58
A01806,P004,1,123.9,24.78
A01806,P047,2,153.9,61.56
A01806,P064,2,140.9,56.36
A01807,P041,1,118.9,23.78
A01808,P066,2,238.9,47.78
A01809,P025,3,104.9,0.0
A01809,P036,1,68.9,0.0
A01809,P043,2,51.9,0.0
A01810,P039,1,184.9,0.0
A01810,P045,1,83.9,0.0
A01811,P016,1,203.9,36.7
A01811,P037,4,68.9,0.0
A01811,P064,2,140.9,0.0
A01812,P003,1,198.9,0.0
A01812,P082,1,108.9,0.0
A01812,P116,1,234.9,0.0
A01813,P046,1,41.9,0.0
A01813,P082,1,108.9,0.0
A01814,P018,1,119.9,45.56
A01814,P077,1,284.9,56.98
A01815,P025,1,104.9,0.0
A01815,P037,1,68.9,0.0
A01816,P030,1,166.9,0.0
A01816,P109,1,221.9,0.0
A01817,P023,1,174.9,48.97
A01817,P032,2,176.9,35.38
A01818,P027,1,187.9,0.0
A01818,P041,1,118.9,0.0
A01818,P088,2,76.9,0.0
A01819,P011,1,72.9,27.7
A01819,P023,1,174.9,66.46
A01819,P054,3,207.9,124.74
A01820,P093,2,36.9,14.76
A01820,P104,1,307.9,61.58
A01821,P075,2,115.9,0.0
A01822,P044,1,99.9,0.0
A01823,P029,1,173.9,34.78
A01824,P026,1,193.9,34.9
A01824,P096,2,102.9,0.0
A01825,P120,1,195.9,0.0
A01826,P010,1,163.9,29.5
A01827,P006,1,208.9,37.6
A01827,P066,1,238.9,0.0
A01828,P051,1,126.9,25.38
A01828,P101,1,222.9,44.58
A01829,P039,1,184.9,0.0
A01829,P056,1,179.9,0.0
A01829,P075,1,115.9,0.0
A01829,P078,1,190.9,0.0
A01829,P110,1,225.9,0.0
A01830,P043,1,51.9,0.0
A01831,P028,1,241.9,0.0
A01831,P073,1,266.9,0.0
A01831,P096,2,102.9,0.0
A01832,P021,1,81.9,0.0
A01832,P037,1,68.9,0.0
A01832,P042,1,121.9,0.0
A01832,P103,1,266.9,0.0
A01832,P112,1,141.9,0.0
A01832,P117,1,281.9,0.0
A01833,P032,1,176.9,17.69
A01833,P043,1,51.9,5.19
A01834,P024,1,228.9,41.2
A01834,P059,2,278.9,0.0
A01835,P101,1,222.9,0.0
A01836,P019,1,157.9,0.0
A01837,P062,2,72.9,0.0
A01838,P012,2,77.9,28.04
A01838,P018,1,119.9,21.58
A01838,P020,2,196.9,70.88
A01838,P094,3,84.9,0.0
A01839,P025,1,104.9,0.0
A01839,P027,1,187.9,0.0
A01839,P047,1,153.9,0.0
A01839,P063,1,286.9,0.0
A01840,P052,1,124.9,0.0
A01840,P063,1,286.9,0.0
A01840,P068,2,166.9,0.0
A01841,P028,1,241.9,43.54
A01841,P041,1,118.9,0.0
A01841,P081,1,18.9,0.0
A01842,P021,1,81.9,14.74
A01842,P111,1,169.9,0.0
A01843,P010,1,163.9,0.0
A01843,P018,1,119.9,0.0
A01843,P055,2,135.9,0.0
A01843,P064,1,140.9,0.0
A01843,P079,1,230.9,0.0
A01844,P014,2,144.9,0.0
A01845,P094,1,84.9,0.0
A01846,P096,3,102.9,0.0
A01847,P067,1,68.9,0.0
A01847,P083,1,116.9,0.0
A01848,P004,1,123.9,47.08
A01848,P083,1,116.9,23.38
A01849,P113,1,244.9,24.49
A01850,P007,3,153.9,83.11
A01850,P020,2,196.9,70.88
A01850,P055,2,135.9,0.0
A01850,P063,6,286.9,0.0
A01850,P067,1,68.9,0.0
A01850,P072,1,50.9,0.0
A01850,P082,1,108.9,0.0
A01851,P008,2,105.9,0.0
A01851,P014,1,144.9,26.08
A01851,P035,1,174.9,0.0
A01851,P041,1,118.9,0.0
A01851,P046,3,41.9,0.0
A01851,P101,1,222.9,0.0
A01851,P108,2,79.9,0.0
A01852,P074,1,281.9,0.0
A01852,P079,1,230.9,0.0
A01852,P082,1,108.9,0.0
A01852,P116,2,234.9,0.0
A01853,P004,1,123.9,0.0
A01853,P070,1,132.9,0.0
A01854,P047,1,153.9,15.39
A01854,P050,2,97.9,19.58
A01854,P063,1,286.9,28.69
A01854,P088,1,76.9,7.69
A01855,P021,2,81.9,16.38
A01855,P025,1,104.9,10.49
A01855,P087,1,78.9,7.89
A01856,P096,1,102.9,20.58
A01857,P008,1,105.9,19.06
A01857,P096,1,102.9,0.0
A01858,P032,2,176.9,0.0
A01858,P034,1,162.9,0.0
A01858,P059,2,278.9,0.0
A01858,P062,3,72.9,0.0
A01859,P119,1,70.9,0.0
A01860,P071,1,46.9,9.38
A01860,P096,2,102.9,41.16
A01861,P013,1,99.9,17.98
A01861,P082,1,108.9,0.0
A01862,P009,1,248.9,44.8
A01862,P058,1,271.9,0.0
A01863,P026,1,193.9,0.0
A01863,P085,2,33.9,0.0
A01864,P039,1,184.9,18.49
A01864,P051,2,126.9,25.38
A01864,P056,1,179.9,17.99
A01864,P057,1,246.9,24.69
A01864,P114,1,246.9,24.69
A01865,P003,1,198.9,0.0
A01865,P010,1,163.9,29.5
A01865,P020,1,196.9,0.0
A01866,P002,1,111.9,20.14
A01866,P099,1,54.9,0.0
A01866,P111,1,169.9,0.0
A01867,P046,4,41.9,0.0
A01867,P063,1,286.9,0.0
A01867,P067,3,68.9,0.0
A01867,P112,1,141.9,0.0
A01868,P013,3,99.9,0.0
A01868,P017,1,116.9,21.04
A01868,P038,4,55.9,0.0
A01868,P087,3,78.9,0.0
A01868,P089,1,59.9,0.0
A01869,P053,1,86.9,8.69
A01870,P019,1,157.9,28.42
A01871,P017,4,116.9,0.0
A01871,P023,2,174.9,62.96
A01871,P030,1,166.9,30.04
A01871,P085,1,33.9,0.0
A01871,P093,1,36.9,0.0
A01872,P003,1,198.9,35.8
A01872,P099,2,54.9,0.0
A01872,P106,2,87.9,0.0
A01873,P010,1,163.9,0.0
A01874,P004,1,123.9,47.08
A01874,P007,2,153.9,116.96
A01874,P069,1,266.9,53.38
A01874,P102,1,299.9,59.98
A01875,P033,1,51.9,5.19
A01876,P060,1,297.9,0.0
A01876,P111,1,169.9,0.0
A01877,P090,1,64.9,6.49
A01877,P091,1,57.9,5.79
A01878,P017,1,116.9,21.04
A01878,P062,1,72.9,0.0
A01879,P003,2,198.9,111.38
A01879,P017,1,116.9,32.73
A01879,P060,1,297.9,29.79
A01880,P031,2,93.9,0.0
A01881,P022,1,79.9,0.0
A01881,P050,1,97.9,0.0
A01882,P103,1,266.9,0.0
A01883,P002,1,111.9,20.14
A01883,P037,2,68.9,0.0
A01883,P045,3,83.9,0.0
A01884,P008,1,105.9,19.06
A01884,P060,1,297.9,0.0
A01884,P093,1,36.9,0.0
A01885,P032,2,176.9,70.76
A01885,P082,2,108.9,43.56
A01886,P033,1,51.9,0.0
A01887,P001,2,40.9,14.72
A01887,P006,1,208.9,37.6
A01887,P025,1,104.9,0.0
A01887,P037,1,68.9,0.0
A01887,P110,2,225.9,0.0
A01888,P007,3,153.9,83.11
A01888,P017,2,116.9,42.08
A01888,P032,1,176.9,0.0
A01888,P064,1,140.9,0.0
A01889,P005,1,100.9,18.16
A01890,P102,1,299.9,0.0
A01891,P038,1,55.9,0.0
A01892,P100,1,110.9,0.0
A01893,P036,2,68.9,0.0
A01894,P017,1,116.9,0.0
A01895,P008,1,105.9,21.18
A01895,P033,1,51.9,10.38
A01896,P002,1,111.9,0.0
A01896,P021,2,81.9,0.0
A01896,P026,2,193.9,69.8
A01896,P044,1,99.9,0.0
A01896,P054,1,207.9,0.0
A01896,P110,2,225.9,0.0
A01897,P007,1,153.9,0.0
A01897,P048,1,100.9,0.0
A01898,P068,2,166.9,0.0
A01898,P091,1,57.9,0.0
A01899,P106,1,87.9,0.0
A01900,P012,1,77.9,29.6
A01900,P022,2,79.9,60.72
A01900,P050,1,97.9,19.58
A01901,P027,1,187.9,33.82
A01901,P105,3,88.9,0.0
A01901,P118,2,192.9,0.0
A01902,P029,3,173.9,0.0
A01902,P099,2,54.9,0.0
A01902,P104,1,307.9,0.0
A01903,P021,2,81.9,29.48
A01903,P056,2,179.9,0.0
A01903,P089,1,59.9,0.0
A01904,P087,2,78.9,0.0
A01905,P003,2,198.9,71.6
A01905,P093,2,36.9,0.0
A01905,P105,1,88.9,0.0
A01906,P099,2,54.9,0.0
A01907,P007,1,153.9,58.48
A01907,P094,2,84.9,33.96
A01907,P095,2,89.9,35.96
A01908,P053,1,86.9,0.0
A01909,P010,1,163.9,32.78
A01909,P043,1,51.9,10.38
A01910,P057,1,246.9,49.38
A01911,P018,1,119.9,11.99
A01911,P035,1,174.9,17.49
A01911,P098,1,87.9,8.79
A01911,P109,1,221.9,22.19
A01912,P049,1,175.9,0.0
A01913,P116,1,234.9,0.0
A01914,P026,1,193.9,73.68
A01914,P054,1,207.9,41.58
A01915,P056,1,179.9,0.0
A01915,P095,1,89.9,0.0
A01915,P111,2,169.9,0.0
A01916,P027,1,187.9,0.0
A01916,P049,1,175.9,0.0
A01917,P016,1,203.9,57.09
A01917,P034,1,162.9,16.29
A01917,P115,1,295.9,29.59
A01918,P029,1,173.9,0.0
A01918,P075,2,115.9,0.0
A01919,P054,1,207.9,41.58
A01919,P109,1,221.9,44.38
A01920,P093,1,36.9,0.0
A01921,P081,1,18.9,0.0
A01922,P013,1,99.9,19.98
A01922,P089,1,59.9,11.98
A01922,P112,1,141.9,28.38
A01923,P076,1,203.9,0.0
A01924,P038,1,55.9,0.0
A01924,P051,1,126.9,0.0
A01925,P054,1,207.9,0.0
A01926,P028,1,241.9,67.73
A01926,P055,1,135.9,13.59
A01926,P093,1,36.9,3.69
A01927,P084,1,18.9,3.78
A01928,P078,1,190.9,38.18
A01928,P091,1,57.9,11.58
A01929,P043,2,51.9,0.0
A01929,P045,1,83.9,0.0
A01929,P074,1,281.9,0.0
A01929,P115,2,295.9,0.0
A01930,P080,1,149.9,14.99
A01930,P101,1,222.9,22.29
A01931,P009,1,248.9,0.0
A01931,P072,1,50.9,0.0
A01931,P103,1,266.9,0.0
A01932,P007,2,153.9,116.96
A01932,P031,1,93.9,18.78
A01932,P085,1,33.9,6.78
A01932,P100,1,110.9,22.18
A01933,P002,2,111.9,44.76
A01933,P089,2,59.9,23.96
A01933,P091,1,57.9,11.58
A01933,P109,2,221.9,88.76
A01934,P026,1,193.9,34.9
A01934,P050,1,97.9,0.0
A01934,P109,1,221.9,0.0
A01935,P018,1,119.9,0.0
A01935,P120,1,195.9,0.0
A01936,P015,1,149.9,26.98
A01936,P019,1,157.9,28.42
A01937,P074,1,281.9,0.0
A01937,P088,1,76.9,0.0
A01938,P003,1,198.9,35.8
A01938,P027,2,187.9,0.0
A01939,P019,2,157.9,56.84
A01939,P038,1,55.9,0.0
A01940,P021,2,81.9,62.24
A01941,P025,1,104.9,18.88
A01942,P048,1,100.9,0.0
A01943,P010,1,163.9,0.0
A01943,P099,1,54.9,0.0
A01944,P020,1,196.9,35.44
A01944,P054,2,207.9,0.0
A01945,P028,1,241.9,0.0
A01945,P050,1,97.9,0.0
A01946,P020,1,196.9,35.44
A01946,P034,1,162.9,0.0
A01946,P080,1,149.9,0.0
A01946,P104,1,307.9,0.0
A01947,P080,1,149.9,0.0
A01947,P097,1,27.9,0.0
A01948,P001,2,40.9,0.0
A01948,P054,1,207.9,0.0
A01948,P069,1,266.9,0.0
A01949,P007,1,153.9,0.0
A01950,P108,1,79.9,15.98
A01950,P113,2,244.9,97.96
A01951,P021,2,81.9,29.48
A01951,P055,1,135.9,0.0
A01952,P013,1,99.9,0.0
A01952,P101,2,222.9,0.0
A01952,P112,1,141.9,0.0
A01953,P009,1,248.9,94.58
A01953,P016,1,203.9,77.48
A01953,P082,2,108.9,43.56
A01953,P096,1,102.9,20.58
A01953,P114,3,246.9,148.14
A01954,P021,1,81.9,14.74
A01954,P035,1,174.9,0.0
A01954,P074,1,281.9,0.0
A01954,P094,1,84.9,0.0
A01955,P049,1,175.9,35.18
A01955,P062,1,72.9,14.58
A01955,P087,1,78.9,15.78
A01956,P007,1,153.9,30.78
A01956,P021,1,81.9,16.38
A01956,P030,1,166.9,63.42
A01956,P065,2,48.9,19.56
A01956,P081,1,18.9,3.78
A01957,P019,1,157.9,28.42
A01957,P030,2,166.9,60.08
A01957,P040,2,180.9,0.0
A01958,P006,1,208.9,37.6
A01958,P021,2,81.9,0.0
A01958,P066,2,238.9,0.0
A01959,P011,1,72.9,13.12
A01959,P017,2,116.9,42.08
A01959,P023,1,174.9,31.48
A01959,P030,1,166.9,0.0
A01960,P006,1,208.9,41.78
A01961,P016,3,203.9,110.11
A01961,P044,3,99.9,0.0
A01961,P062,1,72.9,0.0
A01961,P066,2,238.9,0.0
A01961,P104,1,307.9,0.0
A01961,P112,2,141.9,0.0
A01961,P114,1,246.9,0.0
A01962,P005,1,100.9,38.34
A01962,P071,1,46.9,9.38
A01963,P003,1,198.9,55.69
A01963,P111,2,169.9,33.98
A01963,P117,1,281.9,28.19
A01964,P011,1,72.9,27.7
A01964,P076,1,203.9,40.78
A01965,P011,1,72.9,0.0
A01965,P048,1,100.9,0.0
A01966,P060,1,297.9,0.0
A01966,P066,1,238.9,0.0
A01967,P058,1,271.9,0.0
A01968,P030,2,166.9,33.38
A01969,P084,1,18.9,1.89
A01970,P064,2,140.9,0.0
A01970,P073,1,266.9,0.0
A01971,P100,1,110.9,0.0
A01972,P041,1,118.9,11.89
A01972,P066,1,238.9,23.89
A01972,P077,1,284.9,28.49
A01972,P094,1,84.9,8.49
A01973,P001,1,40.9,7.36
A01973,P050,1,97.9,0.0
A01973,P084,2,18.9,0.0
A01974,P030,1,166.9,30.04
A01974,P031,1,93.9,0.0
A01974,P114,1,246.9,0.0
A01975,P018,1,119.9,21.58
A01975,P088,1,76.9,0.0
A01975,P119,1,70.9,0.0
A01976,P001,1,40.9,0.0
A01976,P007,1,153.9,27.7
A01976,P021,4,81.9,0.0
A01976,P034,2,162.9,0.0
A01976,P037,2,68.9,0.0
A01976,P042,1,121.9,0.0
A01977,P081,2,18.9,0.0
A01978,P003,1,198.9,0.0
A01978,P006,1,208.9,37.6
A01978,P046,1,41.9,0.0
A01978,P071,1,46.9,0.0
A01979,P032,1,176.9,0.0
A01980,P117,1,281.9,0.0
A01981,P005,1,100.9,18.16
A01981,P084,1,18.9,0.0
A01981,P086,1,99.9,0.0
A01982,P073,2,266.9,0.0
A01982,P074,2,281.9,0.0
A01982,P084,1,18.9,0.0
A01983,P012,1,77.9,15.58
A01983,P029,2,173.9,69.56
A01984,P001,2,40.9,0.0
A01984,P033,2,51.9,0.0
A01985,P023,1,174.9,0.0
A01986,P034,1,162.9,0.0
A01986,P079,1,230.9,0.0
A01986,P089,3,59.9,0.0
A01987,P004,1,123.9,22.3
A01987,P056,1,179.9,0.0
A01987,P119,1,70.9,0.0
A01988,P055,2,135.9,0.0
A01988,P112,1,141.9,0.0
A01989,P032,1,176.9,0.0
A01989,P091,1,57.9,0.0
A01990,P023,1,174.9,31.48
A01991,P023,1,174.9,0.0
A01991,P037,1,68.9,0.0
A01991,P051,3,126.9,0.0
A01991,P105,2,88.9,0.0
A01992,P072,2,50.9,0.0
A01992,P085,1,33.9,0.0
A01992,P108,1,79.9,0.0
A01992,P113,1,244.9,0.0
A01993,P032,1,176.9,35.38
A01993,P075,1,115.9,23.18
A01994,P009,1,248.9,94.58
A01994,P010,2,163.9,124.56
A01994,P012,2,77.9,59.2
A01994,P021,2,81.9,62.24
A01994,P106,1,87.9,17.58
A01995,P010,1,163.9,32.78
A01995,P077,1,284.9,56.98
A01996,P014,1,144.9,0.0
A01997,P062,1,72.9,14.58
A01997,P118,1,192.9,38.58
A01998,P046,1,41.9,0.0
A01999,P010,2,163.9,0.0
A02000,P107,1,203.9,20.39
A02001,P001,2,40.9,0.0
A02001,P037,1,68.9,0.0
A02002,P010,1,163.9,29.5
A02002,P011,1,72.9,13.12
A02002,P017,1,116.9,21.04
A02002,P020,2,196.9,0.0
A02003,P017,1,116.9,23.38
A02003,P105,1,88.9,17.78
A02003,P108,1,79.9,15.98
A02004,P011,1,72.9,13.12
A02004,P057,2,246.9,0.0
A02004,P107,2,203.9,0.0
A02005,P065,2,48.9,0.0
A02005,P099,3,54.9,0.0
A02006,P047,1,153.9,0.0
A02006,P107,1,203.9,0.0
A02007,P069,2,266.9,0.0
A02008,P063,1,286.9,0.0
A02008,P096,1,102.9,0.0
A02008,P098,2,87.9,0.0
A02008,P101,1,222.9,0.0
A02008,P118,1,192.9,0.0
A02009,P054,1,207.9,0.0
A02009,P057,1,246.9,0.0
A02009,P071,1,46.9,0.0
A02009,P084,1,18.9,0.0
A02009,P087,2,78.9,0.0
A02010,P085,1,33.9,0.0
A02010,P119,1,70.9,0.0
A02011,P029,1,173.9,0.0
A02012,P045,1,83.9,0.0
A02013,P074,1,281.9,28.19
A02014,P089,1,59.9,0.0
A02015,P082,2,108.9,0.0
A02016,P021,2,81.9,0.0
A02017,P019,1,157.9,0.0
A02017,P047,1,153.9,0.0
A02017,P094,1,84.9,0.0
A02017,P098,1,87.9,0.0
A02017,P111,1,169.9,0.0
A02017,P115,1,295.9,0.0
A02018,P038,3,55.9,16.77
A02018,P115,1,295.9,29.59
A02019,P011,2,72.9,55.4
A02019,P051,1,126.9,25.38
A02019,P087,2,78.9,31.56
A02019,P091,2,57.9,23.16
A02019,P109,1,221.9,44.38
A02020,P087,1,78.9,0.0
A02021,P015,1,149.9,0.0
A02021,P045,1,83.9,0.0
A02021,P093,2,36.9,0.0
A02022,P003,1,198.9,55.69
A02022,P109,2,221.9,44.38
A02023,P032,1,176.9,35.38
A02023,P102,3,299.9,179.94
A02023,P118,1,192.9,38.58
A02024,P027,1,187.9,0.0
A02024,P038,2,55.9,0.0
A02024,P099,3,54.9,0.0
A02025,P028,1,241.9,91.92
A02025,P119,1,70.9,14.18
A02026,P006,1,208.9,58.49
A02027,P091,1,57.9,5.79
A02028,P004,2,123.9,44.6
A02028,P032,2,176.9,0.0
A02028,P119,1,70.9,0.0
A02029,P012,1,77.9,14.02
A02029,P070,1,132.9,0.0
A02030,P045,1,83.9,0.0
A02030,P070,1,132.9,0.0
A02030,P087,2,78.9,0.0
A02031,P012,1,77.9,14.02
A02031,P089,1,59.9,0.0
A02032,P025,2,104.9,79.72
A02032,P050,1,97.9,19.58
A02032,P080,1,149.9,29.98
A02032,P118,1,192.9,38.58
A02033,P021,1,81.9,31.12
A02033,P028,2,241.9,183.84
A02033,P043,1,51.9,10.38
A02033,P049,2,175.9,70.36
A02033,P052,2,124.9,49.96
A02033,P060,1,297.9,59.58
A02033,P105,2,88.9,35.56
A02033,P120,2,195.9,78.36
A02034,P001,1,40.9,0.0
A02034,P024,2,228.9,0.0
A02035,P112,1,141.9,0.0
A02036,P011,1,72.9,0.0
A02037,P007,1,153.9,0.0
A02037,P068,1,166.9,0.0
A02037,P091,1,57.9,0.0
A02038,P031,1,93.9,18.78
A02038,P060,1,297.9,59.58
A02039,P022,1,79.9,14.38
A02039,P030,1,166.9,30.04
A02039,P055,1,135.9,0.0
A02039,P082,3,108.9,0.0
A02040,P016,1,203.9,36.7
A02041,P109,1,221.9,0.0
A02042,P005,1,100.9,18.16
A02042,P105,1,88.9,0.0
A02042,P113,1,244.9,0.0
A02043,P004,2,123.9,44.6
A02043,P016,1,203.9,36.7
A02044,P027,1,187.9,0.0
A02044,P117,1,281.9,0.0
A02045,P029,1,173.9,0.0
A02045,P036,1,68.9,0.0
A02045,P089,1,59.9,0.0
A02046,P011,2,72.9,26.24
A02047,P058,1,271.9,0.0
A02048,P066,1,238.9,0.0
A02049,P029,2,173.9,0.0
A02050,P002,1,111.9,22.38
A02050,P011,2,72.9,55.4
A02050,P050,2,97.9,39.16
A02050,P085,2,33.9,13.56
A02051,P086,1,99.9,0.0
A02052,P095,1,89.9,8.99
A02053,P011,1,72.9,13.12
A02053,P022,1,79.9,14.38
A02053,P029,1,173.9,0.0
A02053,P038,2,55.9,0.0
A02053,P044,1,99.9,0.0
A02053,P091,1,57.9,0.0
A02054,P013,2,99.9,75.92
A02054,P016,2,203.9,81.56
A02054,P040,2,180.9,72.36
A02054,P070,1,132.9,26.58
A02055,P007,1,153.9,0.0
A02055,P115,1,295.9,0.0
A02055,P120,1,195.9,0.0
A02056,P058,1,271.9,0.0
A02056,P076,1,203.9,0.0
A02056,P095,3,89.9,0.0
A02057,P086,1,99.9,0.0
A02058,P005,1,100.9,18.16
A02058,P021,1,81.9,0.0
A02058,P090,2,64.9,0.0
A02059,P001,1,40.9,0.0
A02059,P019,1,157.9,0.0
A02059,P024,1,228.9,41.2
A02060,P016,1,203.9,36.7
A02060,P020,1,196.9,35.44
A02060,P030,2,166.9,60.08
A02060,P045,1,83.9,0.0
A02060,P046,1,41.9,0.0
A02060,P056,1,179.9,0.0
A02061,P073,1,266.9,0.0
A02062,P011,1,72.9,14.58
A02062,P087,1,78.9,15.78
A02063,P064,1,140.9,0.0
A02063,P081,1,18.9,0.0
A02064,P008,1,105.9,19.06
A02064,P070,1,132.9,0.0
A02065,P007,1,153.9,27.7
A02065,P069,1,266.9,0.0
A02065,P120,1,195.9,0.0
A02066,P027,1,187.9,0.0
A02066,P084,1,18.9,0.0
A02067,P081,3,18.9,5.67
A02068,P027,1,187.9,33.82
A02068,P081,2,18.9,0.0
A02069,P005,2,100.9,76.68
A02069,P092,1,39.9,7.98
A02069,P103,2,266.9,106.76
A02070,P053,1,86.9,0.0
A02070,P094,2,84.9,0.0
A02071,P029,1,173.9,31.3
A02071,P042,2,121.9,0.0
A02071,P064,2,140.9,0.0
A02072,P040,1,180.9,36.18
A02072,P041,1,118.9,23.78
A02072,P046,1,41.9,8.38
A02072,P084,1,18.9,3.78
A02072,P119,1,70.9,14.18
A02073,P093,1,36.9,0.0
A02074,P011,1,72.9,27.7
A02074,P031,1,93.9,18.78
A02075,P001,1,40.9,15.54
A02075,P077,1,284.9,56.98
A02075,P094,1,84.9,16.98
A02075,P098,2,87.9,35.16
A02076,P002,2,111.9,0.0
A02076,P009,2,248.9,89.6
A02076,P042,1,121.9,0.0
A02076,P085,1,33.9,0.0
A02076,P119,3,70.9,0.0
A02077,P012,1,77.9,14.02
A02077,P095,1,89.9,0.0
A02078,P020,1,196.9,35.44
A02079,P117,1,281.9,0.0
A02080,P006,2,208.9,0.0
A02080,P050,3,97.9,0.0
A02081,P012,2,77.9,28.04
A02081,P016,2,203.9,0.0
A02081,P032,1,176.9,0.0
A02081,P063,1,286.9,0.0
A02081,P084,1,18.9,0.0
A02082,P066,2,238.9,0.0
A02083,P002,1,111.9,11.19
A02083,P005,1,100.9,10.09
A02084,P041,1,118.9,11.89
A02084,P045,2,83.9,16.78
A02084,P047,1,153.9,15.39
A02084,P078,2,190.9,38.18
A02085,P001,1,40.9,0.0
A02085,P073,1,266.9,0.0
A02085,P084,2,18.9,0.0
A02085,P091,1,57.9,0.0
A02085,P095,3,89.9,0.0
A02085,P114,1,246.9,0.0
A02086,P106,1,87.9,0.0
A02087,P003,1,198.9,35.8
A02087,P032,2,176.9,0.0
A02087,P044,2,99.9,0.0
A02087,P068,1,166.9,0.0
A02087,P093,2,36.9,0.0
A02087,P109,3,221.9,0.0
A02088,P109,1,221.9,0.0
A02088,P116,1,234.9,0.0
A02089,P007,1,153.9,27.7
A02089,P068,1,166.9,0.0
A02090,P003,1,198.9,0.0
A02090,P027,1,187.9,0.0
A02090,P048,3,100.9,0.0
A02090,P083,2,116.9,0.0
A02091,P069,2,266.9,0.0
A02092,P020,1,196.9,0.0
A02092,P033,1,51.9,0.0
A02092,P089,1,59.9,0.0
A02092,P103,2,266.9,0.0
A02093,P068,1,166.9,0.0
A02094,P024,1,228.9,45.78
A02094,P117,1,281.9,56.38
A02095,P004,1,123.9,34.69
A02095,P040,1,180.9,18.09
A02095,P098,1,87.9,8.79
A02096,P018,2,119.9,0.0
A02096,P033,2,51.9,0.0
A02096,P069,4,266.9,0.0
A02096,P092,3,39.9,0.0
A02097,P022,1,79.9,14.38
A02097,P081,1,18.9,0.0
A02098,P030,1,166.9,0.0
A02098,P045,1,83.9,0.0
A02099,P027,2,187.9,0.0
A02099,P041,1,118.9,0.0
A02099,P046,1,41.9,0.0
A02099,P073,1,266.9,0.0
A02099,P080,1,149.9,0.0
A02099,P103,2,266.9,0.0
A02100,P083,2,116.9,0.0
A02101,P011,1,72.9,14.58
A02101,P072,1,50.9,10.18
A02102,P048,1,100.9,0.0
A02102,P060,1,297.9,0.0
A02102,P090,1,64.9,0.0
A02103,P006,1,208.9,0.0
A02103,P038,2,55.9,0.0
A02104,P033,2,51.9,20.76
A02104,P039,1,184.9,36.98
A02104,P049,1,175.9,35.18
A02104,P052,2,124.9,49.96
A02104,P082,3,108.9,65.34
A02104,P115,2,295.9,118.36
A02105,P011,3,72.9,0.0
A02105,P050,1,97.9,0.0
A02105,P080,1,149.9,0.0
A02105,P093,2,36.9,0.0
A02105,P117,1,281.9,0.0
A02106,P012,1,77.9,29.6
A02106,P041,1,118.9,23.78
A02107,P119,1,70.9,14.18
A02108,P044,1,99.9,0.0
A02108,P079,1,230.9,0.0
A02108,P113,1,244.9,0.0
A02109,P039,1,184.9,36.98
A02109,P072,1,50.9,10.18
A02110,P005,2,100.9,40.36
A02110,P054,1,207.9,41.58
A02110,P065,1,48.9,9.78
A02110,P095,1,89.9,17.98
A02110,P119,1,70.9,14.18
A02111,P050,1,97.9,0.0
A02111,P081,1,18.9,0.0
A02112,P092,2,39.9,0.0
A02112,P096,1,102.9,0.0
A02112,P097,2,27.9,0.0
A02113,P041,1,118.9,11.89
A02114,P009,1,248.9,0.0
A02114,P022,1,79.9,14.38
A02114,P030,1,166.9,30.04
A02114,P080,1,149.9,0.0
A02115,P063,1,286.9,57.38
A02115,P091,1,57.9,11.58
A02115,P119,1,70.9,14.18
A02116,P029,1,173.9,31.3
A02116,P094,1,84.9,0.0
A02116,P116,2,234.9,0.0
A02116,P117,1,281.9,0.0
A02117,P015,2,149.9,0.0
A02117,P018,4,119.9,86.33
A02117,P036,2,68.9,0.0
A02117,P070,2,132.9,0.0
A02117,P085,3,33.9,0.0
A02117,P099,2,54.9,0.0
A02118,P037,4,68.9,0.0
A02118,P039,1,184.9,0.0
A02118,P053,2,86.9,0.0
A02118,P067,1,68.9,0.0
A02118,P095,3,89.9,0.0
A02119,P003,1,198.9,0.0
A02119,P015,2,149.9,53.96
A02119,P054,1,207.9,0.0
A02120,P093,2,36.9,14.76
A02120,P100,2,110.9,44.36
A02121,P043,1,51.9,0.0
A02121,P090,1,64.9,0.0
A02122,P007,1,153.9,0.0
A02122,P022,3,79.9,43.15
A02122,P025,1,104.9,0.0
A02122,P087,1,78.9,0.0
A02123,P030,1,166.9,0.0
A02123,P118,1,192.9,0.0
A02124,P093,1,36.9,7.38
A02125,P038,2,55.9,0.0
A02126,P017,1,116.9,0.0
A02126,P030,2,166.9,0.0
A02126,P032,1,176.9,0.0
A02126,P037,1,68.9,0.0
A02126,P049,2,175.9,0.0
A02126,P108,2,79.9,0.0
A02127,P033,1,51.9,0.0
A02127,P038,1,55.9,0.0
A02127,P070,1,132.9,0.0
A02128,P076,1,203.9,0.0
A02128,P089,1,59.9,0.0
A02129,P011,2,72.9,26.24
A02129,P027,2,187.9,67.64
A02129,P028,2,241.9,0.0
A02129,P033,2,51.9,0.0
A02129,P108,1,79.9,0.0
A02130,P003,1,198.9,35.8
A02130,P087,1,78.9,0.0
A02130,P095,2,89.9,0.0
A02130,P097,2,27.9,0.0
A02131,P030,2,166.9,60.08
A02131,P079,1,230.9,0.0
A02132,P057,1,246.9,24.69
A02132,P066,1,238.9,23.89
A02132,P098,1,87.9,8.79
A02132,P103,1,266.9,26.69
A02133,P040,1,180.9,0.0
A02133,P065,3,48.9,0.0
A02133,P107,2,203.9,0.0
A02134,P012,1,77.9,7.79
A02134,P022,1,79.9,7.99
A02134,P027,1,187.9,52.61
A02134,P037,1,68.9,6.89
A02135,P058,1,271.9,0.0
A02135,P107,2,203.9,0.0
A02136,P012,1,77.9,14.02
A02136,P020,1,196.9,35.44
A02137,P005,2,100.9,0.0
A02137,P099,2,54.9,0.0
A02137,P110,1,225.9,0.0
A02137,P111,1,169.9,0.0
A02138,P004,1,123.9,47.08
A02138,P017,1,116.9,23.38
A02139,P016,3,203.9,0.0
A02140,P108,2,79.9,0.0
A02141,P087,1,78.9,0.0
A02141,P113,1,244.9,0.0
A02142,P085,2,33.9,0.0
A02142,P118,1,192.9,0.0
A02143,P035,1,174.9,34.98
A02143,P048,2,100.9,40.36
A02143,P109,1,221.9,44.38
A02144,P003,2,198.9,71.6
A02144,P012,3,77.9,42.07
A02144,P031,2,93.9,0.0
A02144,P033,1,51.9,0.0
A02144,P067,2,68.9,0.0
A02144,P084,5,18.9,0.0
A02144,P100,2,110.9,0.0
A02144,P108,1,79.9,0.0
A02145,P024,1,228.9,41.2
A02145,P084,1,18.9,0.0
A02146,P094,1,84.9,0.0
A02147,P007,1,153.9,43.09
A02147,P033,1,51.9,5.19
A02148,P007,1,153.9,0.0
A02148,P008,1,105.9,0.0
A02148,P087,1,78.9,0.0
A02148,P105,1,88.9,0.0
A02149,P029,1,173.9,31.3
A02150,P004,1,123.9,22.3
A02150,P011,1,72.9,13.12
A02150,P069,2,266.9,0.0
A02150,P088,2,76.9,0.0
A02151,P005,1,100.9,18.16
A02151,P089,2,59.9,0.0
A02152,P020,1,196.9,35.44
A02152,P033,1,51.9,0.0
A02153,P069,1,266.9,0.0
A02154,P032,2,176.9,0.0
A02154,P099,1,54.9,0.0
A02155,P053,1,86.9,0.0
A02155,P080,2,149.9,0.0
A02155,P084,2,18.9,0.0
A02156,P023,1,174.9,31.48
A02156,P067,1,68.9,0.0
A02157,P001,2,40.9,14.72
A02157,P047,1,153.9,0.0
A02157,P086,1,99.9,0.0
A02158,P020,1,196.9,35.44
A02158,P027,2,187.9,67.64
A02158,P038,1,55.9,0.0
A02158,P065,1,48.9,0.0
A02159,P041,1,118.9,0.0
A02159,P060,1,297.9,0.0
A02159,P081,1,18.9,0.0
A02159,P092,1,39.9,0.0
A02160,P089,2,59.9,23.96
A02161,P017,1,116.9,23.38
A02162,P099,1,54.9,0.0
A02163,P023,1,174.9,66.46
A02163,P038,1,55.9,11.18
A02164,P107,2,203.9,0.0
A02165,P095,1,89.9,0.0
A02165,P120,2,195.9,0.0
A02166,P010,1,163.9,29.5
A02166,P033,1,51.9,0.0
A02166,P110,2,225.9,0.0
A02167,P075,1,115.9,0.0
A02167,P101,1,222.9,0.0
A02167,P113,3,244.9,0.0
A02168,P036,1,68.9,0.0
A02168,P067,1,68.9,0.0
A02168,P076,1,203.9,0.0
A02168,P078,1,190.9,0.0
A02168,P079,1,230.9,0.0
A02168,P087,1,78.9,0.0
A02169,P026,2,193.9,147.36
A02169,P042,1,121.9,24.38
A02169,P062,1,72.9,14.58
A02169,P083,1,116.9,23.38
A02170,P017,1,116.9,21.04
A02170,P065,1,48.9,0.0
A02171,P033,1,51.9,0.0
A02171,P039,1,184.9,0.0
A02172,P094,1,84.9,16.98
A02173,P030,1,166.9,63.42
A02173,P112,1,141.9,28.38
A02174,P013,1,99.9,37.96
A02174,P043,1,51.9,10.38
A02174,P051,1,126.9,25.38
A02174,P088,1,76.9,15.38
A02175,P018,1,119.9,21.58
A02175,P019,1,157.9,28.42
A02175,P093,1,36.9,0.0
A02176,P020,2,196.9,149.64
A02176,P071,2,46.9,18.76
A02177,P012,1,77.9,0.0
A02177,P049,1,175.9,0.0
A02177,P120,1,195.9,0.0
A02178,P017,1,116.9,21.04
A02178,P026,1,193.9,34.9
A02179,P095,1,89.9,17.98
A02180,P045,1,83.9,0.0
A02180,P099,1,54.9,0.0
A02181,P085,1,33.9,3.39
A02182,P035,1,174.9,0.0
A02182,P087,3,78.9,0.0
A02182,P093,2,36.9,0.0
A02183,P019,2,157.9,0.0
A02183,P086,1,99.9,0.0
A02184,P008,1,105.9,0.0
A02184,P091,1,57.9,0.0
A02185,P040,1,180.9,36.18
A02186,P037,1,68.9,13.78
A02187,P055,1,135.9,13.59
A02187,P109,1,221.9,22.19
A02188,P005,1,100.9,0.0
A02188,P036,1,68.9,0.0
A02189,P041,1,118.9,0.0
A02189,P058,2,271.9,0.0
A02189,P059,1,278.9,0.0
A02190,P019,1,157.9,28.42
A02190,P087,1,78.9,0.0
A02191,P081,1,18.9,0.0
A02192,P012,1,77.9,0.0
A02192,P018,1,119.9,0.0
A02193,P013,2,99.9,0.0
A02193,P065,1,48.9,0.0
A02193,P101,1,222.9,0.0
A02194,P028,1,241.9,43.54
A02194,P037,1,68.9,0.0
A02194,P055,1,135.9,0.0
A02194,P085,1,33.9,0.0
A02195,P001,1,40.9,7.36
A02195,P107,2,203.9,0.0
A02196,P008,1,105.9,19.06
A02196,P039,1,184.9,0.0
A02196,P091,2,57.9,0.0
A02197,P026,2,193.9,69.8
A02197,P035,1,174.9,0.0
A02198,P026,1,193.9,34.9
A02199,P019,1,157.9,28.42
A02199,P022,1,79.9,0.0
A02199,P026,1,193.9,34.9
A02200,P017,2,116.9,88.84
A02200,P030,2,166.9,126.84
A02201,P054,1,207.9,0.0
A02201,P066,2,238.9,0.0
A02201,P103,2,266.9,0.0
A02201,P106,1,87.9,0.0
A02202,P016,1,203.9,40.78
A02202,P018,2,119.9,91.12
A02203,P009,1,248.9,44.8
A02204,P042,1,121.9,0.0
A02205,P001,2,40.9,0.0
A02205,P015,4,149.9,107.93
A02205,P023,2,174.9,0.0
A02205,P060,3,297.9,0.0
A02205,P062,1,72.9,0.0
A02205,P080,3,149.9,0.0
A02205,P085,1,33.9,0.0
A02205,P089,3,59.9,0.0
A02206,P010,1,163.9,29.5
A02206,P034,1,162.9,0.0
A02206,P049,1,175.9,0.0
A02206,P052,1,124.9,0.0
A02206,P089,1,59.9,0.0
A02206,P090,1,64.9,0.0
A02206,P094,2,84.9,0.0
A02206,P105,2,88.9,0.0
A02207,P004,2,123.9,44.6
A02207,P031,2,93.9,0.0
A02207,P033,1,51.9,0.0
A02207,P046,1,41.9,0.0
A02207,P078,1,190.9,0.0
A02208,P111,1,169.9,0.0
A02209,P029,1,173.9,31.3
A02209,P066,1,238.9,0.0
A02209,P086,1,99.9,0.0
A02210,P006,1,208.9,20.89
A02210,P116,1,234.9,23.49
A02211,P011,1,72.9,13.12
A02211,P020,1,196.9,35.44
A02211,P043,2,51.9,0.0
A02211,P058,1,271.9,0.0
A02211,P098,2,87.9,0.0
A02211,P108,1,79.9,0.0
A02212,P010,1,163.9,45.89
A02213,P015,3,149.9,170.89
A02214,P011,1,72.9,13.12
A02215,P033,2,51.9,0.0
A02215,P045,1,83.9,0.0
A02216,P010,1,163.9,0.0
A02216,P093,1,36.9,0.0
A02217,P010,1,163.9,62.28
A02217,P069,2,266.9,106.76
A02217,P089,1,59.9,11.98
A02217,P090,1,64.9,12.98
A02218,P024,1,228.9,41.2
A02218,P044,3,99.9,0.0
A02219,P038,2,55.9,0.0
A02220,P090,3,64.9,0.0
A02221,P018,1,119.9,0.0
A02221,P020,1,196.9,35.44
A02221,P068,2,166.9,0.0
A02221,P073,1,266.9,0.0
A02221,P098,1,87.9,0.0
A02222,P093,1,36.9,0.0
A02223,P031,1,93.9,9.39
A02223,P107,1,203.9,20.39
A02224,P003,1,198.9,35.8
A02224,P015,2,149.9,53.96
A02224,P087,1,78.9,0.0
A02224,P093,1,36.9,0.0
A02225,P081,1,18.9,0.0
A02226,P005,1,100.9,18.16
A02226,P117,2,281.9,0.0
A02227,P015,1,149.9,26.98
A02227,P022,1,79.9,0.0
A02227,P024,1,228.9,41.2
A02227,P090,2,64.9,0.0
A02227,P098,1,87.9,0.0
A02228,P049,1,175.9,0.0
A02228,P095,1,89.9,0.0
A02229,P003,1,198.9,35.8
A02229,P027,1,187.9,33.82
A02229,P094,3,84.9,0.0
A02230,P091,2,57.9,0.0
A02231,P002,1,111.9,0.0
A02231,P014,1,144.9,26.08
A02231,P022,2,79.9,0.0
A02232,P036,3,68.9,20.67
A02233,P077,1,284.9,0.0
A02234,P037,2,68.9,27.56
A02235,P040,1,180.9,0.0
A02235,P103,1,266.9,0.0
A02236,P045,2,83.9,33.56
A02236,P088,1,76.9,15.38
A02236,P118,1,192.9,38.58
A02237,P021,1,81.9,14.74
A02237,P022,1,79.9,14.38
A02238,P022,1,79.9,0.0
A02238,P120,1,195.9,0.0
A02239,P010,2,163.9,124.56
A02239,P037,1,68.9,13.78
A02240,P097,1,27.9,5.58
A02241,P066,1,238.9,0.0
A02241,P088,2,76.9,0.0
A02242,P076,2,203.9,0.0
A02243,P002,2,111.9,40.28
A02243,P045,2,83.9,0.0
A02243,P078,2,190.9,0.0
A02244,P045,2,83.9,33.56
A02244,P093,1,36.9,7.38
A02245,P025,1,104.9,18.88
A02245,P052,1,124.9,0.0
A02245,P117,2,281.9,0.0
A02246,P031,2,93.9,0.0
A02246,P041,1,118.9,0.0
A02246,P112,1,141.9,0.0
A02247,P001,1,40.9,7.36
A02247,P053,1,86.9,0.0
A02247,P076,1,203.9,0.0
A02247,P093,1,36.9,0.0
A02248,P031,1,93.9,18.78
A02248,P062,1,72.9,14.58
A02249,P017,2,116.9,88.84
A02250,P040,1,180.9,0.0
A02250,P052,2,124.9,0.0
A02250,P084,1,18.9,0.0
A02250,P086,2,99.9,0.0
A02251,P007,2,153.9,55.4
A02251,P034,1,162.9,0.0
A02252,P006,1,208.9,0.0
A02252,P012,1,77.9,14.02
A02252,P035,1,174.9,0.0
A02252,P042,2,121.9,0.0
A02252,P049,1,175.9,0.0
A02252,P083,1,116.9,0.0
A02253,P047,1,153.9,0.0
A02254,P104,1,307.9,0.0
A02255,P015,1,149.9,26.98
A02255,P061,1,233.9,0.0
A02255,P089,1,59.9,0.0
A02256,P021,2,81.9,0.0
A02256,P078,2,190.9,0.0
A02257,P007,1,153.9,27.7
A02257,P063,1,286.9,0.0
A02258,P026,2,193.9,69.8
A02258,P051,2,126.9,0.0
A02259,P109,1,221.9,0.0
A02260,P016,1,203.9,36.7
A02260,P020,1,196.9,35.44
A02261,P006,1,208.9,37.6
A02261,P025,1,104.9,18.88
A02261,P085,1,33.9,0.0
A02262,P010,2,163.9,59.0
A02262,P019,2,157.9,0.0
A02262,P025,1,104.9,18.88
A02262,P026,1,193.9,0.0
A02262,P037,1,68.9,0.0
A02262,P058,2,271.9,0.0
A02262,P107,2,203.9,0.0
A02263,P010,4,163.9,0.0
A02263,P098,1,87.9,0.0
A02263,P099,2,54.9,0.0
A02264,P009,1,248.9,44.8
A02264,P028,1,241.9,43.54
A02264,P029,1,173.9,31.3
A02264,P042,2,121.9,0.0
A02264,P082,1,108.9,0.0
A02264,P094,1,84.9,0.0
A02265,P069,1,266.9,0.0
A02266,P055,1,135.9,0.0
A02266,P080,1,149.9,0.0
A02266,P100,1,110.9,0.0
A02267,P031,1,93.9,0.0
A02268,P029,1,173.9,0.0
A02268,P034,2,162.9,0.0
A02269,P049,1,175.9,0.0
A02269,P056,1,179.9,0.0
A02269,P081,2,18.9,0.0
A02269,P086,1,99.9,0.0
A02269,P091,1,57.9,0.0
A02270,P021,1,81.9,22.93
A02271,P003,1,198.9,35.8
A02271,P024,1,228.9,41.2
A02271,P037,1,68.9,0.0
A02271,P106,1,87.9,0.0
A02272,P002,1,111.9,20.14
A02272,P027,2,187.9,67.64
A02272,P050,1,97.9,0.0
A02273,P023,1,174.9,34.98
A02273,P040,1,180.9,36.18
A02273,P042,1,121.9,24.38
A02273,P053,1,86.9,17.38
A02274,P009,1,248.9,44.8
A02274,P032,1,176.9,0.0
A02274,P105,1,88.9,0.0
A02275,P010,1,163.9,29.5
A02275,P014,2,144.9,52.16
A02275,P088,1,76.9,0.0
A02275,P104,1,307.9,0.0
A02275,P110,1,225.9,0.0
A02276,P047,2,153.9,61.56
A02276,P049,1,175.9,35.18
A02276,P061,2,233.9,93.56
A02276,P109,1,221.9,44.38
A02276,P112,1,141.9,28.38
A02277,P009,2,248.9,89.6
A02277,P024,3,228.9,123.61
A02277,P041,2,118.9,0.0
A02277,P054,1,207.9,0.0
A02277,P090,2,64.9,0.0
A02278,P006,2,208.9,75.2
A02278,P008,2,105.9,38.12
A02278,P023,2,174.9,62.96
A02278,P027,1,187.9,33.82
A02278,P052,2,124.9,0.0
A02278,P089,1,59.9,0.0
A02278,P094,2,84.9,0.0
A02279,P038,1,55.9,5.59
A02279,P078,1,190.9,19.09
A02280,P042,1,121.9,24.38
A02280,P077,2,284.9,113.96
A02280,P088,1,76.9,15.38
A02281,P008,1,105.9,19.06
A02281,P039,1,184.9,0.0
A02281,P111,1,169.9,0.0
A02282,P083,2,116.9,0.0
A02282,P094,1,84.9,0.0
A02282,P117,1,281.9,0.0
A02283,P073,1,266.9,0.0
A02284,P082,1,108.9,10.89
A02284,P104,1,307.9,30.79
A02285,P044,1,99.9,0.0
A02286,P003,1,198.9,75.58
A02286,P017,1,116.9,44.42
A02286,P039,1,184.9,36.98
A02286,P044,1,99.9,19.98
A02287,P004,1,123.9,22.3
A02287,P051,1,126.9,0.0
A02288,P001,1,40.9,15.54
A02288,P017,1,116.9,44.42
A02288,P026,3,193.9,221.05
A02288,P043,1,51.9,10.38
A02289,P076,1,203.9,0.0
A02289,P120,1,195.9,0.0
A02290,P059,1,278.9,0.0
A02291,P042,1,121.9,12.19
A02291,P099,1,54.9,5.49
A02292,P017,1,116.9,21.04
A02293,P002,1,111.9,31.33
A02293,P089,1,59.9,5.99
A02293,P108,1,79.9,7.99
A02294,P026,1,193.9,34.9
A02294,P057,1,246.9,0.0
A02294,P094,1,84.9,0.0
A02294,P114,2,246.9,0.0
A02294,P118,1,192.9,0.0
A02295,P017,1,116.9,0.0
A02295,P051,1,126.9,0.0
A02295,P090,1,64.9,0.0
A02296,P006,1,208.9,0.0
A02296,P022,1,79.9,14.38
A02296,P034,1,162.9,0.0
A02296,P102,2,299.9,0.0
A02297,P048,2,100.9,0.0
A02298,P050,1,97.9,0.0
A02298,P108,2,79.9,0.0
A02299,P036,2,68.9,0.0
A02299,P058,1,271.9,0.0
A02299,P092,1,39.9,0.0
A02300,P064,1,140.9,0.0
A02301,P033,1,51.9,0.0
A02301,P055,1,135.9,0.0
A02301,P059,1,278.9,0.0
A02301,P080,1,149.9,0.0
A02302,P040,1,180.9,36.18
A02302,P088,2,76.9,30.76
A02302,P120,1,195.9,39.18
A02303,P035,1,174.9,0.0
A02304,P019,1,157.9,28.42
A02304,P031,1,93.9,0.0
A02304,P035,1,174.9,0.0
A02304,P098,2,87.9,0.0
A02304,P101,2,222.9,0.0
A02305,P017,1,116.9,21.04
A02305,P031,1,93.9,0.0
A02306,P081,2,18.9,7.56
A02306,P086,3,99.9,59.94
A02306,P108,1,79.9,15.98
A02306,P115,2,295.9,118.36
A02307,P070,2,132.9,0.0
A02307,P109,2,221.9,0.0
A02307,P113,1,244.9,0.0
A02307,P120,1,195.9,0.0
A02308,P037,1,68.9,0.0
A02308,P088,1,76.9,0.0
A02308,P099,1,54.9,0.0
A02309,P082,1,108.9,0.0
A02310,P039,1,184.9,0.0
A02310,P095,1,89.9,0.0
A02311,P014,1,144.9,26.08
A02312,P100,1,110.9,0.0
A02313,P063,1,286.9,0.0
A02313,P094,2,84.9,0.0
A02314,P001,1,40.9,7.36
A02314,P027,1,187.9,33.82
A02314,P112,1,141.9,0.0
A02315,P001,4,40.9,0.0
A02315,P025,1,104.9,18.88
A02315,P052,2,124.9,0.0
A02315,P083,2,116.9,0.0
A02315,P091,2,57.9,0.0
A02315,P119,2,70.9,0.0
A02316,P020,1,196.9,0.0
A02316,P021,1,81.9,14.74
A02316,P070,1,132.9,0.0
A02317,P118,1,192.9,0.0
A02318,P022,1,79.9,30.36
A02318,P035,1,174.9,34.98
A02318,P061,1,233.9,46.78
A02318,P088,1,76.9,15.38
A02319,P025,1,104.9,18.88
A02319,P045,2,83.9,0.0
A02319,P093,1,36.9,0.0
A02320,P018,1,119.9,45.56
A02320,P026,2,193.9,147.36
A02320,P035,1,174.9,34.98
A02320,P066,1,238.9,47.78
A02320,P085,2,33.9,13.56
A02320,P113,2,244.9,97.96
A02321,P008,1,105.9,19.06
A02322,P027,1,187.9,33.82
A02323,P006,2,208.9,75.2
A02323,P018,4,119.9,86.33
A02323,P027,4,187.9,135.29
A02323,P048,1,100.9,0.0
A02323,P091,5,57.9,0.0
A02323,P096,2,102.9,0.0
A02323,P109,3,221.9,0.0
A02324,P098,1,87.9,0.0
A02325,P074,1,281.9,0.0
A02326,P011,1,72.9,0.0
A02326,P017,2,116.9,42.08
A02327,P012,1,77.9,29.6
A02327,P055,1,135.9,27.18
A02327,P081,1,18.9,3.78
A02328,P001,3,40.9,46.63
A02328,P009,1,248.9,94.58
A02328,P017,1,116.9,44.42
A02328,P041,1,118.9,23.78
A02328,P060,1,297.9,59.58
A02328,P069,5,266.9,266.9
A02329,P023,1,174.9,31.48
A02329,P037,1,68.9,0.0
A02330,P052,1,124.9,24.98
A02330,P120,1,195.9,39.18
A02331,P010,1,163.9,29.5
A02332,P015,1,149.9,26.98
A02332,P042,1,121.9,0.0
A02333,P025,2,104.9,79.72
A02334,P026,1,193.9,0.0
A02334,P030,2,166.9,0.0
A02334,P061,2,233.9,0.0
A02334,P097,1,27.9,0.0
A02334,P107,2,203.9,0.0
A02335,P010,2,163.9,59.0
A02335,P017,2,116.9,0.0
A02335,P109,2,221.9,0.0
A02336,P009,1,248.9,44.8
A02336,P028,1,241.9,43.54
A02337,P075,1,115.9,0.0
A02338,P012,2,77.9,28.04
A02339,P028,1,241.9,67.73
A02339,P057,1,246.9,24.69
A02339,P077,1,284.9,28.49
A02340,P100,2,110.9,22.18
A02341,P006,1,208.9,0.0
A02341,P068,1,166.9,0.0
A02341,P114,1,246.9,0.0
A02342,P010,1,163.9,29.5
A02342,P013,2,99.9,0.0
A02342,P042,1,121.9,0.0
A02342,P055,1,135.9,0.0
A02342,P112,1,141.9,0.0
A02343,P023,1,174.9,31.48
A02344,P030,1,166.9,30.04
A02345,P006,1,208.9,58.49
A02345,P098,2,87.9,17.58
A02345,P110,2,225.9,45.18
A02346,P075,1,115.9,0.0
A02347,P013,1,99.9,9.99
A02348,P002,1,111.9,0.0
A02349,P014,2,144.9,52.16
A02349,P049,1,175.9,0.0
A02349,P080,1,149.9,0.0
A02349,P088,2,76.9,0.0
A02350,P023,2,174.9,62.96
A02351,P020,1,196.9,0.0
A02351,P021,1,81.9,14.74
A02351,P023,1,174.9,31.48
A02351,P024,1,228.9,41.2
A02351,P027,1,187.9,33.82
A02351,P103,3,266.9,0.0
A02352,P030,1,166.9,16.69
A02352,P039,2,184.9,36.98
A02352,P049,1,175.9,17.59
A02352,P065,1,48.9,4.89
A02352,P092,1,39.9,3.99
A02352,P105,1,88.9,8.89
A02353,P118,1,192.9,0.0
A02354,P017,1,116.9,21.04
A02354,P059,2,278.9,0.0
A02354,P084,1,18.9,0.0
A02354,P111,1,169.9,0.0
A02355,P050,1,97.9,0.0
A02356,P096,1,102.9,20.58
A02357,P029,1,173.9,31.3
A02357,P032,3,176.9,0.0
A02357,P093,2,36.9,0.0
A02358,P003,2,198.9,71.6
A02358,P011,1,72.9,13.12
A02358,P013,1,99.9,17.98
A02358,P029,1,173.9,0.0
A02358,P109,1,221.9,0.0
A02359,P016,1,203.9,36.7
A02359,P035,1,174.9,0.0
A02359,P046,1,41.9,0.0
A02359,P106,1,87.9,0.0
A02360,P078,1,190.9,38.18
A02360,P101,1,222.9,44.58
A02361,P016,2,203.9,40.78
A02361,P030,1,166.9,16.69
A02362,P055,1,135.9,27.18
A02362,P056,1,179.9,35.98
A02363,P019,3,157.9,85.27
A02363,P069,2,266.9,0.0
A02364,P004,1,123.9,22.3
A02364,P017,1,116.9,0.0
A02364,P062,1,72.9,0.0
A02365,P030,3,166.9,140.2
A02365,P076,1,203.9,20.39
A02365,P085,2,33.9,6.78
A02365,P093,1,36.9,3.69
A02366,P024,1,228.9,41.2
A02366,P082,1,108.9,0.0
A02367,P049,1,175.9,0.0
A02367,P064,1,140.9,0.0
A02368,P091,3,57.9,17.37
A02369,P035,1,174.9,0.0
A02369,P084,1,18.9,0.0
A02370,P016,1,203.9,0.0
A02370,P028,3,241.9,0.0
A02371,P085,1,33.9,0.0
A02372,P028,2,241.9,0.0
A02372,P052,3,124.9,0.0
A02372,P055,1,135.9,0.0
A02372,P103,1,266.9,0.0
A02372,P104,4,307.9,0.0
A02372,P111,2,169.9,0.0
A02372,P113,1,244.9,0.0
A02373,P030,1,166.9,0.0
A02374,P005,1,100.9,18.16
A02374,P006,1,208.9,0.0
A02374,P026,2,193.9,69.8
A02374,P050,1,97.9,0.0
A02374,P056,1,179.9,0.0
A02374,P070,1,132.9,0.0
A02374,P076,1,203.9,0.0
A02375,P070,1,132.9,0.0
A02375,P097,3,27.9,0.0
A02376,P102,1,299.9,59.98
A02377,P011,1,72.9,13.12
A02378,P007,2,153.9,0.0
A02378,P070,2,132.9,0.0
A02378,P091,1,57.9,0.0
A02378,P100,2,110.9,0.0
A02378,P113,2,244.9,0.0
A02378,P115,2,295.9,0.0
A02379,P029,1,173.9,0.0
A02379,P051,1,126.9,0.0
A02380,P014,1,144.9,26.08
A02380,P019,1,157.9,28.42
A02381,P007,2,153.9,0.0
A02382,P117,1,281.9,0.0
A02383,P095,1,89.9,0.0
A02384,P004,1,123.9,47.08
A02384,P020,1,196.9,39.38
A02384,P041,1,118.9,23.78
A02384,P109,1,221.9,44.38
A02385,P022,2,79.9,28.76
A02385,P074,1,281.9,0.0
A02386,P016,1,203.9,57.09
A02386,P053,1,86.9,8.69
A02386,P066,1,238.9,23.89
A02386,P068,3,166.9,50.07
A02387,P055,1,135.9,0.0
A02387,P060,1,297.9,0.0
A02388,P034,1,162.9,32.58
A02388,P083,1,116.9,23.38
A02389,P025,1,104.9,18.88
A02389,P029,1,173.9,0.0
A02389,P040,2,180.9,0.0
A02389,P102,2,299.9,0.0
A02390,P061,1,233.9,0.0
A02391,P027,2,187.9,67.64
A02391,P034,2,162.9,0.0
A02391,P038,1,55.9,0.0
A02391,P095,1,89.9,0.0
A02391,P115,2,295.9,0.0
A02391,P120,2,195.9,0.0
A02392,P002,3,111.9,60.43
A02392,P007,2,153.9,55.4
A02392,P053,1,86.9,0.0
A02393,P066,1,238.9,0.0
A02394,P056,1,179.9,0.0
A02395,P025,1,104.9,39.86
A02395,P060,1,297.9,59.58
A02395,P075,1,115.9,23.18
A02395,P080,2,149.9,59.96
A02395,P090,1,64.9,12.98
A02396,P007,3,153.9,0.0
A02396,P020,1,196.9,35.44
A02396,P042,1,121.9,0.0
A02397,P022,1,79.9,14.38
A02398,P017,1,116.9,21.04
A02398,P028,1,241.9,43.54
A02398,P048,3,100.9,0.0
A02398,P060,3,297.9,0.0
A02398,P109,1,221.9,0.0
A02398,P114,3,246.9,0.0
A02399,P030,1,166.9,33.38
A02400,P033,2,51.9,0.0
A02401,P023,1,174.9,48.97
A02402,P012,1,77.9,0.0
A02402,P015,2,149.9,0.0
A02402,P096,1,102.9,0.0
A02402,P120,2,195.9,0.0
A02403,P031,1,93.9,0.0
A02403,P068,1,166.9,0.0
A02404,P030,1,166.9,30.04
A02404,P091,1,57.9,0.0
A02405,P006,3,208.9,238.15
A02406,P049,3,175.9,0.0
A02406,P064,1,140.9,0.0
A02406,P072,1,50.9,0.0
A02407,P003,1,198.9,75.58
A02407,P021,2,81.9,62.24
A02407,P088,2,76.9,30.76
A02407,P097,1,27.9,5.58
A02408,P026,2,193.9,0.0
A02408,P060,1,297.9,0.0
A02409,P008,1,105.9,19.06
A02410,P016,1,203.9,36.7
A02410,P020,1,196.9,35.44
A02410,P120,1,195.9,0.0
A02411,P022,1,79.9,30.36
A02412,P002,2,111.9,0.0
A02412,P007,1,153.9,27.7
A02412,P074,2,281.9,0.0
A02412,P108,1,79.9,0.0
A02413,P113,1,244.9,48.98
A02414,P011,1,72.9,27.7
A02414,P107,1,203.9,40.78
A02415,P049,1,175.9,0.0
A02415,P089,1,59.9,0.0
A02416,P045,2,83.9,0.0
A02417,P079,1,230.9,0.0
A02417,P116,1,234.9,0.0
A02418,P003,1,198.9,35.8
A02418,P023,2,174.9,0.0
A02418,P084,1,18.9,0.0
A02419,P022,1,79.9,14.38
A02419,P023,3,174.9,0.0
A02419,P046,1,41.9,0.0
A02419,P086,3,99.9,0.0
A02419,P110,1,225.9,0.0
A02419,P113,1,244.9,0.0
A02420,P024,1,228.9,0.0
A02420,P026,1,193.9,34.9
A02420,P052,2,124.9,0.0
A02420,P084,3,18.9,0.0
A02421,P065,1,48.9,0.0
A02422,P010,1,163.9,29.5
A02423,P019,1,157.9,0.0
A02423,P074,1,281.9,0.0
A02423,P113,1,244.9,0.0
A02424,P012,1,77.9,0.0
A02424,P048,2,100.9,0.0
A02425,P002,1,111.9,20.14
A02425,P007,2,153.9,0.0
A02425,P054,1,207.9,0.0
A02426,P048,1,100.9,20.18
A02426,P075,1,115.9,23.18
A02426,P104,1,307.9,61.58
A02427,P003,1,198.9,55.69
A02428,P020,4,196.9,299.29
A02428,P025,2,104.9,79.72
A02428,P074,1,281.9,56.38
A02428,P091,1,57.9,11.58
A02429,P032,1,176.9,0.0
A02430,P026,2,193.9,69.8
A02431,P065,1,48.9,9.78
A02431,P104,1,307.9,61.58
A02432,P058,1,271.9,0.0
A02432,P061,1,233.9,0.0
A02433,P012,1,77.9,29.6
A02433,P014,1,144.9,55.06
A02433,P018,2,119.9,47.96
A02433,P085,3,33.9,20.34
A02433,P105,2,88.9,35.56
A02433,P120,3,195.9,117.54
A02434,P053,1,86.9,0.0
A02434,P069,2,266.9,0.0
A02434,P117,2,281.9,0.0
A02435,P032,1,176.9,0.0
A02436,P035,1,174.9,0.0
A02436,P088,1,76.9,0.0
A02437,P037,1,68.9,13.78
A02437,P039,2,184.9,73.96
A02437,P098,1,87.9,17.58
A02437,P103,1,266.9,53.38
A02438,P021,1,81.9,14.74
A02438,P040,2,180.9,0.0
A02439,P021,1,81.9,14.74
A02439,P029,1,173.9,0.0
A02439,P067,1,68.9,0.0
A02440,P054,1,207.9,41.58
A02440,P091,2,57.9,23.16
A02441,P101,1,222.9,0.0
A02442,P018,1,119.9,0.0
A02443,P006,1,208.9,37.6
A02443,P008,2,105.9,38.12
A02443,P031,1,93.9,0.0
A02443,P037,2,68.9,0.0
A02443,P088,2,76.9,0.0
A02443,P097,1,27.9,0.0
A02444,P001,1,40.9,7.36
A02444,P011,1,72.9,13.12
A02444,P012,1,77.9,0.0
A02444,P015,2,149.9,53.96
A02444,P074,2,281.9,0.0
A02444,P083,1,116.9,0.0
A02444,P103,2,266.9,0.0
A02445,P007,1,153.9,27.7
A02445,P087,1,78.9,0.0
A02446,P016,1,203.9,36.7
A02446,P042,1,121.9,0.0
A02447,P060,1,297.9,0.0
A02447,P097,1,27.9,0.0
A02448,P047,3,153.9,0.0
A02448,P099,2,54.9,0.0
A02448,P103,1,266.9,0.0
A02449,P010,2,163.9,65.56
A02449,P022,1,79.9,30.36
A02449,P033,3,51.9,31.14
A02449,P048,1,100.9,20.18
A02450,P051,1,126.9,0.0
A02451,P038,1,55.9,0.0
A02451,P053,2,86.9,0.0
A02451,P072,1,50.9,0.0
A02451,P079,1,230.9,0.0
A02451,P084,1,18.9,0.0
A02452,P008,2,105.9,42.36
A02452,P053,1,86.9,17.38
A02452,P086,1,99.9,19.98
A02453,P027,2,187.9,67.64
A02453,P073,1,266.9,0.0
A02453,P106,1,87.9,0.0
A02454,P013,1,99.9,17.98
A02454,P097,1,27.9,0.0
A02454,P106,1,87.9,0.0
A02454,P119,2,70.9,0.0
A02455,P011,1,72.9,13.12
A02455,P101,1,222.9,0.0
A02456,P027,1,187.9,33.82
A02456,P094,1,84.9,0.0
A02456,P105,1,88.9,0.0
A02457,P106,1,87.9,0.0
A02457,P120,1,195.9,0.0
A02458,P023,2,174.9,97.94
A02458,P054,1,207.9,20.79
A02459,P015,1,149.9,0.0
A02459,P095,1,89.9,0.0
A02460,P080,1,149.9,0.0
A02461,P003,2,198.9,71.6
A02461,P031,1,93.9,0.0
A02461,P099,1,54.9,0.0
A02462,P045,1,83.9,16.78
A02462,P046,1,41.9,8.38
A02463,P010,2,163.9,0.0
A02463,P015,1,149.9,26.98
A02464,P065,2,48.9,0.0
A02464,P117,1,281.9,0.0
A02464,P118,2,192.9,0.0
A02465,P014,1,144.9,26.08
A02466,P027,2,187.9,67.64
A02466,P097,1,27.9,0.0
A02466,P100,1,110.9,0.0
A02467,P040,1,180.9,0.0
A02467,P043,2,51.9,0.0
A02467,P090,1,64.9,0.0
A02468,P096,1,102.9,10.29
A02469,P028,1,241.9,43.54
A02469,P031,1,93.9,0.0
A02469,P058,1,271.9,0.0
A02469,P085,1,33.9,0.0
A02470,P010,2,163.9,59.0
A02470,P021,2,81.9,29.48
A02471,P030,2,166.9,60.08
A02471,P052,1,124.9,0.0
A02471,P093,1,36.9,0.0
A02471,P096,2,102.9,0.0
A02471,P110,1,225.9,0.0
A02472,P002,3,111.9,60.43
A02472,P040,1,180.9,0.0
A02472,P049,1,175.9,0.0
A02472,P053,3,86.9,0.0
A02472,P116,4,234.9,0.0
A02473,P054,1,207.9,0.0
A02474,P045,1,83.9,8.39
A02474,P049,1,175.9,17.59
A02474,P077,2,284.9,56.98
A02474,P089,1,59.9,5.99
A02475,P009,1,248.9,44.8
A02475,P024,1,228.9,0.0
A02476,P009,1,248.9,94.58
A02476,P082,1,108.9,21.78
A02477,P016,2,203.9,73.4
A02477,P052,1,124.9,0.0
A02477,P084,1,18.9,0.0
A02477,P092,3,39.9,0.0
A02478,P004,1,123.9,47.08
A02478,P034,3,162.9,97.74
A02478,P035,1,174.9,34.98
A02478,P067,2,68.9,27.56
A02478,P068,2,166.9,66.76
A02478,P082,4,108.9,87.12
A02478,P116,1,234.9,46.98
A02479,P120,1,195.9,39.18
A02480,P063,1,286.9,0.0
A02481,P043,1,51.9,10.38
A02481,P047,2,153.9,61.56
A02481,P076,3,203.9,122.34
A02482,P041,1,118.9,0.0
A02483,P100,1,110.9,0.0
A02484,P042,3,121.9,0.0
A02484,P051,1,126.9,0.0
A02485,P032,1,176.9,0.0
A02485,P050,2,97.9,0.0
A02485,P090,1,64.9,0.0
A02485,P101,1,222.9,0.0
A02485,P109,2,221.9,0.0
A02485,P110,2,225.9,0.0
A02486,P002,1,111.9,0.0
A02486,P010,2,163.9,59.0
A02487,P030,1,166.9,30.04
A02487,P036,1,68.9,0.0
A02487,P047,1,153.9,0.0
A02488,P077,1,284.9,56.98
A02489,P013,1,99.9,17.98
A02489,P014,3,144.9,78.25
A02489,P040,2,180.9,0.0
A02490,P056,1,179.9,0.0
A02491,P008,1,105.9,40.24
A02492,P027,1,187.9,0.0
A02493,P004,1,123.9,22.3
A02493,P082,1,108.9,0.0
A02494,P014,1,144.9,26.08
A02494,P077,1,284.9,0.0
A02494,P112,1,141.9,0.0
A02495,P102,2,299.9,0.0
A02495,P112,1,141.9,0.0
A02496,P026,1,193.9,34.9
A02496,P082,1,108.9,0.0
A02497,P039,1,184.9,0.0
A02497,P041,1,118.9,0.0
A02498,P033,1,51.9,0.0
A02498,P093,1,36.9,0.0
A02499,P006,1,208.9,37.6
A02499,P054,1,207.9,0.0
A02500,P036,2,68.9,0.0
A02500,P061,1,233.9,0.0
A02500,P077,2,284.9,0.0
A02500,P096,1,102.9,0.0
A02501,P011,2,72.9,26.24
A02502,P037,1,68.9,0.0
A02502,P045,2,83.9,0.0
A02502,P106,1,87.9,0.0
A02503,P105,1,88.9,0.0
A02504,P039,2,184.9,36.98
A02504,P055,1,135.9,13.59
A02505,P012,1,77.9,0.0
A02505,P022,1,79.9,14.38
A02505,P090,2,64.9,0.0
A02506,P073,1,266.9,26.69
A02507,P018,1,119.9,21.58
A02507,P113,1,244.9,0.0
A02508,P096,1,102.9,20.58
A02509,P002,1,111.9,0.0
A02509,P054,1,207.9,0.0
A02509,P056,1,179.9,0.0
A02510,P098,1,87.9,0.0
A02511,P001,1,40.9,15.54
A02511,P009,1,248.9,49.78
A02511,P011,1,72.9,27.7
A02512,P037,1,68.9,6.89
A02512,P045,2,83.9,16.78
A02512,P086,1,99.9,9.99
A02513,P027,2,187.9,67.64
A02513,P030,1,166.9,30.04
A02514,P039,1,184.9,36.98
A02514,P118,1,192.9,38.58
A02515,P013,1,99.9,0.0
A02516,P006,1,208.9,0.0
A02516,P065,1,48.9,0.0
A02516,P112,2,141.9,0.0
A02517,P032,1,176.9,0.0
A02518,P013,1,99.9,17.98
A02518,P082,1,108.9,0.0
A02518,P083,2,116.9,0.0
A02518,P087,1,78.9,0.0
A02519,P068,1,166.9,0.0
A02519,P119,1,70.9,0.0
A02520,P014,1,144.9,26.08
A02520,P112,2,141.9,0.0
A02520,P117,1,281.9,0.0
A02520,P119,1,70.9,0.0
A02521,P014,2,144.9,52.16
A02521,P091,2,57.9,0.0
A02522,P061,2,233.9,0.0
A02523,P097,1,27.9,0.0
A02524,P006,1,208.9,58.49
A02524,P039,2,184.9,36.98
A02524,P095,1,89.9,8.99
A02525,P094,1,84.9,0.0
A02525,P096,1,102.9,0.0
A02526,P052,1,124.9,0.0
A02527,P040,1,180.9,36.18
A02527,P097,1,27.9,5.58
A02528,P046,1,41.9,0.0
A02528,P109,1,221.9,0.0
A02529,P015,1,149.9,0.0
A02529,P033,2,51.9,0.0
A02529,P095,1,89.9,0.0
A02529,P103,2,266.9,0.0
A02530,P043,2,51.9,0.0
A02530,P075,2,115.9,0.0
A02531,P018,1,119.9,0.0
A02531,P117,1,281.9,0.0
A02532,P011,1,72.9,20.41
A02533,P023,1,174.9,0.0
A02533,P030,1,166.9,0.0
A02534,P066,1,238.9,0.0
A02534,P112,1,141.9,0.0
A02535,P004,1,123.9,0.0
A02535,P034,1,162.9,0.0
A02536,P004,1,123.9,22.3
A02536,P101,1,222.9,0.0
A02537,P009,2,248.9,139.38
A02537,P014,2,144.9,81.14
A02537,P029,2,173.9,97.38
A02537,P050,3,97.9,29.37
A02537,P087,1,78.9,7.89
A02538,P004,2,123.9,69.38
A02538,P011,1,72.9,20.41
A02539,P011,1,72.9,13.12
A02539,P060,1,297.9,0.0
A02540,P050,1,97.9,0.0
A02540,P103,1,266.9,0.0
A02541,P086,1,99.9,0.0
A02542,P012,2,77.9,59.2
A02542,P052,1,124.9,24.98
A02542,P098,2,87.9,35.16
A02543,P011,1,72.9,13.12
A02543,P070,2,132.9,0.0
A02543,P111,1,169.9,0.0
A02544,P009,1,248.9,44.8
A02545,P077,3,284.9,85.47
A02545,P099,1,54.9,5.49
A02546,P105,1,88.9,0.0
A02547,P009,2,248.9,89.6
A02547,P022,1,79.9,14.38
A02547,P023,1,174.9,31.48
A02547,P030,1,166.9,30.04
A02547,P031,1,93.9,0.0
A02547,P061,2,233.9,0.0
A02547,P069,2,266.9,0.0
A02547,P088,2,76.9,0.0
A02547,P111,4,169.9,0.0
A02548,P008,1,105.9,0.0
A02548,P047,1,153.9,0.0
A02548,P052,1,124.9,0.0
A02549,P021,1,81.9,14.74
A02549,P034,1,162.9,0.0
A02550,P089,1,59.9,11.98
A02550,P108,1,79.9,15.98
A02551,P006,1,208.9,0.0
A02551,P056,1,179.9,0.0
A02551,P087,2,78.9,0.0
A02552,P007,2,153.9,0.0
A02552,P049,3,175.9,0.0
A02552,P053,1,86.9,0.0
A02552,P054,1,207.9,0.0
A02552,P065,1,48.9,0.0
A02553,P095,1,89.9,0.0
A02553,P114,1,246.9,0.0
A02554,P029,1,173.9,66.08
A02555,P052,3,124.9,0.0
A02555,P053,1,86.9,0.0
A02555,P097,1,27.9,0.0
A02556,P022,1,79.9,0.0
A02556,P026,2,193.9,0.0
A02557,P004,1,123.9,22.3
A02558,P079,1,230.9,0.0
A02559,P036,1,68.9,0.0
A02559,P042,1,121.9,0.0
A02560,P074,1,281.9,0.0
A02560,P102,2,299.9,0.0
A02560,P116,1,234.9,0.0
A02561,P001,1,40.9,7.36
A02562,P071,1,46.9,9.38
A02563,P006,2,208.9,75.2
A02563,P067,1,68.9,0.0
A02563,P074,1,281.9,0.0
A02563,P090,1,64.9,0.0
A02563,P118,1,192.9,0.0
A02564,P068,1,166.9,33.38
A02564,P089,1,59.9,11.98
A02565,P014,1,144.9,26.08
A02565,P051,1,126.9,0.0
A02565,P078,1,190.9,0.0
A02565,P106,2,87.9,0.0
A02565,P115,2,295.9,0.0
A02566,P074,2,281.9,0.0
A02566,P075,1,115.9,0.0
A02566,P078,1,190.9,0.0
A02566,P094,2,84.9,0.0
A02567,P013,1,99.9,19.98
A02567,P082,1,108.9,21.78
A02567,P091,1,57.9,11.58
A02568,P013,3,99.9,113.89
A02568,P039,2,184.9,73.96
A02568,P044,1,99.9,19.98
A02569,P010,1,163.9,29.5
A02570,P054,1,207.9,41.58
A02571,P024,1,228.9,86.98
A02571,P091,1,57.9,11.58
A02571,P107,1,203.9,40.78
A02572,P049,1,175.9,0.0
A02572,P068,3,166.9,0.0
A02573,P029,1,173.9,31.3
A02573,P052,1,124.9,0.0
A02573,P079,1,230.9,0.0
A02574,P038,1,55.9,0.0
A02574,P046,1,41.9,0.0
A02574,P079,1,230.9,0.0
A02575,P025,1,104.9,20.98
A02575,P063,1,286.9,57.38
A02575,P109,2,221.9,88.76
A02576,P064,1,140.9,0.0
A02577,P022,1,79.9,7.99
A02578,P001,2,40.9,14.72
A02578,P016,1,203.9,36.7
A02578,P053,3,86.9,0.0
A02579,P100,3,110.9,0.0
A02579,P105,1,88.9,0.0
A02579,P117,1,281.9,0.0
A02580,P017,1,116.9,0.0
A02580,P033,1,51.9,0.0
A02581,P012,2,77.9,28.04
A02581,P024,1,228.9,41.2
A02581,P115,1,295.9,0.0
A02582,P035,3,174.9,0.0
A02582,P076,2,203.9,0.0
A02582,P084,1,18.9,0.0
A02582,P119,2,70.9,0.0
A02583,P070,1,132.9,0.0
A02583,P111,1,169.9,0.0
A02584,P067,1,68.9,0.0
A02585,P002,1,111.9,0.0
A02585,P068,1,166.9,0.0
A02586,P004,1,123.9,22.3
A02587,P044,1,99.9,19.98
A02587,P056,1,179.9,35.98
A02588,P038,1,55.9,0.0
A02588,P051,1,126.9,0.0
A02588,P119,1,70.9,0.0
A02589,P079,2,230.9,0.0
A02590,P023,1,174.9,17.49
A02590,P060,1,297.9,29.79
A02591,P025,1,104.9,18.88
A02591,P063,1,286.9,0.0
A02591,P110,1,225.9,0.0
A02591,P119,1,70.9,0.0
A02592,P105,1,88.9,0.0
A02593,P085,1,33.9,6.78
A02593,P120,1,195.9,39.18
A02594,P087,1,78.9,0.0
A02595,P082,1,108.9,0.0
A02595,P091,2,57.9,0.0
A02595,P095,2,89.9,0.0
A02595,P111,2,169.9,0.0
A02595,P116,1,234.9,0.0
A02596,P060,1,297.9,0.0
A02596,P061,1,233.9,0.0
A02597,P069,1,266.9,26.69
A02598,P013,1,99.9,27.97
A02598,P018,1,119.9,33.57
A02598,P034,2,162.9,32.58
A02598,P040,1,180.9,18.09
A02598,P057,1,246.9,24.69
A02599,P017,2,116.9,0.0
A02599,P026,1,193.9,0.0
A02599,P097,1,27.9,0.0
A02600,P031,1,93.9,0.0
A02600,P088,2,76.9,0.0
A02600,P107,1,203.9,0.0
A02601,P045,2,83.9,0.0
A02602,P030,1,166.9,30.04
A02602,P041,1,118.9,0.0
A02602,P055,1,135.9,0.0
A02602,P087,3,78.9,0.0
A02602,P094,2,84.9,0.0
A02603,P031,2,93.9,0.0
A02603,P046,2,41.9,0.0
A02604,P008,3,105.9,57.19
A02604,P041,1,118.9,0.0
A02604,P051,2,126.9,0.0
A02604,P083,1,116.9,0.0
A02605,P019,1,157.9,28.42
A02605,P074,1,281.9,0.0
A02606,P013,2,99.9,19.98
A02606,P081,1,18.9,1.89
A02607,P056,1,179.9,0.0
A02607,P115,1,295.9,0.0
A02608,P072,1,50.9,0.0
A02608,P105,2,88.9,0.0
A02609,P013,1,99.9,0.0
A02610,P016,1,203.9,36.7
A02610,P018,2,119.9,43.16
A02610,P045,1,83.9,0.0
A02611,P002,4,111.9,80.57
A02611,P016,2,203.9,73.4
A02611,P056,3,179.9,0.0
A02611,P058,1,271.9,0.0
A02611,P067,2,68.9,0.0
A02611,P073,3,266.9,0.0
A02611,P098,2,87.9,0.0
A02612,P041,3,118.9,0.0
A02613,P087,2,78.9,0.0
A02613,P092,2,39.9,0.0
A02614,P088,1,76.9,0.0
A02615,P003,3,198.9,107.41
A02615,P013,1,99.9,17.98
A02615,P019,1,157.9,0.0
A02615,P037,1,68.9,0.0
A02615,P062,2,72.9,0.0
A02615,P089,1,59.9,0.0
A02615,P118,1,192.9,0.0
A02616,P013,2,99.9,0.0
A02616,P114,2,246.9,0.0
A02616,P119,2,70.9,0.0
A02617,P032,1,176.9,0.0
A02617,P097,2,27.9,0.0
A02618,P070,1,132.9,13.29
A02619,P011,1,72.9,13.12
A02620,P004,1,123.9,22.3
A02620,P042,1,121.9,0.0
A02620,P065,1,48.9,0.0
A02620,P078,1,190.9,0.0
A02621,P006,3,208.9,238.15
A02621,P013,2,99.9,75.92
A02621,P061,1,233.9,46.78
A02621,P086,1,99.9,19.98
A02621,P109,2,221.9,88.76
A02621,P111,1,169.9,33.98
A02622,P113,2,244.9,0.0
A02622,P116,1,234.9,0.0
A02623,P011,2,72.9,26.24
A02623,P105,1,88.9,0.0
A02623,P112,1,141.9,0.0
A02624,P052,1,124.9,0.0
A02624,P092,1,39.9,0.0
A02625,P003,1,198.9,75.58
A02625,P015,2,149.9,113.92
A02625,P032,2,176.9,70.76
A02625,P091,1,57.9,11.58
A02626,P030,1,166.9,30.04
A02627,P034,2,162.9,0.0
A02627,P069,3,266.9,0.0
A02627,P078,2,190.9,0.0
A02628,P104,1,307.9,0.0
A02629,P007,1,153.9,43.09
A02629,P015,1,149.9,41.97
A02629,P087,1,78.9,7.89
A02629,P110,1,225.9,22.59
A02630,P006,1,208.9,37.6
A02631,P015,3,149.9,80.95
A02631,P090,2,64.9,0.0
A02631,P112,1,141.9,0.0
A02632,P055,1,135.9,0.0
A02633,P035,1,174.9,0.0
A02633,P093,1,36.9,0.0
A02634,P090,1,64.9,0.0
A02635,P114,1,246.9,49.38
A02636,P003,2,198.9,0.0
A02636,P037,1,68.9,0.0
A02636,P105,1,88.9,0.0
A02637,P003,1,198.9,0.0
A02637,P034,1,162.9,0.0
A02638,P114,2,246.9,0.0
A02639,P018,1,119.9,21.58
A02639,P042,1,121.9,0.0
A02639,P102,1,299.9,0.0
A02640,P039,1,184.9,0.0
A02640,P102,1,299.9,0.0
A02641,P041,1,118.9,0.0
A02641,P089,1,59.9,0.0
A02642,P004,2,123.9,94.16
A02642,P069,1,266.9,53.38
A02642,P110,2,225.9,90.36
A02643,P025,2,104.9,79.72
A02643,P029,2,173.9,132.16
A02643,P088,1,76.9,15.38
A02643,P091,2,57.9,23.16
A02643,P096,1,102.9,20.58
A02644,P014,2,144.9,52.16
A02645,P042,1,121.9,12.19
A02645,P112,1,141.9,14.19
A02646,P011,2,72.9,29.16
A02646,P017,4,116.9,93.52
A02646,P040,2,180.9,72.36
A02646,P057,1,246.9,49.38
A02646,P062,1,72.9,14.58
A02646,P102,2,299.9,119.96
A02646,P106,1,87.9,17.58
A02647,P017,2,116.9,42.08
A02647,P018,2,119.9,43.16
A02647,P087,2,78.9,0.0
A02647,P089,1,59.9,0.0
A02648,P049,1,175.9,0.0
A02649,P082,2,108.9,0.0
A02649,P100,1,110.9,0.0
A02650,P039,1,184.9,0.0
A02651,P031,1,93.9,0.0
A02651,P047,1,153.9,0.0
A02652,P075,1,115.9,0.0
A02652,P098,1,87.9,0.0
A02653,P075,1,115.9,0.0
A02654,P071,1,46.9,0.0
A02654,P090,1,64.9,0.0
A02654,P100,1,110.9,0.0
A02654,P101,1,222.9,0.0
A02655,P007,1,153.9,27.7
A02655,P025,1,104.9,18.88
A02655,P109,1,221.9,0.0
A02656,P070,1,132.9,0.0
A02656,P081,1,18.9,0.0
A02656,P099,1,54.9,0.0
A02657,P037,1,68.9,0.0
A02657,P110,1,225.9,0.0
A02658,P004,2,123.9,44.6
A02658,P025,1,104.9,18.88
A02658,P069,1,266.9,0.0
A02658,P092,1,39.9,0.0
A02659,P012,1,77.9,14.02
A02659,P021,3,81.9,44.23
A02659,P065,1,48.9,0.0
A02659,P087,1,78.9,0.0
A02660,P098,2,87.9,17.58
A02660,P099,1,54.9,5.49
A02661,P072,1,50.9,0.0
A02662,P053,1,86.9,17.38
A02662,P096,1,102.9,20.58
A02663,P024,1,228.9,41.2
A02663,P033,2,51.9,0.0
A02663,P105,2,88.9,0.0
A02664,P020,1,196.9,0.0
A02665,P011,1,72.9,0.0
A02666,P024,1,228.9,41.2
A02666,P028,1,241.9,43.54
A02666,P043,1,51.9,0.0
A02667,P003,1,198.9,35.8
A02667,P014,1,144.9,26.08
A02667,P025,1,104.9,0.0
A02667,P100,1,110.9,0.0
A02668,P029,1,173.9,31.3
A02669,P024,1,228.9,0.0
A02669,P037,1,68.9,0.0
A02669,P044,1,99.9,0.0
A02670,P106,1,87.9,8.79
A02671,P009,1,248.9,44.8
A02671,P023,1,174.9,0.0
A02671,P031,1,93.9,0.0
A02672,P044,1,99.9,0.0
A02672,P083,1,116.9,0.0
A02673,P115,1,295.9,0.0
A02674,P019,1,157.9,28.42
A02674,P040,1,180.9,0.0
A02675,P016,1,203.9,36.7
A02675,P052,2,124.9,0.0
A02676,P092,1,39.9,0.0
A02677,P028,1,241.9,43.54
A02677,P084,2,18.9,0.0
A02677,P089,1,59.9,0.0
A02678,P045,1,83.9,0.0
A02678,P069,1,266.9,0.0
A02678,P098,2,87.9,0.0
A02678,P105,1,88.9,0.0
A02679,P027,1,187.9,33.82
A02680,P091,1,57.9,5.79
A02680,P100,1,110.9,11.09
A02681,P034,1,162.9,0.0
A02681,P089,1,59.9,0.0
A02681,P105,1,88.9,0.0
A02682,P021,1,81.9,14.74
A02682,P067,1,68.9,0.0
A02682,P070,1,132.9,0.0
A02682,P078,1,190.9,0.0
A02682,P113,1,244.9,0.0
A02683,P049,1,175.9,0.0
A02683,P114,1,246.9,0.0
A02684,P004,1,123.9,22.3
A02684,P027,1,187.9,33.82
A02684,P033,1,51.9,0.0
A02684,P040,1,180.9,0.0
A02684,P047,3,153.9,0.0
A02684,P055,1,135.9,0.0
A02684,P096,1,102.9,0.0
A02685,P031,1,93.9,0.0
A02685,P052,2,124.9,0.0
A02685,P053,1,86.9,0.0
A02686,P002,1,111.9,31.33
A02686,P042,1,121.9,12.19
A02686,P045,1,83.9,8.39
A02687,P023,1,174.9,66.46
A02687,P078,1,190.9,38.18
A02688,P001,1,40.9,11.45
A02688,P077,1,284.9,28.49
A02689,P027,1,187.9,0.0
A02689,P090,1,64.9,0.0
A02690,P003,2,198.9,71.6
A02690,P061,1,233.9,0.0
A02691,P013,1,99.9,17.98
A02691,P059,1,278.9,0.0
A02692,P021,2,81.9,29.48
A02692,P058,1,271.9,0.0
A02692,P062,1,72.9,0.0
A02693,P001,3,40.9,22.09
A02693,P016,3,203.9,110.11
A02693,P017,3,116.9,63.13
A02693,P081,1,18.9,0.0
A02693,P108,2,79.9,0.0
A02694,P016,1,203.9,36.7
A02695,P020,2,196.9,149.64
A02695,P032,1,176.9,35.38
A02695,P045,1,83.9,16.78
A02695,P083,1,116.9,23.38
A02696,P006,1,208.9,0.0
A02696,P032,1,176.9,0.0
A02697,P038,1,55.9,0.0
A02697,P111,1,169.9,0.0
A02698,P005,1,100.9,18.16
A02698,P041,1,118.9,0.0
A02698,P065,1,48.9,0.0
A02699,P009,1,248.9,44.8
A02699,P014,1,144.9,26.08
A02700,P033,1,51.9,10.38
A02700,P061,1,233.9,46.78
A02700,P119,1,70.9,14.18
A02701,P052,1,124.9,0.0
A02702,P006,2,208.9,75.2
A02702,P013,1,99.9,0.0
A02702,P040,1,180.9,0.0
A02703,P001,3,40.9,46.63
A02703,P011,1,72.9,27.7
A02703,P045,1,83.9,16.78
A02703,P053,1,86.9,17.38
A02704,P002,1,111.9,42.52
A02704,P020,1,196.9,74.82
A02704,P055,2,135.9,54.36
A02704,P060,1,297.9,59.58
A02705,P042,1,121.9,0.0
A02705,P074,1,281.9,0.0
A02706,P018,2,119.9,43.16
A02706,P060,1,297.9,0.0
A02706,P083,1,116.9,0.0
A02706,P103,1,266.9,0.0
A02707,P017,1,116.9,44.42
A02707,P026,2,193.9,147.36
A02708,P117,1,281.9,0.0
A02709,P024,2,228.9,45.78
A02710,P006,1,208.9,79.38
A02710,P015,1,149.9,56.96
A02710,P026,1,193.9,38.78
A02710,P044,3,99.9,59.94
A02710,P072,1,50.9,10.18
A02710,P096,1,102.9,20.58
A02711,P035,1,174.9,0.0
A02712,P034,1,162.9,0.0
A02712,P092,2,39.9,0.0
A02713,P010,1,163.9,45.89
A02713,P056,1,179.9,17.99
A02714,P007,3,153.9,0.0
A02714,P030,1,166.9,30.04
A02714,P050,1,97.9,0.0
A02714,P097,2,27.9,0.0
A02715,P004,1,123.9,22.3
A02715,P089,1,59.9,0.0
A02716,P034,1,162.9,0.0
A02716,P098,1,87.9,0.0
A02716,P103,1,266.9,0.0
A02717,P058,2,271.9,0.0
A02717,P084,1,18.9,0.0
A02717,P091,2,57.9,0.0
A02718,P006,2,208.9,75.2
A02718,P013,1,99.9,17.98
A02718,P031,3,93.9,0.0
A02718,P069,1,266.9,0.0
A02719,P021,1,81.9,14.74
A02719,P095,1,89.9,0.0
A02720,P013,1,99.9,17.98
A02720,P094,1,84.9,0.0
A02721,P012,1,77.9,21.81
A02721,P073,1,266.9,26.69
A02722,P003,2,198.9,71.6
A02722,P025,2,104.9,0.0
A02722,P088,2,76.9,0.0
A02723,P003,3,198.9,226.75
A02723,P005,2,100.9,76.68
A02723,P078,1,190.9,38.18
A02723,P108,1,79.9,15.98
A02724,P007,1,153.9,43.09
A02724,P029,4,173.9,194.77
A02724,P044,3,99.9,29.97
A02724,P055,1,135.9,13.59
A02724,P069,5,266.9,133.45
A02724,P090,6,64.9,38.94
A02724,P116,3,234.9,70.47
A02725,P004,2,123.9,44.6
A02725,P010,1,163.9,0.0
A02726,P017,2,116.9,23.38
A02726,P072,1,50.9,5.09
A02727,P024,1,228.9,41.2
A02727,P054,1,207.9,0.0
A02728,P015,1,149.9,26.98
A02728,P048,1,100.9,0.0
A02728,P097,1,27.9,0.0
A02729,P092,2,39.9,0.0
A02730,P005,2,100.9,0.0
A02730,P006,1,208.9,37.6
A02730,P044,1,99.9,0.0
A02731,P064,1,140.9,0.0
A02731,P066,1,238.9,0.0
A02732,P033,1,51.9,0.0
A02732,P118,2,192.9,0.0
A02732,P119,1,70.9,0.0
A02733,P090,1,64.9,0.0
A02734,P089,1,59.9,0.0
A02735,P056,1,179.9,0.0
A02735,P081,2,18.9,0.0
A02736,P012,1,77.9,14.02
A02736,P040,1,180.9,0.0
A02737,P001,1,40.9,0.0
A02737,P002,1,111.9,20.14
A02737,P044,2,99.9,0.0
A02737,P099,1,54.9,0.0
A02738,P018,1,119.9,45.56
A02739,P092,2,39.9,0.0
A02740,P033,1,51.9,0.0
A02740,P036,3,68.9,0.0
A02741,P001,1,40.9,0.0
A02742,P027,1,187.9,71.4
A02742,P103,1,266.9,53.38
A02743,P014,1,144.9,0.0
A02744,P051,1,126.9,0.0
A02745,P005,1,100.9,0.0
A02745,P037,1,68.9,0.0
A02745,P054,1,207.9,0.0
A02746,P026,1,193.9,54.29
A02746,P092,2,39.9,7.98
A02747,P003,1,198.9,0.0
A02747,P014,1,144.9,0.0
A02747,P048,1,100.9,0.0
A02748,P108,1,79.9,0.0
A02749,P030,1,166.9,0.0
A02749,P073,1,266.9,0.0
A02749,P097,1,27.9,0.0
A02750,P001,1,40.9,7.36
A02750,P083,1,116.9,0.0
A02750,P106,1,87.9,0.0
A02751,P020,1,196.9,35.44
A02751,P027,1,187.9,33.82
A02752,P002,1,111.9,0.0
A02752,P027,2,187.9,0.0
A02752,P101,1,222.9,0.0
A02752,P112,2,141.9,0.0
A02753,P085,1,33.9,0.0
A02754,P020,1,196.9,35.44
A02754,P079,1,230.9,0.0
A02755,P108,1,79.9,0.0
A02756,P018,2,119.9,43.16
A02756,P020,1,196.9,35.44
A02756,P082,3,108.9,0.0
A02757,P111,1,169.9,0.0
A02758,P090,1,64.9,0.0
A02759,P028,1,241.9,0.0
A02759,P095,2,89.9,0.0
A02760,P088,2,76.9,15.38
A02761,P049,1,175.9,0.0
A02762,P005,1,100.9,18.16
A02762,P020,2,196.9,0.0
A02762,P024,3,228.9,123.61
A02763,P017,2,116.9,42.08
A02763,P019,1,157.9,28.42
A02763,P033,2,51.9,0.0
A02763,P038,3,55.9,0.0
A02763,P053,1,86.9,0.0
A02763,P071,1,46.9,0.0
A02763,P093,2,36.9,0.0
A02764,P026,1,193.9,0.0
A02764,P038,1,55.9,0.0
A02764,P062,1,72.9,0.0
A02764,P093,2,36.9,0.0
A02764,P098,2,87.9,0.0
A02765,P014,1,144.9,14.49
A02765,P024,1,228.9,22.89
A02765,P080,2,149.9,29.98
A02765,P102,2,299.9,59.98
A02765,P110,1,225.9,22.59
A02766,P083,1,116.9,0.0
A02767,P090,2,64.9,12.98
A02768,P027,2,187.9,142.8
A02768,P035,1,174.9,34.98
A02768,P043,2,51.9,20.76
A02768,P083,1,116.9,23.38
A02769,P009,2,248.9,89.6
A02769,P010,2,163.9,0.0
A02769,P022,2,79.9,28.76
A02769,P042,1,121.9,0.0
A02770,P040,1,180.9,0.0
A02771,P003,2,198.9,0.0
A02771,P031,3,93.9,0.0
A02771,P032,1,176.9,0.0
A02771,P043,2,51.9,0.0
A02771,P076,2,203.9,0.0
A02772,P027,1,187.9,0.0
A02772,P059,1,278.9,0.0
A02773,P020,1,196.9,35.44
A02773,P040,1,180.9,0.0
A02773,P060,1,297.9,0.0
A02774,P084,1,18.9,0.0
A02775,P111,1,169.9,0.0
A02776,P069,1,266.9,0.0
A02777,P010,1,163.9,0.0
A02777,P031,1,93.9,0.0
A02777,P069,2,266.9,0.0
A02777,P074,3,281.9,0.0
A02777,P078,2,190.9,0.0
A02777,P105,1,88.9,0.0
A02778,P027,1,187.9,33.82
A02779,P002,1,111.9,20.14
A02779,P004,1,123.9,22.3
A02779,P020,1,196.9,0.0
A02780,P092,1,39.9,0.0
A02780,P114,1,246.9,0.0
A02781,P013,1,99.9,37.96
A02781,P101,1,222.9,44.58
A02782,P096,1,102.9,0.0
A02782,P097,1,27.9,0.0
A02783,P047,1,153.9,0.0
A02783,P091,1,57.9,0.0
A02783,P095,1,89.9,0.0
A02784,P017,1,116.9,21.04
A02784,P099,2,54.9,0.0
A02784,P113,1,244.9,0.0
A02785,P069,1,266.9,0.0
A02786,P006,1,208.9,37.6
A02786,P038,1,55.9,0.0
A02786,P113,1,244.9,0.0
A02787,P016,1,203.9,36.7
A02787,P029,3,173.9,93.91
A02787,P044,2,99.9,0.0
A02787,P071,1,46.9,0.0
A02787,P098,1,87.9,0.0
A02788,P043,1,51.9,0.0
A02788,P093,1,36.9,0.0
A02788,P117,1,281.9,0.0
A02789,P021,1,81.9,14.74
A02789,P038,1,55.9,0.0
A02789,P093,1,36.9,0.0
A02790,P048,1,100.9,0.0
A02790,P089,2,59.9,0.0
A02790,P106,1,87.9,0.0
A02791,P045,2,83.9,0.0
A02791,P088,3,76.9,0.0
A02791,P090,4,64.9,0.0
A02792,P109,1,221.9,0.0
A02793,P112,1,141.9,0.0
A02793,P114,1,246.9,0.0
A02794,P006,2,208.9,158.76
A02794,P020,1,196.9,74.82
A02794,P115,1,295.9,59.18
A02795,P022,1,79.9,14.38
A02795,P104,1,307.9,0.0
A02796,P081,1,18.9,0.0
A02796,P101,1,222.9,0.0
A02797,P001,2,40.9,22.9
A02798,P002,1,111.9,31.33
A02798,P114,1,246.9,24.69
A02799,P056,2,179.9,0.0
A02799,P110,1,225.9,0.0
A02799,P118,1,192.9,0.0
A02800,P012,1,77.9,14.02
A02801,P006,1,208.9,37.6
A02801,P067,1,68.9,0.0
A02801,P087,1,78.9,0.0
A02801,P089,1,59.9,0.0
A02801,P116,1,234.9,0.0
A02802,P031,1,93.9,0.0
A02802,P043,2,51.9,0.0
A02803,P011,1,72.9,0.0
A02803,P033,1,51.9,0.0
A02804,P007,2,153.9,0.0
A02804,P069,1,266.9,0.0
A02805,P032,2,176.9,35.38
A02805,P114,1,246.9,24.69
A02806,P004,1,123.9,22.3
A02806,P044,1,99.9,0.0
A02806,P047,1,153.9,0.0
A02806,P054,2,207.9,0.0
A02806,P082,2,108.9,0.0
A02807,P099,1,54.9,0.0
A02808,P033,1,51.9,5.19
A02809,P003,1,198.9,35.8
A02809,P020,1,196.9,0.0
A02809,P024,2,228.9,82.4
A02810,P064,1,140.9,28.18
A02811,P036,1,68.9,13.78
A02811,P086,1,99.9,19.98
A02811,P094,1,84.9,16.98
A02811,P105,1,88.9,17.78
A02812,P043,1,51.9,10.38
A02813,P009,1,248.9,49.78
A02813,P042,1,121.9,24.38
A02814,P001,1,40.9,7.36
A02814,P020,3,196.9,0.0
A02814,P037,2,68.9,0.0
A02814,P045,3,83.9,0.0
A02814,P048,2,100.9,0.0
A02814,P070,2,132.9,0.0
A02814,P098,1,87.9,0.0
A02815,P010,1,163.9,29.5
A02815,P081,1,18.9,0.0
A02816,P034,1,162.9,0.0
A02817,P067,1,68.9,0.0
A02817,P082,1,108.9,0.0
A02818,P003,1,198.9,35.8
A02818,P072,1,50.9,0.0
A02818,P085,2,33.9,0.0
A02819,P007,1,153.9,27.7
A02819,P086,2,99.9,0.0
A02819,P113,1,244.9,0.0
A02820,P005,1,100.9,18.16
A02820,P027,1,187.9,33.82
A02820,P112,2,141.9,0.0
A02821,P090,1,64.9,0.0
A02821,P098,1,87.9,0.0
A02822,P028,1,241.9,43.54
A02822,P046,2,41.9,0.0
A02822,P079,1,230.9,0.0
A02823,P009,1,248.9,0.0
A02823,P078,2,190.9,0.0
A02824,P012,1,77.9,0.0
A02825,P005,1,100.9,0.0
A02825,P028,1,241.9,0.0
A02825,P042,2,121.9,0.0
A02825,P059,1,278.9,0.0
A02825,P113,1,244.9,0.0
A02826,P037,2,68.9,0.0
A02826,P043,1,51.9,0.0
A02827,P006,2,208.9,116.98
A02827,P007,2,153.9,30.78
A02827,P017,1,116.9,32.73
A02827,P026,1,193.9,54.29
A02827,P043,2,51.9,10.38
A02827,P058,1,271.9,27.19
A02827,P092,3,39.9,11.97
A02828,P008,2,105.9,21.18
A02828,P010,1,163.9,45.89
A02828,P015,1,149.9,41.97
A02828,P051,1,126.9,12.69
A02828,P074,1,281.9,28.19
A02828,P082,1,108.9,10.89
A02828,P084,1,18.9,1.89
A02828,P114,1,246.9,24.69
A02829,P028,1,241.9,67.73
A02829,P033,2,51.9,10.38
A02829,P051,1,126.9,12.69
A02830,P094,1,84.9,0.0
A02830,P109,1,221.9,0.0
A02830,P117,1,281.9,0.0
A02831,P035,1,174.9,0.0
A02831,P044,1,99.9,0.0
A02832,P010,1,163.9,29.5
A02832,P029,1,173.9,0.0
A02833,P004,3,123.9,66.91
A02833,P006,2,208.9,75.2
A02833,P016,1,203.9,36.7
A02833,P024,1,228.9,41.2
A02833,P033,1,51.9,0.0
A02833,P040,1,180.9,0.0
A02833,P073,2,266.9,0.0
A02833,P107,3,203.9,0.0
A02834,P080,1,149.9,0.0
A02835,P079,1,230.9,0.0
A02836,P014,1,144.9,0.0
A02836,P022,3,79.9,43.15
A02836,P100,2,110.9,0.0
A02836,P109,1,221.9,0.0
A02837,P057,1,246.9,24.69
A02837,P083,1,116.9,11.69
A02838,P006,2,208.9,0.0
A02838,P040,1,180.9,0.0
A02838,P110,2,225.9,0.0
A02839,P004,2,123.9,44.6
A02839,P046,1,41.9,0.0
A02839,P080,2,149.9,0.0
A02840,P012,2,77.9,43.62
A02840,P091,2,57.9,11.58
A02840,P107,1,203.9,20.39
A02841,P050,1,97.9,0.0
A02841,P054,1,207.9,0.0
A02842,P038,2,55.9,0.0
A02843,P111,1,169.9,0.0
A02844,P004,1,123.9,22.3
A02845,P104,1,307.9,0.0
A02846,P013,1,99.9,17.98
A02846,P093,1,36.9,0.0
A02847,P046,2,41.9,0.0
A02847,P065,1,48.9,0.0
A02847,P082,1,108.9,0.0
A02848,P023,1,174.9,0.0
A02848,P049,2,175.9,0.0
A02849,P005,1,100.9,38.34
A02849,P055,1,135.9,27.18
A02850,P073,2,266.9,0.0
A02850,P090,1,64.9,0.0
A02851,P079,1,230.9,23.09
A02851,P090,1,64.9,6.49
A02851,P112,1,141.9,14.19
A02851,P113,3,244.9,73.47
A02852,P073,1,266.9,53.38
A02853,P051,1,126.9,0.0
A02853,P078,1,190.9,0.0
A02854,P055,1,135.9,0.0
A02854,P070,2,132.9,0.0
A02854,P092,1,39.9,0.0
A02855,P024,1,228.9,41.2
A02855,P036,1,68.9,0.0
A02855,P063,1,286.9,0.0
A02855,P090,1,64.9,0.0
A02855,P097,1,27.9,0.0
A02856,P022,1,79.9,22.37
A02856,P055,2,135.9,27.18
A02856,P058,1,271.9,27.19
A02857,P080,2,149.9,0.0
A02857,P084,2,18.9,0.0
A02857,P089,2,59.9,0.0
A02857,P115,2,295.9,0.0
A02858,P031,1,93.9,0.0
A02859,P039,2,184.9,0.0
A02859,P053,1,86.9,0.0
A02860,P078,1,190.9,0.0
A02860,P099,3,54.9,0.0
A02861,P009,1,248.9,44.8
A02861,P032,1,176.9,0.0
A02862,P032,1,176.9,0.0
A02863,P022,1,79.9,14.38
A02863,P063,2,286.9,0.0
A02864,P002,1,111.9,0.0
A02864,P101,1,222.9,0.0
A02864,P120,1,195.9,0.0
A02865,P039,2,184.9,0.0
A02865,P043,2,51.9,0.0
A02866,P056,1,179.9,0.0
A02866,P111,1,169.9,0.0
A02867,P033,2,51.9,0.0
A02868,P108,2,79.9,31.96
A02869,P035,1,174.9,17.49
A02869,P110,3,225.9,67.77
A02870,P048,1,100.9,0.0
A02870,P112,1,141.9,0.0
A02871,P025,1,104.9,18.88
A02871,P054,1,207.9,0.0
A02871,P055,1,135.9,0.0
A02872,P039,3,184.9,0.0
A02872,P099,2,54.9,0.0
A02873,P011,1,72.9,13.12
A02873,P111,1,169.9,0.0
A02874,P004,2,123.9,44.6
A02874,P019,1,157.9,28.42
A02874,P020,1,196.9,35.44
A02874,P021,1,81.9,14.74
A02874,P026,1,193.9,34.9
A02874,P030,2,166.9,60.08
A02874,P038,1,55.9,0.0
A02874,P045,3,83.9,0.0
A02874,P048,1,100.9,0.0
A02874,P049,2,175.9,0.0
A02874,P118,1,192.9,0.0
A02875,P026,1,193.9,34.9
A02875,P031,1,93.9,0.0
A02875,P103,2,266.9,0.0
A02876,P019,3,157.9,132.64
A02876,P082,1,108.9,10.89
A02876,P084,1,18.9,1.89
A02876,P110,1,225.9,22.59
A02877,P029,2,173.9,62.6
A02877,P045,2,83.9,0.0
A02878,P042,1,121.9,0.0
A02878,P098,1,87.9,0.0
A02879,P006,2,208.9,75.2
A02879,P010,1,163.9,29.5
A02879,P015,2,149.9,53.96
A02879,P020,1,196.9,35.44
A02879,P086,1,99.9,0.0
A02879,P098,1,87.9,0.0
A02880,P079,1,230.9,0.0
A02880,P098,1,87.9,0.0
A02880,P118,1,192.9,0.0
A02881,P015,1,149.9,29.98
A02882,P041,1,118.9,0.0
A02882,P065,2,48.9,0.0
A02883,P047,1,153.9,0.0
A02883,P078,1,190.9,0.0
A02883,P100,2,110.9,0.0
A02883,P116,2,234.9,0.0
A02884,P024,3,228.9,137.34
A02884,P047,1,153.9,30.78
A02885,P013,1,99.9,37.96
A02886,P065,1,48.9,0.0
A02886,P117,1,281.9,0.0
A02887,P069,2,266.9,0.0
A02887,P112,1,141.9,0.0
A02888,P047,1,153.9,0.0
A02888,P079,1,230.9,0.0
A02888,P090,1,64.9,0.0
A02888,P103,2,266.9,0.0
A02888,P118,1,192.9,0.0
A02889,P038,1,55.9,0.0
A02890,P021,1,81.9,0.0
A02890,P034,1,162.9,0.0
A02891,P020,1,196.9,35.44
A02891,P022,2,79.9,0.0
A02892,P002,1,111.9,20.14
A02893,P058,2,271.9,54.38
A02893,P097,1,27.9,2.79
A02894,P069,1,266.9,0.0
A02895,P054,1,207.9,0.0
A02895,P086,1,99.9,0.0
A02895,P119,2,70.9,0.0
A02896,P018,1,119.9,21.58
A02896,P070,1,132.9,0.0
A02897,P004,1,123.9,22.3
A02897,P014,1,144.9,0.0
A02897,P090,1,64.9,0.0
A02897,P116,2,234.9,0.0
A02898,P014,2,144.9,0.0
A02899,P031,2,93.9,0.0
A02899,P081,1,18.9,0.0
A02900,P023,2,174.9,62.96
A02900,P110,3,225.9,0.0
A02901,P021,1,81.9,14.74
A02901,P088,1,76.9,0.0
A02902,P038,1,55.9,0.0
A02902,P039,1,184.9,0.0
A02902,P041,2,118.9,0.0
A02902,P064,1,140.9,0.0
A02903,P021,1,81.9,14.74
A02903,P077,1,284.9,0.0
A02904,P034,1,162.9,0.0
A02904,P083,1,116.9,0.0
A02905,P052,1,124.9,0.0
A02905,P110,2,225.9,0.0
A02906,P087,1,78.9,7.89
A02907,P001,1,40.9,7.36
A02908,P069,1,266.9,0.0
A02909,P032,1,176.9,17.69
A02910,P022,1,79.9,7.99
A02911,P004,1,123.9,47.08
A02911,P119,1,70.9,14.18
A02912,P017,1,116.9,0.0
A02912,P021,1,81.9,0.0
A02912,P067,1,68.9,0.0
A02913,P080,1,149.9,0.0
A02914,P030,1,166.9,46.73
A02914,P033,1,51.9,5.19
A02914,P060,1,297.9,29.79
A02915,P030,2,166.9,0.0
A02915,P054,1,207.9,0.0
A02916,P055,1,135.9,13.59
A02916,P112,1,141.9,14.19
A02917,P051,1,126.9,0.0
A02918,P050,2,97.9,19.58
A02918,P099,1,54.9,5.49
A02919,P052,1,124.9,0.0
A02919,P101,1,222.9,0.0
A02920,P001,1,40.9,7.36
A02920,P020,1,196.9,35.44
A02921,P118,1,192.9,38.58
A02922,P024,1,228.9,41.2
A02923,P057,1,246.9,49.38
A02923,P059,1,278.9,55.78
A02924,P084,1,18.9,0.0
A02924,P085,3,33.9,0.0
A02925,P010,1,163.9,29.5
A02925,P073,1,266.9,0.0
A02926,P023,1,174.9,31.48
A02926,P028,2,241.9,87.08
A02926,P029,1,173.9,0.0
A02927,P048,1,100.9,20.18
A02928,P052,1,124.9,12.49
A02928,P088,1,76.9,7.69
A02929,P006,2,208.9,75.2
A02929,P010,2,163.9,59.0
A02929,P032,2,176.9,0.0
A02929,P042,1,121.9,0.0
A02929,P103,1,266.9,0.0
A02930,P077,1,284.9,0.0
A02930,P098,4,87.9,0.0
A02931,P040,2,180.9,0.0
A02931,P046,1,41.9,0.0
A02932,P013,1,99.9,9.99
A02932,P077,3,284.9,85.47
A02932,P078,1,190.9,19.09
A02932,P118,1,192.9,19.29
A02933,P065,1,48.9,0.0
A02934,P020,1,196.9,74.82
A02934,P090,1,64.9,12.98
A02935,P046,3,41.9,0.0
A02936,P008,2,105.9,80.48
A02936,P058,1,271.9,54.38
A02936,P084,3,18.9,11.34
A02936,P091,1,57.9,11.58
A02936,P110,1,225.9,45.18
A02937,P019,1,157.9,44.21
A02938,P021,1,81.9,22.93
A02938,P023,1,174.9,48.97
A02938,P057,2,246.9,49.38
A02939,P034,2,162.9,32.58
A02939,P043,2,51.9,10.38
A02940,P047,4,153.9,0.0
A02940,P065,1,48.9,0.0
A02941,P019,1,157.9,28.42
A02941,P080,3,149.9,0.0
A02942,P051,1,126.9,25.38
A02942,P052,1,124.9,24.98
A02943,P088,1,76.9,0.0
A02944,P049,1,175.9,0.0
A02945,P002,1,111.9,0.0
A02945,P072,1,50.9,0.0
A02945,P120,1,195.9,0.0
A02946,P031,1,93.9,0.0
A02946,P096,2,102.9,0.0
A02947,P001,1,40.9,0.0
A02947,P048,3,100.9,0.0
A02948,P025,1,104.9,18.88
A02948,P029,3,173.9,93.91
A02948,P098,1,87.9,0.0
A02949,P092,1,39.9,0.0
A02950,P004,1,123.9,22.3
A02950,P113,2,244.9,0.0
A02951,P082,1,108.9,0.0
A02951,P118,1,192.9,0.0
A02952,P053,1,86.9,17.38
A02953,P017,2,116.9,0.0
A02953,P021,1,81.9,0.0
A02953,P030,3,166.9,90.13
A02953,P040,1,180.9,0.0
A02953,P063,1,286.9,0.0
A02953,P069,2,266.9,0.0
A02953,P110,1,225.9,0.0
A02954,P044,1,99.9,0.0
A02954,P047,1,153.9,0.0
A02954,P048,1,100.9,0.0
A02954,P099,1,54.9,0.0
A02955,P002,1,111.9,42.52
A02955,P040,1,180.9,36.18
A02956,P006,2,208.9,75.2
A02956,P042,1,121.9,0.0
A02956,P099,2,54.9,0.0
A02957,P002,2,111.9,0.0
A02957,P032,1,176.9,0.0
A02957,P096,2,102.9,0.0
A02958,P083,1,116.9,0.0
A02958,P085,1,33.9,0.0
A02959,P028,1,241.9,43.54
A02959,P076,1,203.9,0.0
A02959,P079,1,230.9,0.0
A02960,P083,1,116.9,0.0
A02961,P052,1,124.9,12.49
A02961,P065,1,48.9,4.89
A02961,P086,2,99.9,19.98
A02962,P058,2,271.9,0.0
A02962,P067,1,68.9,0.0
A02962,P120,2,195.9,0.0
A02963,P008,1,105.9,19.06
A02963,P102,2,299.9,0.0
A02963,P108,1,79.9,0.0
A02964,P021,1,81.9,14.74
A02965,P004,2,123.9,0.0
A02965,P111,1,169.9,0.0
A02966,P025,1,104.9,18.88
A02966,P058,1,271.9,0.0
A02966,P100,1,110.9,0.0
A02967,P004,1,123.9,22.3
A02967,P118,1,192.9,0.0
A02968,P008,1,105.9,0.0
A02968,P023,2,174.9,62.96
A02969,P021,1,81.9,0.0
A02969,P068,1,166.9,0.0
A02970,P114,1,246.9,0.0
A02971,P090,1,64.9,6.49
A02972,P119,1,70.9,0.0
A02973,P014,2,144.9,81.14
A02973,P030,1,166.9,46.73
A02973,P044,1,99.9,9.99
A02973,P115,2,295.9,59.18
A02973,P116,1,234.9,23.49
A02973,P117,1,281.9,28.19
A02974,P022,1,79.9,22.37
A02974,P036,1,68.9,6.89
A02975,P030,1,166.9,30.04
A02975,P096,1,102.9,0.0
A02975,P105,1,88.9,0.0
A02976,P072,1,50.9,0.0
A02976,P084,1,18.9,0.0
A02976,P111,1,169.9,0.0
A02977,P037,1,68.9,0.0
A02977,P072,1,50.9,0.0
A02978,P044,1,99.9,9.99
A02979,P015,2,149.9,53.96
A02979,P048,1,100.9,0.0
A02979,P081,3,18.9,0.0
A02980,P084,2,18.9,7.56
A02981,P017,1,116.9,44.42
A02981,P040,1,180.9,36.18
A02981,P051,1,126.9,25.38
A02982,P028,1,241.9,43.54
A02982,P032,2,176.9,0.0
A02982,P042,1,121.9,0.0
A02983,P003,1,198.9,75.58
A02983,P037,1,68.9,13.78
A02983,P090,1,64.9,12.98
A02984,P007,1,153.9,58.48
A02984,P013,1,99.9,37.96
A02984,P024,2,228.9,91.56
A02984,P026,1,193.9,73.68
A02985,P040,2,180.9,0.0
A02985,P084,1,18.9,0.0
A02986,P005,1,100.9,10.09
A02987,P017,1,116.9,32.73
A02987,P021,1,81.9,22.93
A02987,P025,1,104.9,29.37
A02987,P036,1,68.9,6.89
A02987,P091,1,57.9,5.79
A02988,P012,1,77.9,14.02
A02988,P030,1,166.9,30.04
A02988,P060,1,297.9,0.0
A02988,P098,2,87.9,0.0
A02989,P020,1,196.9,35.44
A02989,P055,1,135.9,0.0
A02990,P011,1,72.9,13.12
A02990,P055,3,135.9,0.0
A02991,P028,1,241.9,43.54
A02991,P103,1,266.9,0.0
A02992,P078,1,190.9,19.09
A02992,P083,1,116.9,11.69
A02993,P048,1,100.9,20.18
A02994,P021,1,81.9,31.12
A02994,P053,1,86.9,17.38
A02994,P093,2,36.9,14.76
A02994,P114,1,246.9,49.38
A02995,P008,1,105.9,19.06
A02995,P030,1,166.9,30.04
A02996,P009,2,248.9,0.0
A02996,P029,1,173.9,31.3
A02996,P086,1,99.9,0.0
A02997,P048,1,100.9,0.0
A02997,P062,1,72.9,0.0
A02997,P090,2,64.9,0.0
A02998,P019,1,157.9,60.0
A02998,P073,1,266.9,53.38
A02998,P114,1,246.9,49.38
A02999,P038,1,55.9,0.0
A02999,P041,1,118.9,0.0
A02999,P098,2,87.9,0.0
A03000,P004,1,123.9,34.69
A03001,P066,1,238.9,0.0
A03002,P077,1,284.9,0.0
A03002,P120,1,195.9,0.0
A03003,P001,1,40.9,0.0
A03004,P018,1,119.9,21.58
A03004,P031,2,93.9,0.0
A03005,P027,1,187.9,0.0
A03005,P106,1,87.9,0.0
A03006,P041,1,118.9,0.0
A03006,P082,1,108.9,0.0
A03007,P006,1,208.9,0.0
A03007,P043,1,51.9,0.0
A03008,P008,1,105.9,19.06
A03008,P038,1,55.9,0.0
A03009,P004,2,123.9,44.6
A03009,P066,1,238.9,0.0
A03009,P081,2,18.9,0.0
A03009,P099,3,54.9,0.0
A03010,P038,1,55.9,0.0
A03011,P061,1,233.9,0.0
A03012,P083,1,116.9,23.38
A03013,P023,1,174.9,66.46
A03013,P037,1,68.9,13.78
A03014,P029,1,173.9,0.0
A03014,P044,1,99.9,0.0
A03014,P055,2,135.9,0.0
A03014,P074,1,281.9,0.0
A03015,P031,2,93.9,18.78
A03015,P038,1,55.9,5.59
A03016,P084,1,18.9,0.0
A03016,P107,2,203.9,0.0
A03017,P053,1,86.9,0.0
A03017,P098,1,87.9,0.0
A03018,P019,1,157.9,28.42
A03018,P022,1,79.9,14.38
A03018,P094,1,84.9,0.0
A03019,P062,2,72.9,0.0
A03020,P010,2,163.9,59.0
A03020,P036,1,68.9,0.0
A03020,P115,1,295.9,0.0
A03020,P117,1,281.9,0.0
A03021,P001,1,40.9,0.0
A03021,P005,3,100.9,0.0
A03021,P006,2,208.9,0.0
A03021,P020,1,196.9,0.0
A03021,P048,4,100.9,0.0
A03021,P110,1,225.9,0.0
A03022,P051,1,126.9,0.0
A03022,P068,1,166.9,0.0
A03022,P073,1,266.9,0.0
A03023,P008,1,105.9,40.24
A03023,P041,1,118.9,23.78
A03024,P034,1,162.9,0.0
A03024,P113,3,244.9,0.0
A03025,P004,1,123.9,22.3
A03025,P057,1,246.9,0.0
A03026,P020,2,196.9,70.88
A03026,P038,1,55.9,0.0
A03027,P083,1,116.9,11.69
A03028,P038,1,55.9,0.0
A03029,P044,1,99.9,0.0
A03029,P048,2,100.9,0.0
A03029,P062,1,72.9,0.0
A03030,P045,1,83.9,16.78
A03030,P064,1,140.9,28.18
A03031,P007,1,153.9,27.7
A03031,P119,1,70.9,0.0
A03032,P090,1,64.9,0.0
A03033,P005,1,100.9,10.09
A03034,P004,1,123.9,22.3
A03034,P018,2,119.9,43.16
A03034,P036,1,68.9,0.0
A03034,P038,2,55.9,0.0
A03035,P004,2,123.9,44.6
A03035,P015,1,149.9,26.98
A03035,P019,1,157.9,0.0
A03035,P035,1,174.9,0.0
A03035,P080,2,149.9,0.0
A03036,P029,1,173.9,66.08
A03036,P065,1,48.9,9.78
A03037,P023,2,174.9,62.96
A03037,P025,2,104.9,37.76
A03037,P028,2,241.9,87.08
A03038,P017,2,116.9,42.08
A03038,P049,1,175.9,0.0
A03039,P002,2,111.9,40.28
A03039,P060,2,297.9,0.0
A03039,P063,1,286.9,0.0
A03039,P097,3,27.9,0.0
A03039,P120,1,195.9,0.0
A03040,P008,2,105.9,80.48
A03040,P076,2,203.9,81.56
A03040,P090,2,64.9,25.96
A03040,P101,3,222.9,133.74
A03040,P110,2,225.9,90.36
A03041,P011,2,72.9,26.24
A03041,P044,2,99.9,0.0
A03041,P045,2,83.9,0.0
A03041,P050,1,97.9,0.0
A03041,P082,2,108.9,0.0
A03042,P011,1,72.9,0.0
A03042,P063,2,286.9,0.0
A03043,P034,1,162.9,0.0
A03044,P068,1,166.9,0.0
A03044,P070,1,132.9,0.0
A03044,P101,1,222.9,0.0
A03045,P042,1,121.9,0.0
A03045,P066,2,238.9,0.0
A03046,P107,1,203.9,0.0
A03046,P108,1,79.9,0.0
A03047,P006,1,208.9,37.6
A03047,P011,2,72.9,26.24
A03047,P113,1,244.9,0.0
A03048,P012,1,77.9,14.02
A03048,P053,2,86.9,0.0
A03048,P117,1,281.9,0.0
A03049,P094,1,84.9,0.0
A03050,P027,1,187.9,0.0
A03050,P029,1,173.9,31.3
A03050,P036,1,68.9,0.0
A03051,P024,1,228.9,86.98
A03051,P053,1,86.9,17.38
A03052,P010,1,163.9,29.5
A03052,P033,2,51.9,0.0
A03052,P086,1,99.9,0.0
A03052,P099,1,54.9,0.0
A03052,P119,1,70.9,0.0
A03052,P120,1,195.9,0.0
A03053,P033,2,51.9,10.38
A03053,P102,1,299.9,29.99
A03054,P020,1,196.9,35.44
A03054,P046,1,41.9,0.0
A03055,P004,2,123.9,0.0
A03055,P024,1,228.9,41.2
A03055,P036,2,68.9,0.0
A03055,P042,1,121.9,0.0
A03055,P056,1,179.9,0.0
A03055,P061,1,233.9,0.0
A03055,P083,2,116.9,0.0
A03055,P090,1,64.9,0.0
A03055,P093,2,36.9,0.0
A03055,P106,1,87.9,0.0
A03056,P005,1,100.9,18.16
A03056,P050,1,97.9,0.0
A03056,P051,1,126.9,0.0
A03056,P061,1,233.9,0.0
A03056,P063,1,286.9,0.0
A03057,P010,1,163.9,45.89
A03058,P014,1,144.9,26.08
A03058,P080,3,149.9,0.0
A03058,P110,1,225.9,0.0
A03059,P002,1,111.9,31.33
A03059,P019,1,157.9,44.21
A03059,P020,1,196.9,55.13
A03059,P044,2,99.9,19.98
A03059,P074,3,281.9,84.57
A03059,P088,2,76.9,15.38
A03059,P092,4,39.9,15.96
A03060,P022,1,79.9,14.38
A03060,P054,1,207.9,0.0
A03060,P066,1,238.9,0.0
A03060,P081,2,18.9,0.0
A03060,P091,2,57.9,0.0
A03061,P009,2,248.9,89.6
A03061,P021,2,81.9,29.48
A03061,P081,1,18.9,0.0
A03061,P089,1,59.9,0.0
A03062,P053,1,86.9,0.0
A03063,P010,4,163.9,118.01
A03063,P084,1,18.9,0.0
A03063,P095,1,89.9,0.0
A03064,P055,1,135.9,0.0
A03065,P008,1,105.9,40.24
A03065,P115,1,295.9,59.18
A03066,P094,1,84.9,16.98
A03067,P011,4,72.9,52.49
A03067,P013,2,99.9,0.0
A03067,P032,1,176.9,0.0
A03068,P031,1,93.9,9.39
A03068,P095,1,89.9,8.99
A03068,P115,1,295.9,29.59
A03069,P007,1,153.9,0.0
A03069,P010,1,163.9,29.5
A03069,P032,1,176.9,0.0
A03070,P095,1,89.9,17.98
A03071,P052,1,124.9,0.0
A03071,P092,2,39.9,0.0
A03071,P114,1,246.9,0.0
A03072,P029,1,173.9,31.3
A03073,P005,1,100.9,0.0
A03073,P100,1,110.9,0.0
A03074,P005,1,100.9,18.16
A03074,P032,1,176.9,0.0
A03074,P048,1,100.9,0.0
A03074,P087,1,78.9,0.0
A03074,P090,2,64.9,0.0
A03075,P007,1,153.9,0.0
A03075,P025,3,104.9,56.65
A03076,P065,1,48.9,0.0
A03077,P100,2,110.9,0.0
A03078,P081,1,18.9,3.78
A03079,P047,1,153.9,30.78
A03079,P051,1,126.9,25.38
A03080,P003,1,198.9,35.8
A03080,P063,1,286.9,0.0
A03080,P067,1,68.9,0.0
A03080,P096,1,102.9,0.0
A03080,P103,1,266.9,0.0
A03081,P014,1,144.9,55.06
A03082,P055,1,135.9,0.0
A03083,P050,1,97.9,0.0
A03083,P094,1,84.9,0.0
A03084,P011,1,72.9,13.12
A03084,P040,1,180.9,0.0
A03085,P040,1,180.9,0.0
A03086,P028,2,241.9,87.08
A03086,P041,1,118.9,0.0
A03086,P120,1,195.9,0.0
A03087,P097,1,27.9,0.0
A03088,P007,2,153.9,55.4
A03089,P104,1,307.9,0.0
A03090,P078,1,190.9,0.0
A03090,P087,2,78.9,0.0
A03091,P004,1,123.9,22.3
A03091,P062,1,72.9,0.0
A03092,P078,3,190.9,0.0
A03093,P028,1,241.9,43.54
A03094,P023,1,174.9,48.97
A03095,P034,1,162.9,0.0
A03095,P090,1,64.9,0.0
A03096,P004,2,123.9,44.6
A03096,P073,1,266.9,0.0
A03097,P035,1,174.9,17.49
A03097,P106,2,87.9,17.58
A03098,P008,1,105.9,19.06
A03098,P082,1,108.9,0.0
A03098,P118,2,192.9,0.0
A03099,P007,1,153.9,27.7
A03099,P031,1,93.9,0.0
A03099,P059,1,278.9,0.0
A03099,P064,1,140.9,0.0
A03099,P097,1,27.9,0.0
A03100,P001,1,40.9,0.0
A03100,P008,1,105.9,19.06
A03100,P090,2,64.9,0.0
A03101,P079,1,230.9,0.0
A03102,P009,1,248.9,49.78
A03102,P057,2,246.9,98.76
A03102,P070,1,132.9,26.58
A03102,P077,1,284.9,56.98
A03102,P119,1,70.9,14.18
A03103,P028,2,241.9,87.08
A03103,P050,1,97.9,0.0
A03104,P103,1,266.9,26.69
A03104,P107,1,203.9,20.39
A03105,P024,1,228.9,41.2
A03106,P074,1,281.9,0.0
A03106,P084,1,18.9,0.0
A03106,P113,1,244.9,0.0
A03107,P025,1,104.9,0.0
A03107,P046,2,41.9,0.0
A03108,P114,1,246.9,0.0
A03109,P018,1,119.9,21.58
A03110,P007,2,153.9,55.4
A03110,P030,2,166.9,60.08
A03110,P047,1,153.9,0.0
A03110,P067,2,68.9,0.0
A03111,P005,1,100.9,28.25
A03111,P034,1,162.9,16.29
A03111,P067,1,68.9,6.89
A03112,P008,1,105.9,19.06
A03112,P079,1,230.9,0.0
A03112,P085,1,33.9,0.0
A03112,P100,1,110.9,0.0
A03113,P106,1,87.9,0.0
A03114,P011,1,72.9,20.41
A03114,P064,1,140.9,14.09
A03115,P112,1,141.9,0.0
A03116,P061,1,233.9,46.78
A03117,P092,2,39.9,0.0
A03118,P086,1,99.9,19.98
A03119,P008,1,105.9,19.06
A03119,P015,2,149.9,0.0
A03119,P023,1,174.9,31.48
A03119,P045,2,83.9,0.0
A03119,P069,1,266.9,0.0
A03119,P100,2,110.9,0.0
A03119,P113,1,244.9,0.0
A03120,P016,2,203.9,73.4
A03120,P017,1,116.9,21.04
A03120,P024,4,228.9,164.81
A03120,P026,2,193.9,69.8
A03120,P041,2,118.9,0.0
A03120,P081,2,18.9,0.0
A03120,P101,2,222.9,0.0
A03121,P008,2,105.9,38.12
A03121,P092,1,39.9,0.0
A03122,P022,1,79.9,14.38
A03122,P035,1,174.9,0.0
A03123,P019,1,157.9,60.0
A03123,P039,1,184.9,36.98
A03123,P064,2,140.9,56.36
A03123,P110,1,225.9,45.18
A03123,P118,1,192.9,38.58
A03124,P020,3,196.9,106.33
A03124,P037,1,68.9,0.0
A03124,P079,1,230.9,0.0
A03125,P082,1,108.9,0.0
A03125,P101,1,222.9,0.0
A03125,P107,1,203.9,0.0
A03125,P116,1,234.9,0.0
A03126,P017,1,116.9,21.04
A03126,P049,1,175.9,0.0
A03126,P087,3,78.9,0.0
A03126,P117,1,281.9,0.0
A03127,P004,1,123.9,22.3
A03127,P046,1,41.9,0.0
A03127,P050,1,97.9,0.0
A03128,P065,1,48.9,0.0
A03128,P067,1,68.9,0.0
A03129,P008,2,105.9,38.12
A03129,P030,1,166.9,0.0
A03129,P039,1,184.9,0.0
A03129,P113,1,244.9,0.0
A03130,P024,1,228.9,41.2
A03130,P074,1,281.9,0.0
A03130,P095,1,89.9,0.0
A03130,P097,2,27.9,0.0
A03131,P031,1,93.9,0.0
A03132,P006,3,208.9,175.48
A03132,P017,1,116.9,32.73
A03132,P019,2,157.9,88.42
A03132,P026,2,193.9,108.58
A03132,P071,2,46.9,9.38
A03132,P082,1,108.9,10.89
A03132,P089,3,59.9,17.97
A03132,P115,2,295.9,59.18
A03133,P042,1,121.9,0.0
A03133,P059,1,278.9,0.0
A03133,P094,1,84.9,0.0
A03134,P045,1,83.9,0.0
A03134,P067,3,68.9,0.0
A03134,P073,2,266.9,0.0
A03135,P012,1,77.9,14.02
A03135,P053,1,86.9,0.0
A03135,P112,1,141.9,0.0
A03136,P026,1,193.9,54.29
A03137,P021,1,81.9,14.74
A03137,P060,2,297.9,0.0
A03137,P079,2,230.9,0.0
A03138,P111,1,169.9,0.0
A03139,P013,1,99.9,17.98
A03139,P045,1,83.9,0.0
A03139,P072,1,50.9,0.0
A03140,P073,1,266.9,0.0
A03140,P114,1,246.9,0.0
A03141,P117,1,281.9,56.38
A03142,P069,1,266.9,0.0
A03142,P109,1,221.9,0.0
A03142,P115,2,295.9,0.0
A03143,P051,1,126.9,0.0
A03143,P058,1,271.9,0.0
A03143,P089,1,59.9,0.0
A03144,P081,1,18.9,1.89
A03145,P051,1,126.9,25.38
A03145,P104,2,307.9,123.16
A03146,P047,1,153.9,0.0
A03146,P086,1,99.9,0.0
A03147,P007,2,153.9,55.4
A03147,P050,1,97.9,0.0
A03148,P003,1,198.9,35.8
A03148,P033,2,51.9,0.0
A03148,P039,2,184.9,0.0
A03149,P025,1,104.9,18.88
A03150,P006,1,208.9,37.6
A03150,P010,1,163.9,29.5
A03150,P029,1,173.9,31.3
A03150,P037,1,68.9,0.0
A03150,P079,2,230.9,0.0
A03150,P111,2,169.9,0.0
A03151,P088,1,76.9,0.0
A03151,P089,1,59.9,0.0
A03151,P114,1,246.9,0.0
A03152,P005,3,100.9,54.49
A03152,P012,1,77.9,14.02
A03152,P104,2,307.9,0.0
A03153,P105,2,88.9,0.0
A03154,P003,1,198.9,35.8
A03154,P052,1,124.9,0.0
A03154,P098,1,87.9,0.0
A03155,P007,1,153.9,58.48
A03155,P025,1,104.9,20.98
A03155,P094,2,84.9,33.96
A03156,P025,1,104.9,18.88
A03156,P082,1,108.9,0.0
A03157,P005,1,100.9,18.16
A03157,P026,1,193.9,34.9
A03157,P027,3,187.9,0.0
A03157,P063,1,286.9,0.0
A03157,P078,2,190.9,0.0
A03158,P012,1,77.9,14.02
A03158,P088,1,76.9,0.0
A03159,P007,1,153.9,43.09
A03159,P029,1,173.9,48.69
A03160,P001,1,40.9,7.36
A03160,P002,1,111.9,20.14
A03160,P065,1,48.9,0.0
A03161,P002,1,111.9,20.14
A03161,P064,2,140.9,0.0
A03161,P117,3,281.9,0.0
A03162,P011,2,72.9,26.24
A03162,P016,1,203.9,36.7
A03163,P052,2,124.9,0.0
A03163,P095,2,89.9,0.0
A03163,P102,2,299.9,0.0
A03164,P021,1,81.9,8.19
A03165,P092,1,39.9,0.0
A03165,P106,2,87.9,0.0
A03166,P006,1,208.9,37.6
A03166,P106,1,87.9,0.0
A03167,P017,1,116.9,21.04
A03167,P076,1,203.9,0.0
A03167,P110,2,225.9,0.0
A03168,P025,2,104.9,37.76
A03168,P043,1,51.9,0.0
A03168,P065,2,48.9,0.0
A03168,P097,1,27.9,0.0
A03168,P108,2,79.9,0.0
A03169,P002,1,111.9,0.0
A03169,P083,2,116.9,0.0
A03170,P022,2,79.9,44.74
A03170,P099,1,54.9,5.49
A03171,P001,1,40.9,7.36
A03171,P006,2,208.9,75.2
A03171,P018,2,119.9,0.0
A03172,P011,2,72.9,26.24
A03172,P018,3,119.9,64.75
A03172,P057,1,246.9,0.0
A03172,P096,2,102.9,0.0
A03173,P028,1,241.9,91.92
A03173,P058,1,271.9,54.38
A03173,P102,1,299.9,59.98
A03174,P037,1,68.9,0.0
A03174,P084,1,18.9,0.0
A03175,P014,1,144.9,26.08
A03176,P017,1,116.9,21.04
A03176,P018,1,119.9,21.58
A03176,P075,1,115.9,0.0
A03176,P096,3,102.9,0.0
A03176,P105,1,88.9,0.0
A03177,P024,2,228.9,82.4
A03177,P047,1,153.9,0.0
A03177,P068,2,166.9,0.0
A03178,P030,1,166.9,30.04
A03179,P069,1,266.9,0.0
A03180,P009,2,248.9,0.0
A03180,P056,2,179.9,0.0
A03180,P078,1,190.9,0.0
A03181,P116,1,234.9,46.98
A03182,P104,1,307.9,30.79
A03183,P008,1,105.9,19.06
A03184,P037,1,68.9,0.0
A03185,P024,2,228.9,82.4
A03186,P028,1,241.9,43.54
A03187,P014,1,144.9,26.08
A03187,P088,1,76.9,0.0
A03188,P036,1,68.9,0.0
A03189,P020,1,196.9,35.44
A03190,P038,1,55.9,5.59
A03190,P085,1,33.9,3.39
A03190,P097,1,27.9,2.79
A03190,P110,1,225.9,22.59
A03191,P036,1,68.9,0.0
A03192,P030,3,166.9,140.2
A03192,P045,1,83.9,8.39
A03192,P079,1,230.9,23.09
A03192,P111,2,169.9,33.98
A03193,P032,1,176.9,0.0
A03194,P026,1,193.9,0.0
A03195,P073,1,266.9,53.38
A03195,P086,2,99.9,39.96
A03196,P078,1,190.9,19.09
A03196,P090,1,64.9,6.49
A03197,P016,2,203.9,0.0
A03197,P028,2,241.9,87.08
A03197,P049,1,175.9,0.0
A03197,P084,3,18.9,0.0
A03198,P001,1,40.9,11.45
A03198,P054,2,207.9,41.58
A03199,P001,1,40.9,7.36
A03199,P038,2,55.9,0.0
A03199,P039,2,184.9,0.0
A03200,P040,1,180.9,18.09
A03201,P041,1,118.9,0.0
A03201,P042,3,121.9,0.0
A03201,P057,1,246.9,0.0
A03202,P028,1,241.9,43.54
A03202,P091,1,57.9,0.0
A03202,P109,1,221.9,0.0
A03203,P067,1,68.9,0.0
A03204,P117,2,281.9,56.38
A03205,P100,1,110.9,0.0
A03206,P002,1,111.9,20.14
A03206,P022,1,79.9,14.38
A03207,P009,1,248.9,0.0
A03207,P012,2,77.9,28.04
A03207,P034,1,162.9,0.0
A03207,P094,1,84.9,0.0
A03208,P029,1,173.9,48.69
A03208,P090,3,64.9,19.47
A03208,P120,1,195.9,19.59
A03209,P086,1,99.9,19.98
A03209,P087,1,78.9,15.78
A03209,P104,1,307.9,61.58
A03210,P048,2,100.9,0.0
A03210,P092,1,39.9,0.0
A03210,P105,1,88.9,0.0
A03211,P089,1,59.9,0.0
A03212,P026,1,193.9,73.68
A03212,P094,3,84.9,50.94
A03213,P004,1,123.9,22.3
A03213,P033,1,51.9,0.0
A03213,P096,1,102.9,0.0
A03214,P046,1,41.9,0.0
A03215,P001,1,40.9,7.36
A03215,P015,2,149.9,53.96
A03215,P019,1,157.9,28.42
A03215,P021,1,81.9,0.0
A03215,P052,2,124.9,0.0
A03215,P057,6,246.9,0.0
A03215,P077,2,284.9,0.0
A03216,P090,1,64.9,6.49
A03216,P099,1,54.9,5.49
A03217,P114,1,246.9,0.0
A03218,P046,1,41.9,0.0
A03218,P099,1,54.9,0.0
A03219,P042,1,121.9,0.0
A03219,P057,2,246.9,0.0
A03219,P063,2,286.9,0.0
A03220,P019,2,157.9,0.0
A03220,P025,1,104.9,0.0
A03220,P031,2,93.9,0.0
A03220,P081,1,18.9,0.0
A03220,P106,3,87.9,0.0
A03221,P026,1,193.9,38.78
A03221,P044,1,99.9,19.98
A03221,P101,3,222.9,133.74
A03221,P110,1,225.9,45.18
A03222,P012,2,77.9,28.04
A03222,P048,1,100.9,0.0
A03222,P065,1,48.9,0.0
A03222,P104,1,307.9,0.0
A03223,P025,1,104.9,0.0
A03223,P042,1,121.9,0.0
A03224,P116,1,234.9,0.0
A03225,P040,1,180.9,0.0
A03226,P005,2,100.9,36.32
A03226,P035,2,174.9,0.0
A03226,P066,2,238.9,0.0
A03227,P006,1,208.9,37.6
A03227,P007,1,153.9,27.7
A03227,P049,2,175.9,0.0
A03227,P092,1,39.9,0.0
A03228,P004,1,123.9,22.3
A03228,P028,1,241.9,0.0
A03228,P038,1,55.9,0.0
A03228,P058,1,271.9,0.0
A03229,P016,1,203.9,36.7
A03229,P033,1,51.9,0.0
A03229,P074,2,281.9,0.0
A03230,P042,1,121.9,0.0
A03230,P103,1,266.9,0.0
A03231,P003,1,198.9,0.0
A03231,P004,2,123.9,44.6
A03231,P026,1,193.9,0.0
A03231,P119,1,70.9,0.0
A03232,P037,1,68.9,6.89
A03233,P013,2,99.9,55.94
A03234,P081,1,18.9,3.78
A03234,P099,1,54.9,10.98
A03234,P119,1,70.9,14.18
A03235,P045,1,83.9,0.0
A03235,P051,1,126.9,0.0
A03235,P054,1,207.9,0.0
A03235,P094,1,84.9,0.0
A03235,P113,1,244.9,0.0
A03236,P043,1,51.9,0.0
A03236,P102,1,299.9,0.0
A03236,P116,1,234.9,0.0
A03237,P001,1,40.9,7.36
A03237,P042,2,121.9,0.0
A03237,P092,1,39.9,0.0
A03238,P034,1,162.9,32.58
A03239,P096,1,102.9,0.0
A03240,P007,2,153.9,116.96
A03240,P025,1,104.9,39.86
A03240,P033,1,51.9,10.38
A03240,P112,1,141.9,28.38
A03241,P041,1,118.9,0.0
A03242,P099,2,54.9,0.0
A03242,P104,3,307.9,0.0
A03242,P105,1,88.9,0.0
A03243,P028,1,241.9,0.0
A03244,P001,1,40.9,0.0
A03244,P016,1,203.9,0.0
A03245,P021,1,81.9,31.12
A03245,P103,1,266.9,53.38
A03245,P120,1,195.9,39.18
A03246,P007,1,153.9,27.7
A03246,P048,1,100.9,0.0
A03246,P099,1,54.9,0.0
A03247,P032,1,176.9,17.69
A03247,P053,2,86.9,17.38
A03247,P071,2,46.9,9.38
A03247,P087,1,78.9,7.89
A03248,P011,1,72.9,13.12
A03249,P076,1,203.9,0.0
A03250,P097,2,27.9,0.0
A03251,P027,2,187.9,67.64
A03251,P053,2,86.9,0.0
A03251,P088,1,76.9,0.0
A03251,P100,2,110.9,0.0
A03252,P083,1,116.9,0.0
A03253,P040,1,180.9,0.0
A03253,P042,2,121.9,0.0
A03253,P117,1,281.9,0.0
A03253,P119,1,70.9,0.0
A03254,P011,3,72.9,83.11
A03254,P013,1,99.9,19.98
A03254,P014,1,144.9,55.06
A03254,P058,1,271.9,54.38
A03254,P100,2,110.9,44.36
A03255,P091,1,57.9,0.0
A03255,P119,1,70.9,0.0
A03256,P039,1,184.9,0.0
A03256,P044,1,99.9,0.0
A03256,P071,1,46.9,0.0
A03256,P073,1,266.9,0.0
A03257,P021,2,81.9,62.24
A03257,P023,1,174.9,66.46
A03257,P044,2,99.9,39.96
A03257,P046,1,41.9,8.38
A03257,P119,1,70.9,14.18
A03258,P013,1,99.9,17.98
A03258,P015,1,149.9,26.98
A03258,P017,1,116.9,21.04
A03258,P051,2,126.9,0.0
A03258,P053,2,86.9,0.0
A03258,P086,1,99.9,0.0
A03258,P119,2,70.9,0.0
A03259,P020,2,196.9,70.88
A03260,P015,1,149.9,56.96
A03260,P110,1,225.9,45.18
A03260,P120,1,195.9,39.18
A03261,P060,1,297.9,0.0
A03261,P103,2,266.9,0.0
A03261,P104,1,307.9,0.0
A03262,P117,1,281.9,0.0
A03263,P109,1,221.9,0.0
A03264,P034,1,162.9,0.0
A03264,P042,1,121.9,0.0
A03264,P052,1,124.9,0.0
A03264,P076,1,203.9,0.0
A03264,P094,1,84.9,0.0
A03265,P011,2,72.9,26.24
A03265,P120,1,195.9,0.0
A03266,P033,1,51.9,0.0
A03266,P046,1,41.9,0.0
A03266,P099,1,54.9,0.0
A03267,P009,2,248.9,89.6
A03267,P025,1,104.9,0.0
A03267,P101,1,222.9,0.0
A03267,P116,1,234.9,0.0
A03268,P023,1,174.9,0.0
A03269,P082,1,108.9,0.0
A03269,P083,2,116.9,0.0
A03269,P109,1,221.9,0.0
A03270,P023,1,174.9,31.48
A03270,P049,2,175.9,0.0
A03270,P085,1,33.9,0.0
A03270,P118,2,192.9,0.0
A03271,P052,1,124.9,24.98
A03272,P007,1,153.9,0.0
A03272,P041,1,118.9,0.0
A03273,P072,1,50.9,5.09
A03274,P011,1,72.9,13.12
A03274,P038,1,55.9,0.0
A03274,P072,1,50.9,0.0
A03274,P084,2,18.9,0.0
A03275,P001,1,40.9,15.54
A03276,P038,2,55.9,0.0
A03277,P084,1,18.9,0.0
A03278,P005,1,100.9,18.16
A03278,P020,1,196.9,35.44
A03278,P024,1,228.9,41.2
A03278,P042,2,121.9,0.0
A03279,P024,1,228.9,64.09
A03280,P087,1,78.9,0.0
A03281,P009,1,248.9,94.58
A03281,P022,1,79.9,30.36
A03281,P028,1,241.9,48.38
A03281,P042,1,121.9,24.38
A03281,P094,2,84.9,33.96
A03282,P073,2,266.9,0.0
A03283,P056,1,179.9,35.98
A03284,P005,1,100.9,18.16
A03284,P022,1,79.9,14.38
A03284,P024,1,228.9,41.2
A03284,P051,1,126.9,0.0
A03285,P054,1,207.9,0.0
A03285,P093,1,36.9,0.0
A03285,P098,1,87.9,0.0
A03286,P003,3,198.9,107.41
A03286,P010,2,163.9,0.0
A03286,P018,1,119.9,21.58
A03286,P027,1,187.9,33.82
A03286,P029,1,173.9,31.3
A03286,P040,2,180.9,0.0
A03286,P114,1,246.9,0.0
A03287,P002,1,111.9,0.0
A03287,P026,1,193.9,34.9
A03287,P033,1,51.9,0.0
A03288,P001,1,40.9,11.45
A03288,P033,1,51.9,5.19
A03288,P036,2,68.9,13.78
A03289,P027,2,187.9,67.64
A03289,P076,2,203.9,0.0
A03289,P088,2,76.9,0.0
A03290,P018,1,119.9,0.0
A03290,P085,1,33.9,0.0
A03291,P003,1,198.9,0.0
A03292,P020,1,196.9,35.44
A03292,P043,1,51.9,0.0
A03292,P068,1,166.9,0.0
A03293,P099,1,54.9,0.0
A03293,P119,1,70.9,0.0
A03294,P008,1,105.9,29.65
A03294,P018,3,119.9,100.72
A03294,P030,2,166.9,93.46
A03294,P048,1,100.9,10.09
A03294,P099,2,54.9,10.98
A03294,P120,2,195.9,39.18
A03295,P096,1,102.9,0.0
A03296,P008,1,105.9,19.06
A03296,P028,1,241.9,0.0
A03297,P032,1,176.9,0.0
A03298,P013,1,99.9,27.97
A03298,P015,2,149.9,83.94
A03298,P050,1,97.9,9.79
A03298,P052,2,124.9,24.98
A03298,P055,1,135.9,13.59
A03298,P096,1,102.9,10.29
A03299,P030,1,166.9,33.38
A03300,P063,1,286.9,0.0
A03300,P076,1,203.9,0.0
A03300,P098,1,87.9,0.0
A03301,P049,1,175.9,0.0
A03302,P018,1,119.9,0.0
A03303,P078,1,190.9,38.18
A03303,P089,1,59.9,11.98
A03304,P018,1,119.9,45.56
A03304,P021,3,81.9,93.37
A03304,P037,1,68.9,13.78
A03304,P065,1,48.9,9.78
A03305,P017,1,116.9,21.04
A03305,P044,2,99.9,0.0
A03306,P083,1,116.9,23.38
A03307,P033,1,51.9,0.0
A03308,P018,1,119.9,21.58
A03308,P035,1,174.9,0.0
A03308,P038,1,55.9,0.0
A03308,P065,1,48.9,0.0
A03308,P096,1,102.9,0.0
A03309,P007,1,153.9,30.78
A03309,P065,1,48.9,9.78
A03309,P117,1,281.9,56.38
A03310,P013,1,99.9,17.98
A03310,P062,1,72.9,0.0
A03310,P071,2,46.9,0.0
A03310,P084,3,18.9,0.0
A03311,P010,1,163.9,29.5
A03311,P013,1,99.9,17.98
A03311,P028,1,241.9,43.54
A03312,P052,2,124.9,0.0
A03313,P053,1,86.9,0.0
A03314,P073,1,266.9,0.0
A03315,P091,1,57.9,5.79
A03316,P015,2,149.9,53.96
A03316,P021,1,81.9,14.74
A03316,P060,1,297.9,0.0
A03316,P086,1,99.9,0.0
A03316,P100,1,110.9,0.0
A03316,P101,1,222.9,0.0
A03317,P020,2,196.9,70.88
A03317,P027,1,187.9,33.82
A03317,P042,1,121.9,0.0
A03317,P064,1,140.9,0.0
A03318,P028,1,241.9,43.54
A03318,P037,1,68.9,0.0
A03318,P106,1,87.9,0.0
A03318,P112,1,141.9,0.0
A03319,P019,2,157.9,88.42
A03319,P030,2,166.9,93.46
A03319,P039,3,184.9,55.47
A03319,P095,2,89.9,17.98
A03320,P001,1,40.9,7.36
A03320,P016,1,203.9,36.7
A03321,P056,3,179.9,53.97
A03322,P007,1,153.9,27.7
A03322,P032,2,176.9,0.0
A03322,P092,1,39.9,0.0
A03322,P095,1,89.9,0.0
A03323,P023,2,174.9,62.96
A03323,P067,1,68.9,0.0
A03323,P085,2,33.9,0.0
A03324,P016,1,203.9,36.7
A03324,P083,1,116.9,0.0
A03325,P017,1,116.9,21.04
A03325,P038,2,55.9,0.0
A03325,P050,1,97.9,0.0
A03325,P108,2,79.9,0.0
A03326,P046,1,41.9,0.0
A03326,P070,3,132.9,0.0
A03327,P001,1,40.9,7.36
A03327,P033,1,51.9,0.0
A03327,P092,1,39.9,0.0
A03327,P107,1,203.9,0.0
A03328,P034,1,162.9,0.0
A03328,P103,1,266.9,0.0
A03328,P115,1,295.9,0.0
A03329,P080,1,149.9,0.0
A03329,P090,1,64.9,0.0
A03330,P017,1,116.9,21.04
A03330,P022,1,79.9,0.0
A03330,P100,1,110.9,0.0
A03331,P093,1,36.9,7.38
A03331,P097,1,27.9,5.58
A03331,P098,1,87.9,17.58
A03332,P003,1,198.9,35.8
A03332,P096,1,102.9,0.0
A03333,P008,1,105.9,19.06
A03333,P036,1,68.9,0.0
A03333,P059,1,278.9,0.0
A03334,P041,1,118.9,0.0
A03334,P093,1,36.9,0.0
A03335,P008,1,105.9,0.0
A03335,P095,1,89.9,0.0
A03335,P111,2,169.9,0.0
A03336,P048,1,100.9,10.09
A03336,P060,1,297.9,29.79
A03336,P078,1,190.9,19.09
A03336,P120,2,195.9,39.18
A03337,P002,1,111.9,20.14
A03337,P110,1,225.9,0.0
A03338,P035,1,174.9,34.98
A03338,P041,1,118.9,23.78
A03338,P080,1,149.9,29.98
A03338,P104,1,307.9,61.58
A03338,P114,1,246.9,49.38
A03339,P107,2,203.9,81.56
A03339,P109,2,221.9,88.76
A03340,P041,1,118.9,0.0
A03340,P044,2,99.9,0.0
A03340,P090,1,64.9,0.0
A03340,P105,1,88.9,0.0
A03341,P031,1,93.9,9.39
A03342,P004,2,123.9,44.6
A03342,P032,2,176.9,0.0
A03342,P052,3,124.9,0.0
A03342,P062,1,72.9,0.0
A03342,P115,1,295.9,0.0
A03343,P007,1,153.9,27.7
A03343,P043,1,51.9,0.0
A03344,P012,1,77.9,14.02
A03344,P046,1,41.9,0.0
A03345,P090,1,64.9,0.0
A03345,P106,1,87.9,0.0
A03346,P039,1,184.9,0.0
A03346,P096,1,102.9,0.0
A03347,P003,1,198.9,0.0
A03347,P007,2,153.9,55.4
A03347,P057,2,246.9,0.0
A03348,P079,2,230.9,0.0
A03349,P013,1,99.9,17.98
A03349,P036,1,68.9,0.0
A03349,P051,2,126.9,0.0
A03350,P007,1,153.9,0.0
A03351,P033,1,51.9,0.0
A03352,P015,1,149.9,26.98
A03352,P041,1,118.9,0.0
A03352,P050,1,97.9,0.0
A03353,P004,3,123.9,66.91
A03353,P018,1,119.9,21.58
A03353,P019,1,157.9,28.42
A03353,P050,1,97.9,0.0
A03354,P080,1,149.9,29.98
A03355,P046,1,41.9,0.0
A03355,P097,1,27.9,0.0
A03356,P027,1,187.9,33.82
A03356,P066,1,238.9,0.0
A03356,P095,1,89.9,0.0
A03356,P099,1,54.9,0.0
A03357,P042,1,121.9,0.0
A03358,P089,3,59.9,35.94
A03358,P109,2,221.9,88.76
A03359,P033,1,51.9,0.0
A03360,P031,1,93.9,0.0
A03360,P073,1,266.9,0.0
A03361,P008,1,105.9,0.0
A03361,P036,1,68.9,0.0
A03362,P005,2,100.9,0.0
A03362,P012,2,77.9,28.04
A03362,P051,1,126.9,0.0
A03362,P055,1,135.9,0.0
A03362,P100,3,110.9,0.0
A03363,P007,1,153.9,43.09
A03363,P084,1,18.9,1.89
A03363,P087,1,78.9,7.89
A03364,P067,1,68.9,0.0
A03364,P073,1,266.9,0.0
A03365,P036,1,68.9,0.0
A03365,P102,2,299.9,0.0
A03366,P087,2,78.9,0.0
A03367,P008,1,105.9,40.24
A03367,P098,1,87.9,17.58
A03367,P114,1,246.9,49.38
A03368,P067,1,68.9,0.0
A03369,P059,1,278.9,0.0
A03370,P023,2,174.9,34.98
A03370,P025,2,104.9,58.74
A03370,P095,5,89.9,44.95
A03370,P106,3,87.9,26.37
A03371,P046,1,41.9,0.0
A03371,P111,1,169.9,0.0
A03372,P039,2,184.9,0.0
A03373,P111,1,169.9,0.0
A03374,P015,1,149.9,41.97
A03374,P081,1,18.9,1.89
A03375,P039,1,184.9,0.0
A03376,P049,1,175.9,0.0
A03376,P075,1,115.9,0.0
A03376,P114,2,246.9,0.0
A03377,P003,3,198.9,0.0
A03377,P015,2,149.9,0.0
A03377,P019,2,157.9,56.84
A03377,P028,1,241.9,43.54
A03377,P033,2,51.9,0.0
A03377,P043,2,51.9,0.0
A03377,P050,2,97.9,0.0
A03377,P082,2,108.9,0.0
A03378,P005,1,100.9,28.25
A03378,P050,1,97.9,9.79
A03378,P112,1,141.9,14.19
A03379,P019,1,157.9,28.42
A03379,P023,1,174.9,31.48
A03379,P030,1,166.9,0.0
A03379,P052,2,124.9,0.0
A03379,P055,1,135.9,0.0
A03380,P010,1,163.9,0.0
A03380,P017,1,116.9,21.04
A03380,P053,1,86.9,0.0
A03381,P109,1,221.9,0.0
A03382,P007,1,153.9,30.78
A03382,P082,1,108.9,21.78
A03382,P091,2,57.9,23.16
A03383,P019,1,157.9,28.42
A03383,P086,1,99.9,0.0
A03384,P003,1,198.9,0.0
A03384,P015,1,149.9,0.0
A03384,P041,2,118.9,0.0
A03385,P014,2,144.9,81.14
A03385,P049,1,175.9,17.59
A03386,P011,2,72.9,26.24
A03386,P038,1,55.9,0.0
A03386,P083,2,116.9,0.0
A03386,P100,1,110.9,0.0
A03387,P014,1,144.9,40.57
A03387,P052,1,124.9,12.49
A03388,P024,2,228.9,82.4
A03388,P074,2,281.9,0.0
A03388,P110,1,225.9,0.0
A03389,P038,3,55.9,0.0
A03390,P004,1,123.9,22.3
A03390,P046,1,41.9,0.0
A03390,P068,1,166.9,0.0
A03390,P083,1,116.9,0.0
A03391,P010,1,163.9,29.5
A03392,P047,1,153.9,0.0
A03393,P105,1,88.9,0.0
A03393,P120,2,195.9,0.0
A03394,P014,1,144.9,26.08
A03395,P013,1,99.9,0.0
A03395,P065,1,48.9,0.0
A03396,P019,1,157.9,0.0
A03396,P091,1,57.9,0.0
A03397,P105,1,88.9,0.0
A03398,P043,1,51.9,0.0
A03399,P011,1,72.9,20.41
A03399,P028,3,241.9,72.57
A03399,P035,2,174.9,34.98
A03399,P048,2,100.9,20.18
A03399,P049,3,175.9,52.77
A03399,P069,1,266.9,26.69
A03399,P096,1,102.9,10.29
A03399,P099,3,54.9,16.47
A03399,P117,1,281.9,28.19
A03400,P028,1,241.9,48.38
A03400,P032,1,176.9,35.38
A03400,P050,2,97.9,39.16
A03400,P051,2,126.9,50.76
A03400,P092,4,39.9,31.92
A03401,P030,1,166.9,30.04
A03401,P047,1,153.9,0.0
A03402,P002,1,111.9,20.14
A03402,P020,1,196.9,35.44
A03402,P038,3,55.9,0.0
A03402,P040,1,180.9,0.0
A03403,P046,3,41.9,0.0
A03404,P051,1,126.9,0.0
A03404,P078,1,190.9,0.0
A03405,P026,2,193.9,147.36
A03405,P037,1,68.9,13.78
A03405,P051,1,126.9,25.38
A03405,P103,2,266.9,106.76
A03406,P085,2,33.9,13.56
A03407,P068,1,166.9,0.0
A03407,P108,2,79.9,0.0
A03407,P111,1,169.9,0.0
A03407,P114,1,246.9,0.0
A03408,P098,1,87.9,0.0
A03408,P100,1,110.9,0.0
A03409,P014,2,144.9,0.0
A03409,P016,1,203.9,36.7
A03410,P076,1,203.9,0.0
A03411,P002,1,111.9,20.14
A03412,P029,1,173.9,31.3
A03412,P039,2,184.9,0.0
A03413,P057,1,246.9,0.0
A03414,P098,1,87.9,8.79
A03415,P025,2,104.9,37.76
A03416,P019,1,157.9,28.42
A03416,P042,1,121.9,0.0
A03416,P090,1,64.9,0.0
A03416,P099,1,54.9,0.0
A03417,P089,1,59.9,5.99
A03417,P118,1,192.9,19.29
A03418,P013,1,99.9,17.98
A03419,P056,3,179.9,0.0
A03419,P086,2,99.9,0.0
A03420,P050,2,97.9,39.16
A03420,P110,1,225.9,45.18
A03421,P045,1,83.9,0.0
A03421,P087,1,78.9,0.0
A03422,P092,2,39.9,0.0
A03422,P105,1,88.9,0.0
A03423,P099,1,54.9,0.0
A03423,P109,1,221.9,0.0
A03424,P063,1,286.9,0.0
A03425,P011,1,72.9,13.12
A03425,P023,1,174.9,31.48
A03425,P032,2,176.9,0.0
A03425,P089,1,59.9,0.0
A03425,P110,1,225.9,0.0
A03425,P111,1,169.9,0.0
A03426,P013,3,99.9,83.92
A03426,P018,2,119.9,67.14
A03426,P021,2,81.9,16.38
A03426,P044,4,99.9,39.96
A03426,P053,3,86.9,26.07
A03426,P054,4,207.9,83.16
A03426,P071,2,46.9,9.38
A03426,P079,3,230.9,69.27
A03427,P026,1,193.9,0.0
A03427,P117,1,281.9,0.0
A03428,P016,1,203.9,36.7
A03428,P086,1,99.9,0.0
A03429,P046,1,41.9,0.0
A03429,P084,1,18.9,0.0
A03430,P013,1,99.9,27.97
A03430,P027,1,187.9,52.61
A03430,P031,2,93.9,18.78
A03430,P036,1,68.9,6.89
A03431,P053,1,86.9,8.69
A03432,P015,1,149.9,26.98
A03432,P049,1,175.9,0.0
A03432,P109,1,221.9,0.0
A03433,P050,2,97.9,0.0
A03433,P077,2,284.9,0.0
A03433,P093,1,36.9,0.0
A03433,P094,1,84.9,0.0
A03433,P119,1,70.9,0.0
A03434,P001,1,40.9,15.54
A03434,P020,1,196.9,39.38
A03434,P076,1,203.9,40.78
A03435,P026,2,193.9,69.8
A03435,P052,1,124.9,0.0
A03435,P100,1,110.9,0.0
A03436,P017,1,116.9,21.04
A03436,P024,2,228.9,82.4
A03436,P066,1,238.9,0.0
A03436,P070,2,132.9,0.0
A03437,P006,4,208.9,0.0
A03437,P012,1,77.9,14.02
A03437,P019,2,157.9,56.84
A03437,P039,3,184.9,0.0
A03437,P060,2,297.9,0.0
A03438,P001,2,40.9,0.0
A03439,P008,1,105.9,21.18
A03439,P021,1,81.9,31.12
A03439,P033,1,51.9,10.38
A03439,P108,1,79.9,15.98
A03440,P074,1,281.9,0.0
A03441,P033,1,51.9,0.0
A03442,P032,1,176.9,0.0
A03443,P042,3,121.9,0.0
A03443,P048,1,100.9,0.0
A03443,P049,2,175.9,0.0
A03443,P054,2,207.9,0.0
A03443,P105,1,88.9,0.0
A03444,P003,2,198.9,71.6
A03444,P041,1,118.9,0.0
A03445,P047,1,153.9,0.0
A03445,P089,1,59.9,0.0
A03446,P009,1,248.9,44.8
A03446,P025,1,104.9,18.88
A03447,P013,2,99.9,0.0
A03447,P112,1,141.9,0.0
A03448,P054,1,207.9,0.0
A03448,P104,1,307.9,0.0
A03449,P084,1,18.9,1.89
A03450,P085,1,33.9,0.0
A03451,P065,1,48.9,0.0
A03452,P012,2,77.9,59.2
A03452,P024,1,228.9,86.98
A03452,P052,2,124.9,49.96
A03452,P055,2,135.9,54.36
A03452,P057,1,246.9,49.38
A03452,P082,1,108.9,21.78
A03452,P101,3,222.9,133.74
A03453,P002,1,111.9,20.14
A03453,P054,1,207.9,0.0
A03453,P065,1,48.9,0.0
A03454,P071,1,46.9,9.38
A03455,P079,1,230.9,0.0
A03455,P082,2,108.9,0.0
A03455,P090,2,64.9,0.0
A03455,P103,3,266.9,0.0
A03456,P014,1,144.9,0.0
A03456,P060,1,297.9,0.0
A03457,P043,1,51.9,10.38
A03458,P011,2,72.9,55.4
A03458,P012,1,77.9,29.6
A03458,P015,2,149.9,113.92
A03458,P026,1,193.9,73.68
A03458,P033,1,51.9,10.38
A03459,P058,1,271.9,0.0
A03460,P031,1,93.9,9.39
A03461,P035,1,174.9,0.0
A03461,P107,1,203.9,0.0
A03462,P024,1,228.9,41.2
A03462,P025,2,104.9,37.76
A03462,P051,1,126.9,0.0
A03462,P084,1,18.9,0.0
A03463,P096,2,102.9,0.0
A03464,P033,3,51.9,0.0
A03464,P048,2,100.9,0.0
A03464,P070,1,132.9,0.0
A03465,P009,2,248.9,89.6
A03465,P013,1,99.9,0.0
A03465,P017,1,116.9,21.04
A03465,P046,1,41.9,0.0
A03465,P079,2,230.9,0.0
A03465,P101,2,222.9,0.0
A03466,P088,4,76.9,0.0
A03467,P073,2,266.9,0.0
A03467,P091,1,57.9,0.0
A03467,P097,1,27.9,0.0
A03467,P103,1,266.9,0.0
A03468,P013,1,99.9,17.98
A03468,P118,2,192.9,0.0
A03469,P004,2,123.9,44.6
A03469,P008,2,105.9,38.12
A03469,P013,1,99.9,17.98
A03469,P016,3,203.9,110.11
A03469,P022,3,79.9,0.0
A03469,P042,3,121.9,0.0
A03469,P056,2,179.9,0.0
A03469,P065,3,48.9,0.0
A03469,P092,1,39.9,0.0
A03469,P110,2,225.9,0.0
A03470,P006,2,208.9,116.98
A03470,P009,1,248.9,69.69
A03470,P016,1,203.9,20.39
A03470,P095,1,89.9,8.99
A03471,P019,2,157.9,56.84
A03471,P100,1,110.9,0.0
A03472,P008,1,105.9,40.24
A03472,P034,1,162.9,32.58
A03472,P085,1,33.9,6.78
A03473,P011,1,72.9,13.12
A03473,P042,2,121.9,0.0
A03473,P043,1,51.9,0.0
A03474,P107,1,203.9,0.0
A03475,P054,1,207.9,0.0
A03476,P073,1,266.9,0.0
A03476,P105,1,88.9,0.0
A03477,P001,2,40.9,14.72
A03477,P054,2,207.9,0.0
A03477,P102,3,299.9,0.0
A03478,P063,2,286.9,57.38
A03478,P093,1,36.9,3.69
A03479,P047,1,153.9,0.0
A03479,P098,2,87.9,0.0
A03480,P056,1,179.9,0.0
A03480,P120,2,195.9,0.0
A03481,P072,1,50.9,10.18
A03482,P013,1,99.9,17.98
A03482,P101,1,222.9,0.0
A03483,P060,1,297.9,0.0
A03483,P070,1,132.9,0.0
A03483,P112,1,141.9,0.0
A03484,P001,1,40.9,7.36
A03484,P073,1,266.9,0.0
A03484,P099,2,54.9,0.0
A03485,P016,1,203.9,0.0
A03485,P055,1,135.9,0.0
A03485,P086,2,99.9,0.0
A03486,P015,2,149.9,0.0
A03486,P073,1,266.9,0.0
A03486,P111,1,169.9,0.0
A03487,P040,1,180.9,0.0
A03487,P103,1,266.9,0.0
A03487,P117,1,281.9,0.0
A03488,P039,2,184.9,0.0
A03488,P091,1,57.9,0.0
A03488,P095,1,89.9,0.0
A03489,P086,1,99.9,19.98
A03490,P070,1,132.9,26.58
A03490,P098,1,87.9,17.58
A03490,P102,1,299.9,59.98
A03491,P008,1,105.9,0.0
A03491,P092,1,39.9,0.0
A03491,P109,1,221.9,0.0
A03492,P006,2,208.9,83.56
A03492,P043,2,51.9,20.76
A03492,P083,2,116.9,46.76
A03493,P013,3,99.9,53.95
A03493,P017,1,116.9,21.04
A03493,P084,2,18.9,0.0
A03493,P085,1,33.9,0.0
A03493,P094,2,84.9,0.0
A03494,P015,3,149.9,80.95
A03494,P024,1,228.9,0.0
A03494,P032,1,176.9,0.0
A03494,P108,2,79.9,0.0
A03495,P048,1,100.9,10.09
A03495,P090,1,64.9,6.49
A03496,P049,2,175.9,0.0
A03496,P055,1,135.9,0.0
A03497,P022,2,79.9,28.76
A03498,P072,1,50.9,0.0
A03499,P002,1,111.9,0.0
A03499,P010,1,163.9,29.5
A03499,P012,1,77.9,0.0
A03499,P023,1,174.9,31.48
A03500,P006,2,208.9,0.0
A03500,P068,2,166.9,0.0
A03500,P070,1,132.9,0.0
A03501,P033,2,51.9,0.0
A03501,P059,2,278.9,0.0
A03501,P065,1,48.9,0.0
A03502,P001,1,40.9,7.36
A03502,P011,2,72.9,0.0
A03502,P032,1,176.9,0.0
A03502,P091,1,57.9,0.0
A03503,P003,1,198.9,35.8
A03503,P076,3,203.9,0.0
A03504,P008,1,105.9,19.06
A03504,P042,1,121.9,0.0
A03504,P043,1,51.9,0.0
A03504,P054,1,207.9,0.0
A03505,P030,2,166.9,60.08
A03505,P065,1,48.9,0.0
A03506,P037,1,68.9,6.89
A03506,P045,3,83.9,25.17
A03506,P069,1,266.9,26.69
A03506,P088,1,76.9,7.69
A03506,P095,2,89.9,17.98
A03507,P004,1,123.9,22.3
A03507,P096,1,102.9,0.0
A03508,P025,1,104.9,18.88
A03508,P094,1,84.9,0.0
A03509,P022,1,79.9,14.38
A03510,P012,1,77.9,14.02
A03510,P026,1,193.9,34.9
A03511,P051,1,126.9,0.0
A03511,P103,2,266.9,0.0
A03512,P033,1,51.9,0.0
A03512,P056,2,179.9,0.0
A03512,P110,1,225.9,0.0
A03513,P019,1,157.9,28.42
A03513,P027,2,187.9,67.64
A03513,P028,1,241.9,43.54
A03514,P083,1,116.9,23.38
A03514,P094,1,84.9,16.98
A03515,P057,1,246.9,0.0
A03516,P072,1,50.9,10.18
A03516,P119,2,70.9,28.36
A03517,P004,2,123.9,0.0
A03517,P020,1,196.9,35.44
A03517,P035,1,174.9,0.0
A03517,P054,1,207.9,0.0
A03518,P095,1,89.9,0.0
A03519,P002,1,111.9,42.52
A03519,P095,1,89.9,17.98
A03520,P002,1,111.9,20.14
A03520,P096,1,102.9,0.0
A03520,P103,1,266.9,0.0
A03521,P006,1,208.9,0.0
A03521,P107,1,203.9,0.0
A03522,P082,1,108.9,0.0
A03523,P012,1,77.9,15.58
A03523,P073,1,266.9,53.38
A03524,P011,1,72.9,0.0
A03525,P015,1,149.9,0.0
A03525,P039,1,184.9,0.0
A03525,P052,2,124.9,0.0
A03526,P014,1,144.9,26.08
A03526,P088,1,76.9,0.0
A03526,P101,1,222.9,0.0
A03527,P018,1,119.9,21.58
A03527,P105,1,88.9,0.0
A03528,P018,2,119.9,43.16
A03529,P022,1,79.9,14.38
A03529,P024,2,228.9,82.4
A03529,P032,1,176.9,0.0
A03530,P002,1,111.9,20.14
A03531,P051,1,126.9,0.0
A03531,P072,1,50.9,0.0
A03532,P084,1,18.9,0.0
A03532,P105,1,88.9,0.0
A03532,P109,1,221.9,0.0
A03533,P086,1,99.9,0.0
A03534,P048,1,100.9,0.0
A03535,P006,1,208.9,0.0
A03535,P062,1,72.9,0.0
A03535,P118,1,192.9,0.0
A03536,P090,1,64.9,12.98
A03537,P019,1,157.9,28.42
A03537,P027,1,187.9,0.0
A03537,P073,1,266.9,0.0
A03537,P114,1,246.9,0.0
A03538,P018,1,119.9,45.56
A03538,P020,3,196.9,118.14
A03539,P001,1,40.9,7.36
A03539,P004,2,123.9,0.0
A03539,P019,1,157.9,0.0
A03540,P011,1,72.9,0.0
A03540,P077,1,284.9,0.0
A03541,P012,1,77.9,0.0
A03541,P039,2,184.9,0.0
A03541,P093,1,36.9,0.0
A03541,P105,1,88.9,0.0
A03542,P037,3,68.9,0.0
A03542,P048,1,100.9,0.0
A03542,P053,1,86.9,0.0
A03542,P118,1,192.9,0.0
A03543,P012,1,77.9,14.02
A03543,P042,1,121.9,0.0
A03544,P005,2,100.9,36.32
A03544,P011,2,72.9,26.24
A03544,P019,1,157.9,0.0
A03544,P090,1,64.9,0.0
A03545,P009,1,248.9,44.8
A03545,P027,1,187.9,0.0
A03545,P061,2,233.9,0.0
A03546,P012,2,77.9,28.04
A03546,P080,1,149.9,0.0
A03547,P065,1,48.9,0.0
A03547,P086,1,99.9,0.0
A03548,P067,1,68.9,0.0
A03549,P051,2,126.9,0.0
A03549,P058,2,271.9,0.0
A03549,P061,1,233.9,0.0
A03549,P087,4,78.9,0.0
A03549,P098,3,87.9,0.0
A03549,P116,1,234.9,0.0
A03549,P119,2,70.9,0.0
A03550,P005,2,100.9,40.36
A03550,P084,1,18.9,3.78
A03551,P001,2,40.9,14.72
A03551,P011,1,72.9,0.0
A03552,P007,1,153.9,27.7
A03552,P014,1,144.9,26.08
A03552,P063,2,286.9,0.0
A03552,P104,2,307.9,0.0
A03552,P110,1,225.9,0.0
A03552,P120,1,195.9,0.0
A03553,P018,1,119.9,0.0
A03553,P051,2,126.9,0.0
A03553,P093,2,36.9,0.0
A03553,P097,1,27.9,0.0
A03554,P013,1,99.9,17.98
A03554,P088,1,76.9,0.0
A03554,P107,1,203.9,0.0
A03554,P114,1,246.9,0.0
A03554,P119,1,70.9,0.0
A03555,P003,1,198.9,55.69
A03555,P097,1,27.9,2.79
A03556,P007,2,153.9,55.4
A03556,P010,1,163.9,0.0
A03556,P092,1,39.9,0.0
A03557,P100,1,110.9,0.0
A03558,P035,2,174.9,0.0
A03558,P047,1,153.9,0.0
A03558,P050,2,97.9,0.0
A03558,P109,2,221.9,0.0
A03559,P052,1,124.9,12.49
A03559,P055,1,135.9,13.59
A03560,P038,1,55.9,0.0
A03561,P040,1,180.9,0.0
A03561,P097,1,27.9,0.0
A03561,P109,2,221.9,0.0
A03562,P014,1,144.9,0.0
A03562,P019,2,157.9,56.84
A03562,P034,1,162.9,0.0
A03562,P063,1,286.9,0.0
A03562,P075,1,115.9,0.0
A03563,P116,2,234.9,93.96
A03564,P006,2,208.9,75.2
A03564,P071,2,46.9,0.0
A03564,P081,2,18.9,0.0
A03564,P091,1,57.9,0.0
A03565,P076,1,203.9,0.0
A03566,P021,2,81.9,45.86
A03567,P027,1,187.9,33.82
A03567,P044,1,99.9,0.0
A03568,P025,1,104.9,18.88
A03568,P041,1,118.9,0.0
A03569,P026,1,193.9,0.0
A03569,P117,1,281.9,0.0
A03570,P010,1,163.9,0.0
A03570,P051,2,126.9,0.0
A03570,P066,2,238.9,0.0
A03570,P110,2,225.9,0.0
A03571,P088,1,76.9,0.0
A03571,P116,1,234.9,0.0
A03572,P014,1,144.9,26.08
A03572,P039,1,184.9,0.0
A03573,P014,2,144.9,52.16
A03573,P018,1,119.9,21.58
A03573,P107,1,203.9,0.0
A03574,P022,1,79.9,30.36
A03574,P036,2,68.9,27.56
A03575,P002,1,111.9,0.0
A03575,P023,1,174.9,31.48
A03575,P024,1,228.9,41.2
A03576,P004,1,123.9,22.3
A03576,P034,1,162.9,0.0
A03577,P017,2,116.9,88.84
A03577,P069,1,266.9,53.38
A03578,P051,1,126.9,0.0
A03579,P004,1,123.9,22.3
A03579,P021,1,81.9,0.0
A03579,P038,2,55.9,0.0
A03579,P063,1,286.9,0.0
A03579,P065,2,48.9,0.0
A03579,P091,1,57.9,0.0
A03579,P108,2,79.9,0.0
A03580,P040,1,180.9,36.18
A03580,P053,1,86.9,17.38
A03581,P016,1,203.9,77.48
A03581,P048,1,100.9,20.18
A03582,P025,1,104.9,18.88
A03582,P054,1,207.9,0.0
A03582,P116,1,234.9,0.0
A03583,P047,1,153.9,0.0
A03584,P025,1,104.9,18.88
A03584,P096,1,102.9,0.0
A03585,P048,1,100.9,0.0
A03585,P072,1,50.9,0.0
A03586,P050,1,97.9,19.58
A03586,P092,1,39.9,7.98
A03587,P026,2,193.9,69.8
A03587,P045,1,83.9,0.0
A03588,P010,1,163.9,62.28
A03588,P015,1,149.9,29.98
A03588,P032,1,176.9,35.38
A03588,P064,1,140.9,28.18
A03588,P070,2,132.9,53.16
A03589,P011,2,72.9,26.24
A03589,P028,1,241.9,43.54
A03589,P031,2,93.9,0.0
A03589,P033,1,51.9,0.0
A03589,P037,1,68.9,0.0
A03589,P064,1,140.9,0.0
A03589,P081,2,18.9,0.0
A03590,P006,1,208.9,37.6
A03590,P010,2,163.9,0.0
A03590,P023,1,174.9,31.48
A03591,P015,1,149.9,26.98
A03592,P078,2,190.9,0.0
A03593,P075,1,115.9,0.0
A03593,P076,1,203.9,0.0
A03593,P097,1,27.9,0.0
A03593,P105,1,88.9,0.0
A03594,P002,1,111.9,0.0
A03594,P017,1,116.9,21.04
A03594,P116,3,234.9,0.0
A03595,P034,1,162.9,0.0
A03596,P013,3,99.9,0.0
A03597,P097,2,27.9,0.0
A03598,P043,1,51.9,0.0
A03598,P083,2,116.9,0.0
A03598,P110,1,225.9,0.0
A03599,P041,1,118.9,0.0
A03599,P046,1,41.9,0.0
A03599,P098,1,87.9,0.0
A03600,P001,1,40.9,11.45
A03600,P026,1,193.9,19.39
A03600,P060,2,297.9,59.58
A03600,P074,2,281.9,56.38
A03600,P093,2,36.9,7.38
A03601,P036,1,68.9,6.89
A03601,P083,2,116.9,23.38
A03601,P089,1,59.9,5.99
A03602,P005,1,100.9,38.34
A03602,P035,1,174.9,34.98
A03602,P070,1,132.9,26.58
A03603,P050,2,97.9,0.0
A03603,P113,3,244.9,0.0
A03604,P024,3,228.9,260.95
A03605,P051,1,126.9,0.0
A03605,P058,1,271.9,0.0
A03606,P003,1,198.9,35.8
A03607,P009,1,248.9,44.8
A03607,P047,2,153.9,0.0
A03608,P047,1,153.9,30.78
A03608,P086,1,99.9,19.98
A03609,P017,2,116.9,42.08
A03609,P113,1,244.9,0.0
A03610,P117,1,281.9,0.0
A03611,P001,2,40.9,14.72
A03611,P013,2,99.9,35.96
A03611,P024,1,228.9,41.2
A03611,P029,2,173.9,62.6
A03611,P038,1,55.9,0.0
A03611,P049,1,175.9,0.0
A03612,P063,1,286.9,0.0
A03613,P004,2,123.9,44.6
A03613,P014,1,144.9,26.08
A03614,P050,1,97.9,0.0
A03614,P062,1,72.9,0.0
A03614,P081,2,18.9,0.0
A03615,P030,1,166.9,30.04
A03615,P108,1,79.9,0.0
A03615,P115,2,295.9,0.0
A03616,P011,1,72.9,0.0
A03616,P055,1,135.9,0.0
A03616,P109,1,221.9,0.0
A03617,P048,1,100.9,0.0
A03617,P085,1,33.9,0.0
A03618,P002,1,111.9,20.14
A03618,P012,1,77.9,0.0
A03618,P018,1,119.9,0.0
A03618,P034,2,162.9,0.0
A03618,P087,1,78.9,0.0
A03619,P035,2,174.9,69.96
A03619,P037,1,68.9,13.78
A03619,P089,2,59.9,23.96
A03619,P098,1,87.9,17.58
A03619,P102,2,299.9,119.96
A03620,P079,1,230.9,0.0
A03621,P016,1,203.9,36.7
A03621,P081,1,18.9,0.0
A03622,P006,1,208.9,37.6
A03622,P042,1,121.9,0.0
A03622,P056,1,179.9,0.0
A03623,P001,1,40.9,15.54
A03623,P016,2,203.9,154.96
A03623,P084,2,18.9,7.56
A03623,P103,2,266.9,106.76
A03624,P018,1,119.9,45.56
A03625,P009,2,248.9,89.6
A03625,P065,2,48.9,0.0
A03625,P070,3,132.9,0.0
A03625,P094,1,84.9,0.0
A03626,P032,1,176.9,0.0
A03626,P043,1,51.9,0.0
A03626,P052,1,124.9,0.0
A03627,P005,1,100.9,18.16
A03627,P009,1,248.9,44.8
A03627,P027,1,187.9,33.82
A03627,P036,2,68.9,0.0
A03628,P023,1,174.9,31.48
A03628,P090,2,64.9,0.0
A03628,P109,1,221.9,0.0
A03629,P001,2,40.9,14.72
A03629,P003,1,198.9,35.8
A03629,P021,1,81.9,14.74
A03629,P059,2,278.9,0.0
A03629,P078,1,190.9,0.0
A03630,P002,1,111.9,0.0
A03630,P016,1,203.9,36.7
A03630,P045,1,83.9,0.0
A03630,P088,1,76.9,0.0
A03631,P027,1,187.9,71.4
A03631,P037,2,68.9,27.56
A03631,P046,1,41.9,8.38
A03631,P084,1,18.9,3.78
A03631,P106,1,87.9,17.58
A03632,P003,1,198.9,35.8
A03632,P013,1,99.9,17.98
A03632,P020,1,196.9,35.44
A03632,P072,1,50.9,0.0
A03632,P098,1,87.9,0.0
A03632,P103,4,266.9,0.0
A03632,P105,2,88.9,0.0
A03633,P019,1,157.9,28.42
A03633,P035,1,174.9,0.0
A03634,P003,1,198.9,35.8
A03634,P008,1,105.9,19.06
A03634,P022,2,79.9,0.0
A03634,P043,2,51.9,0.0
A03634,P118,2,192.9,0.0
A03635,P009,1,248.9,44.8
A03635,P030,2,166.9,60.08
A03635,P042,3,121.9,0.0
A03635,P052,1,124.9,0.0
A03636,P050,1,97.9,0.0
A03636,P099,1,54.9,0.0
A03637,P014,3,144.9,78.25
A03637,P114,2,246.9,0.0
A03638,P008,1,105.9,0.0
A03638,P022,1,79.9,14.38
A03638,P024,1,228.9,41.2
A03638,P027,2,187.9,67.64
A03638,P045,4,83.9,0.0
A03638,P076,4,203.9,0.0
A03638,P093,4,36.9,0.0
A03638,P099,1,54.9,0.0
A03638,P102,3,299.9,0.0
A03639,P111,1,169.9,33.98
A03639,P118,2,192.9,77.16
A03640,P037,3,68.9,0.0
A03640,P050,1,97.9,0.0
A03640,P075,1,115.9,0.0
A03640,P112,1,141.9,0.0
A03640,P117,2,281.9,0.0
A03641,P015,1,149.9,26.98
A03641,P042,1,121.9,0.0
A03642,P058,2,271.9,0.0
A03643,P022,1,79.9,14.38
A03644,P031,1,93.9,18.78
A03644,P041,1,118.9,23.78
A03644,P052,3,124.9,74.94
A03644,P074,3,281.9,169.14
A03644,P112,2,141.9,56.76
A03644,P116,1,234.9,46.98
A03645,P018,2,119.9,43.16
A03645,P109,1,221.9,0.0
A03646,P075,1,115.9,0.0
A03646,P096,1,102.9,0.0
A03647,P004,1,123.9,22.3
A03647,P008,1,105.9,0.0
A03647,P120,2,195.9,0.0
A03648,P040,1,180.9,0.0
A03648,P043,1,51.9,0.0
A03648,P063,2,286.9,0.0
A03649,P039,1,184.9,0.0
A03649,P108,1,79.9,0.0
A03650,P058,1,271.9,0.0
A03650,P093,1,36.9,0.0
A03651,P071,1,46.9,0.0
A03651,P097,1,27.9,0.0
A03652,P001,1,40.9,7.36
A03653,P090,2,64.9,25.96
A03654,P051,2,126.9,0.0
A03654,P076,1,203.9,0.0
A03654,P096,1,102.9,0.0
A03655,P001,1,40.9,7.36
A03656,P004,1,123.9,22.3
A03656,P074,1,281.9,0.0
A03656,P077,1,284.9,0.0
A03656,P083,3,116.9,0.0
A03656,P100,2,110.9,0.0
A03657,P021,1,81.9,14.74
A03657,P025,1,104.9,18.88
A03657,P049,1,175.9,0.0
A03658,P044,2,99.9,0.0
A03658,P067,1,68.9,0.0
A03659,P025,1,104.9,18.88
A03660,P033,1,51.9,0.0
A03660,P034,1,162.9,0.0
A03660,P071,1,46.9,0.0
A03661,P088,1,76.9,0.0
A03661,P098,1,87.9,0.0
A03661,P115,1,295.9,0.0
A03661,P118,1,192.9,0.0
A03662,P006,4,208.9,150.41
A03662,P015,5,149.9,134.91
A03662,P065,1,48.9,0.0
A03663,P042,2,121.9,0.0
A03663,P051,1,126.9,0.0
A03664,P082,1,108.9,21.78
A03664,P098,1,87.9,17.58
A03664,P111,1,169.9,33.98
A03665,P028,1,241.9,91.92
A03666,P016,3,203.9,110.11
A03666,P042,4,121.9,0.0
A03666,P052,1,124.9,0.0
A03666,P086,4,99.9,0.0
A03666,P089,2,59.9,0.0
A03666,P090,1,64.9,0.0
A03666,P104,2,307.9,0.0
A03667,P056,1,179.9,0.0
A03668,P080,1,149.9,0.0
A03668,P103,1,266.9,0.0
A03669,P003,1,198.9,35.8
A03669,P030,1,166.9,30.04
A03669,P047,1,153.9,0.0
A03669,P087,1,78.9,0.0
A03670,P002,1,111.9,0.0
A03670,P059,1,278.9,0.0
A03671,P044,1,99.9,9.99
A03671,P067,1,68.9,6.89
A03671,P073,2,266.9,53.38
A03671,P096,1,102.9,10.29
A03672,P086,1,99.9,0.0
A03673,P070,2,132.9,53.16
A03673,P078,1,190.9,38.18
A03674,P047,2,153.9,0.0
A03675,P035,1,174.9,34.98
A03675,P051,1,126.9,25.38
A03676,P059,1,278.9,55.78
A03676,P062,1,72.9,14.58
A03677,P088,1,76.9,0.0
A03678,P025,1,104.9,18.88
A03678,P101,1,222.9,0.0
A03679,P031,1,93.9,0.0
A03680,P035,2,174.9,0.0
A03680,P043,1,51.9,0.0
A03681,P093,1,36.9,7.38
A03682,P001,1,40.9,0.0
A03682,P009,1,248.9,44.8
A03682,P021,2,81.9,29.48
A03682,P070,1,132.9,0.0
A03683,P001,1,40.9,0.0
A03683,P003,1,198.9,0.0
A03683,P013,1,99.9,17.98
A03684,P090,1,64.9,0.0
A03684,P092,1,39.9,0.0
A03685,P118,1,192.9,38.58
A03686,P037,1,68.9,0.0
A03686,P104,1,307.9,0.0
A03687,P003,1,198.9,35.8
A03687,P046,1,41.9,0.0
A03687,P090,1,64.9,0.0
A03688,P031,2,93.9,0.0
A03688,P077,1,284.9,0.0
A03688,P085,1,33.9,0.0
A03688,P093,2,36.9,0.0
A03689,P009,2,248.9,89.6
A03689,P011,1,72.9,13.12
A03690,P026,1,193.9,34.9
A03690,P087,1,78.9,0.0
A03691,P001,1,40.9,15.54
A03692,P114,1,246.9,0.0
A03693,P051,1,126.9,0.0
A03694,P002,2,111.9,40.28
A03694,P009,2,248.9,89.6
A03694,P049,1,175.9,0.0
A03694,P096,1,102.9,0.0
A03695,P016,1,203.9,36.7
A03696,P023,1,174.9,34.98
A03696,P086,1,99.9,19.98
A03696,P091,1,57.9,11.58
A03696,P113,1,244.9,48.98
A03697,P110,1,225.9,45.18
A03698,P022,1,79.9,0.0
A03698,P110,1,225.9,0.0
A03699,P032,1,176.9,0.0
A03700,P002,3,111.9,60.43
A03700,P084,1,18.9,0.0
A03700,P098,1,87.9,0.0
A03700,P105,2,88.9,0.0
A03700,P113,2,244.9,0.0
A03701,P027,1,187.9,33.82
A03701,P045,2,83.9,0.0
A03702,P077,1,284.9,0.0
A03703,P004,1,123.9,34.69
A03703,P088,1,76.9,7.69
A03704,P061,1,233.9,46.78
A03705,P043,2,51.9,0.0
A03705,P046,1,41.9,0.0
A03705,P047,1,153.9,0.0
A03705,P102,2,299.9,0.0
A03706,P023,1,174.9,0.0
A03706,P117,1,281.9,0.0
A03707,P002,1,111.9,42.52
A03708,P007,2,153.9,55.4
A03708,P023,1,174.9,0.0
A03708,P049,1,175.9,0.0
A03708,P061,1,233.9,0.0
A03708,P082,1,108.9,0.0
A03709,P003,1,198.9,35.8
A03709,P066,2,238.9,0.0
A03709,P102,1,299.9,0.0
A03710,P022,1,79.9,22.37
A03710,P054,1,207.9,20.79
A03710,P070,2,132.9,26.58
A03710,P105,1,88.9,8.89
A03711,P039,2,184.9,0.0
A03711,P070,1,132.9,0.0
A03711,P111,1,169.9,0.0
A03712,P028,1,241.9,0.0
A03712,P055,1,135.9,0.0
A03712,P101,3,222.9,0.0
A03713,P037,2,68.9,0.0
A03713,P050,3,97.9,0.0
A03714,P051,2,126.9,50.76
A03714,P077,1,284.9,56.98
A03714,P094,1,84.9,16.98
A03715,P026,1,193.9,34.9
A03715,P111,1,169.9,0.0
A03716,P005,1,100.9,0.0
A03716,P022,3,79.9,0.0
A03716,P039,1,184.9,0.0
A03716,P050,1,97.9,0.0
A03717,P083,1,116.9,0.0
A03717,P088,1,76.9,0.0
A03718,P021,1,81.9,14.74
A03719,P025,1,104.9,0.0
A03719,P049,3,175.9,0.0
A03719,P063,1,286.9,0.0
A03719,P095,2,89.9,0.0
A03719,P100,1,110.9,0.0
A03720,P013,1,99.9,17.98
A03720,P029,2,173.9,62.6
A03720,P035,2,174.9,0.0
A03720,P064,1,140.9,0.0
A03720,P089,1,59.9,0.0
A03720,P100,1,110.9,0.0
A03721,P011,1,72.9,27.7
A03722,P016,1,203.9,57.09
A03722,P081,1,18.9,1.89
A03723,P050,2,97.9,0.0
A03723,P067,1,68.9,0.0
A03723,P087,1,78.9,0.0
A03723,P115,1,295.9,0.0
A03724,P045,2,83.9,0.0
A03724,P064,1,140.9,0.0
A03724,P073,1,266.9,0.0
A03724,P079,1,230.9,0.0
A03724,P098,2,87.9,0.0
A03725,P024,1,228.9,41.2
A03725,P051,1,126.9,0.0
A03726,P088,1,76.9,0.0
A03726,P098,1,87.9,0.0
A03727,P098,1,87.9,0.0
A03728,P092,1,39.9,0.0
A03728,P102,1,299.9,0.0
A03729,P027,3,187.9,0.0
A03729,P031,1,93.9,0.0
A03729,P117,1,281.9,0.0
A03730,P081,2,18.9,7.56
A03731,P034,1,162.9,32.58
A03731,P044,1,99.9,19.98
A03732,P045,1,83.9,16.78
A03733,P041,1,118.9,23.78
A03733,P117,1,281.9,56.38
A03734,P010,1,163.9,29.5
A03734,P027,1,187.9,33.82
A03734,P064,1,140.9,0.0
A03734,P095,1,89.9,0.0
A03735,P002,1,111.9,0.0
A03735,P068,1,166.9,0.0
A03736,P014,1,144.9,55.06
A03736,P020,2,196.9,149.64
A03736,P044,1,99.9,19.98
A03736,P051,1,126.9,25.38
A03736,P087,2,78.9,31.56
A03736,P109,1,221.9,44.38
A03737,P001,1,40.9,8.18
A03737,P014,1,144.9,55.06
A03737,P092,2,39.9,15.96
A03738,P093,2,36.9,0.0
A03739,P012,1,77.9,14.02
A03739,P081,2,18.9,0.0
A03740,P047,1,153.9,0.0
A03740,P086,1,99.9,0.0
A03741,P023,1,174.9,0.0
A03741,P107,1,203.9,0.0
A03742,P013,1,99.9,0.0
A03743,P035,1,174.9,0.0
A03743,P054,3,207.9,0.0
A03743,P067,2,68.9,0.0
A03743,P100,3,110.9,0.0
A03744,P016,2,203.9,73.4
A03744,P035,1,174.9,0.0
A03744,P041,2,118.9,0.0
A03744,P075,1,115.9,0.0
A03744,P112,3,141.9,0.0
A03745,P088,1,76.9,0.0
A03746,P007,1,153.9,27.7
A03746,P051,1,126.9,0.0
A03747,P044,1,99.9,0.0
A03747,P115,2,295.9,0.0
A03748,P028,2,241.9,87.08
A03749,P013,1,99.9,27.97
A03749,P099,1,54.9,5.49
A03750,P037,1,68.9,0.0
A03750,P050,1,97.9,0.0
A03751,P019,1,157.9,28.42
A03751,P083,1,116.9,0.0
A03752,P018,1,119.9,0.0
A03752,P023,1,174.9,31.48
A03753,P020,1,196.9,55.13
A03754,P010,2,163.9,59.0
A03754,P028,2,241.9,87.08
A03754,P030,3,166.9,90.13
A03754,P085,4,33.9,0.0
A03754,P086,2,99.9,0.0
A03754,P087,1,78.9,0.0
A03755,P019,1,157.9,0.0
A03756,P059,1,278.9,0.0
A03756,P089,1,59.9,0.0
A03757,P005,3,100.9,0.0
A03757,P007,2,153.9,55.4
A03757,P045,1,83.9,0.0
A03758,P012,3,77.9,0.0
A03758,P023,1,174.9,0.0
A03758,P078,1,190.9,0.0
A03758,P084,1,18.9,0.0
A03759,P009,2,248.9,89.6
A03759,P106,1,87.9,0.0
A03760,P055,1,135.9,0.0
A03760,P112,1,141.9,0.0
A03761,P018,4,119.9,86.33
A03762,P024,1,228.9,41.2
A03762,P040,1,180.9,0.0
A03763,P004,1,123.9,0.0
A03763,P010,1,163.9,29.5
A03763,P019,1,157.9,28.42
A03764,P005,1,100.9,38.34
A03764,P082,1,108.9,21.78
A03765,P084,2,18.9,3.78
A03765,P101,1,222.9,22.29
A03766,P019,2,157.9,56.84
A03767,P053,1,86.9,0.0
A03767,P062,1,72.9,0.0
A03768,P008,1,105.9,19.06
A03768,P090,1,64.9,0.0
A03768,P106,2,87.9,0.0
A03769,P063,1,286.9,0.0
A03769,P083,2,116.9,0.0
A03769,P108,1,79.9,0.0
A03770,P070,1,132.9,0.0
A03770,P095,1,89.9,0.0
A03771,P026,1,193.9,54.29
A03771,P083,2,116.9,23.38
A03771,P091,1,57.9,5.79
A03771,P097,1,27.9,2.79
A03772,P021,1,81.9,31.12
A03772,P050,2,97.9,39.16
A03773,P020,1,196.9,39.38
A03773,P033,1,51.9,10.38
A03773,P089,1,59.9,11.98
A03774,P019,1,157.9,0.0
A03774,P096,1,102.9,0.0
A03775,P016,3,203.9,110.11
A03775,P116,1,234.9,0.0
A03776,P044,1,99.9,0.0
A03776,P074,2,281.9,0.0
A03776,P091,1,57.9,0.0
A03777,P072,1,50.9,0.0
A03777,P103,1,266.9,0.0
A03778,P068,1,166.9,0.0
A03778,P105,1,88.9,0.0
A03779,P023,1,174.9,0.0
A03779,P025,2,104.9,37.76
A03779,P027,3,187.9,0.0
A03779,P040,1,180.9,0.0
A03780,P027,1,187.9,33.82
A03780,P088,1,76.9,0.0
A03781,P028,1,241.9,43.54
A03781,P040,1,180.9,0.0
A03781,P053,1,86.9,0.0
A03781,P102,2,299.9,0.0
A03782,P005,1,100.9,0.0
A03782,P006,1,208.9,37.6
A03783,P007,1,153.9,0.0
A03783,P024,1,228.9,0.0
A03783,P090,1,64.9,0.0
A03784,P015,1,149.9,26.98
A03784,P083,2,116.9,0.0
A03785,P028,2,241.9,87.08
A03785,P068,2,166.9,0.0
A03785,P079,2,230.9,0.0
A03785,P085,1,33.9,0.0
A03786,P001,1,40.9,15.54
A03786,P011,1,72.9,27.7
A03786,P018,1,119.9,45.56
A03787,P002,1,111.9,20.14
A03787,P109,1,221.9,0.0
A03788,P107,1,203.9,20.39
A03788,P118,1,192.9,19.29
A03789,P052,1,124.9,0.0
A03789,P082,1,108.9,0.0
A03790,P013,1,99.9,0.0
A03791,P047,2,153.9,0.0
A03792,P100,1,110.9,0.0
A03793,P008,1,105.9,29.65
A03793,P015,1,149.9,14.99
A03793,P060,2,297.9,59.58
A03793,P062,1,72.9,7.29
A03794,P046,1,41.9,0.0
A03794,P083,1,116.9,0.0
A03794,P095,1,89.9,0.0
A03795,P008,2,105.9,80.48
A03795,P077,1,284.9,56.98
A03795,P080,2,149.9,59.96
A03795,P093,1,36.9,7.38
A03795,P100,1,110.9,22.18
A03796,P080,1,149.9,0.0
A03796,P096,1,102.9,0.0
A03797,P007,2,153.9,55.4
A03798,P057,1,246.9,0.0
A03799,P058,1,271.9,0.0
A03799,P070,1,132.9,0.0
A03800,P030,2,166.9,60.08
A03801,P076,1,203.9,40.78
A03802,P098,1,87.9,17.58
A03803,P010,3,163.9,88.51
A03803,P097,1,27.9,0.0
A03804,P052,1,124.9,0.0
A03804,P114,2,246.9,0.0
A03805,P008,1,105.9,19.06
A03806,P004,1,123.9,22.3
A03806,P010,1,163.9,29.5
A03807,P013,1,99.9,17.98
A03808,P046,1,41.9,8.38
A03808,P094,1,84.9,16.98
A03809,P062,1,72.9,0.0
A03810,P020,3,196.9,106.33
A03810,P027,1,187.9,33.82
A03811,P059,1,278.9,55.78
A03812,P085,1,33.9,0.0
A03813,P038,1,55.9,0.0
A03813,P059,1,278.9,0.0
A03814,P003,1,198.9,0.0
A03814,P005,1,100.9,18.16
A03814,P022,1,79.9,14.38
A03815,P007,1,153.9,15.39
A03815,P075,1,115.9,11.59
A03816,P098,1,87.9,0.0
A03816,P101,1,222.9,0.0
A03817,P004,1,123.9,22.3
A03817,P041,1,118.9,0.0
A03817,P078,1,190.9,0.0
A03818,P096,1,102.9,0.0
A03818,P113,2,244.9,0.0
A03819,P100,1,110.9,0.0
A03820,P049,1,175.9,0.0
A03820,P094,1,84.9,0.0
A03821,P020,1,196.9,35.44
A03822,P010,1,163.9,29.5
A03822,P053,2,86.9,0.0
A03822,P111,1,169.9,0.0
A03823,P024,2,228.9,91.56
A03823,P033,1,51.9,10.38
A03824,P005,1,100.9,0.0
A03824,P077,1,284.9,0.0
A03824,P101,1,222.9,0.0
A03824,P110,1,225.9,0.0
A03825,P033,1,51.9,0.0
A03826,P078,2,190.9,0.0
A03826,P093,1,36.9,0.0
A03827,P054,1,207.9,0.0
A03827,P067,1,68.9,0.0
A03828,P074,1,281.9,56.38
A03829,P017,2,116.9,42.08
A03830,P013,1,99.9,0.0
A03830,P078,1,190.9,0.0
A03830,P088,1,76.9,0.0
A03831,P044,1,99.9,19.98
A03831,P050,1,97.9,19.58
A03831,P069,2,266.9,106.76
A03831,P090,1,64.9,12.98
A03832,P024,2,228.9,82.4
A03832,P028,1,241.9,0.0
A03832,P064,1,140.9,0.0
A03832,P118,1,192.9,0.0
A03833,P005,1,100.9,38.34
A03833,P032,1,176.9,35.38
A03834,P001,1,40.9,0.0
A03834,P079,1,230.9,0.0
A03835,P025,1,104.9,29.37
A03835,P072,1,50.9,5.09
A03835,P087,1,78.9,7.89
A03836,P054,1,207.9,0.0
A03836,P060,1,297.9,0.0
A03837,P025,1,104.9,18.88
A03838,P006,1,208.9,79.38
A03838,P022,1,79.9,15.98
A03838,P040,1,180.9,36.18
A03838,P097,1,27.9,5.58
A03839,P071,1,46.9,0.0
A03840,P004,1,123.9,22.3
A03841,P014,1,144.9,26.08
A03841,P030,2,166.9,60.08
A03841,P108,1,79.9,0.0
A03842,P031,1,93.9,0.0
A03842,P052,3,124.9,0.0
A03843,P080,1,149.9,0.0
A03843,P088,1,76.9,0.0
A03844,P090,1,64.9,0.0
A03845,P032,1,176.9,17.69
A03845,P033,1,51.9,5.19
A03846,P012,1,77.9,0.0
A03846,P034,1,162.9,0.0
A03846,P038,1,55.9,0.0
A03846,P115,1,295.9,0.0
A03847,P014,1,144.9,26.08
A03847,P063,2,286.9,0.0
A03847,P065,2,48.9,0.0
A03847,P080,1,149.9,0.0
A03847,P100,2,110.9,0.0
A03848,P109,2,221.9,88.76
A03848,P113,1,244.9,48.98
A03849,P088,2,76.9,0.0
A03849,P119,1,70.9,0.0
A03850,P004,2,123.9,44.6
A03850,P009,2,248.9,89.6
A03850,P052,1,124.9,0.0
A03851,P019,1,157.9,31.58
A03851,P024,2,228.9,91.56
A03851,P053,2,86.9,34.76
A03852,P111,1,169.9,0.0
A03853,P001,1,40.9,11.45
A03853,P009,1,248.9,24.89
A03853,P056,4,179.9,71.96
A03853,P114,2,246.9,49.38
A03854,P097,1,27.9,0.0
A03855,P051,1,126.9,0.0
A03855,P081,1,18.9,0.0
A03855,P090,1,64.9,0.0
A03855,P092,2,39.9,0.0
A03856,P099,1,54.9,0.0
A03856,P117,1,281.9,0.0
A03857,P052,3,124.9,0.0
A03857,P084,1,18.9,0.0
A03858,P106,1,87.9,0.0
A03859,P010,1,163.9,29.5
A03859,P026,2,193.9,69.8
A03859,P077,1,284.9,0.0
A03859,P089,1,59.9,0.0
A03860,P005,1,100.9,18.16
A03860,P091,1,57.9,0.0
A03861,P010,1,163.9,29.5
A03862,P036,2,68.9,0.0
A03862,P057,1,246.9,0.0
A03863,P009,2,248.9,89.6
A03863,P073,1,266.9,0.0
A03863,P084,1,18.9,0.0
A03864,P001,2,40.9,31.08
A03864,P007,1,153.9,58.48
A03864,P025,2,104.9,79.72
A03864,P035,1,174.9,34.98
A03864,P087,1,78.9,15.78
A03865,P038,1,55.9,0.0
A03866,P010,2,163.9,59.0
A03867,P042,1,121.9,0.0
A03867,P115,1,295.9,0.0
A03868,P031,1,93.9,0.0
A03869,P025,1,104.9,18.88
A03869,P027,2,187.9,67.64
A03869,P062,1,72.9,0.0
A03870,P009,1,248.9,44.8
A03870,P027,1,187.9,33.82
A03871,P067,1,68.9,0.0
A03871,P095,1,89.9,0.0
A03872,P019,1,157.9,0.0
A03872,P043,1,51.9,0.0
A03872,P059,1,278.9,0.0
A03872,P069,1,266.9,0.0
A03873,P051,2,126.9,0.0
A03873,P055,1,135.9,0.0
A03873,P058,1,271.9,0.0
A03874,P011,1,72.9,13.12
A03874,P105,1,88.9,0.0
A03874,P118,1,192.9,0.0
A03875,P002,2,111.9,40.28
A03875,P035,1,174.9,0.0
A03876,P077,1,284.9,56.98
A03876,P095,1,89.9,17.98
A03876,P097,1,27.9,5.58
A03877,P011,1,72.9,13.12
A03877,P036,3,68.9,0.0
A03877,P038,1,55.9,0.0
A03877,P063,1,286.9,0.0
A03877,P089,1,59.9,0.0
A03877,P099,2,54.9,0.0
A03878,P021,1,81.9,14.74
A03878,P054,1,207.9,0.0
A03878,P117,1,281.9,0.0
A03879,P027,3,187.9,101.47
A03880,P016,1,203.9,36.7
A03880,P057,1,246.9,0.0
A03880,P062,1,72.9,0.0
A03880,P108,1,79.9,0.0
A03881,P028,1,241.9,43.54
A03882,P028,3,241.9,130.63
A03882,P036,1,68.9,0.0
A03883,P119,1,70.9,0.0
A03884,P005,3,100.9,54.49
A03884,P015,1,149.9,26.98
A03884,P017,1,116.9,21.04
A03884,P044,1,99.9,0.0
A03884,P087,1,78.9,0.0
A03884,P107,1,203.9,0.0
A03885,P090,1,64.9,12.98
A03885,P094,2,84.9,33.96
A03886,P006,1,208.9,0.0
A03886,P038,2,55.9,0.0
A03887,P056,1,179.9,0.0
A03887,P069,1,266.9,0.0
A03888,P049,2,175.9,0.0
A03888,P064,1,140.9,0.0
A03889,P017,1,116.9,0.0
A03889,P039,1,184.9,0.0
A03890,P005,1,100.9,18.16
A03891,P089,1,59.9,0.0
A03891,P097,1,27.9,0.0
A03892,P019,1,157.9,0.0
A03892,P025,1,104.9,18.88
A03892,P077,1,284.9,0.0
A03893,P030,1,166.9,30.04
A03894,P002,1,111.9,20.14
A03894,P012,1,77.9,14.02
A03894,P016,1,203.9,0.0
A03894,P021,2,81.9,29.48
A03894,P054,1,207.9,0.0
A03894,P113,2,244.9,0.0
A03895,P013,1,99.9,17.98
A03895,P020,1,196.9,0.0
A03895,P021,2,81.9,29.48
A03895,P027,1,187.9,33.82
A03895,P042,1,121.9,0.0
A03895,P066,2,238.9,0.0
A03896,P029,2,173.9,0.0
A03896,P108,1,79.9,0.0
A03897,P026,1,193.9,34.9
A03897,P028,1,241.9,43.54
A03897,P053,1,86.9,0.0
A03898,P064,1,140.9,0.0
A03898,P082,3,108.9,0.0
A03899,P003,2,198.9,111.38
A03899,P010,4,163.9,183.57
A03899,P014,3,144.9,121.72
A03899,P033,1,51.9,5.19
A03899,P062,1,72.9,7.29
A03899,P082,2,108.9,21.78
A03899,P109,1,221.9,22.19
A03900,P076,2,203.9,0.0
A03900,P103,2,266.9,0.0
A03901,P051,2,126.9,50.76
A03901,P093,1,36.9,7.38
A03902,P004,1,123.9,0.0
A03902,P025,1,104.9,18.88
A03902,P051,3,126.9,0.0
A03903,P089,1,59.9,0.0
A03903,P111,1,169.9,0.0
A03903,P116,1,234.9,0.0
A03904,P001,1,40.9,0.0
A03905,P012,2,77.9,28.04
A03906,P023,1,174.9,31.48
A03906,P071,1,46.9,0.0
A03906,P115,1,295.9,0.0
A03907,P015,1,149.9,0.0
A03908,P091,1,57.9,0.0
A03908,P093,1,36.9,0.0
A03909,P017,2,116.9,42.08
A03909,P035,1,174.9,0.0
A03909,P092,1,39.9,0.0
A03909,P106,1,87.9,0.0
A03910,P003,2,198.9,71.6
A03910,P014,1,144.9,0.0
A03910,P050,1,97.9,0.0
A03910,P105,2,88.9,0.0
A03911,P021,1,81.9,22.93
A03911,P047,1,153.9,15.39
A03912,P034,1,162.9,16.29
A03913,P060,2,297.9,0.0
A03914,P023,2,174.9,62.96
A03915,P031,1,93.9,0.0
A03915,P057,1,246.9,0.0
A03915,P074,1,281.9,0.0
A03916,P015,1,149.9,41.97
A03916,P016,1,203.9,57.09
A03916,P080,1,149.9,14.99
A03917,P002,1,111.9,20.14
A03918,P010,1,163.9,29.5
A03918,P024,1,228.9,41.2
A03918,P037,2,68.9,0.0
A03918,P043,2,51.9,0.0
A03919,P016,1,203.9,36.7
A03919,P106,1,87.9,0.0
A03920,P003,1,198.9,35.8
A03920,P105,1,88.9,0.0
A03921,P027,1,187.9,33.82
A03921,P044,1,99.9,0.0
A03921,P095,2,89.9,0.0
A03922,P119,1,70.9,0.0
A03923,P079,1,230.9,46.18
A03924,P017,1,116.9,44.42
A03925,P017,2,116.9,65.46
A03925,P020,1,196.9,55.13
A03925,P053,1,86.9,8.69
A03925,P096,2,102.9,20.58
A03926,P009,2,248.9,139.38
A03926,P035,1,174.9,17.49
A03926,P100,1,110.9,11.09
A03927,P005,1,100.9,0.0
A03927,P048,1,100.9,0.0
A03927,P100,3,110.9,0.0
A03928,P062,1,72.9,0.0
A03929,P004,1,123.9,22.3
A03929,P040,2,180.9,0.0
A03929,P090,1,64.9,0.0
A03930,P004,2,123.9,44.6
A03930,P014,2,144.9,0.0
A03930,P049,1,175.9,0.0
A03930,P069,1,266.9,0.0
A03930,P114,1,246.9,0.0
A03931,P019,2,157.9,120.0
A03931,P051,1,126.9,25.38
A03931,P069,4,266.9,213.52
A03932,P020,1,196.9,35.44
A03932,P111,1,169.9,0.0
A03933,P016,1,203.9,20.39
A03933,P047,1,153.9,15.39
A03933,P057,1,246.9,24.69
A03933,P086,3,99.9,29.97
A03933,P096,2,102.9,20.58
A03934,P051,1,126.9,0.0
A03934,P083,1,116.9,0.0
A03935,P075,1,115.9,0.0
A03935,P089,1,59.9,0.0
A03936,P011,2,72.9,26.24
A03936,P018,2,119.9,43.16
A03936,P039,2,184.9,0.0
A03937,P038,1,55.9,0.0
A03937,P093,1,36.9,0.0
A03938,P007,1,153.9,27.7
A03939,P021,2,81.9,29.48
A03939,P038,1,55.9,0.0
A03939,P062,1,72.9,0.0
A03940,P058,1,271.9,0.0
A03940,P069,1,266.9,0.0
A03941,P048,1,100.9,0.0
A03941,P085,2,33.9,0.0
A03941,P093,1,36.9,0.0
A03942,P031,2,93.9,37.56
A03943,P002,1,111.9,20.14
A03943,P008,1,105.9,19.06
A03944,P046,2,41.9,16.76
A03945,P010,1,163.9,29.5
A03946,P008,1,105.9,40.24
A03946,P067,3,68.9,41.34
A03946,P075,1,115.9,23.18
A03946,P107,2,203.9,81.56
A03947,P092,1,39.9,7.98
A03948,P029,3,173.9,146.08
A03949,P007,1,153.9,27.7
A03949,P050,1,97.9,0.0
A03950,P098,1,87.9,0.0
A03951,P021,4,81.9,0.0
A03952,P063,1,286.9,0.0
A03953,P088,1,76.9,7.69
A03954,P007,1,153.9,58.48
A03955,P029,1,173.9,0.0
A03956,P071,1,46.9,4.69
A03956,P111,1,169.9,16.99
A03957,P053,1,86.9,0.0
A03958,P008,1,105.9,40.24
A03958,P067,1,68.9,13.78
A03959,P074,1,281.9,0.0
A03959,P089,1,59.9,0.0
A03959,P117,2,281.9,0.0
A03960,P008,1,105.9,0.0
A03961,P024,1,228.9,41.2
A03961,P037,1,68.9,0.0
A03961,P043,2,51.9,0.0
A03961,P081,1,18.9,0.0
A03962,P010,1,163.9,29.5
A03962,P023,1,174.9,31.48
A03962,P087,1,78.9,0.0
A03963,P091,1,57.9,5.79
A03964,P066,1,238.9,0.0
A03965,P002,1,111.9,20.14
A03965,P063,1,286.9,0.0
A03965,P085,2,33.9,0.0
A03965,P097,2,27.9,0.0
A03966,P028,1,241.9,43.54
A03966,P036,2,68.9,0.0
A03966,P040,2,180.9,0.0
A03966,P045,2,83.9,0.0
A03966,P052,1,124.9,0.0
A03967,P077,2,284.9,0.0
A03968,P053,2,86.9,0.0
A03968,P114,1,246.9,0.0
A03969,P079,1,230.9,23.09
A03969,P087,1,78.9,7.89
A03969,P097,1,27.9,2.79
A03969,P101,2,222.9,44.58
A03969,P118,1,192.9,19.29
A03970,P015,2,149.9,83.94
A03970,P051,1,126.9,12.69
A03970,P087,1,78.9,7.89
A03970,P090,1,64.9,6.49
A03971,P019,1,157.9,28.42
A03971,P064,1,140.9,0.0
A03971,P084,1,18.9,0.0
A03972,P005,1,100.9,18.16
A03972,P017,2,116.9,42.08
A03972,P039,1,184.9,0.0
A03972,P043,2,51.9,0.0
A03972,P068,2,166.9,0.0
A03973,P020,1,196.9,35.44
A03974,P043,1,51.9,5.19
A03975,P017,1,116.9,21.04
A03975,P026,1,193.9,34.9
A03976,P099,1,54.9,0.0
A03976,P109,1,221.9,0.0
A03977,P012,2,77.9,28.04
A03978,P014,2,144.9,52.16
A03978,P083,1,116.9,0.0
A03979,P024,1,228.9,0.0
A03979,P073,1,266.9,0.0
A03980,P004,1,123.9,0.0
A03980,P018,2,119.9,0.0
A03980,P063,2,286.9,0.0
A03980,P095,2,89.9,0.0
A03981,P006,1,208.9,37.6
A03981,P017,1,116.9,21.04
A03982,P044,1,99.9,0.0
A03982,P107,1,203.9,0.0
A03983,P005,1,100.9,38.34
A03983,P020,3,196.9,224.47
A03983,P026,2,193.9,77.56
A03983,P100,1,110.9,22.18
A03984,P030,1,166.9,30.04
A03984,P037,2,68.9,0.0
A03984,P038,1,55.9,0.0
A03985,P003,1,198.9,35.8
A03985,P095,1,89.9,0.0
A03986,P067,2,68.9,0.0
A03987,P006,1,208.9,0.0
A03987,P010,1,163.9,29.5
A03987,P020,2,196.9,70.88
A03988,P118,1,192.9,0.0
A03989,P028,2,241.9,87.08
A03989,P053,1,86.9,0.0
A03990,P019,1,157.9,28.42
A03990,P114,1,246.9,0.0
A03991,P003,3,198.9,107.41
A03991,P024,1,228.9,0.0
A03991,P067,1,68.9,0.0
A03991,P071,1,46.9,0.0
A03992,P055,1,135.9,0.0
A03993,P012,1,77.9,29.6
A03993,P029,1,173.9,66.08
A03993,P056,2,179.9,71.96
A03994,P022,1,79.9,0.0
A03995,P006,2,208.9,75.2
A03995,P024,1,228.9,41.2
A03995,P072,1,50.9,0.0
A03995,P076,2,203.9,0.0
A03995,P093,1,36.9,0.0
A03995,P111,3,169.9,0.0
A03996,P078,2,190.9,76.36
A03997,P078,1,190.9,0.0
A03998,P006,3,208.9,112.81
A03998,P022,2,79.9,28.76
A03998,P023,3,174.9,0.0
A03998,P076,3,203.9,0.0
A03998,P089,1,59.9,0.0
A03999,P081,1,18.9,3.78
A04000,P016,1,203.9,36.7
A04000,P037,1,68.9,0.0
A04000,P051,1,126.9,0.0
A04001,P005,1,100.9,28.25
A04002,P001,2,40.9,14.72
A04002,P029,1,173.9,31.3
A04002,P107,1,203.9,0.0
A04003,P027,3,187.9,101.47
A04003,P067,1,68.9,0.0
A04003,P119,1,70.9,0.0
A04004,P056,1,179.9,0.0
A04005,P003,1,198.9,35.8
A04005,P005,1,100.9,18.16
A04005,P056,1,179.9,0.0
A04005,P074,1,281.9,0.0
A04006,P002,1,111.9,20.14
A04007,P083,1,116.9,0.0
A04008,P019,2,157.9,56.84
A04008,P020,1,196.9,35.44
A04008,P026,3,193.9,0.0
A04008,P050,1,97.9,0.0
A04008,P077,2,284.9,0.0
A04008,P100,3,110.9,0.0
A04009,P006,2,208.9,75.2
A04009,P074,1,281.9,0.0
A04010,P032,1,176.9,35.38
A04010,P116,1,234.9,46.98
A04011,P053,1,86.9,0.0
A04011,P072,1,50.9,0.0
A04011,P112,1,141.9,0.0
A04012,P010,1,163.9,0.0
A04013,P031,1,93.9,0.0
A04014,P003,2,198.9,71.6
A04014,P091,2,57.9,0.0
A04015,P046,1,41.9,0.0
A04016,P022,1,79.9,14.38
A04016,P041,1,118.9,0.0
A04016,P113,2,244.9,0.0
A04017,P018,2,119.9,43.16
A04017,P031,1,93.9,0.0
A04017,P085,1,33.9,0.0
A04018,P007,1,153.9,27.7
A04018,P094,1,84.9,0.0
A04019,P013,1,99.9,0.0
A04019,P078,1,190.9,0.0
A04019,P090,1,64.9,0.0
A04020,P069,1,266.9,53.38
A04020,P092,2,39.9,15.96
A04020,P099,1,54.9,10.98
A04021,P108,1,79.9,0.0
A04022,P016,3,203.9,110.11
A04022,P026,1,193.9,0.0
A04022,P028,2,241.9,87.08
A04022,P029,2,173.9,62.6
A04022,P033,2,51.9,0.0
A04023,P069,1,266.9,53.38
A04023,P070,2,132.9,53.16
A04023,P084,1,18.9,3.78
A04023,P090,4,64.9,51.92
A04024,P014,1,144.9,0.0
A04024,P024,1,228.9,41.2
A04024,P088,1,76.9,0.0
A04024,P094,1,84.9,0.0
A04025,P040,1,180.9,0.0
A04025,P076,2,203.9,0.0
A04025,P105,2,88.9,0.0
A04026,P005,1,100.9,0.0
A04026,P086,1,99.9,0.0
A04026,P103,1,266.9,0.0
A04027,P032,1,176.9,0.0
A04028,P001,1,40.9,7.36
A04028,P018,1,119.9,0.0
A04028,P030,1,166.9,30.04
A04029,P094,1,84.9,0.0
A04029,P099,1,54.9,0.0
A04030,P035,1,174.9,0.0
A04030,P100,2,110.9,0.0
A04030,P118,1,192.9,0.0
A04031,P045,1,83.9,0.0
A04031,P082,1,108.9,0.0
A04031,P085,1,33.9,0.0
A04032,P016,1,203.9,20.39
A04033,P032,2,176.9,0.0
A04033,P115,1,295.9,0.0
A04034,P036,1,68.9,0.0
A04035,P009,1,248.9,0.0
A04035,P014,2,144.9,52.16
A04035,P025,1,104.9,18.88
A04035,P027,1,187.9,33.82
A04035,P068,1,166.9,0.0
A04036,P019,2,157.9,88.42
A04036,P024,2,228.9,128.18
A04036,P084,1,18.9,1.89
A04037,P035,1,174.9,0.0
A04037,P093,1,36.9,0.0
A04037,P094,2,84.9,0.0
A04038,P051,3,126.9,0.0
A04038,P054,1,207.9,0.0
A04039,P105,1,88.9,17.78
A04040,P018,2,119.9,43.16
A04040,P035,1,174.9,0.0
A04041,P047,1,153.9,0.0
A04041,P054,1,207.9,0.0
A04041,P066,1,238.9,0.0
A04042,P001,2,40.9,14.72
A04042,P005,1,100.9,18.16
A04042,P089,2,59.9,0.0
A04042,P119,1,70.9,0.0
A04043,P011,1,72.9,0.0
A04043,P099,1,54.9,0.0
A04043,P109,1,221.9,0.0
A04043,P114,1,246.9,0.0
A04044,P009,2,248.9,0.0
A04044,P052,1,124.9,0.0
A04044,P077,1,284.9,0.0
A04045,P051,1,126.9,0.0
A04045,P065,1,48.9,0.0
A04045,P077,1,284.9,0.0
A04045,P087,1,78.9,0.0
A04046,P013,2,99.9,35.96
A04046,P034,1,162.9,0.0
A04046,P115,1,295.9,0.0
A04047,P069,1,266.9,0.0
A04047,P108,1,79.9,0.0
A04047,P113,1,244.9,0.0
A04048,P024,1,228.9,41.2
A04049,P041,2,118.9,47.56
A04049,P103,1,266.9,53.38
A04050,P008,1,105.9,19.06
A04050,P086,1,99.9,0.0
A04050,P095,2,89.9,0.0
A04050,P113,1,244.9,0.0
A04051,P008,2,105.9,42.36
A04051,P057,2,246.9,98.76
A04052,P008,1,105.9,21.18
A04052,P051,1,126.9,25.38
A04052,P055,1,135.9,27.18
A04052,P101,1,222.9,44.58
A04053,P015,1,149.9,26.98
A04054,P006,1,208.9,0.0
A04055,P021,2,81.9,29.48
A04055,P048,1,100.9,0.0
A04056,P045,1,83.9,0.0
A04056,P079,2,230.9,0.0
A04057,P016,1,203.9,36.7
A04057,P027,2,187.9,67.64
A04058,P007,2,153.9,55.4
A04058,P028,1,241.9,43.54
A04058,P103,2,266.9,0.0
A04059,P003,2,198.9,0.0
A04059,P008,2,105.9,0.0
A04059,P038,2,55.9,0.0
A04060,P009,1,248.9,44.8
A04060,P038,1,55.9,0.0
A04060,P079,1,230.9,0.0
A04061,P010,2,163.9,124.56
A04061,P081,1,18.9,3.78
A04062,P071,1,46.9,0.0
A04063,P068,2,166.9,0.0
A04063,P120,1,195.9,0.0
A04064,P034,1,162.9,16.29
A04064,P039,1,184.9,18.49
A04064,P096,1,102.9,10.29
A04065,P054,2,207.9,41.58
A04066,P035,1,174.9,0.0
A04066,P044,1,99.9,0.0
A04066,P061,1,233.9,0.0
A04066,P112,1,141.9,0.0
A04066,P113,2,244.9,0.0
A04066,P115,4,295.9,0.0
A04067,P043,2,51.9,0.0
A04067,P048,2,100.9,0.0
A04068,P103,2,266.9,0.0
A04069,P006,3,208.9,112.81
A04069,P049,2,175.9,0.0
A04069,P058,3,271.9,0.0
A04069,P082,1,108.9,0.0
A04070,P107,1,203.9,0.0
A04071,P006,2,208.9,0.0
A04072,P022,2,79.9,0.0
A04072,P049,2,175.9,0.0
A04072,P091,4,57.9,0.0
A04072,P101,1,222.9,0.0
A04073,P010,1,163.9,45.89
A04074,P034,1,162.9,0.0
A04074,P037,1,68.9,0.0
A04075,P003,2,198.9,0.0
A04075,P083,1,116.9,0.0
A04076,P001,1,40.9,0.0
A04076,P038,1,55.9,0.0
A04076,P069,1,266.9,0.0
A04076,P098,1,87.9,0.0
A04077,P044,1,99.9,19.98
A04078,P021,1,81.9,14.74
A04078,P042,1,121.9,0.0
A04078,P047,1,153.9,0.0
A04078,P100,2,110.9,0.0
A04079,P006,2,208.9,75.2
A04079,P024,2,228.9,82.4
A04079,P029,3,173.9,0.0
A04079,P030,1,166.9,30.04
A04079,P072,2,50.9,0.0
A04079,P084,3,18.9,0.0
A04080,P090,1,64.9,6.49
A04080,P098,1,87.9,8.79
A04081,P003,1,198.9,35.8
A04081,P018,1,119.9,21.58
A04081,P053,1,86.9,0.0
A04081,P086,2,99.9,0.0
A04081,P098,1,87.9,0.0
A04081,P114,1,246.9,0.0
A04082,P020,1,196.9,35.44
A04082,P048,1,100.9,0.0
A04082,P119,1,70.9,0.0
A04083,P082,1,108.9,21.78
A04083,P096,2,102.9,41.16
A04084,P032,1,176.9,17.69
A04084,P063,1,286.9,28.69
A04085,P005,2,100.9,36.32
A04085,P010,1,163.9,29.5
A04085,P111,1,169.9,0.0
A04086,P078,1,190.9,38.18
A04086,P116,1,234.9,46.98
A04087,P039,1,184.9,0.0
A04087,P057,1,246.9,0.0
A04087,P096,1,102.9,0.0
A04088,P020,1,196.9,0.0
A04088,P021,1,81.9,0.0
A04089,P081,1,18.9,3.78
A04089,P093,1,36.9,7.38
A04089,P119,1,70.9,14.18
A04090,P003,1,198.9,35.8
A04091,P025,1,104.9,18.88
A04092,P003,1,198.9,35.8
A04092,P012,1,77.9,14.02
A04093,P003,1,198.9,35.8
A04093,P009,1,248.9,44.8
A04093,P062,1,72.9,0.0
A04093,P103,2,266.9,0.0
A04094,P011,3,72.9,39.37
A04095,P030,1,166.9,30.04
A04095,P069,2,266.9,0.0
A04095,P116,1,234.9,0.0
A04096,P013,1,99.9,17.98
A04096,P019,2,157.9,0.0
A04096,P059,2,278.9,0.0
A04096,P078,1,190.9,0.0
A04096,P087,3,78.9,0.0
A04097,P020,1,196.9,35.44
A04097,P117,1,281.9,0.0
A04098,P007,1,153.9,0.0
A04098,P034,1,162.9,0.0
A04098,P076,1,203.9,0.0
A04099,P008,1,105.9,40.24
A04099,P021,1,81.9,16.38
A04099,P035,1,174.9,34.98
A04099,P076,2,203.9,81.56
A04100,P017,1,116.9,21.04
A04100,P021,2,81.9,0.0
A04101,P028,2,241.9,135.46
A04101,P066,3,238.9,71.67
A04101,P109,1,221.9,22.19
A04102,P090,1,64.9,0.0
A04102,P094,1,84.9,0.0
A04102,P099,1,54.9,0.0
A04103,P036,1,68.9,0.0
A04103,P047,1,153.9,0.0
A04103,P120,1,195.9,0.0
A04104,P040,1,180.9,0.0
A04104,P061,1,233.9,0.0
A04105,P005,1,100.9,18.16
A04105,P081,1,18.9,0.0
A04106,P032,1,176.9,0.0
A04106,P046,1,41.9,0.0
A04106,P060,1,297.9,0.0
A04107,P054,1,207.9,0.0
A04108,P013,2,99.9,55.94
A04108,P074,1,281.9,28.19
A04109,P094,1,84.9,0.0
A04110,P006,1,208.9,58.49
A04110,P046,1,41.9,4.19
A04110,P082,2,108.9,21.78
A04111,P005,1,100.9,18.16
A04111,P037,3,68.9,0.0
A04112,P019,1,157.9,31.58
A04112,P064,1,140.9,28.18
A04112,P077,1,284.9,56.98
A04112,P083,1,116.9,23.38
A04112,P097,2,27.9,11.16
A04113,P013,1,99.9,17.98
A04113,P016,1,203.9,36.7
A04113,P057,1,246.9,0.0
A04113,P084,1,18.9,0.0
A04114,P107,1,203.9,0.0
A04115,P028,1,241.9,43.54
A04115,P087,1,78.9,0.0
A04116,P011,1,72.9,20.41
A04116,P067,1,68.9,6.89
A04116,P115,1,295.9,29.59
A04117,P007,2,153.9,55.4
A04117,P020,2,196.9,0.0
A04117,P047,2,153.9,0.0
A04117,P082,2,108.9,0.0
A04117,P102,1,299.9,0.0
A04118,P041,3,118.9,0.0
A04118,P064,1,140.9,0.0
A04118,P107,1,203.9,0.0
A04118,P109,1,221.9,0.0
A04119,P012,1,77.9,0.0
A04119,P084,1,18.9,0.0
A04119,P100,1,110.9,0.0
A04120,P040,2,180.9,0.0
A04120,P103,1,266.9,0.0
A04121,P008,1,105.9,19.06
A04121,P063,1,286.9,0.0
A04122,P003,2,198.9,71.6
A04122,P037,1,68.9,0.0
A04123,P024,1,228.9,86.98
A04123,P038,1,55.9,11.18
A04123,P049,1,175.9,35.18
A04123,P119,1,70.9,14.18
A04124,P087,1,78.9,0.0
A04125,P045,1,83.9,0.0
A04125,P093,2,36.9,0.0
A04126,P040,2,180.9,0.0
A04127,P012,1,77.9,29.6
A04127,P024,1,228.9,86.98
A04127,P035,2,174.9,69.96
A04128,P078,1,190.9,0.0
A04129,P008,1,105.9,29.65
A04129,P042,2,121.9,24.38
A04129,P106,1,87.9,8.79
A04130,P066,1,238.9,0.0
A04130,P096,3,102.9,0.0
A04131,P023,1,174.9,31.48
A04131,P072,1,50.9,0.0
A04132,P008,2,105.9,38.12
A04133,P048,1,100.9,0.0
A04133,P082,1,108.9,0.0
A04134,P003,1,198.9,35.8
A04134,P013,1,99.9,17.98
A04134,P030,2,166.9,0.0
A04134,P079,1,230.9,0.0
A04135,P012,2,77.9,28.04
A04135,P030,1,166.9,0.0
A04135,P058,3,271.9,0.0
A04135,P062,1,72.9,0.0
A04136,P041,1,118.9,23.78
A04136,P051,1,126.9,25.38
A04136,P069,2,266.9,106.76
A04137,P030,1,166.9,30.04
A04137,P033,1,51.9,0.0
A04138,P034,2,162.9,0.0
A04138,P064,1,140.9,0.0
A04139,P010,1,163.9,29.5
A04139,P033,2,51.9,0.0
A04139,P041,1,118.9,0.0
A04139,P097,1,27.9,0.0
A04139,P118,2,192.9,0.0
A04140,P076,1,203.9,0.0
A04140,P097,2,27.9,0.0
A04141,P004,1,123.9,34.69
A04141,P050,1,97.9,9.79
A04142,P036,3,68.9,0.0
A04142,P039,1,184.9,0.0
A04142,P082,2,108.9,0.0
A04143,P112,1,141.9,0.0
A04144,P021,1,81.9,22.93
A04144,P022,1,79.9,22.37
A04144,P054,1,207.9,20.79
A04144,P089,1,59.9,5.99
A04144,P093,2,36.9,7.38
A04144,P110,1,225.9,22.59
A04144,P119,1,70.9,7.09
A04145,P013,1,99.9,0.0
A04145,P038,1,55.9,0.0
A04145,P110,1,225.9,0.0
A04146,P037,1,68.9,0.0
A04146,P109,1,221.9,0.0
A04147,P013,2,99.9,75.92
A04147,P016,1,203.9,77.48
A04147,P038,1,55.9,11.18
A04147,P052,1,124.9,24.98
A04148,P028,1,241.9,0.0
A04149,P014,1,144.9,26.08
A04149,P015,1,149.9,26.98
A04149,P027,2,187.9,67.64
A04149,P054,1,207.9,0.0
A04149,P104,4,307.9,0.0
A04150,P044,2,99.9,0.0
A04150,P047,1,153.9,0.0
A04150,P050,1,97.9,0.0
A04151,P008,2,105.9,0.0
A04151,P075,1,115.9,0.0
A04152,P005,1,100.9,0.0
A04152,P008,1,105.9,0.0
A04152,P017,3,116.9,63.13
A04152,P108,2,79.9,0.0
A04153,P036,2,68.9,0.0
A04154,P026,1,193.9,34.9
A04154,P069,1,266.9,0.0
A04155,P087,1,78.9,0.0
A04156,P007,2,153.9,0.0
A04156,P041,1,118.9,0.0
A04156,P081,1,18.9,0.0
A04157,P032,1,176.9,0.0
A04157,P094,1,84.9,0.0
A04158,P018,2,119.9,43.16
A04158,P048,1,100.9,0.0
A04158,P049,1,175.9,0.0
A04158,P087,1,78.9,0.0
A04159,P062,1,72.9,0.0
A04160,P052,3,124.9,0.0
A04160,P088,2,76.9,0.0
A04161,P063,1,286.9,0.0
A04161,P073,2,266.9,0.0
A04162,P086,1,99.9,0.0
A04163,P019,2,157.9,120.0
A04163,P055,2,135.9,54.36
A04163,P067,2,68.9,27.56
A04164,P002,1,111.9,42.52
A04164,P047,2,153.9,61.56
A04165,P084,1,18.9,0.0
A04166,P032,1,176.9,17.69
A04166,P054,1,207.9,20.79
A04166,P072,2,50.9,10.18
A04166,P095,3,89.9,26.97
A04167,P060,1,297.9,0.0
A04167,P090,1,64.9,0.0
A04167,P099,3,54.9,0.0
A04168,P039,2,184.9,0.0
A04168,P041,1,118.9,0.0
A04169,P010,1,163.9,32.78
A04169,P015,2,149.9,113.92
A04170,P053,1,86.9,0.0
A04171,P015,2,149.9,53.96
A04171,P022,1,79.9,14.38
A04171,P026,1,193.9,34.9
A04171,P062,1,72.9,0.0
A04171,P108,1,79.9,0.0
A04172,P016,2,203.9,73.4
A04172,P090,1,64.9,0.0
A04173,P002,1,111.9,42.52
A04173,P039,1,184.9,36.98
A04173,P042,1,121.9,24.38
A04173,P094,3,84.9,50.94
A04173,P100,1,110.9,22.18
A04173,P101,2,222.9,89.16
A04174,P022,1,79.9,14.38
A04174,P041,1,118.9,0.0
A04174,P052,1,124.9,0.0
A04174,P094,1,84.9,0.0
A04175,P014,2,144.9,81.14
A04175,P100,1,110.9,11.09
A04176,P013,1,99.9,19.98
A04176,P051,1,126.9,25.38
A04177,P029,2,173.9,62.6
A04178,P007,2,153.9,55.4
A04178,P012,1,77.9,14.02
A04178,P029,1,173.9,0.0
A04178,P050,1,97.9,0.0
A04179,P061,1,233.9,46.78
A04180,P013,1,99.9,0.0
A04180,P057,1,246.9,0.0
A04180,P086,1,99.9,0.0
A04180,P095,1,89.9,0.0
A04180,P097,1,27.9,0.0
A04181,P015,2,149.9,53.96
A04181,P074,1,281.9,0.0
A04182,P015,1,149.9,26.98
A04183,P065,1,48.9,0.0
A04184,P009,1,248.9,44.8
A04184,P023,1,174.9,31.48
A04184,P035,1,174.9,0.0
A04184,P036,1,68.9,0.0
A04184,P061,1,233.9,0.0
A04184,P074,1,281.9,0.0
A04185,P049,1,175.9,35.18
A04186,P087,2,78.9,31.56
A04187,P085,1,33.9,0.0
A04188,P006,1,208.9,58.49
A04188,P037,1,68.9,6.89
A04189,P005,2,100.9,36.32
A04189,P042,1,121.9,0.0
A04189,P044,1,99.9,0.0
A04189,P064,2,140.9,0.0
A04189,P113,2,244.9,0.0
A04190,P085,1,33.9,0.0
A04191,P019,2,157.9,56.84
A04191,P024,2,228.9,82.4
A04191,P032,1,176.9,0.0
A04192,P040,2,180.9,0.0
A04192,P054,3,207.9,0.0
A04192,P055,1,135.9,0.0
A04192,P083,1,116.9,0.0
A04192,P089,1,59.9,0.0
A04192,P091,1,57.9,0.0
A04192,P096,1,102.9,0.0
A04193,P062,1,72.9,0.0
A04194,P026,1,193.9,34.9
A04194,P099,1,54.9,0.0
A04195,P019,1,157.9,28.42
A04195,P055,2,135.9,0.0
A04195,P096,3,102.9,0.0
A04196,P002,1,111.9,20.14
A04196,P045,1,83.9,0.0
A04197,P004,1,123.9,34.69
A04197,P027,2,187.9,105.22
A04197,P037,2,68.9,13.78
A04197,P055,2,135.9,27.18
A04197,P083,2,116.9,23.38
A04197,P106,1,87.9,8.79
A04198,P042,2,121.9,0.0
A04198,P083,1,116.9,0.0
A04198,P085,1,33.9,0.0
A04199,P024,1,228.9,64.09
A04199,P049,1,175.9,17.59
A04199,P053,2,86.9,17.38
A04200,P081,1,18.9,3.78
A04200,P103,1,266.9,53.38
A04201,P037,1,68.9,0.0
A04201,P076,1,203.9,0.0
A04202,P043,1,51.9,10.38
A04203,P014,2,144.9,52.16
A04203,P035,2,174.9,0.0
A04203,P053,2,86.9,0.0
A04203,P072,1,50.9,0.0
A04203,P101,1,222.9,0.0
A04204,P095,1,89.9,0.0
A04205,P019,1,157.9,28.42
A04206,P047,1,153.9,30.78
A04207,P038,1,55.9,11.18
A04207,P064,1,140.9,28.18
A04208,P027,2,187.9,67.64
A04208,P041,1,118.9,0.0
A04208,P048,1,100.9,0.0
A04209,P055,1,135.9,0.0
A04209,P105,1,88.9,0.0
A04209,P106,1,87.9,0.0
A04210,P009,2,248.9,99.56
A04210,P120,1,195.9,39.18
A04211,P036,1,68.9,0.0
A04211,P086,2,99.9,0.0
A04211,P117,1,281.9,0.0
A04212,P016,1,203.9,36.7
A04212,P018,1,119.9,21.58
A04212,P038,1,55.9,0.0
A04213,P044,1,99.9,19.98
A04213,P096,1,102.9,20.58
A04214,P064,2,140.9,0.0
A04214,P076,1,203.9,0.0
A04215,P008,2,105.9,59.3
A04215,P071,1,46.9,4.69
A04215,P093,1,36.9,3.69
A04216,P018,1,119.9,0.0
A04216,P025,1,104.9,18.88
A04216,P027,1,187.9,33.82
A04216,P050,1,97.9,0.0
A04217,P012,1,77.9,29.6
A04218,P036,1,68.9,6.89
A04218,P048,1,100.9,10.09
A04219,P044,1,99.9,0.0
A04219,P046,1,41.9,0.0
A04219,P051,1,126.9,0.0
A04219,P094,1,84.9,0.0
A04220,P059,2,278.9,0.0
A04221,P077,2,284.9,0.0
A04222,P003,3,198.9,167.08
A04222,P089,1,59.9,5.99
A04222,P109,1,221.9,22.19
A04223,P046,1,41.9,0.0
A04223,P047,1,153.9,0.0
A04223,P083,1,116.9,0.0
A04224,P008,2,105.9,59.3
A04224,P099,1,54.9,5.49
A04224,P112,1,141.9,14.19
A04225,P006,2,208.9,0.0
A04225,P008,1,105.9,19.06
A04226,P075,1,115.9,0.0
A04226,P086,2,99.9,0.0
A04226,P091,2,57.9,0.0
A04227,P038,1,55.9,0.0
A04228,P002,1,111.9,31.33
A04228,P079,1,230.9,23.09
A04228,P085,3,33.9,10.17
A04229,P025,3,104.9,88.12
A04230,P016,1,203.9,36.7
A04230,P024,1,228.9,0.0
A04230,P076,1,203.9,0.0
A04231,P064,2,140.9,0.0
A04231,P080,1,149.9,0.0
A04231,P112,1,141.9,0.0
A04232,P004,2,123.9,44.6
A04232,P027,1,187.9,33.82
A04232,P046,1,41.9,0.0
A04232,P065,1,48.9,0.0
A04233,P040,1,180.9,0.0
A04233,P052,1,124.9,0.0
A04233,P103,1,266.9,0.0
A04234,P081,1,18.9,3.78
A04234,P086,1,99.9,19.98
A04234,P097,2,27.9,11.16
A04235,P043,2,51.9,0.0
A04235,P047,1,153.9,0.0
A04235,P058,1,271.9,0.0
A04235,P068,1,166.9,0.0
A04236,P006,1,208.9,0.0
A04236,P044,1,99.9,0.0
A04237,P014,1,144.9,26.08
A04237,P053,1,86.9,0.0
A04237,P096,3,102.9,0.0
A04238,P028,1,241.9,0.0
A04239,P025,1,104.9,0.0
A04239,P110,1,225.9,0.0
A04240,P011,1,72.9,13.12
A04240,P027,1,187.9,33.82
A04240,P113,1,244.9,0.0
A04241,P038,2,55.9,0.0
A04241,P044,1,99.9,0.0
A04242,P017,1,116.9,0.0
A04243,P029,1,173.9,48.69
A04243,P108,2,79.9,15.98
A04243,P116,1,234.9,23.49
A04244,P007,1,153.9,0.0
A04244,P043,2,51.9,0.0
A04245,P103,3,266.9,0.0
A04246,P083,1,116.9,0.0
A04246,P114,1,246.9,0.0
A04246,P115,1,295.9,0.0
A04247,P047,1,153.9,0.0
A04248,P062,2,72.9,0.0
A04248,P068,1,166.9,0.0
A04248,P094,2,84.9,0.0
A04248,P119,1,70.9,0.0
A04249,P033,2,51.9,0.0
A04249,P087,1,78.9,0.0
A04250,P045,3,83.9,0.0
A04250,P088,1,76.9,0.0
A04251,P080,1,149.9,0.0
A04252,P005,1,100.9,18.16
A04253,P001,1,40.9,7.36
A04253,P047,1,153.9,0.0
A04253,P097,1,27.9,0.0
A04253,P098,1,87.9,0.0
A04254,P059,2,278.9,0.0
A04255,P017,2,116.9,0.0
A04255,P020,2,196.9,70.88
A04255,P027,1,187.9,33.82
A04255,P032,3,176.9,0.0
A04255,P052,2,124.9,0.0
A04255,P092,1,39.9,0.0
A04255,P111,1,169.9,0.0
A04256,P055,1,135.9,0.0
A04257,P013,1,99.9,19.98
A04257,P019,1,157.9,60.0
A04257,P037,3,68.9,41.34
A04257,P050,4,97.9,78.32
A04258,P091,1,57.9,11.58
A04259,P071,2,46.9,0.0
A04259,P118,2,192.9,0.0
A04260,P070,1,132.9,0.0
A04260,P084,1,18.9,0.0
A04260,P091,1,57.9,0.0
A04261,P013,1,99.9,27.97
A04262,P004,2,123.9,44.6
A04262,P012,2,77.9,28.04
A04262,P040,2,180.9,0.0
A04262,P049,1,175.9,0.0
A04262,P069,5,266.9,0.0
A04263,P097,1,27.9,5.58
A04263,P117,1,281.9,56.38
A04264,P028,1,241.9,43.54
A04265,P011,1,72.9,13.12
A04265,P023,1,174.9,31.48
A04265,P056,1,179.9,0.0
A04265,P081,1,18.9,0.0
A04266,P030,1,166.9,30.04
A04266,P079,2,230.9,0.0
A04266,P116,3,234.9,0.0
A04267,P039,1,184.9,0.0
A04268,P006,1,208.9,0.0
A04268,P032,1,176.9,0.0
A04268,P042,1,121.9,0.0
A04269,P031,1,93.9,0.0
A04269,P042,1,121.9,0.0
A04269,P062,1,72.9,0.0
A04269,P103,1,266.9,0.0
A04270,P026,1,193.9,0.0
A04270,P119,1,70.9,0.0
A04271,P008,2,105.9,38.12
A04271,P035,1,174.9,0.0
A04271,P082,1,108.9,0.0
A04271,P112,2,141.9,0.0
A04272,P054,1,207.9,20.79
A04273,P001,2,40.9,14.72
A04273,P017,2,116.9,0.0
A04273,P028,2,241.9,0.0
A04273,P029,1,173.9,31.3
A04273,P073,1,266.9,0.0
A04274,P003,1,198.9,35.8
A04274,P006,1,208.9,37.6
A04274,P047,1,153.9,0.0
A04275,P016,2,203.9,73.4
A04275,P029,2,173.9,62.6
A04275,P057,1,246.9,0.0
A04275,P071,3,46.9,0.0
A04276,P008,1,105.9,40.24
A04276,P010,1,163.9,62.28
A04276,P018,2,119.9,47.96
A04276,P039,2,184.9,73.96
A04277,P005,4,100.9,40.36
A04277,P012,1,77.9,7.79
A04277,P013,3,99.9,83.92
A04277,P030,1,166.9,46.73
A04277,P053,2,86.9,17.38
A04277,P055,3,135.9,40.77
A04277,P060,3,297.9,89.37
A04277,P097,1,27.9,2.79
A04278,P120,1,195.9,0.0
A04279,P001,1,40.9,0.0
A04279,P115,1,295.9,0.0
A04280,P005,1,100.9,18.16
A04280,P028,2,241.9,87.08
A04281,P083,1,116.9,23.38
A04282,P013,3,99.9,53.95
A04282,P035,2,174.9,0.0
A04282,P099,1,54.9,0.0
A04283,P064,1,140.9,0.0
A04284,P024,1,228.9,86.98
A04284,P036,1,68.9,13.78
A04284,P081,2,18.9,7.56
A04285,P001,2,40.9,14.72
A04285,P012,1,77.9,14.02
A04285,P031,1,93.9,0.0
A04285,P036,2,68.9,0.0
A04285,P043,2,51.9,0.0
A04285,P061,1,233.9,0.0
A04285,P062,2,72.9,0.0
A04285,P066,3,238.9,0.0
A04285,P068,3,166.9,0.0
A04285,P083,2,116.9,0.0
A04285,P091,2,57.9,0.0
A04285,P094,1,84.9,0.0
A04285,P107,3,203.9,0.0
A04285,P114,4,246.9,0.0
A04286,P039,5,184.9,0.0
A04286,P094,1,84.9,0.0
A04286,P099,1,54.9,0.0
A04287,P024,1,228.9,41.2
A04287,P066,1,238.9,0.0
A04288,P048,1,100.9,0.0
A04288,P097,1,27.9,0.0
A04289,P070,1,132.9,0.0
A04289,P116,2,234.9,0.0
A04290,P044,1,99.9,9.99
A04291,P012,2,77.9,28.04
A04292,P058,1,271.9,54.38
A04292,P068,2,166.9,66.76
A04292,P085,2,33.9,13.56
A04292,P090,1,64.9,12.98
A04293,P035,1,174.9,34.98
A04293,P045,1,83.9,16.78
A04293,P099,2,54.9,21.96
A04293,P102,1,299.9,59.98
A04294,P013,1,99.9,17.98
A04294,P108,1,79.9,0.0
A04294,P116,2,234.9,0.0
A04295,P060,1,297.9,0.0
A04296,P076,1,203.9,0.0
A04297,P010,2,163.9,65.56
A04297,P051,2,126.9,50.76
A04297,P052,1,124.9,24.98
A04297,P064,1,140.9,28.18
A04297,P083,1,116.9,23.38
A04298,P012,1,77.9,0.0
A04299,P012,1,77.9,14.02
A04299,P069,1,266.9,0.0
A04300,P076,1,203.9,0.0
A04301,P010,1,163.9,29.5
A04302,P069,1,266.9,53.38
A04303,P003,1,198.9,35.8
A04303,P016,1,203.9,0.0
A04303,P021,1,81.9,14.74
A04303,P030,1,166.9,30.04
A04303,P062,3,72.9,0.0
A04303,P068,2,166.9,0.0
A04303,P075,2,115.9,0.0
A04303,P081,2,18.9,0.0
A04303,P087,1,78.9,0.0
A04304,P092,1,39.9,0.0
A04304,P113,2,244.9,0.0
A04305,P008,1,105.9,19.06
A04305,P054,1,207.9,0.0
A04305,P076,1,203.9,0.0
A04305,P083,1,116.9,0.0
A04305,P092,1,39.9,0.0
A04306,P025,1,104.9,18.88
A04306,P040,2,180.9,0.0
A04306,P068,1,166.9,0.0
A04307,P023,1,174.9,0.0
A04307,P063,2,286.9,0.0
A04307,P095,1,89.9,0.0
A04307,P099,3,54.9,0.0
A04308,P027,1,187.9,71.4
A04308,P038,1,55.9,11.18
A04308,P094,2,84.9,33.96
A04308,P098,2,87.9,35.16
A04309,P020,1,196.9,35.44
A04309,P090,2,64.9,0.0
A04310,P064,1,140.9,14.09
A04311,P007,2,153.9,55.4
A04311,P009,1,248.9,44.8
A04311,P115,1,295.9,0.0
A04312,P009,2,248.9,89.6
A04312,P010,3,163.9,0.0
A04312,P050,2,97.9,0.0
A04312,P097,3,27.9,0.0
A04312,P109,2,221.9,0.0
A04313,P025,1,104.9,39.86
A04313,P074,1,281.9,56.38
A04314,P078,1,190.9,0.0
A04315,P017,1,116.9,44.42
A04316,P001,2,40.9,0.0
A04316,P029,1,173.9,31.3
A04316,P041,1,118.9,0.0
A04316,P051,1,126.9,0.0
A04316,P072,1,50.9,0.0
A04316,P092,1,39.9,0.0
A04317,P012,1,77.9,14.02
A04317,P069,1,266.9,0.0
A04317,P110,1,225.9,0.0
A04318,P043,1,51.9,5.19
A04318,P082,1,108.9,10.89
A04318,P089,2,59.9,11.98
A04318,P097,2,27.9,5.58
A04319,P017,1,116.9,21.04
A04319,P031,1,93.9,0.0
A04319,P088,1,76.9,0.0
A04320,P027,1,187.9,0.0
A04320,P089,1,59.9,0.0
A04321,P092,1,39.9,7.98
A04321,P115,1,295.9,59.18
A04322,P011,1,72.9,13.12
A04322,P098,1,87.9,0.0
A04323,P026,2,193.9,0.0
A04323,P040,1,180.9,0.0
A04323,P112,2,141.9,0.0
A04324,P007,1,153.9,0.0
A04324,P023,1,174.9,31.48
A04324,P028,1,241.9,43.54
A04324,P036,1,68.9,0.0
A04325,P100,2,110.9,22.18
A04326,P096,1,102.9,0.0
A04327,P071,1,46.9,9.38
A04328,P047,1,153.9,0.0
A04328,P099,1,54.9,0.0
A04328,P110,2,225.9,0.0
A04329,P114,3,246.9,0.0
A04329,P116,1,234.9,0.0
A04330,P087,1,78.9,0.0
A04330,P088,1,76.9,0.0
A04330,P095,1,89.9,0.0
A04331,P093,1,36.9,0.0
A04332,P008,2,105.9,80.48
A04332,P023,1,174.9,66.46
A04332,P040,1,180.9,36.18
A04332,P085,1,33.9,6.78
A04333,P094,1,84.9,0.0
A04334,P009,2,248.9,89.6
A04334,P052,1,124.9,0.0
A04334,P076,2,203.9,0.0
A04335,P001,1,40.9,7.36
A04336,P018,1,119.9,45.56
A04336,P036,1,68.9,13.78
A04336,P043,2,51.9,20.76
A04336,P084,2,18.9,7.56
A04337,P004,2,123.9,94.16
A04338,P015,1,149.9,0.0
A04338,P070,1,132.9,0.0
A04339,P004,3,123.9,0.0
A04339,P021,1,81.9,0.0
A04339,P056,1,179.9,0.0
A04339,P079,1,230.9,0.0
A04339,P091,1,57.9,0.0
A04340,P001,1,40.9,0.0
A04340,P039,1,184.9,0.0
A04341,P006,1,208.9,79.38
A04341,P018,4,119.9,95.92
A04341,P044,1,99.9,19.98
A04341,P056,2,179.9,71.96
A04341,P065,2,48.9,19.56
A04341,P093,3,36.9,22.14
A04342,P034,1,162.9,32.58
A04343,P009,1,248.9,44.8
A04343,P026,1,193.9,34.9
A04343,P029,2,173.9,62.6
A04344,P045,2,83.9,0.0
A04344,P049,1,175.9,0.0
A04344,P101,1,222.9,0.0
A04345,P017,1,116.9,0.0
A04345,P112,1,141.9,0.0
A04346,P042,2,121.9,0.0
A04346,P084,2,18.9,0.0
A04346,P091,1,57.9,0.0
A04346,P093,1,36.9,0.0
A04347,P029,1,173.9,0.0
A04347,P040,2,180.9,0.0
A04347,P041,1,118.9,0.0
A04347,P043,1,51.9,0.0
A04347,P045,3,83.9,0.0
A04347,P075,2,115.9,0.0
A04347,P083,1,116.9,0.0
A04348,P042,1,121.9,0.0
A04348,P051,1,126.9,0.0
A04348,P090,2,64.9,0.0
A04349,P003,1,198.9,35.8
A04350,P045,1,83.9,0.0
A04351,P001,2,40.9,14.72
A04351,P049,1,175.9,0.0
A04351,P068,1,166.9,0.0
A04352,P021,1,81.9,0.0
A04352,P061,1,233.9,0.0
A04352,P107,1,203.9,0.0
A04353,P060,1,297.9,59.58
A04353,P068,1,166.9,33.38
A04354,P043,2,51.9,0.0
A04354,P053,1,86.9,0.0
A04354,P078,1,190.9,0.0
A04355,P019,2,157.9,56.84
A04355,P058,2,271.9,0.0
A04355,P113,4,244.9,0.0
A04356,P011,1,72.9,13.12
A04356,P025,2,104.9,0.0
A04356,P089,2,59.9,0.0
A04357,P078,1,190.9,19.09
A04357,P102,3,299.9,89.97
A04358,P100,1,110.9,22.18
A04358,P116,1,234.9,46.98
A04359,P001,2,40.9,14.72
A04359,P035,1,174.9,0.0
A04359,P096,1,102.9,0.0
A04360,P013,1,99.9,17.98
A04360,P022,2,79.9,28.76
A04360,P069,2,266.9,0.0
A04361,P054,1,207.9,0.0
A04361,P099,2,54.9,0.0
A04362,P004,1,123.9,34.69
A04362,P011,2,72.9,14.58
A04362,P018,1,119.9,33.57
A04362,P020,1,196.9,55.13
A04362,P024,3,228.9,192.28
A04362,P060,2,297.9,59.58
A04362,P066,1,238.9,23.89
A04362,P080,3,149.9,44.97
A04362,P095,3,89.9,26.97
A04362,P111,1,169.9,16.99
A04362,P115,2,295.9,59.18
A04363,P012,2,77.9,28.04
A04363,P040,4,180.9,0.0
A04363,P088,2,76.9,0.0
A04363,P097,1,27.9,0.0
A04363,P103,2,266.9,0.0
A04363,P107,1,203.9,0.0
A04364,P002,2,111.9,85.04
A04364,P102,1,299.9,59.98
A04365,P002,2,111.9,0.0
A04365,P014,1,144.9,26.08
A04365,P051,1,126.9,0.0
A04365,P078,1,190.9,0.0
A04366,P008,1,105.9,0.0
A04366,P012,1,77.9,14.02
A04366,P019,1,157.9,28.42
A04366,P061,1,233.9,0.0
A04367,P004,1,123.9,22.3
A04367,P016,1,203.9,36.7
A04368,P065,1,48.9,0.0
A04368,P085,1,33.9,0.0
A04368,P086,1,99.9,0.0
A04369,P012,1,77.9,0.0
A04369,P031,1,93.9,0.0
A04369,P050,1,97.9,0.0
A04369,P075,2,115.9,0.0
A04370,P028,1,241.9,0.0
A04370,P068,1,166.9,0.0
A04371,P059,1,278.9,0.0
A04371,P062,2,72.9,0.0
A04371,P079,2,230.9,0.0
A04372,P095,1,89.9,0.0
A04373,P058,2,271.9,0.0
A04374,P053,1,86.9,0.0
A04375,P051,1,126.9,0.0
A04375,P059,2,278.9,0.0
A04375,P115,1,295.9,0.0
A04375,P116,1,234.9,0.0
A04375,P118,2,192.9,0.0
A04376,P058,1,271.9,27.19
A04376,P059,1,278.9,27.89
A04377,P040,1,180.9,36.18
A04378,P002,1,111.9,20.14
A04378,P009,1,248.9,44.8
A04378,P089,1,59.9,0.0
A04379,P002,1,111.9,0.0
A04379,P022,1,79.9,14.38
A04379,P043,1,51.9,0.0
A04379,P055,2,135.9,0.0
A04379,P086,1,99.9,0.0
A04380,P054,1,207.9,0.0
A04380,P056,1,179.9,0.0
A04381,P029,2,173.9,62.6
A04382,P030,1,166.9,0.0
A04383,P016,1,203.9,36.7
A04383,P028,1,241.9,43.54
A04384,P088,1,76.9,0.0
A04384,P092,2,39.9,0.0
A04384,P098,1,87.9,0.0
A04384,P103,1,266.9,0.0
A04385,P083,1,116.9,0.0
A04385,P115,1,295.9,0.0
A04386,P001,1,40.9,7.36
A04386,P032,1,176.9,0.0
A04387,P020,1,196.9,0.0
A04387,P026,1,193.9,34.9
A04388,P008,2,105.9,38.12
A04388,P014,1,144.9,0.0
A04389,P045,2,83.9,0.0
A04389,P074,1,281.9,0.0
A04389,P106,1,87.9,0.0
A04390,P021,1,81.9,0.0
A04390,P032,1,176.9,0.0
A04390,P041,1,118.9,0.0
A04391,P021,1,81.9,31.12
A04392,P012,2,77.9,43.62
A04392,P033,1,51.9,5.19
A04392,P036,1,68.9,6.89
A04392,P042,1,121.9,12.19
A04392,P093,1,36.9,3.69
A04393,P012,1,77.9,21.81
A04393,P090,1,64.9,6.49
A04393,P099,2,54.9,10.98
A04394,P022,1,79.9,15.98
A04394,P024,1,228.9,45.78
A04394,P047,1,153.9,30.78
A04394,P075,2,115.9,46.36
A04394,P097,1,27.9,5.58
A04394,P110,1,225.9,45.18
A04395,P001,2,40.9,14.72
A04395,P022,1,79.9,14.38
A04395,P038,2,55.9,0.0
A04395,P069,1,266.9,0.0
A04395,P088,1,76.9,0.0
A04395,P119,1,70.9,0.0
A04396,P094,1,84.9,0.0
A04397,P033,1,51.9,0.0
A04397,P078,2,190.9,0.0
A04397,P101,1,222.9,0.0
A04398,P002,1,111.9,20.14
A04399,P007,1,153.9,43.09
A04399,P018,1,119.9,33.57
A04399,P054,2,207.9,41.58
A04399,P082,1,108.9,10.89
A04399,P099,1,54.9,5.49
A04400,P085,1,33.9,0.0
A04401,P003,1,198.9,75.58
A04402,P089,2,59.9,0.0
A04403,P066,2,238.9,0.0
A04403,P077,3,284.9,0.0
A04403,P105,1,88.9,0.0
A04404,P094,2,84.9,0.0
A04404,P117,1,281.9,0.0
A04405,P075,2,115.9,0.0
A04406,P019,3,157.9,132.64
A04406,P065,1,48.9,4.89
A04406,P074,2,281.9,56.38
A04406,P103,2,266.9,53.38
A04406,P112,1,141.9,14.19
A04406,P113,2,244.9,48.98
A04407,P008,2,105.9,38.12
A04407,P019,2,157.9,56.84
A04407,P044,1,99.9,0.0
A04407,P050,1,97.9,0.0
A04407,P088,2,76.9,0.0
A04408,P020,3,196.9,106.33
A04408,P115,1,295.9,0.0
A04409,P004,1,123.9,22.3
A04409,P057,1,246.9,0.0
A04410,P032,1,176.9,17.69
A04410,P049,2,175.9,35.18
A04410,P064,2,140.9,28.18
A04410,P103,2,266.9,53.38
A04410,P107,2,203.9,40.78
A04411,P031,1,93.9,0.0
A04412,P097,1,27.9,5.58
A04413,P048,2,100.9,0.0
A04414,P063,1,286.9,0.0
A04415,P111,1,169.9,16.99
A04416,P026,2,193.9,69.8
A04416,P036,1,68.9,0.0
A04416,P067,3,68.9,0.0
A04416,P072,1,50.9,0.0
A04416,P086,2,99.9,0.0
A04416,P088,1,76.9,0.0
A04417,P002,1,111.9,20.14
A04418,P082,1,108.9,0.0
A04418,P120,2,195.9,0.0
A04419,P008,1,105.9,19.06
A04419,P038,1,55.9,0.0
A04419,P086,1,99.9,0.0
A04420,P034,1,162.9,0.0
A04420,P040,2,180.9,0.0
A04420,P053,1,86.9,0.0
A04421,P058,1,271.9,0.0
A04422,P016,2,203.9,73.4
A04422,P059,1,278.9,0.0
A04423,P052,1,124.9,0.0
A04423,P085,1,33.9,0.0
A04424,P022,1,79.9,0.0
A04424,P024,1,228.9,41.2
A04424,P048,1,100.9,0.0
A04424,P050,1,97.9,0.0
A04424,P051,1,126.9,0.0
A04425,P017,1,116.9,21.04
A04425,P030,2,166.9,60.08
A04426,P024,1,228.9,22.89
A04426,P044,1,99.9,9.99
A04426,P102,2,299.9,59.98
A04427,P093,2,36.9,0.0
A04427,P094,1,84.9,0.0
A04428,P086,2,99.9,0.0
A04429,P023,2,174.9,62.96
A04429,P064,2,140.9,0.0
A04429,P065,2,48.9,0.0
A04430,P025,1,104.9,18.88
A04431,P003,1,198.9,35.8
A04431,P070,2,132.9,0.0
A04431,P094,3,84.9,0.0
A04431,P104,1,307.9,0.0
A04432,P080,2,149.9,0.0
A04433,P007,1,153.9,27.7
A04433,P054,2,207.9,0.0
A04433,P055,1,135.9,0.0
A04433,P093,1,36.9,0.0
A04434,P071,1,46.9,0.0
A04434,P089,1,59.9,0.0
A04435,P004,1,123.9,22.3
A04435,P093,1,36.9,0.0
A04436,P006,1,208.9,79.38
A04436,P014,2,144.9,110.12
A04437,P094,2,84.9,0.0
A04438,P027,1,187.9,33.82
A04438,P041,2,118.9,0.0
A04439,P043,1,51.9,0.0
A04439,P044,1,99.9,0.0
A04440,P001,1,40.9,7.36
A04440,P005,3,100.9,54.49
A04441,P026,2,193.9,38.78
A04441,P031,1,93.9,9.39
A04441,P036,1,68.9,6.89
A04441,P041,1,118.9,11.89
A04441,P117,2,281.9,56.38
A04442,P120,1,195.9,0.0
A04443,P026,1,193.9,34.9
A04444,P098,1,87.9,0.0
A04445,P034,2,162.9,0.0
A04446,P006,2,208.9,75.2
A04447,P048,2,100.9,0.0
A04447,P109,1,221.9,0.0
A04448,P015,1,149.9,26.98
A04448,P018,2,119.9,43.16
A04448,P081,1,18.9,0.0
A04449,P001,1,40.9,7.36
A04449,P077,2,284.9,0.0
A04450,P110,1,225.9,0.0
A04451,P120,1,195.9,0.0
A04452,P002,2,111.9,85.04
A04452,P031,1,93.9,18.78
A04452,P050,1,97.9,19.58
A04452,P096,2,102.9,41.16
A04452,P107,1,203.9,40.78
A04453,P007,1,153.9,58.48
A04454,P093,1,36.9,0.0
A04454,P094,1,84.9,0.0
A04454,P105,1,88.9,0.0
A04455,P045,1,83.9,0.0
A04455,P098,1,87.9,0.0
A04455,P104,1,307.9,0.0
A04456,P037,2,68.9,0.0
A04456,P092,1,39.9,0.0
A04456,P107,1,203.9,0.0
A04457,P111,1,169.9,0.0
A04458,P009,2,248.9,89.6
A04458,P037,2,68.9,0.0
A04459,P037,1,68.9,0.0
A04460,P061,1,233.9,46.78
A04461,P022,1,79.9,14.38
A04461,P026,1,193.9,0.0
A04462,P036,1,68.9,0.0
A04463,P015,1,149.9,0.0
A04463,P061,1,233.9,0.0
A04463,P086,3,99.9,0.0
A04464,P014,2,144.9,52.16
A04464,P019,2,157.9,0.0
A04464,P024,1,228.9,41.2
A04464,P033,1,51.9,0.0
A04464,P038,1,55.9,0.0
A04464,P050,1,97.9,0.0
A04464,P067,1,68.9,0.0
A04464,P075,3,115.9,0.0
A04464,P104,2,307.9,0.0
A04464,P113,1,244.9,0.0
A04464,P117,2,281.9,0.0
A04465,P003,1,198.9,35.8
A04465,P031,1,93.9,0.0
A04465,P096,1,102.9,0.0
A04466,P034,1,162.9,0.0
A04466,P093,1,36.9,0.0
A04467,P011,1,72.9,13.12
A04467,P016,1,203.9,0.0
A04467,P024,2,228.9,82.4
A04468,P069,2,266.9,0.0
A04468,P072,3,50.9,0.0
A04468,P074,1,281.9,0.0
A04469,P015,2,149.9,53.96
A04469,P112,1,141.9,0.0
A04470,P009,1,248.9,44.8
A04470,P023,1,174.9,0.0
A04470,P024,1,228.9,41.2
A04470,P104,1,307.9,0.0
A04471,P019,2,157.9,56.84
A04471,P066,2,238.9,0.0
A04471,P091,1,57.9,0.0
A04471,P119,1,70.9,0.0
A04472,P017,1,116.9,0.0
A04473,P035,2,174.9,0.0
A04473,P114,1,246.9,0.0
A04474,P008,1,105.9,0.0
A04474,P027,3,187.9,0.0
A04474,P076,1,203.9,0.0
A04475,P024,1,228.9,0.0
A04475,P087,1,78.9,0.0
A04475,P105,1,88.9,0.0
A04476,P041,1,118.9,0.0
A04477,P071,2,46.9,0.0
A04478,P048,1,100.9,20.18
A04478,P102,1,299.9,59.98
A04479,P091,1,57.9,11.58
A04480,P076,1,203.9,0.0
A04480,P089,1,59.9,0.0
A04480,P103,1,266.9,0.0
A04481,P004,2,123.9,44.6
A04481,P014,1,144.9,26.08
A04481,P033,1,51.9,0.0
A04482,P072,1,50.9,5.09
A04483,P083,1,116.9,23.38
A04484,P030,1,166.9,30.04
A04484,P052,1,124.9,0.0
A04484,P055,1,135.9,0.0
A04484,P112,1,141.9,0.0
A04485,P115,1,295.9,59.18
A04486,P003,2,198.9,0.0
A04486,P023,1,174.9,31.48
A04486,P062,2,72.9,0.0
A04486,P074,2,281.9,0.0
A04487,P001,1,40.9,7.36
A04487,P016,1,203.9,36.7
A04487,P108,1,79.9,0.0
A04487,P114,1,246.9,0.0
A04488,P119,1,70.9,0.0
A04489,P016,1,203.9,20.39
A04489,P017,1,116.9,11.69
A04489,P020,1,196.9,55.13
A04489,P076,1,203.9,20.39
A04490,P038,1,55.9,0.0
A04491,P104,1,307.9,0.0
A04492,P010,1,163.9,29.5
A04492,P060,1,297.9,0.0
A04493,P085,1,33.9,0.0
A04493,P092,1,39.9,0.0
A04494,P050,1,97.9,9.79
A04495,P046,1,41.9,0.0
A04496,P003,1,198.9,75.58
A04496,P008,1,105.9,21.18
A04496,P097,1,27.9,5.58
A04497,P088,1,76.9,0.0
A04497,P107,1,203.9,0.0
A04498,P004,1,123.9,47.08
A04498,P006,2,208.9,83.56
A04498,P018,4,119.9,182.25
A04499,P010,1,163.9,29.5
A04499,P068,1,166.9,0.0
A04500,P019,1,157.9,28.42
A04501,P023,2,174.9,62.96
A04501,P027,1,187.9,33.82
A04501,P041,1,118.9,0.0
A04501,P049,1,175.9,0.0
A04501,P062,1,72.9,0.0
A04501,P070,2,132.9,0.0
A04502,P011,2,72.9,26.24
A04502,P065,3,48.9,0.0
A04502,P079,1,230.9,0.0
A04502,P090,1,64.9,0.0
A04503,P061,1,233.9,46.78
A04503,P063,2,286.9,114.76
A04503,P096,2,102.9,41.16
A04503,P109,2,221.9,88.76
A04503,P118,3,192.9,115.74
A04503,P120,2,195.9,78.36
A04504,P043,1,51.9,10.38
A04504,P105,1,88.9,17.78
A04505,P016,1,203.9,36.7
A04505,P119,2,70.9,0.0
A04506,P009,2,248.9,49.78
A04506,P016,1,203.9,57.09
A04506,P019,1,157.9,44.21
A04507,P012,2,77.9,28.04
A04507,P042,1,121.9,0.0
A04507,P103,3,266.9,0.0
A04508,P055,1,135.9,0.0
A04509,P009,1,248.9,44.8
A04509,P067,1,68.9,0.0
A04510,P008,1,105.9,19.06
A04510,P027,1,187.9,33.82
A04510,P077,2,284.9,0.0
A04511,P020,1,196.9,0.0
A04511,P033,1,51.9,0.0
A04512,P044,1,99.9,0.0
A04512,P083,1,116.9,0.0
A04513,P002,1,111.9,31.33
A04514,P066,1,238.9,0.0
A04514,P073,1,266.9,0.0
A04515,P039,1,184.9,0.0
A04515,P079,1,230.9,0.0
A04516,P012,1,77.9,14.02
A04516,P046,2,41.9,0.0
A04517,P065,2,48.9,0.0
A04517,P069,1,266.9,0.0
A04518,P005,1,100.9,0.0
A04519,P058,1,271.9,0.0
A04520,P020,1,196.9,35.44
A04520,P050,1,97.9,0.0
A04521,P011,2,72.9,26.24
A04521,P035,1,174.9,0.0
A04521,P036,3,68.9,0.0
A04521,P037,1,68.9,0.0
A04521,P043,2,51.9,0.0
A04521,P114,1,246.9,0.0
A04521,P116,1,234.9,0.0
A04522,P010,1,163.9,29.5
A04522,P092,1,39.9,0.0
A04522,P107,1,203.9,0.0
A04523,P029,1,173.9,31.3
A04524,P051,1,126.9,0.0
A04525,P029,1,173.9,34.78
A04526,P017,2,116.9,42.08
A04526,P040,1,180.9,0.0
A04526,P051,1,126.9,0.0
A04527,P056,3,179.9,0.0
A04527,P059,1,278.9,0.0
A04527,P087,1,78.9,0.0
A04527,P099,1,54.9,0.0
A04528,P012,1,77.9,14.02
A04528,P033,1,51.9,0.0
A04528,P054,1,207.9,0.0
A04529,P021,1,81.9,14.74
A04529,P077,1,284.9,0.0
A04529,P115,1,295.9,0.0
A04530,P013,2,99.9,0.0
A04530,P031,3,93.9,0.0
A04530,P078,1,190.9,0.0
A04531,P015,1,149.9,26.98
A04531,P041,2,118.9,0.0
A04532,P008,1,105.9,0.0
A04533,P010,1,163.9,29.5
A04533,P022,2,79.9,28.76
A04533,P072,1,50.9,0.0
A04533,P083,2,116.9,0.0
A04534,P036,1,68.9,0.0
A04534,P086,1,99.9,0.0
A04534,P112,1,141.9,0.0
A04535,P042,2,121.9,0.0
A04535,P050,1,97.9,0.0
A04536,P014,1,144.9,26.08
A04536,P015,1,149.9,0.0
A04536,P055,1,135.9,0.0
A04536,P097,2,27.9,0.0
A04537,P048,2,100.9,40.36
A04537,P082,1,108.9,21.78
A04538,P081,1,18.9,1.89
A04538,P082,2,108.9,21.78
A04539,P050,1,97.9,19.58
A04539,P072,1,50.9,10.18
A04540,P021,1,81.9,0.0
A04541,P006,1,208.9,37.6
A04542,P004,1,123.9,12.39
A04542,P079,1,230.9,23.09
A04542,P081,2,18.9,3.78
A04543,P064,1,140.9,28.18
A04543,P084,1,18.9,3.78
A04543,P116,1,234.9,46.98
A04544,P044,1,99.9,0.0
A04544,P091,2,57.9,0.0
A04545,P097,1,27.9,0.0
A04546,P006,1,208.9,37.6
A04546,P016,3,203.9,110.11
A04546,P029,2,173.9,62.6
A04546,P048,1,100.9,0.0
A04546,P105,3,88.9,0.0
A04546,P108,3,79.9,0.0
A04547,P027,1,187.9,0.0
A04547,P033,1,51.9,0.0
A04547,P119,2,70.9,0.0
A04548,P047,1,153.9,0.0
A04549,P022,1,79.9,14.38
A04550,P003,1,198.9,0.0
A04550,P039,2,184.9,0.0
A04550,P052,1,124.9,0.0
A04550,P095,2,89.9,0.0
A04550,P106,1,87.9,0.0
A04550,P114,2,246.9,0.0
A04551,P018,1,119.9,21.58
A04551,P041,1,118.9,0.0
A04552,P077,1,284.9,0.0
A04552,P090,1,64.9,0.0
A04553,P033,1,51.9,0.0
A04553,P063,1,286.9,0.0
A04553,P116,2,234.9,0.0
A04554,P062,1,72.9,0.0
A04555,P010,1,163.9,29.5
A04555,P035,2,174.9,0.0
A04556,P012,1,77.9,14.02
A04556,P016,2,203.9,0.0
A04556,P027,1,187.9,33.82
A04557,P005,1,100.9,0.0
A04557,P056,3,179.9,0.0
A04557,P065,1,48.9,0.0
A04557,P090,2,64.9,0.0
A04558,P051,1,126.9,0.0
A04559,P114,1,246.9,0.0
A04560,P101,1,222.9,0.0
A04561,P030,1,166.9,30.04
A04561,P047,1,153.9,0.0
A04562,P028,1,241.9,91.92
A04562,P113,1,244.9,48.98
A04563,P042,1,121.9,0.0
A04563,P053,1,86.9,0.0
A04563,P091,1,57.9,0.0
A04564,P027,1,187.9,33.82
A04564,P044,1,99.9,0.0
A04565,P017,2,116.9,88.84
A04565,P021,1,81.9,16.38
A04565,P058,2,271.9,108.76
A04566,P075,2,115.9,0.0
A04566,P101,2,222.9,0.0
A04567,P022,1,79.9,14.38
A04567,P063,2,286.9,0.0
A04567,P079,2,230.9,0.0
A04567,P090,1,64.9,0.0
A04568,P006,1,208.9,20.89
A04568,P027,2,187.9,105.22
A04569,P018,1,119.9,21.58
A04570,P007,1,153.9,43.09
A04570,P013,1,99.9,27.97
A04570,P024,1,228.9,64.09
A04570,P055,2,135.9,27.18
A04571,P052,1,124.9,0.0
A04572,P068,1,166.9,0.0
A04573,P077,2,284.9,0.0
A04574,P076,1,203.9,0.0
A04574,P091,1,57.9,0.0
A04574,P110,1,225.9,0.0
A04575,P030,1,166.9,30.04
A04575,P032,2,176.9,0.0
A04575,P092,1,39.9,0.0
A04575,P102,1,299.9,0.0
A04576,P016,1,203.9,0.0
A04576,P055,2,135.9,0.0
A04576,P092,1,39.9,0.0
A04577,P003,1,198.9,0.0
A04577,P041,1,118.9,0.0
A04577,P094,1,84.9,0.0
A04578,P036,2,68.9,0.0
A04579,P117,1,281.9,0.0
A04580,P044,1,99.9,0.0
A04580,P053,1,86.9,0.0
A04581,P022,1,79.9,15.98
A04581,P035,1,174.9,34.98
A04581,P078,1,190.9,38.18
A04581,P085,1,33.9,6.78
A04582,P009,1,248.9,49.78
A04583,P061,1,233.9,0.0
A04584,P027,1,187.9,33.82
A04584,P103,1,266.9,0.0
A04585,P089,1,59.9,11.98
A04586,P003,3,198.9,107.41
A04586,P006,2,208.9,75.2
A04587,P064,1,140.9,0.0
A04587,P095,1,89.9,0.0
A04587,P105,1,88.9,0.0
A04588,P004,1,123.9,22.3
A04588,P012,1,77.9,14.02
A04589,P021,1,81.9,14.74
A04589,P093,2,36.9,0.0
A04590,P021,1,81.9,14.74
A04590,P043,1,51.9,0.0
A04591,P113,1,244.9,0.0
A04592,P015,1,149.9,26.98
A04592,P037,1,68.9,0.0
A04592,P055,1,135.9,0.0
A04592,P101,3,222.9,0.0
A04593,P027,1,187.9,33.82
A04594,P023,1,174.9,48.97
A04594,P031,1,93.9,9.39
A04595,P068,1,166.9,0.0
A04595,P082,1,108.9,0.0
A04596,P088,1,76.9,0.0
A04597,P007,1,153.9,27.7
A04597,P083,1,116.9,0.0
A04598,P012,1,77.9,14.02
A04598,P028,1,241.9,43.54
A04598,P033,1,51.9,0.0
A04598,P034,1,162.9,0.0
A04598,P067,3,68.9,0.0
A04598,P088,3,76.9,0.0
A04598,P091,2,57.9,0.0
A04599,P083,1,116.9,23.38
A04599,P091,1,57.9,11.58
A04599,P107,1,203.9,40.78
A04600,P015,1,149.9,26.98
A04601,P026,1,193.9,34.9
A04601,P064,1,140.9,0.0
A04602,P006,1,208.9,79.38
A04602,P033,1,51.9,10.38
A04602,P049,1,175.9,35.18
A04602,P085,1,33.9,6.78
A04603,P085,1,33.9,0.0
A04604,P020,1,196.9,35.44
A04604,P103,1,266.9,0.0
A04605,P116,1,234.9,0.0
A04606,P024,1,228.9,0.0
A04606,P109,1,221.9,0.0
A04607,P036,2,68.9,0.0
A04607,P091,2,57.9,0.0
A04608,P020,1,196.9,35.44
A04608,P040,2,180.9,0.0
A04608,P116,1,234.9,0.0
A04609,P076,2,203.9,0.0
A04609,P116,1,234.9,0.0
A04610,P009,1,248.9,0.0
A04610,P019,2,157.9,0.0
A04610,P064,1,140.9,0.0
A04610,P108,1,79.9,0.0
A04610,P109,2,221.9,0.0
A04611,P054,2,207.9,0.0
A04612,P060,1,297.9,29.79
A04612,P099,3,54.9,16.47
A04612,P120,4,195.9,78.36
A04613,P007,1,153.9,0.0
A04613,P027,1,187.9,33.82
A04613,P048,3,100.9,0.0
A04613,P069,3,266.9,0.0
A04613,P083,1,116.9,0.0
A04614,P003,2,198.9,151.16
A04614,P024,3,228.9,260.95
A04615,P023,1,174.9,0.0
A04615,P037,1,68.9,0.0
A04616,P004,1,123.9,34.69
A04616,P103,1,266.9,26.69
A04617,P027,2,187.9,105.22
A04617,P100,1,110.9,11.09
A04618,P010,2,163.9,59.0
A04619,P016,1,203.9,36.7
A04619,P017,1,116.9,21.04
A04619,P060,1,297.9,0.0
A04619,P073,1,266.9,0.0
A04620,P072,1,50.9,10.18
A04620,P095,1,89.9,17.98
A04620,P104,1,307.9,61.58
A04620,P108,1,79.9,15.98
A04621,P096,1,102.9,10.29
A04622,P065,2,48.9,9.78
A04622,P086,1,99.9,9.99
A04623,P016,1,203.9,36.7
A04623,P038,1,55.9,0.0
A04624,P010,1,163.9,29.5
A04624,P023,1,174.9,31.48
A04624,P050,1,97.9,0.0
A04624,P086,2,99.9,0.0
A04624,P100,1,110.9,0.0
A04625,P068,2,166.9,0.0
A04625,P109,1,221.9,0.0
A04626,P036,1,68.9,0.0
A04626,P065,1,48.9,0.0
A04626,P108,2,79.9,0.0
A04627,P083,1,116.9,0.0
A04627,P103,1,266.9,0.0
A04628,P085,1,33.9,0.0
A04629,P015,2,149.9,53.96
A04629,P056,1,179.9,0.0
A04629,P099,1,54.9,0.0
A04630,P013,2,99.9,35.96
A04631,P012,1,77.9,0.0
A04631,P040,1,180.9,0.0
A04631,P044,1,99.9,0.0
A04631,P052,1,124.9,0.0
A04631,P102,1,299.9,0.0
A04632,P006,1,208.9,37.6
A04632,P007,1,153.9,27.7
A04632,P015,1,149.9,26.98
A04632,P036,1,68.9,0.0
A04633,P041,1,118.9,0.0
A04633,P042,1,121.9,0.0
A04634,P010,2,163.9,91.78
A04635,P022,1,79.9,14.38
A04635,P077,1,284.9,0.0
A04636,P004,1,123.9,0.0
A04636,P026,1,193.9,34.9
A04637,P026,1,193.9,0.0
A04637,P059,1,278.9,0.0
A04638,P075,1,115.9,23.18
A04638,P118,1,192.9,38.58
A04639,P010,1,163.9,32.78
A04639,P042,1,121.9,24.38
A04639,P089,1,59.9,11.98
A04640,P008,1,105.9,19.06
A04641,P010,1,163.9,29.5
A04641,P012,1,77.9,14.02
A04641,P019,2,157.9,56.84
A04641,P045,1,83.9,0.0
A04641,P084,1,18.9,0.0
A04641,P097,2,27.9,0.0
A04641,P119,2,70.9,0.0
A04642,P064,2,140.9,0.0
A04643,P040,1,180.9,0.0
A04643,P081,1,18.9,0.0
A04644,P015,2,149.9,53.96
A04644,P024,1,228.9,0.0
A04645,P018,1,119.9,45.56
A04646,P014,1,144.9,26.08
A04646,P032,1,176.9,0.0
A04646,P073,1,266.9,0.0
A04647,P038,1,55.9,11.18
A04647,P085,1,33.9,6.78
A04648,P029,2,173.9,0.0
A04648,P037,2,68.9,0.0
A04648,P055,3,135.9,0.0
A04648,P057,3,246.9,0.0
A04648,P068,1,166.9,0.0
A04648,P101,1,222.9,0.0
A04649,P053,2,86.9,0.0
A04650,P053,1,86.9,17.38
A04650,P058,1,271.9,54.38
A04650,P113,1,244.9,48.98
A04651,P001,1,40.9,7.36
A04651,P051,1,126.9,0.0
A04651,P100,2,110.9,0.0
A04651,P104,1,307.9,0.0
A04652,P040,1,180.9,0.0
A04652,P104,1,307.9,0.0
A04652,P110,2,225.9,0.0
A04653,P004,1,123.9,0.0
A04653,P109,1,221.9,0.0
A04654,P018,1,119.9,0.0
A04654,P021,1,81.9,0.0
A04654,P100,2,110.9,0.0
A04655,P043,1,51.9,0.0
A04655,P062,2,72.9,0.0
A04656,P071,1,46.9,0.0
A04656,P092,2,39.9,0.0
A04657,P019,1,157.9,28.42
A04657,P055,1,135.9,0.0
A04657,P083,1,116.9,0.0
A04657,P084,1,18.9,0.0
A04658,P017,1,116.9,21.04
A04658,P021,1,81.9,14.74
A04658,P041,1,118.9,0.0
A04658,P085,1,33.9,0.0
A04658,P087,1,78.9,0.0
A04658,P110,2,225.9,0.0
A04659,P076,1,203.9,0.0
A04660,P033,2,51.9,0.0
A04660,P040,1,180.9,0.0
A04661,P047,1,153.9,0.0
A04662,P017,2,116.9,42.08
A04662,P041,2,118.9,0.0
A04662,P078,1,190.9,0.0
A04663,P082,1,108.9,0.0
A04664,P108,1,79.9,0.0
A04665,P001,1,40.9,7.36
A04665,P086,1,99.9,0.0
A04665,P108,2,79.9,0.0
A04665,P110,1,225.9,0.0
A04666,P070,2,132.9,26.58
A04667,P038,1,55.9,0.0
A04667,P049,2,175.9,0.0
A04667,P061,1,233.9,0.0
A04667,P086,1,99.9,0.0
A04667,P111,1,169.9,0.0
A04667,P115,1,295.9,0.0
A04668,P068,2,166.9,0.0
A04668,P083,1,116.9,0.0
A04668,P100,3,110.9,0.0
A04668,P114,1,246.9,0.0
A04669,P008,1,105.9,40.24
A04670,P020,2,196.9,70.88
A04670,P098,2,87.9,0.0
A04671,P103,2,266.9,0.0
A04671,P113,2,244.9,0.0
A04672,P022,1,79.9,14.38
A04672,P030,1,166.9,30.04
A04673,P013,1,99.9,17.98
A04674,P008,2,105.9,80.48
A04674,P018,1,119.9,23.98
A04674,P027,1,187.9,71.4
A04674,P076,2,203.9,81.56
A04674,P085,1,33.9,6.78
A04675,P014,3,144.9,78.25
A04675,P032,2,176.9,0.0
A04675,P119,1,70.9,0.0
A04676,P027,1,187.9,33.82
A04676,P045,2,83.9,0.0
A04676,P080,1,149.9,0.0
A04676,P094,1,84.9,0.0
A04676,P102,1,299.9,0.0
A04677,P003,1,198.9,35.8
A04677,P046,1,41.9,0.0
A04677,P061,2,233.9,0.0
A04677,P081,1,18.9,0.0
A04677,P106,3,87.9,0.0
A04678,P046,1,41.9,0.0
A04679,P043,1,51.9,0.0
A04680,P081,1,18.9,0.0
A04681,P060,1,297.9,59.58
A04681,P120,3,195.9,117.54
A04682,P096,1,102.9,0.0
A04683,P015,2,149.9,0.0
A04683,P018,1,119.9,21.58
A04683,P021,2,81.9,29.48
A04683,P075,2,115.9,0.0
A04683,P098,1,87.9,0.0
A04683,P109,1,221.9,0.0
A04684,P004,2,123.9,44.6
A04684,P013,2,99.9,35.96
A04685,P080,1,149.9,0.0
A04685,P113,1,244.9,0.0
A04685,P116,1,234.9,0.0
A04686,P005,1,100.9,0.0
A04686,P010,1,163.9,29.5
A04686,P051,1,126.9,0.0
A04686,P061,1,233.9,0.0
A04686,P103,1,266.9,0.0
A04687,P055,2,135.9,0.0
A04687,P095,2,89.9,0.0
A04687,P104,2,307.9,0.0
A04687,P106,3,87.9,0.0
A04688,P052,1,124.9,0.0
A04689,P049,1,175.9,0.0
A04689,P078,1,190.9,0.0
A04690,P014,1,144.9,0.0
A04690,P030,1,166.9,0.0
A04691,P081,2,18.9,7.56
A04692,P003,3,198.9,0.0
A04692,P018,1,119.9,21.58
A04692,P038,1,55.9,0.0
A04692,P077,2,284.9,0.0
A04693,P110,1,225.9,0.0
A04694,P004,1,123.9,47.08
A04694,P047,2,153.9,61.56
A04694,P054,1,207.9,41.58
A04694,P056,3,179.9,107.94
A04694,P116,2,234.9,93.96
A04695,P099,1,54.9,0.0
A04696,P012,1,77.9,15.58
A04696,P103,2,266.9,106.76
A04697,P022,1,79.9,15.98
A04697,P106,1,87.9,17.58
A04698,P010,1,163.9,16.39
A04699,P007,1,153.9,0.0
A04699,P035,1,174.9,0.0
A04699,P081,1,18.9,0.0
A04700,P011,1,72.9,13.12
A04701,P094,1,84.9,0.0
A04702,P023,1,174.9,34.98
A04702,P075,2,115.9,46.36
A04702,P081,1,18.9,3.78
A04703,P032,1,176.9,0.0
A04703,P051,2,126.9,0.0
A04704,P026,1,193.9,34.9
A04705,P026,1,193.9,73.68
A04705,P052,3,124.9,74.94
A04705,P088,1,76.9,15.38
A04706,P001,1,40.9,7.36
A04706,P014,2,144.9,52.16
A04706,P028,1,241.9,43.54
A04706,P033,1,51.9,0.0
A04706,P051,2,126.9,0.0
A04706,P067,2,68.9,0.0
A04706,P099,1,54.9,0.0
A04707,P025,1,104.9,0.0
A04707,P089,1,59.9,0.0
A04708,P014,2,144.9,52.16
A04708,P081,1,18.9,0.0
A04708,P115,1,295.9,0.0
A04709,P010,3,163.9,88.51
A04709,P035,2,174.9,0.0
A04709,P050,1,97.9,0.0
A04710,P065,1,48.9,0.0
A04710,P098,1,87.9,0.0
A04711,P034,2,162.9,0.0
A04711,P052,1,124.9,0.0
A04712,P052,1,124.9,24.98
A04712,P081,1,18.9,3.78
A04713,P064,1,140.9,0.0
A04714,P039,4,184.9,0.0
A04714,P046,4,41.9,0.0
A04714,P089,2,59.9,0.0
A04714,P114,1,246.9,0.0
A04715,P015,2,149.9,53.96
A04715,P056,1,179.9,0.0
A04716,P020,1,196.9,35.44
A04716,P024,2,228.9,82.4
A04716,P068,1,166.9,0.0
A04716,P101,1,222.9,0.0
A04716,P116,1,234.9,0.0
A04717,P004,1,123.9,0.0
A04717,P008,2,105.9,0.0
A04717,P100,1,110.9,0.0
A04718,P079,1,230.9,0.0
A04718,P120,2,195.9,0.0
A04719,P086,1,99.9,0.0
A04719,P092,1,39.9,0.0
A04719,P099,3,54.9,0.0
A04720,P036,1,68.9,0.0
A04720,P050,1,97.9,0.0
A04720,P064,1,140.9,0.0
A04721,P025,1,104.9,18.88
A04722,P025,1,104.9,18.88
A04722,P044,1,99.9,0.0
A04722,P067,1,68.9,0.0
A04723,P064,2,140.9,28.18
A04723,P103,2,266.9,53.38
A04723,P107,2,203.9,40.78
A04724,P068,1,166.9,16.69
A04724,P084,1,18.9,1.89
A04724,P101,1,222.9,22.29
A04725,P037,1,68.9,0.0
A04725,P041,1,118.9,0.0
A04725,P100,2,110.9,0.0
A04725,P116,3,234.9,0.0
A04726,P092,1,39.9,0.0
A04727,P092,2,39.9,0.0
A04727,P112,1,141.9,0.0
A04728,P042,1,121.9,0.0
A04728,P082,2,108.9,0.0
A04729,P079,1,230.9,0.0
A04729,P091,1,57.9,0.0
A04729,P111,1,169.9,0.0
A04730,P062,1,72.9,0.0
A04731,P042,3,121.9,0.0
A04731,P047,2,153.9,0.0
A04731,P059,1,278.9,0.0
A04732,P114,1,246.9,24.69
A04733,P080,1,149.9,0.0
A04734,P012,2,77.9,43.62
A04734,P021,1,81.9,22.93
A04734,P033,1,51.9,5.19
A04734,P066,1,238.9,23.89
A04735,P022,1,79.9,22.37
A04736,P036,3,68.9,0.0
A04736,P043,1,51.9,0.0
A04736,P054,1,207.9,0.0
A04736,P080,2,149.9,0.0
A04736,P089,1,59.9,0.0
A04737,P042,1,121.9,0.0
A04737,P090,2,64.9,0.0
A04737,P094,1,84.9,0.0
A04738,P016,2,203.9,73.4
A04738,P107,1,203.9,0.0
A04739,P039,1,184.9,0.0
A04739,P064,2,140.9,0.0
A04740,P060,1,297.9,59.58
A04741,P039,2,184.9,0.0
A04741,P082,1,108.9,0.0
A04742,P046,1,41.9,8.38
A04742,P050,1,97.9,19.58
A04742,P057,1,246.9,49.38
A04743,P019,1,157.9,60.0
A04743,P034,2,162.9,65.16
A04743,P036,1,68.9,13.78
A04743,P037,1,68.9,13.78
A04743,P050,3,97.9,58.74
A04743,P055,1,135.9,27.18
A04744,P041,1,118.9,0.0
A04744,P075,1,115.9,0.0
A04745,P013,1,99.9,9.99
A04745,P017,2,116.9,65.46
A04745,P110,1,225.9,22.59
A04746,P088,1,76.9,0.0
A04746,P100,1,110.9,0.0
A04746,P108,1,79.9,0.0
A04747,P022,1,79.9,0.0
A04747,P036,1,68.9,0.0
A04747,P051,1,126.9,0.0
A04747,P083,2,116.9,0.0
A04747,P094,1,84.9,0.0
A04748,P099,1,54.9,10.98
A04749,P035,1,174.9,0.0
A04749,P076,1,203.9,0.0
A04749,P116,1,234.9,0.0
A04750,P039,1,184.9,36.98
A04751,P098,2,87.9,35.16
A04752,P088,1,76.9,0.0
A04753,P002,1,111.9,20.14
A04753,P018,1,119.9,21.58
A04753,P019,1,157.9,0.0
A04753,P083,1,116.9,0.0
A04754,P028,1,241.9,0.0
A04754,P034,1,162.9,0.0
A04755,P007,1,153.9,27.7
A04755,P010,1,163.9,0.0
A04756,P053,1,86.9,0.0
A04757,P002,1,111.9,20.14
A04757,P039,1,184.9,0.0
A04757,P042,2,121.9,0.0
A04758,P030,1,166.9,30.04
A04758,P096,3,102.9,0.0
A04759,P086,2,99.9,0.0
A04759,P088,2,76.9,0.0
A04760,P023,1,174.9,31.48
A04760,P087,1,78.9,0.0
A04760,P100,3,110.9,0.0
A04761,P021,1,81.9,14.74
A04762,P043,1,51.9,0.0
A04762,P094,1,84.9,0.0
A04763,P010,1,163.9,29.5
A04763,P011,1,72.9,13.12
A04764,P005,1,100.9,20.18
A04765,P006,1,208.9,37.6
A04765,P024,2,228.9,82.4
A04765,P036,1,68.9,0.0
A04766,P014,1,144.9,26.08
A04766,P047,1,153.9,0.0
A04766,P052,1,124.9,0.0
A04766,P079,1,230.9,0.0
A04767,P038,1,55.9,0.0
A04767,P057,1,246.9,0.0
A04768,P005,2,100.9,36.32
A04768,P013,2,99.9,35.96
A04769,P117,1,281.9,0.0
A04770,P008,1,105.9,40.24
A04770,P024,3,228.9,260.95
A04770,P027,1,187.9,71.4
A04770,P044,1,99.9,19.98
A04771,P018,3,119.9,0.0
A04771,P090,2,64.9,0.0
A04771,P095,2,89.9,0.0
A04772,P018,1,119.9,0.0
A04772,P044,1,99.9,0.0
A04772,P046,1,41.9,0.0
A04772,P098,2,87.9,0.0
A04773,P006,2,208.9,0.0
A04773,P012,1,77.9,0.0
A04773,P026,1,193.9,34.9
A04773,P109,2,221.9,0.0
A04774,P027,1,187.9,71.4
A04774,P040,1,180.9,36.18
A04775,P036,1,68.9,13.78
A04775,P076,1,203.9,40.78
A04776,P001,1,40.9,15.54
A04776,P008,1,105.9,40.24
A04776,P100,2,110.9,44.36
A04777,P084,1,18.9,0.0
A04778,P012,1,77.9,29.6
A04778,P050,1,97.9,19.58
A04778,P069,3,266.9,160.14
A04779,P009,1,248.9,94.58
A04779,P012,2,77.9,59.2
A04780,P017,1,116.9,21.04
A04781,P046,3,41.9,0.0
A04781,P084,2,18.9,0.0
A04781,P109,3,221.9,0.0
A04782,P025,2,104.9,37.76
A04782,P028,1,241.9,43.54
A04782,P087,1,78.9,0.0
A04782,P099,1,54.9,0.0
A04783,P002,3,111.9,60.43
A04784,P007,2,153.9,0.0
A04784,P118,1,192.9,0.0
A04785,P062,1,72.9,14.58
A04785,P088,2,76.9,30.76
A04785,P091,1,57.9,11.58
A04785,P114,1,246.9,49.38
A04786,P027,2,187.9,75.16
A04786,P043,1,51.9,10.38
A04786,P119,2,70.9,28.36
A04787,P022,2,79.9,60.72
A04788,P024,1,228.9,86.98
A04788,P046,1,41.9,8.38
A04788,P104,1,307.9,61.58
A04789,P037,1,68.9,0.0
A04790,P001,1,40.9,7.36
A04790,P016,2,203.9,73.4
A04790,P066,2,238.9,0.0
A04790,P086,3,99.9,0.0
A04790,P109,2,221.9,0.0
A04791,P011,3,72.9,83.11
A04791,P098,1,87.9,17.58
A04792,P016,1,203.9,36.7
A04792,P049,2,175.9,0.0
A04792,P107,2,203.9,0.0
A04793,P002,1,111.9,31.33
A04794,P025,1,104.9,18.88
A04794,P078,1,190.9,0.0
A04794,P106,1,87.9,0.0
A04795,P019,2,157.9,0.0
A04795,P021,1,81.9,14.74
A04795,P059,1,278.9,0.0
A04795,P106,2,87.9,0.0
A04796,P031,2,93.9,0.0
A04796,P101,1,222.9,0.0
A04797,P064,1,140.9,0.0
A04798,P065,2,48.9,0.0
A04799,P070,2,132.9,0.0
A04799,P077,1,284.9,0.0
A04799,P093,1,36.9,0.0
A04800,P009,3,248.9,0.0
A04800,P015,2,149.9,53.96
A04800,P020,1,196.9,35.44
A04800,P049,1,175.9,0.0
A04800,P053,1,86.9,0.0
A04800,P055,1,135.9,0.0
A04800,P100,3,110.9,0.0
A04801,P015,2,149.9,53.96
A04802,P009,1,248.9,94.58
A04802,P051,1,126.9,25.38
A04802,P094,1,84.9,16.98
A04803,P091,1,57.9,0.0
A04804,P023,2,174.9,132.92
A04804,P065,1,48.9,9.78
A04804,P085,1,33.9,6.78
A04804,P092,1,39.9,7.98
A04804,P119,1,70.9,14.18
A04805,P022,3,79.9,91.09
A04805,P049,1,175.9,35.18
A04805,P050,1,97.9,19.58
A04805,P052,1,124.9,24.98
A04805,P081,2,18.9,7.56
A04805,P086,2,99.9,39.96
A04805,P098,3,87.9,52.74
A04806,P011,2,72.9,55.4
A04806,P024,2,228.9,173.96
A04806,P055,2,135.9,54.36
A04807,P094,2,84.9,0.0
A04808,P051,1,126.9,25.38
A04808,P092,1,39.9,7.98
A04809,P024,1,228.9,86.98
A04809,P072,2,50.9,20.36
A04809,P097,1,27.9,5.58
A04809,P107,1,203.9,40.78
A04810,P002,1,111.9,0.0
A04810,P004,1,123.9,22.3
A04811,P013,1,99.9,17.98
A04811,P015,1,149.9,26.98
A04812,P037,1,68.9,0.0
A04813,P054,1,207.9,0.0
A04814,P016,1,203.9,36.7
A04814,P037,1,68.9,0.0
A04815,P046,1,41.9,8.38
A04815,P084,1,18.9,3.78
A04815,P093,1,36.9,7.38
A04816,P068,1,166.9,33.38
A04817,P028,1,241.9,43.54
A04817,P032,1,176.9,0.0
A04817,P040,3,180.9,0.0
A04818,P005,1,100.9,18.16
A04818,P073,1,266.9,0.0
A04818,P109,1,221.9,0.0
A04819,P024,1,228.9,86.98
A04819,P028,1,241.9,91.92
A04819,P070,2,132.9,53.16
A04819,P119,1,70.9,14.18
A04820,P009,3,248.9,134.41
A04820,P051,3,126.9,0.0
A04820,P060,2,297.9,0.0
A04820,P100,1,110.9,0.0
A04821,P107,4,203.9,81.56
A04822,P093,1,36.9,0.0
A04823,P093,1,36.9,0.0
A04824,P088,1,76.9,0.0
A04824,P094,1,84.9,0.0
A04825,P005,1,100.9,0.0
A04825,P063,1,286.9,0.0
A04826,P061,2,233.9,0.0
A04826,P087,2,78.9,0.0
A04826,P093,4,36.9,0.0
A04826,P099,5,54.9,0.0
A04827,P060,4,297.9,238.32
A04827,P120,2,195.9,78.36
A04828,P007,1,153.9,58.48
A04828,P063,2,286.9,114.76
A04829,P001,1,40.9,15.54
A04829,P044,1,99.9,19.98
A04830,P045,1,83.9,16.78
A04830,P106,1,87.9,17.58
A04831,P046,1,41.9,0.0
A04832,P007,1,153.9,27.7
A04832,P091,2,57.9,0.0
A04833,P048,2,100.9,40.36
A04834,P084,1,18.9,3.78
A04834,P107,1,203.9,40.78
A04835,P008,2,105.9,0.0
A04835,P040,4,180.9,0.0
A04835,P085,2,33.9,0.0
A04836,P047,1,153.9,30.78
A04836,P119,1,70.9,14.18
A04837,P024,1,228.9,41.2
A04838,P119,1,70.9,14.18
A04839,P013,2,99.9,55.94
A04839,P085,1,33.9,3.39
A04840,P035,1,174.9,0.0
A04840,P039,1,184.9,0.0
A04840,P081,1,18.9,0.0
A04840,P086,1,99.9,0.0
A04840,P100,3,110.9,0.0
A04841,P031,1,93.9,9.39
A04841,P032,1,176.9,17.69
A04841,P052,1,124.9,12.49
A04842,P002,1,111.9,22.38
A04842,P055,1,135.9,27.18
A04843,P048,1,100.9,20.18
A04844,P050,1,97.9,19.58
A04844,P085,2,33.9,13.56
A04845,P023,4,174.9,125.93
A04845,P026,2,193.9,0.0
A04845,P027,1,187.9,33.82
A04845,P037,1,68.9,0.0
A04845,P054,2,207.9,0.0
A04845,P100,1,110.9,0.0
A04845,P106,2,87.9,0.0
A04845,P108,3,79.9,0.0
A04845,P114,3,246.9,0.0
A04846,P076,1,203.9,0.0
A04846,P082,1,108.9,0.0
A04846,P094,1,84.9,0.0
A04846,P114,1,246.9,0.0
A04847,P002,1,111.9,20.14
A04847,P010,2,163.9,59.0
A04847,P048,1,100.9,0.0
A04847,P058,2,271.9,0.0
A04847,P059,1,278.9,0.0
A04847,P102,3,299.9,0.0
A04847,P106,1,87.9,0.0
A04848,P078,2,190.9,76.36
A04848,P105,2,88.9,35.56
A04849,P051,1,126.9,0.0
A04849,P097,1,27.9,0.0
A04850,P035,1,174.9,34.98
A04850,P048,1,100.9,20.18
A04850,P060,1,297.9,59.58
A04850,P105,2,88.9,35.56
A04851,P015,1,149.9,56.96
A04851,P035,1,174.9,34.98
A04851,P040,1,180.9,36.18
A04852,P087,1,78.9,7.89
A04853,P032,1,176.9,35.38
A04853,P082,1,108.9,21.78
A04854,P034,1,162.9,0.0
A04855,P010,1,163.9,0.0
A04855,P023,1,174.9,0.0
A04855,P039,1,184.9,0.0
A04855,P103,3,266.9,0.0
A04856,P021,1,81.9,0.0
A04857,P026,1,193.9,73.68
A04858,P048,1,100.9,0.0
A04859,P019,1,157.9,60.0
A04859,P037,2,68.9,27.56
A04859,P086,1,99.9,19.98
A04859,P095,3,89.9,53.94
A04860,P028,1,241.9,43.54
A04860,P103,1,266.9,0.0
A04861,P046,1,41.9,0.0
A04862,P085,1,33.9,6.78
A04862,P093,1,36.9,7.38
A04863,P004,1,123.9,22.3
A04864,P038,1,55.9,11.18
A04864,P050,1,97.9,19.58
A04864,P114,1,246.9,49.38
A04865,P009,2,248.9,99.56
A04866,P066,1,238.9,0.0
A04867,P022,2,79.9,60.72
A04867,P084,1,18.9,3.78
A04868,P010,1,163.9,0.0
A04868,P078,1,190.9,0.0
A04869,P037,1,68.9,13.78
A04870,P033,1,51.9,0.0
A04870,P044,2,99.9,0.0
A04870,P063,1,286.9,0.0
A04871,P023,1,174.9,31.48
A04872,P020,1,196.9,74.82
A04873,P032,2,176.9,0.0
A04874,P064,1,140.9,0.0
A04874,P068,1,166.9,0.0
A04874,P118,2,192.9,0.0
A04875,P034,1,162.9,32.58
A04875,P036,1,68.9,13.78
A04875,P045,1,83.9,16.78
A04876,P012,1,77.9,14.02
A04876,P065,1,48.9,0.0
A04877,P014,1,144.9,26.08
A04877,P065,1,48.9,0.0
A04877,P095,1,89.9,0.0
A04878,P075,2,115.9,46.36
A04879,P005,2,100.9,0.0
A04879,P038,1,55.9,0.0
A04879,P096,2,102.9,0.0
A04880,P008,1,105.9,19.06
A04880,P009,1,248.9,44.8
A04880,P049,1,175.9,0.0
A04880,P099,1,54.9,0.0
A04881,P038,1,55.9,11.18
A04881,P117,1,281.9,56.38
A04882,P042,1,121.9,24.38
A04883,P092,1,39.9,7.98
A04884,P002,1,111.9,42.52
A04884,P003,1,198.9,75.58
A04884,P004,2,123.9,94.16
A04884,P027,4,187.9,150.32
A04884,P088,2,76.9,30.76
A04884,P106,1,87.9,17.58
A04885,P003,1,198.9,35.8
A04885,P112,1,141.9,0.0
A04886,P038,1,55.9,0.0
A04886,P047,1,153.9,0.0
A04886,P120,1,195.9,0.0
A04887,P016,1,203.9,40.78
A04887,P035,1,174.9,34.98
A04888,P083,1,116.9,0.0
A04889,P007,2,153.9,30.78
A04889,P055,1,135.9,13.59
A04889,P092,1,39.9,3.99
A04890,P003,1,198.9,39.78
A04890,P045,1,83.9,16.78
A04890,P101,2,222.9,89.16
A04890,P110,1,225.9,45.18
A04891,P009,1,248.9,44.8
A04891,P025,1,104.9,0.0
A04892,P085,1,33.9,0.0
A04893,P052,1,124.9,24.98
A04894,P113,1,244.9,48.98
A04895,P095,1,89.9,0.0
A04896,P040,2,180.9,72.36
A04897,P076,2,203.9,81.56
A04897,P081,2,18.9,7.56
A04897,P084,1,18.9,3.78
A04897,P115,1,295.9,59.18
A04898,P115,1,295.9,0.0
A04899,P051,1,126.9,0.0
A04900,P010,1,163.9,62.28
A04900,P024,1,228.9,45.78
A04900,P069,1,266.9,53.38
A04901,P010,2,163.9,124.56
A04901,P026,2,193.9,77.56
A04901,P029,2,173.9,132.16
A04901,P098,1,87.9,17.58
A04902,P048,1,100.9,0.0
A04902,P050,1,97.9,0.0
A04903,P013,1,99.9,37.96
A04904,P031,1,93.9,18.78
A04904,P053,2,86.9,34.76
A04905,P097,1,27.9,0.0
A04906,P030,1,166.9,33.38
A04906,P105,3,88.9,53.34
A04907,P085,1,33.9,0.0
A04907,P109,1,221.9,0.0
A04907,P120,1,195.9,0.0
A04908,P007,2,153.9,55.4
A04908,P057,1,246.9,0.0
A04909,P023,1,174.9,31.48
A04910,P120,1,195.9,39.18
A04911,P028,1,241.9,43.54
A04911,P033,1,51.9,0.0
A04912,P006,1,208.9,37.6
A04912,P011,1,72.9,13.12
A04912,P090,1,64.9,0.0
A04913,P028,1,241.9,43.54
A04913,P041,1,118.9,0.0
A04914,P048,1,100.9,0.0
A04914,P067,1,68.9,0.0
A04915,P009,1,248.9,44.8
A04915,P014,2,144.9,0.0
A04915,P025,1,104.9,18.88
A04915,P043,2,51.9,0.0
A04915,P066,1,238.9,0.0
A04916,P014,1,144.9,55.06
A04916,P042,1,121.9,24.38
A04916,P065,1,48.9,9.78
A04917,P015,2,149.9,113.92
A04917,P103,1,266.9,53.38
A04918,P009,1,248.9,44.8
A04918,P064,2,140.9,0.0
A04918,P088,1,76.9,0.0
A04919,P029,1,173.9,34.78
A04919,P035,1,174.9,34.98
A04920,P020,1,196.9,35.44
A04920,P075,1,115.9,0.0
A04920,P105,3,88.9,0.0
A04921,P001,1,40.9,7.36
A04921,P003,3,198.9,107.41
A04921,P027,1,187.9,0.0
A04921,P090,1,64.9,0.0
A04922,P012,1,77.9,14.02
A04922,P083,1,116.9,0.0
A04922,P111,1,169.9,0.0
A04923,P049,1,175.9,17.59
A04923,P106,1,87.9,8.79
A04923,P110,1,225.9,22.59
A04924,P012,1,77.9,0.0
A04924,P054,1,207.9,0.0
A04925,P053,2,86.9,0.0
A04925,P109,1,221.9,0.0
A04926,P004,1,123.9,47.08
A04926,P009,1,248.9,49.78
A04926,P047,2,153.9,61.56
A04926,P058,1,271.9,54.38
A04926,P060,2,297.9,119.16
A04926,P088,2,76.9,30.76
A04927,P003,1,198.9,75.58
A04927,P021,1,81.9,31.12
A04927,P024,2,228.9,173.96
A04927,P077,1,284.9,56.98
A04927,P093,1,36.9,7.38
A04927,P105,1,88.9,17.78
A04928,P043,1,51.9,0.0
A04929,P052,2,124.9,49.96
A04929,P082,2,108.9,43.56
A04929,P100,2,110.9,44.36
A04929,P111,1,169.9,33.98
A04930,P009,1,248.9,94.58
A04930,P014,1,144.9,55.06
A04930,P048,2,100.9,40.36
A04931,P030,1,166.9,30.04
A04931,P051,1,126.9,0.0
A04932,P026,1,193.9,19.39
A04933,P014,2,144.9,110.12
A04933,P027,2,187.9,142.8
A04933,P117,2,281.9,112.76
A04934,P059,1,278.9,0.0
A04934,P100,1,110.9,0.0
A04935,P022,2,79.9,0.0
A04935,P061,1,233.9,0.0
A04936,P015,1,149.9,56.96
A04936,P018,1,119.9,23.98
A04936,P110,1,225.9,45.18
A04937,P003,2,198.9,71.6
A04937,P006,2,208.9,75.2
A04937,P007,1,153.9,27.7
A04937,P008,1,105.9,0.0
A04937,P084,1,18.9,0.0
A04938,P006,1,208.9,41.78
A04938,P008,1,105.9,21.18
A04938,P084,1,18.9,3.78
A04939,P047,1,153.9,0.0
A04939,P086,1,99.9,0.0
A04940,P056,1,179.9,35.98
A04941,P004,1,123.9,22.3
A04942,P009,1,248.9,44.8
A04942,P020,1,196.9,0.0
A04942,P035,1,174.9,0.0
A04942,P099,1,54.9,0.0
A04943,P006,1,208.9,37.6
A04943,P011,1,72.9,13.12
A04943,P087,1,78.9,0.0
A04943,P115,1,295.9,0.0
A04944,P025,1,104.9,18.88
A04944,P038,1,55.9,0.0
A04944,P101,1,222.9,0.0
A04945,P073,1,266.9,26.69
A04946,P024,1,228.9,41.2
A04946,P028,1,241.9,43.54
A04947,P003,1,198.9,39.78
A04947,P114,2,246.9,98.76
A04948,P026,1,193.9,73.68
A04948,P037,1,68.9,13.78
A04948,P067,2,68.9,27.56
A04949,P053,1,86.9,17.38
A04949,P082,1,108.9,21.78
A04950,P007,1,153.9,30.78
A04950,P018,1,119.9,45.56
A04950,P025,1,104.9,20.98
A04950,P069,2,266.9,106.76
A04950,P098,1,87.9,17.58
A04951,P041,2,118.9,0.0
A04951,P068,2,166.9,0.0
A04951,P112,1,141.9,0.0
A04952,P018,1,119.9,21.58
A04953,P004,1,123.9,22.3
A04954,P005,1,100.9,18.16
A04954,P020,1,196.9,35.44
A04955,P079,1,230.9,0.0
A04956,P035,1,174.9,0.0
A04956,P051,4,126.9,0.0
A04956,P054,4,207.9,0.0
A04957,P016,1,203.9,0.0
A04957,P017,1,116.9,21.04
A04957,P021,1,81.9,14.74
A04958,P039,1,184.9,0.0
A04959,P015,2,149.9,59.96
A04959,P024,1,228.9,86.98
A04959,P079,1,230.9,46.18
A04959,P094,1,84.9,16.98
A04960,P020,2,196.9,70.88
A04961,P049,1,175.9,0.0
A04961,P069,1,266.9,0.0
A04962,P013,2,99.9,39.96
A04962,P108,1,79.9,15.98
A04963,P053,1,86.9,0.0
A04964,P002,1,111.9,22.38
A04964,P020,2,196.9,149.64
A04964,P028,1,241.9,91.92
A04964,P034,1,162.9,32.58
A04965,P003,1,198.9,39.78
A04965,P004,2,123.9,94.16
A04965,P027,1,187.9,71.4
A04965,P050,1,97.9,19.58
A04965,P056,1,179.9,35.98
A04965,P063,2,286.9,114.76
A04965,P101,1,222.9,44.58
A04966,P014,1,144.9,0.0
A04966,P034,2,162.9,0.0
A04967,P032,1,176.9,35.38
A04967,P059,1,278.9,55.78
A04967,P062,2,72.9,29.16
A04967,P087,2,78.9,31.56
A04967,P091,2,57.9,23.16
A04967,P101,2,222.9,89.16
A04968,P005,1,100.9,38.34
A04968,P051,1,126.9,25.38
A04968,P055,1,135.9,27.18
A04969,P015,1,149.9,26.98
A04969,P076,1,203.9,0.0
A04969,P106,1,87.9,0.0
A04970,P048,1,100.9,0.0
A04970,P066,1,238.9,0.0
A04971,P024,2,228.9,82.4
A04971,P082,1,108.9,0.0
A04972,P059,1,278.9,0.0
A04972,P060,1,297.9,0.0
A04973,P018,1,119.9,23.98
A04973,P118,1,192.9,38.58
A04974,P093,2,36.9,0.0
A04974,P110,1,225.9,0.0
A04975,P059,2,278.9,0.0
A04975,P102,1,299.9,0.0
A04976,P068,3,166.9,0.0
A04976,P116,2,234.9,0.0
A04976,P120,3,195.9,0.0
A04977,P017,1,116.9,21.04
A04977,P026,1,193.9,34.9
A04978,P020,2,196.9,70.88
A04978,P065,1,48.9,0.0
A04978,P083,1,116.9,0.0
A04978,P104,1,307.9,0.0
A04979,P065,1,48.9,9.78
A04980,P005,1,100.9,28.25
A04980,P009,1,248.9,69.69
A04980,P011,1,72.9,20.41
A04980,P073,1,266.9,26.69
A04980,P086,1,99.9,9.99
A04980,P114,1,246.9,24.69
A04981,P059,1,278.9,55.78
A04981,P084,1,18.9,3.78
A04981,P087,1,78.9,15.78
A04982,P037,1,68.9,13.78
A04982,P082,1,108.9,21.78
A04983,P026,2,193.9,77.56
A04983,P039,1,184.9,36.98
A04983,P047,1,153.9,30.78
A04984,P017,1,116.9,21.04
A04984,P085,1,33.9,0.0
A04985,P019,1,157.9,0.0
A04985,P032,2,176.9,0.0
A04985,P084,1,18.9,0.0
A04986,P007,1,153.9,27.7
A04986,P011,1,72.9,13.12
A04986,P018,2,119.9,43.16
A04986,P037,1,68.9,0.0
A04987,P033,1,51.9,0.0
A04987,P077,1,284.9,0.0
A04987,P090,1,64.9,0.0
A04988,P050,1,97.9,19.58
A04989,P104,2,307.9,123.16
A04990,P016,2,203.9,40.78
A04990,P064,1,140.9,14.09
A04991,P005,2,100.9,76.68
A04991,P055,3,135.9,81.54
A04991,P100,1,110.9,22.18
A04992,P026,1,193.9,34.9
A04992,P085,2,33.9,0.0
A04993,P040,1,180.9,0.0
A04993,P104,1,307.9,0.0
A04994,P095,1,89.9,17.98
A04995,P028,1,241.9,91.92
A04995,P032,1,176.9,35.38
A04995,P070,2,132.9,53.16
A04995,P073,2,266.9,106.76
A04995,P099,2,54.9,21.96
A04995,P116,2,234.9,93.96
A04995,P117,1,281.9,56.38
A04996,P041,2,118.9,0.0
A04996,P094,1,84.9,0.0
A04997,P004,1,123.9,22.3
A04997,P045,1,83.9,0.0
A04998,P054,1,207.9,0.0
A04998,P055,1,135.9,0.0
A04998,P107,3,203.9,0.0
A04999,P004,1,123.9,47.08
A05000,P002,2,111.9,44.76
A05000,P004,1,123.9,47.08
A05000,P040,1,180.9,36.18
A05000,P043,1,51.9,10.38
A05000,P053,2,86.9,34.76
A05001,P004,1,123.9,22.3
A05001,P031,1,93.9,0.0
A05001,P072,1,50.9,0.0
A05002,P069,1,266.9,0.0
A05002,P088,1,76.9,0.0
A05002,P102,1,299.9,0.0
A05002,P107,2,203.9,0.0
A05002,P112,1,141.9,0.0
A05003,P077,1,284.9,0.0
A05004,P003,2,198.9,0.0
A05004,P025,2,104.9,37.76
A05004,P042,1,121.9,0.0
A05004,P058,2,271.9,0.0
A05004,P087,1,78.9,0.0
A05005,P037,1,68.9,13.78
A05005,P084,2,18.9,7.56
A05006,P011,1,72.9,0.0
A05007,P005,1,100.9,18.16
A05007,P030,1,166.9,30.04
A05007,P065,1,48.9,0.0
A05007,P098,1,87.9,0.0
A05008,P023,2,174.9,69.96
A05008,P089,1,59.9,11.98
A05009,P006,1,208.9,79.38
A05009,P038,1,55.9,11.18
A05009,P099,1,54.9,10.98
A05010,P071,1,46.9,0.0
A05011,P097,1,27.9,5.58
A05011,P100,1,110.9,22.18
A05012,P020,1,196.9,35.44
A05012,P028,2,241.9,0.0
A05012,P043,1,51.9,0.0
A05012,P051,2,126.9,0.0
A05012,P052,4,124.9,0.0
A05012,P054,3,207.9,0.0
A05012,P055,2,135.9,0.0
A05012,P057,2,246.9,0.0
A05012,P089,1,59.9,0.0
A05013,P021,1,81.9,14.74
A05013,P087,1,78.9,0.0
A05014,P002,1,111.9,31.33
A05014,P049,1,175.9,17.59
A05014,P052,2,124.9,24.98
A05014,P082,1,108.9,10.89
A05015,P006,1,208.9,41.78
A05015,P022,3,79.9,91.09
A05015,P039,1,184.9,36.98
A05015,P046,1,41.9,8.38
A05015,P051,1,126.9,25.38
A05015,P096,1,102.9,20.58
A05015,P116,2,234.9,93.96
A05016,P005,1,100.9,18.16
A05016,P064,1,140.9,0.0
A05016,P100,1,110.9,0.0
A05016,P105,3,88.9,0.0
A05016,P106,2,87.9,0.0
A05016,P113,1,244.9,0.0
A05017,P007,1,153.9,43.09
A05018,P043,1,51.9,0.0
A05018,P073,1,266.9,0.0
A05018,P100,1,110.9,0.0
A05019,P028,1,241.9,91.92
A05019,P092,1,39.9,7.98
A05020,P031,1,93.9,0.0
A05020,P053,1,86.9,0.0
A05020,P070,1,132.9,0.0
A05020,P099,1,54.9,0.0
A05020,P120,1,195.9,0.0
A05021,P077,1,284.9,56.98
A05021,P083,3,116.9,70.14
A05022,P023,1,174.9,31.48
A05023,P008,1,105.9,40.24
A05023,P023,2,174.9,132.92
A05023,P100,1,110.9,22.18
A05024,P090,1,64.9,0.0
A05025,P002,1,111.9,20.14
A05025,P006,2,208.9,75.2
A05025,P084,1,18.9,0.0
A05026,P001,1,40.9,7.36
A05026,P047,1,153.9,0.0
A05026,P062,1,72.9,0.0
A05027,P001,1,40.9,15.54
A05027,P007,2,153.9,61.56
A05027,P031,1,93.9,18.78
A05027,P111,1,169.9,33.98
A05028,P003,3,198.9,226.75
A05028,P019,1,157.9,60.0
A05028,P027,1,187.9,37.58
A05028,P035,3,174.9,104.94
A05028,P052,2,124.9,49.96
A05028,P066,1,238.9,47.78
A05028,P117,3,281.9,169.14
A05029,P027,1,187.9,37.58
A05029,P028,1,241.9,91.92
A05029,P029,4,173.9,264.33
A05029,P108,3,79.9,47.94
A05030,P046,1,41.9,8.38
A05030,P120,1,195.9,39.18
A05031,P024,1,228.9,41.2
A05031,P053,2,86.9,0.0
A05032,P051,1,126.9,0.0
A05033,P083,1,116.9,0.0
A05033,P086,1,99.9,0.0
A05033,P115,1,295.9,0.0
A05034,P099,1,54.9,10.98
A05035,P020,1,196.9,39.38
A05036,P028,1,241.9,0.0
A05037,P104,1,307.9,61.58
A05037,P114,2,246.9,98.76
A05038,P007,1,153.9,30.78
A05039,P010,1,163.9,62.28
A05040,P029,2,173.9,97.38
A05040,P090,1,64.9,6.49
A05041,P007,2,153.9,61.56
A05041,P032,1,176.9,35.38
A05042,P099,1,54.9,0.0
A05043,P028,1,241.9,0.0
A05043,P063,1,286.9,0.0
A05043,P067,2,68.9,0.0
A05043,P078,2,190.9,0.0
A05044,P024,1,228.9,41.2
A05044,P050,1,97.9,0.0
A05045,P035,1,174.9,34.98
A05046,P009,1,248.9,94.58
A05046,P023,1,174.9,66.46
A05047,P029,1,173.9,66.08
A05047,P105,1,88.9,17.78
A05048,P040,1,180.9,36.18
A05048,P081,1,18.9,3.78
A05049,P101,1,222.9,0.0
A05049,P102,2,299.9,0.0
A05050,P054,1,207.9,41.58
A05051,P113,1,244.9,0.0
A05052,P044,5,99.9,0.0
A05052,P097,2,27.9,0.0
A05052,P100,2,110.9,0.0
A05052,P107,1,203.9,0.0
A05053,P005,2,100.9,76.68
A05053,P010,1,163.9,62.28
A05053,P045,1,83.9,16.78
A05053,P116,2,234.9,93.96
A05054,P044,1,99.9,0.0
A05054,P098,1,87.9,0.0
A05055,P032,1,176.9,35.38
A05055,P074,2,281.9,112.76
A05055,P081,1,18.9,3.78
A05056,P025,1,104.9,18.88
A05056,P034,2,162.9,0.0
A05056,P039,2,184.9,0.0
A05056,P107,2,203.9,0.0
A05057,P019,1,157.9,28.42
A05057,P028,3,241.9,0.0
A05057,P037,1,68.9,0.0
A05057,P052,2,124.9,0.0
A05057,P059,2,278.9,0.0
A05058,P068,3,166.9,50.07
A05058,P073,2,266.9,53.38
A05058,P092,1,39.9,3.99
A05059,P006,1,208.9,79.38
A05059,P078,2,190.9,76.36
A05059,P114,1,246.9,49.38
A05060,P021,2,81.9,45.86
A05060,P049,1,175.9,17.59
A05061,P012,1,77.9,29.6
A05061,P045,1,83.9,16.78
A05061,P090,1,64.9,12.98
A05062,P076,1,203.9,0.0
A05063,P017,1,116.9,21.04
A05063,P018,2,119.9,43.16
A05063,P029,1,173.9,31.3
A05064,P035,1,174.9,34.98
A05065,P045,1,83.9,8.39
A05065,P069,1,266.9,26.69
A05066,P027,2,187.9,0.0
A05066,P075,1,115.9,0.0
A05066,P096,1,102.9,0.0
A05066,P109,1,221.9,0.0
A05067,P004,1,123.9,34.69
A05067,P048,1,100.9,10.09
A05068,P009,1,248.9,94.58
A05068,P039,1,184.9,36.98
A05069,P047,1,153.9,0.0
A05069,P070,1,132.9,0.0
A05069,P118,1,192.9,0.0
A05070,P098,1,87.9,17.58
A05071,P023,3,174.9,0.0
A05071,P102,1,299.9,0.0
A05072,P014,1,144.9,55.06
A05072,P043,2,51.9,20.76
A05072,P104,1,307.9,61.58
A05073,P013,1,99.9,37.96
A05073,P076,1,203.9,40.78
A05074,P014,1,144.9,26.08
A05074,P022,1,79.9,14.38
A05074,P068,1,166.9,0.0
A05075,P018,1,119.9,45.56
A05075,P085,2,33.9,13.56
A05075,P096,1,102.9,20.58
A05076,P093,1,36.9,7.38
A05077,P052,1,124.9,0.0
A05077,P116,1,234.9,0.0
A05078,P001,1,40.9,7.36
A05078,P116,2,234.9,0.0
A05079,P033,1,51.9,0.0
A05079,P081,2,18.9,0.0
A05080,P062,1,72.9,0.0
A05080,P065,1,48.9,0.0
A05081,P001,1,40.9,8.18
A05081,P085,1,33.9,6.78
A05081,P107,1,203.9,40.78
A05082,P094,1,84.9,16.98
A05083,P014,1,144.9,26.08
A05083,P016,1,203.9,36.7
A05083,P018,1,119.9,21.58
A05083,P050,1,97.9,0.0
A05083,P104,1,307.9,0.0
A05084,P097,1,27.9,0.0
A05085,P052,2,124.9,0.0
A05086,P022,1,79.9,0.0
A05086,P034,3,162.9,0.0
A05086,P038,2,55.9,0.0
A05086,P081,1,18.9,0.0
A05086,P096,1,102.9,0.0
A05087,P084,2,18.9,0.0
A05087,P097,1,27.9,0.0
A05088,P012,1,77.9,14.02
A05088,P023,1,174.9,31.48
A05088,P082,1,108.9,0.0
A05089,P011,2,72.9,29.16
A05090,P021,2,81.9,29.48
A05090,P052,2,124.9,0.0
A05090,P097,1,27.9,0.0
A05090,P117,1,281.9,0.0
A05091,P005,2,100.9,36.32
A05091,P034,1,162.9,0.0
A05091,P047,2,153.9,0.0
A05091,P052,2,124.9,0.0
A05091,P076,1,203.9,0.0
A05091,P091,2,57.9,0.0
A05091,P119,1,70.9,0.0
A05092,P075,1,115.9,0.0
A05092,P098,1,87.9,0.0
A05093,P012,1,77.9,29.6
A05093,P025,1,104.9,39.86
A05093,P088,2,76.9,30.76
A05093,P114,1,246.9,49.38
A05094,P056,1,179.9,0.0
A05095,P012,1,77.9,14.02
A05095,P061,1,233.9,0.0
A05096,P034,2,162.9,0.0
A05096,P039,1,184.9,0.0
A05096,P042,2,121.9,0.0
A05096,P054,2,207.9,0.0
A05096,P064,1,140.9,0.0
A05097,P053,1,86.9,0.0
A05097,P073,2,266.9,0.0
A05098,P015,3,149.9,80.95
A05098,P048,1,100.9,0.0
A05099,P015,2,149.9,113.92
A05099,P057,1,246.9,49.38
A05099,P116,1,234.9,46.98
A05100,P012,1,77.9,14.02
A05101,P027,1,187.9,71.4
A05101,P067,1,68.9,13.78
A05101,P095,1,89.9,17.98
A05101,P098,1,87.9,17.58
A05102,P009,1,248.9,44.8
A05102,P018,1,119.9,21.58
A05102,P043,1,51.9,0.0
A05102,P051,1,126.9,0.0
A05102,P055,2,135.9,0.0
A05103,P008,1,105.9,21.18
A05103,P017,2,116.9,88.84
A05103,P042,2,121.9,48.76
A05103,P070,2,132.9,53.16
A05103,P107,3,203.9,122.34
A05103,P114,1,246.9,49.38
A05103,P120,2,195.9,78.36
A05104,P035,1,174.9,34.98
A05105,P097,1,27.9,0.0
A05106,P092,1,39.9,0.0
A05107,P024,1,228.9,41.2
A05107,P052,1,124.9,0.0
A05107,P086,3,99.9,0.0
A05108,P008,2,105.9,38.12
A05108,P024,1,228.9,0.0
A05108,P045,6,83.9,0.0
A05109,P071,1,46.9,9.38
A05110,P007,3,153.9,0.0
A05110,P015,2,149.9,53.96
A05110,P044,1,99.9,0.0
A05111,P021,1,81.9,31.12
A05111,P044,2,99.9,39.96
A05111,P061,1,233.9,46.78
A05111,P074,1,281.9,56.38
A05111,P089,2,59.9,23.96
A05112,P019,1,157.9,60.0
A05112,P022,2,79.9,60.72
A05112,P024,1,228.9,86.98
A05112,P027,1,187.9,71.4
A05112,P052,2,124.9,49.96
A05112,P110,1,225.9,45.18
A05113,P019,1,157.9,28.42
A05113,P020,1,196.9,35.44
A05113,P028,1,241.9,0.0
A05113,P078,1,190.9,0.0
A05114,P061,1,233.9,46.78
A05115,P034,1,162.9,0.0
A05115,P082,1,108.9,0.0
A05115,P085,1,33.9,0.0
A05116,P112,2,141.9,56.76
A05116,P117,1,281.9,56.38
A05117,P034,1,162.9,0.0
A05117,P080,1,149.9,0.0
A05118,P030,2,166.9,60.08
A05118,P033,1,51.9,0.0
A05118,P093,2,36.9,0.0
A05118,P103,1,266.9,0.0
A05119,P012,1,77.9,14.02
A05119,P040,1,180.9,0.0
A05120,P022,2,79.9,0.0
A05120,P056,1,179.9,0.0
A05121,P021,1,81.9,14.74
A05121,P032,2,176.9,0.0
A05121,P057,3,246.9,0.0
A05121,P098,1,87.9,0.0
A05122,P006,1,208.9,79.38
A05122,P013,1,99.9,19.98
A05122,P066,1,238.9,47.78
A05123,P007,2,153.9,116.96
A05123,P036,1,68.9,13.78
A05123,P049,1,175.9,35.18
A05123,P064,2,140.9,56.36
A05123,P093,1,36.9,7.38
A05124,P010,1,163.9,62.28
A05124,P013,1,99.9,37.96
A05125,P016,2,203.9,73.4
A05125,P024,1,228.9,41.2
A05126,P020,1,196.9,35.44
A05126,P029,1,173.9,31.3
A05126,P105,3,88.9,0.0
A05127,P032,1,176.9,0.0
A05128,P085,1,33.9,0.0
A05129,P006,1,208.9,37.6
A05129,P009,2,248.9,0.0
A05129,P036,2,68.9,0.0
A05129,P041,1,118.9,0.0
A05129,P054,3,207.9,0.0
A05129,P087,2,78.9,0.0
A05129,P095,3,89.9,0.0
A05129,P108,3,79.9,0.0
A05130,P065,1,48.9,9.78
A05130,P085,1,33.9,6.78
A05131,P030,1,166.9,30.04
A05132,P049,2,175.9,0.0
A05132,P080,2,149.9,0.0
A05133,P073,1,266.9,53.38
A05134,P068,2,166.9,66.76
A05135,P091,1,57.9,11.58
A05136,P027,1,187.9,33.82
A05136,P090,1,64.9,0.0
A05137,P021,1,81.9,16.38
A05137,P028,3,241.9,275.77
A05137,P117,2,281.9,112.76
A05138,P004,2,123.9,44.6
A05138,P028,1,241.9,43.54
A05138,P048,1,100.9,0.0
A05138,P066,1,238.9,0.0
A05138,P096,1,102.9,0.0
A05139,P098,1,87.9,0.0
A05140,P004,2,123.9,69.38
A05140,P022,1,79.9,22.37
A05140,P094,4,84.9,33.96
A05140,P115,1,295.9,29.59
A05141,P021,1,81.9,14.74
A05141,P050,1,97.9,0.0
A05141,P094,1,84.9,0.0
A05142,P012,1,77.9,0.0
A05142,P045,1,83.9,0.0
A05143,P027,1,187.9,71.4
A05144,P103,1,266.9,0.0
A05145,P091,1,57.9,0.0
A05146,P011,3,72.9,39.37
A05146,P078,2,190.9,0.0
A05147,P055,1,135.9,27.18
A05147,P080,1,149.9,29.98
A05147,P095,1,89.9,17.98
A05147,P097,1,27.9,5.58
A05148,P025,1,104.9,18.88
A05149,P011,1,72.9,13.12
A05149,P118,1,192.9,0.0
A05150,P005,2,100.9,76.68
A05151,P023,2,174.9,62.96
A05151,P034,3,162.9,0.0
A05151,P087,2,78.9,0.0
A05151,P089,4,59.9,0.0
A05151,P091,3,57.9,0.0
A05151,P094,2,84.9,0.0
A05151,P095,4,89.9,0.0
A05152,P008,1,105.9,40.24
A05152,P076,1,203.9,40.78
A05153,P066,1,238.9,47.78
A05153,P085,1,33.9,6.78
A05154,P110,1,225.9,45.18
A05155,P026,1,193.9,34.9
A05155,P040,2,180.9,0.0
A05156,P006,1,208.9,58.49
A05156,P075,1,115.9,11.59
A05157,P079,1,230.9,23.09
A05157,P093,1,36.9,3.69
A05158,P089,1,59.9,0.0
A05158,P116,2,234.9,0.0
A05159,P022,1,79.9,30.36
A05159,P032,1,176.9,35.38
A05160,P006,2,208.9,75.2
A05160,P023,2,174.9,62.96
A05160,P119,1,70.9,0.0
A05161,P053,1,86.9,17.38
A05161,P102,1,299.9,59.98
A05162,P078,3,190.9,0.0
A05162,P112,1,141.9,0.0
A05162,P113,3,244.9,0.0
A05163,P003,1,198.9,75.58
A05163,P058,1,271.9,54.38
A05163,P072,1,50.9,10.18
A05163,P075,1,115.9,23.18
A05164,P034,1,162.9,32.58
A05165,P007,1,153.9,58.48
A05165,P031,1,93.9,18.78
A05165,P070,1,132.9,26.58
A05165,P080,1,149.9,29.98
A05166,P034,1,162.9,32.58
A05167,P004,1,123.9,47.08
A05167,P040,1,180.9,36.18
A05167,P068,1,166.9,33.38
A05168,P029,1,173.9,31.3
A05169,P039,1,184.9,0.0
A05170,P049,3,175.9,105.54
A05170,P065,2,48.9,19.56
A05170,P089,1,59.9,11.98
A05170,P117,1,281.9,56.38
A05171,P013,1,99.9,17.98
A05171,P058,1,271.9,0.0
A05172,P036,1,68.9,13.78
A05172,P061,1,233.9,46.78
A05173,P010,1,163.9,29.5
A05173,P048,1,100.9,0.0
A05173,P092,1,39.9,0.0
A05174,P016,1,203.9,77.48
A05174,P027,1,187.9,71.4
A05174,P086,1,99.9,19.98
A05174,P113,3,244.9,146.94
A05175,P039,2,184.9,73.96
A05175,P077,1,284.9,56.98
A05175,P082,1,108.9,21.78
A05176,P117,1,281.9,0.0
A05177,P005,1,100.9,38.34
A05177,P016,1,203.9,77.48
A05177,P054,2,207.9,83.16
A05177,P062,2,72.9,29.16
A05177,P072,1,50.9,10.18
A05178,P056,1,179.9,0.0
A05178,P074,1,281.9,0.0
A05179,P003,1,198.9,0.0
A05179,P054,1,207.9,0.0
A05179,P096,1,102.9,0.0
A05179,P117,1,281.9,0.0
A05180,P030,1,166.9,30.04
A05180,P032,1,176.9,0.0
A05181,P003,1,198.9,75.58
A05182,P032,2,176.9,70.76
A05183,P012,1,77.9,14.02
A05183,P019,2,157.9,56.84
A05183,P038,1,55.9,0.0
A05183,P054,1,207.9,0.0
A05183,P094,2,84.9,0.0
A05183,P115,1,295.9,0.0
A05184,P105,1,88.9,0.0
A05185,P042,1,121.9,24.38
A05185,P105,2,88.9,35.56
A05186,P083,1,116.9,11.69
A05186,P091,2,57.9,11.58
A05186,P117,1,281.9,28.19
A05187,P105,1,88.9,17.78
A05188,P031,1,93.9,0.0
A05188,P083,1,116.9,0.0
A05188,P087,1,78.9,0.0
A05188,P095,1,89.9,0.0
A05188,P107,1,203.9,0.0
A05188,P117,1,281.9,0.0
A05189,P054,1,207.9,0.0
A05189,P113,1,244.9,0.0
A05190,P091,1,57.9,11.58
A05190,P104,1,307.9,61.58
A05191,P007,1,153.9,58.48
A05191,P038,1,55.9,11.18
A05191,P094,1,84.9,16.98
A05192,P022,1,79.9,30.36
A05192,P090,1,64.9,12.98
A05193,P040,1,180.9,0.0
A05194,P030,2,166.9,66.76
A05194,P047,1,153.9,30.78
A05194,P076,1,203.9,40.78
A05194,P101,1,222.9,44.58
A05195,P015,2,149.9,113.92
A05195,P050,2,97.9,39.16
A05195,P090,3,64.9,38.94
A05195,P120,3,195.9,117.54
A05196,P004,1,123.9,24.78
A05197,P079,2,230.9,0.0
A05197,P083,1,116.9,0.0
A05198,P025,2,104.9,0.0
A05198,P061,1,233.9,0.0
A05198,P072,1,50.9,0.0
A05198,P076,1,203.9,0.0
A05199,P057,1,246.9,0.0
A05200,P059,1,278.9,55.78
A05200,P060,1,297.9,59.58
A05201,P035,1,174.9,0.0
A05201,P068,1,166.9,0.0
A05201,P103,2,266.9,0.0
A05202,P006,1,208.9,37.6
A05202,P020,1,196.9,0.0
A05202,P035,2,174.9,0.0
A05202,P083,2,116.9,0.0
A05202,P089,1,59.9,0.0
A05202,P091,1,57.9,0.0
A05202,P104,1,307.9,0.0
A05202,P106,1,87.9,0.0
A05203,P026,1,193.9,54.29
A05203,P071,1,46.9,4.69
A05203,P110,1,225.9,22.59
A05204,P018,1,119.9,0.0
A05204,P109,1,221.9,0.0
A05205,P006,1,208.9,37.6
A05205,P081,1,18.9,0.0
A05206,P005,2,100.9,76.68
A05206,P006,2,208.9,158.76
A05206,P025,2,104.9,79.72
A05206,P053,1,86.9,17.38
A05206,P075,1,115.9,23.18
A05206,P106,1,87.9,17.58
A05207,P045,1,83.9,0.0
A05207,P057,1,246.9,0.0
A05208,P005,1,100.9,38.34
A05208,P072,1,50.9,10.18
A05209,P081,1,18.9,3.78
A05209,P093,1,36.9,7.38
A05209,P117,1,281.9,56.38
A05210,P102,1,299.9,0.0
A05211,P075,1,115.9,23.18
A05212,P014,2,144.9,52.16
A05212,P065,1,48.9,0.0
A05212,P071,1,46.9,0.0
A05212,P079,1,230.9,0.0
A05212,P103,2,266.9,0.0
A05213,P059,2,278.9,55.78
A05213,P103,1,266.9,26.69
A05213,P116,1,234.9,23.49
A05214,P057,1,246.9,0.0
A05215,P061,1,233.9,0.0
A05215,P094,1,84.9,0.0
A05215,P104,1,307.9,0.0
A05215,P107,1,203.9,0.0
A05216,P022,2,79.9,28.76
A05216,P082,1,108.9,0.0
A05217,P026,1,193.9,38.78
A05217,P041,1,118.9,23.78
A05217,P062,3,72.9,43.74
A05217,P080,1,149.9,29.98
A05218,P057,1,246.9,49.38
A05219,P044,1,99.9,19.98
A05220,P018,1,119.9,45.56
A05220,P041,2,118.9,47.56
A05220,P118,1,192.9,38.58
A05221,P038,1,55.9,0.0
A05221,P114,1,246.9,0.0
A05222,P013,1,99.9,0.0
A05222,P018,1,119.9,21.58
A05223,P001,1,40.9,0.0
A05223,P025,1,104.9,0.0
A05223,P026,1,193.9,34.9
A05223,P029,1,173.9,31.3
A05223,P105,2,88.9,0.0
A05224,P032,1,176.9,0.0
A05224,P108,1,79.9,0.0
A05225,P087,1,78.9,7.89
A05225,P119,1,70.9,7.09
A05226,P029,1,173.9,48.69
A05226,P089,3,59.9,17.97
A05227,P019,1,157.9,44.21
A05227,P102,2,299.9,59.98
A05228,P013,1,99.9,0.0
A05228,P055,2,135.9,0.0
A05228,P057,1,246.9,0.0
A05228,P085,1,33.9,0.0
A05229,P019,3,157.9,180.01
A05229,P025,1,104.9,20.98
A05229,P046,1,41.9,8.38
A05229,P091,1,57.9,11.58
A05229,P101,2,222.9,89.16
A05230,P014,2,144.9,52.16
A05230,P048,1,100.9,0.0
A05230,P056,1,179.9,0.0
A05230,P074,1,281.9,0.0
A05231,P009,1,248.9,0.0
A05231,P020,1,196.9,35.44
A05231,P038,1,55.9,0.0
A05231,P107,1,203.9,0.0
A05232,P030,3,166.9,190.27
A05232,P092,2,39.9,15.96
A05233,P014,1,144.9,28.98
A05233,P034,1,162.9,32.58
A05233,P090,2,64.9,25.96
A05234,P006,1,208.9,41.78
A05234,P025,1,104.9,39.86
A05234,P097,4,27.9,22.32
A05234,P103,1,266.9,53.38
A05235,P036,1,68.9,0.0
A05235,P075,1,115.9,0.0
A05235,P078,1,190.9,0.0
A05235,P085,1,33.9,0.0
A05236,P029,2,173.9,132.16
A05236,P118,1,192.9,38.58
A05237,P031,1,93.9,0.0
A05238,P007,1,153.9,27.7
A05238,P086,2,99.9,0.0
A05239,P008,2,105.9,42.36
A05239,P016,1,203.9,40.78
A05239,P091,1,57.9,11.58
A05239,P093,1,36.9,7.38
A05240,P008,1,105.9,40.24
A05240,P038,2,55.9,22.36
A05240,P090,1,64.9,12.98
A05240,P103,2,266.9,106.76
A05241,P063,1,286.9,57.38
A05242,P008,1,105.9,40.24
A05243,P108,1,79.9,0.0
A05244,P006,1,208.9,79.38
A05244,P040,1,180.9,36.18
A05244,P052,1,124.9,24.98
A05244,P085,1,33.9,6.78
A05244,P107,1,203.9,40.78
A05245,P005,1,100.9,20.18
A05245,P022,3,79.9,91.09
A05245,P048,1,100.9,20.18
A05245,P069,2,266.9,106.76
A05245,P106,1,87.9,17.58
A05246,P035,1,174.9,34.98
A05247,P007,2,153.9,55.4
A05247,P011,1,72.9,0.0
A05247,P016,1,203.9,36.7
A05247,P036,2,68.9,0.0
A05248,P084,1,18.9,3.78
A05248,P092,1,39.9,7.98
A05249,P039,1,184.9,36.98
A05250,P004,1,123.9,47.08
A05250,P018,3,119.9,136.69
A05250,P077,1,284.9,56.98
A05251,P002,2,111.9,0.0
A05252,P009,1,248.9,44.8
A05252,P023,1,174.9,31.48
A05252,P116,1,234.9,0.0
A05253,P011,1,72.9,27.7
A05253,P076,1,203.9,40.78
A05254,P001,1,40.9,15.54
A05254,P010,2,163.9,124.56
A05254,P034,2,162.9,65.16
A05254,P097,1,27.9,5.58
A05254,P104,2,307.9,123.16
A05255,P019,1,157.9,0.0
A05255,P053,1,86.9,0.0
A05256,P024,1,228.9,41.2
A05257,P004,1,123.9,47.08
A05258,P071,1,46.9,9.38
A05258,P114,2,246.9,98.76
A05259,P045,1,83.9,0.0
A05259,P111,1,169.9,0.0
A05260,P026,1,193.9,73.68
A05260,P052,1,124.9,24.98
A05260,P097,1,27.9,5.58
A05261,P007,2,153.9,55.4
A05261,P030,1,166.9,30.04
A05261,P084,2,18.9,0.0
A05261,P114,3,246.9,0.0
A05262,P011,1,72.9,27.7
A05262,P015,1,149.9,56.96
A05262,P019,1,157.9,31.58
A05262,P027,2,187.9,142.8
A05263,P018,1,119.9,45.56
A05263,P024,2,228.9,173.96
A05263,P041,1,118.9,23.78
A05263,P101,1,222.9,44.58
A05264,P023,1,174.9,0.0
A05265,P008,3,105.9,120.73
A05265,P075,1,115.9,23.18
A05265,P087,2,78.9,31.56
A05265,P112,1,141.9,28.38
A05266,P019,1,157.9,28.42
A05266,P022,1,79.9,14.38
A05266,P031,3,93.9,0.0
A05266,P106,1,87.9,0.0
A05266,P110,1,225.9,0.0
A05267,P062,3,72.9,43.74
A05267,P119,2,70.9,28.36
A05268,P017,1,116.9,21.04
A05268,P056,1,179.9,0.0
A05268,P083,1,116.9,0.0
A05269,P004,1,123.9,34.69
A05269,P087,1,78.9,7.89
A05270,P030,1,166.9,63.42
A05270,P097,1,27.9,5.58
A05271,P060,1,297.9,0.0
A05272,P051,3,126.9,76.14
A05272,P080,1,149.9,29.98
A05273,P008,1,105.9,40.24
A05274,P019,1,157.9,60.0
A05275,P007,2,153.9,0.0
A05275,P026,2,193.9,69.8
A05275,P045,2,83.9,0.0
A05276,P010,1,163.9,29.5
A05276,P026,1,193.9,34.9
A05277,P014,2,144.9,52.16
A05277,P035,1,174.9,0.0
A05277,P039,2,184.9,0.0
A05277,P088,1,76.9,0.0
A05277,P099,1,54.9,0.0
A05278,P108,1,79.9,15.98
A05278,P120,1,195.9,39.18
A05279,P018,1,119.9,0.0
A05279,P078,1,190.9,0.0
A05280,P088,1,76.9,0.0
A05280,P104,1,307.9,0.0
A05281,P029,1,173.9,0.0
A05282,P040,3,180.9,0.0
A05282,P045,3,83.9,0.0
A05282,P046,3,41.9,0.0
A05282,P053,1,86.9,0.0
A05282,P062,1,72.9,0.0
A05282,P102,1,299.9,0.0
A05283,P060,1,297.9,59.58
A05283,P106,1,87.9,17.58
A05284,P093,1,36.9,0.0
A05284,P096,1,102.9,0.0
A05285,P001,1,40.9,15.54
A05286,P007,1,153.9,27.7
A05286,P095,2,89.9,0.0
A05286,P120,1,195.9,0.0
A05287,P042,1,121.9,24.38
A05287,P055,1,135.9,27.18
A05288,P038,1,55.9,11.18
A05288,P092,2,39.9,15.96
A05288,P098,1,87.9,17.58
A05289,P080,1,149.9,14.99
A05290,P014,1,144.9,14.49
A05290,P022,1,79.9,22.37
A05290,P053,2,86.9,17.38
A05290,P061,1,233.9,23.39
A05290,P068,1,166.9,16.69
A05291,P084,1,18.9,0.0
A05292,P021,2,81.9,0.0
A05292,P026,1,193.9,34.9
A05292,P073,2,266.9,0.0
A05292,P099,2,54.9,0.0
A05292,P110,2,225.9,0.0
A05293,P019,1,157.9,60.0
A05293,P021,1,81.9,31.12
A05293,P025,1,104.9,20.98
A05293,P095,1,89.9,17.98
A05293,P099,1,54.9,10.98
A05294,P017,3,116.9,133.27
A05294,P042,1,121.9,24.38
A05294,P106,2,87.9,35.16
A05295,P012,1,77.9,21.81
A05295,P028,1,241.9,67.73
A05295,P063,2,286.9,57.38
A05296,P001,1,40.9,7.36
A05296,P003,3,198.9,107.41
A05297,P041,2,118.9,0.0
A05298,P047,1,153.9,30.78
A05298,P051,1,126.9,25.38
A05298,P092,1,39.9,7.98
A05298,P101,1,222.9,44.58
A05299,P001,1,40.9,15.54
A05299,P078,2,190.9,76.36
A05300,P080,1,149.9,0.0
A05301,P069,1,266.9,53.38
A05301,P093,1,36.9,7.38
A05302,P089,1,59.9,11.98
A05303,P068,1,166.9,0.0
A05303,P092,1,39.9,0.0
A05304,P001,2,40.9,14.72
A05304,P020,1,196.9,35.44
A05304,P098,2,87.9,0.0
A05304,P105,1,88.9,0.0
A05305,P012,2,77.9,0.0
A05305,P055,1,135.9,0.0
A05305,P084,2,18.9,0.0
A05305,P096,2,102.9,0.0
A05306,P003,1,198.9,75.58
A05306,P031,1,93.9,18.78
A05306,P094,2,84.9,33.96
A05306,P118,1,192.9,38.58
A05307,P041,1,118.9,23.78
A05308,P095,1,89.9,17.98
A05308,P102,1,299.9,59.98
A05309,P090,1,64.9,0.0
A05310,P010,2,163.9,124.56
A05310,P070,1,132.9,26.58
A05311,P044,4,99.9,0.0
A05311,P069,1,266.9,0.0
A05311,P097,3,27.9,0.0
A05311,P110,2,225.9,0.0
A05312,P015,1,149.9,56.96
A05312,P030,4,166.9,253.69
A05312,P055,1,135.9,27.18
A05312,P083,1,116.9,23.38
A05313,P019,1,157.9,60.0
A05313,P077,1,284.9,56.98
A05314,P018,1,119.9,21.58
A05315,P067,1,68.9,13.78
A05316,P113,1,244.9,48.98
A05317,P035,2,174.9,0.0
A05317,P118,1,192.9,0.0
A05318,P029,1,173.9,48.69
A05318,P064,1,140.9,14.09
A05319,P100,1,110.9,0.0
A05320,P009,1,248.9,44.8
A05320,P016,2,203.9,0.0
A05320,P116,1,234.9,0.0
A05321,P023,2,174.9,62.96
A05321,P048,1,100.9,0.0
A05321,P105,3,88.9,0.0
A05322,P007,2,153.9,0.0
A05322,P015,1,149.9,26.98
A05322,P021,1,81.9,14.74
A05322,P033,2,51.9,0.0
A05322,P044,2,99.9,0.0
A05323,P038,1,55.9,5.59
A05323,P072,2,50.9,10.18
A05323,P081,2,18.9,3.78
A05324,P074,1,281.9,56.38
A05325,P021,2,81.9,32.76
A05325,P034,1,162.9,32.58
A05325,P040,2,180.9,72.36
A05325,P073,1,266.9,53.38
A05325,P090,1,64.9,12.98
A05325,P093,2,36.9,14.76
A05326,P044,1,99.9,0.0
A05326,P047,1,153.9,0.0
A05326,P071,1,46.9,0.0
A05327,P015,1,149.9,56.96
A05327,P045,2,83.9,33.56
A05328,P029,1,173.9,31.3
A05328,P105,1,88.9,0.0
A05329,P011,2,72.9,55.4
A05329,P054,1,207.9,41.58
A05329,P119,1,70.9,14.18
A05330,P011,1,72.9,13.12
A05331,P027,1,187.9,33.82
A05332,P072,1,50.9,10.18
A05333,P001,1,40.9,8.18
A05333,P004,1,123.9,24.78
A05333,P026,1,193.9,73.68
A05333,P077,1,284.9,56.98
A05334,P033,1,51.9,10.38
A05334,P070,1,132.9,26.58
A05335,P059,1,278.9,0.0
A05335,P066,1,238.9,0.0
A05335,P086,1,99.9,0.0
A05335,P107,3,203.9,0.0
A05336,P016,1,203.9,36.7
A05336,P017,1,116.9,0.0
A05336,P066,1,238.9,0.0
A05336,P093,1,36.9,0.0
A05337,P008,1,105.9,40.24
A05337,P027,1,187.9,71.4
A05338,P012,1,77.9,29.6
A05338,P047,3,153.9,92.34
A05338,P075,2,115.9,46.36
A05338,P082,1,108.9,21.78
A05339,P010,1,163.9,29.5
A05339,P019,3,157.9,85.27
A05339,P032,2,176.9,0.0
A05339,P068,3,166.9,0.0
A05340,P062,1,72.9,0.0
A05341,P010,1,163.9,62.28
A05341,P072,5,50.9,50.9
A05341,P091,1,57.9,11.58
A05341,P110,2,225.9,90.36
A05342,P013,1,99.9,37.96
A05342,P090,1,64.9,12.98
A05343,P072,1,50.9,10.18
A05343,P074,1,281.9,56.38
A05344,P060,1,297.9,0.0
A05344,P085,1,33.9,0.0
A05344,P114,1,246.9,0.0
A05345,P028,1,241.9,91.92
A05345,P083,1,116.9,23.38
A05345,P093,1,36.9,7.38
A05346,P012,1,77.9,29.6
A05347,P051,1,126.9,25.38
A05347,P053,2,86.9,34.76
A05347,P055,1,135.9,27.18
A05348,P068,2,166.9,66.76
A05349,P008,1,105.9,19.06
A05350,P091,1,57.9,0.0
A05350,P119,2,70.9,0.0
A05351,P019,1,157.9,28.42
A05351,P022,3,79.9,43.15
A05351,P089,2,59.9,0.0
A05352,P005,1,100.9,38.34
A05352,P016,1,203.9,77.48
A05352,P029,1,173.9,66.08
A05352,P036,2,68.9,27.56
A05352,P052,2,124.9,49.96
A05352,P064,2,140.9,56.36
A05352,P082,1,108.9,21.78
A05352,P115,1,295.9,59.18
A05353,P045,1,83.9,0.0
A05353,P066,1,238.9,0.0
A05354,P008,1,105.9,0.0
A05354,P060,1,297.9,0.0
A05355,P082,1,108.9,21.78
A05355,P113,1,244.9,48.98
A05356,P052,1,124.9,0.0
A05357,P021,1,81.9,22.93
A05357,P065,1,48.9,4.89
A05357,P100,1,110.9,11.09
A05358,P032,1,176.9,35.38
A05358,P086,3,99.9,59.94
A05359,P002,1,111.9,0.0
A05359,P009,3,248.9,134.41
A05359,P055,1,135.9,0.0
A05360,P054,1,207.9,20.79
A05360,P063,2,286.9,57.38
A05361,P049,2,175.9,0.0
A05361,P102,1,299.9,0.0
A05362,P053,1,86.9,0.0
A05363,P003,1,198.9,35.8
A05363,P014,1,144.9,26.08
A05363,P034,1,162.9,0.0
A05363,P064,1,140.9,0.0
A05363,P084,2,18.9,0.0
A05363,P095,1,89.9,0.0
A05364,P044,1,99.9,0.0
A05364,P045,2,83.9,0.0
A05365,P008,2,105.9,38.12
A05365,P012,1,77.9,14.02
A05365,P042,1,121.9,0.0
A05366,P016,2,203.9,114.18
A05366,P026,1,193.9,54.29
A05367,P032,1,176.9,35.38
A05367,P042,2,121.9,48.76
A05368,P081,1,18.9,3.78
A05368,P112,1,141.9,28.38
A05369,P037,1,68.9,0.0
A05369,P064,1,140.9,0.0
A05369,P100,3,110.9,0.0
A05370,P065,1,48.9,9.78
A05371,P026,1,193.9,73.68
A05371,P040,2,180.9,72.36
A05372,P054,1,207.9,41.58
A05372,P066,1,238.9,47.78
A05373,P003,2,198.9,151.16
A05373,P030,1,166.9,63.42
A05373,P083,2,116.9,46.76
A05373,P086,1,99.9,19.98
A05373,P102,2,299.9,119.96
A05374,P043,1,51.9,10.38
A05374,P063,1,286.9,57.38
A05375,P035,4,174.9,139.92
A05375,P086,2,99.9,39.96
A05376,P003,2,198.9,0.0
A05376,P035,2,174.9,0.0
A05377,P006,1,208.9,58.49
A05377,P057,2,246.9,49.38
A05378,P028,1,241.9,91.92
A05379,P042,1,121.9,0.0
A05379,P071,1,46.9,0.0
A05379,P086,2,99.9,0.0
A05380,P030,1,166.9,16.69
A05381,P026,1,193.9,0.0
A05382,P037,1,68.9,0.0
A05382,P059,2,278.9,0.0
A05382,P100,3,110.9,0.0
A05383,P028,1,241.9,43.54
A05384,P006,1,208.9,37.6
A05385,P002,1,111.9,22.38
A05385,P104,1,307.9,61.58
A05386,P054,2,207.9,83.16
A05386,P095,3,89.9,53.94
A05386,P118,2,192.9,77.16
A05387,P040,1,180.9,36.18
A05388,P109,1,221.9,0.0
A05389,P013,1,99.9,37.96
A05389,P062,1,72.9,14.58
A05390,P017,1,116.9,44.42
A05390,P083,1,116.9,23.38
A05390,P089,1,59.9,11.98
A05390,P118,1,192.9,38.58
A05391,P003,1,198.9,75.58
A05392,P031,1,93.9,0.0
A05393,P007,1,153.9,27.7
A05393,P026,1,193.9,34.9
A05394,P027,1,187.9,37.58
A05394,P059,1,278.9,55.78
A05395,P046,1,41.9,8.38
A05395,P107,1,203.9,40.78
A05395,P118,2,192.9,77.16
A05396,P017,1,116.9,21.04
A05397,P039,2,184.9,0.0
A05397,P072,3,50.9,0.0
A05397,P097,1,27.9,0.0
A05397,P118,1,192.9,0.0
A05398,P047,2,153.9,0.0
A05399,P010,1,163.9,29.5
A05399,P081,1,18.9,0.0
A05400,P022,1,79.9,0.0
A05400,P041,1,118.9,0.0
A05401,P058,2,271.9,0.0
A05402,P006,3,208.9,238.15
A05402,P012,1,77.9,29.6
A05402,P030,2,166.9,126.84
A05402,P107,3,203.9,122.34
A05403,P012,2,77.9,0.0
A05403,P050,1,97.9,0.0
A05404,P019,1,157.9,28.42
A05404,P099,1,54.9,0.0
A05404,P118,1,192.9,0.0
A05405,P015,2,149.9,113.92
A05405,P047,1,153.9,30.78
A05405,P052,1,124.9,24.98
A05405,P077,1,284.9,56.98
A05406,P025,1,104.9,18.88
A05406,P031,3,93.9,0.0
A05406,P099,1,54.9,0.0
A05406,P100,2,110.9,0.0
A05407,P006,1,208.9,37.6
A05407,P066,1,238.9,0.0
A05408,P073,1,266.9,26.69
A05409,P086,1,99.9,0.0
A05410,P020,1,196.9,74.82
A05410,P023,1,174.9,66.46
A05410,P044,2,99.9,39.96
A05411,P067,3,68.9,0.0
A05411,P092,2,39.9,0.0
A05412,P006,1,208.9,37.6
A05412,P084,1,18.9,0.0
A05412,P091,1,57.9,0.0
A05412,P110,1,225.9,0.0
A05412,P118,1,192.9,0.0
A05413,P035,1,174.9,0.0
A05414,P010,1,163.9,29.5
A05415,P003,1,198.9,35.8
A05415,P028,1,241.9,43.54
A05416,P089,1,59.9,11.98
A05417,P037,1,68.9,13.78
A05417,P046,2,41.9,16.76
A05418,P003,1,198.9,75.58
A05418,P098,1,87.9,17.58
A05419,P013,1,99.9,37.96
A05419,P017,1,116.9,44.42
A05419,P033,1,51.9,10.38
A05419,P072,2,50.9,20.36
A05420,P086,1,99.9,0.0
A05421,P002,2,111.9,40.28
A05421,P058,1,271.9,0.0
A05421,P080,2,149.9,0.0
A05421,P105,1,88.9,0.0
A05421,P108,1,79.9,0.0
A05422,P010,1,163.9,16.39
A05422,P018,1,119.9,33.57
A05422,P020,3,196.9,165.4
A05422,P049,2,175.9,35.18
A05422,P060,1,297.9,29.79
A05422,P086,1,99.9,9.99
A05423,P029,2,173.9,132.16
A05423,P061,1,233.9,46.78
A05424,P041,1,118.9,23.78
A05424,P045,1,83.9,16.78
A05424,P113,2,244.9,97.96
A05425,P051,1,126.9,0.0
A05426,P035,1,174.9,0.0
A05426,P080,1,149.9,0.0
A05427,P050,1,97.9,19.58
A05427,P054,1,207.9,41.58
A05428,P090,3,64.9,38.94
A05429,P009,1,248.9,69.69
A05429,P080,1,149.9,14.99
A05430,P062,2,72.9,0.0
A05431,P090,1,64.9,0.0
A05432,P065,3,48.9,29.34
A05432,P078,2,190.9,76.36
A05433,P023,1,174.9,31.48
A05433,P047,1,153.9,0.0
A05434,P004,1,123.9,22.3
A05434,P060,1,297.9,0.0
A05434,P066,2,238.9,0.0
A05435,P033,1,51.9,0.0
A05435,P067,1,68.9,0.0
A05435,P097,2,27.9,0.0
A05435,P107,1,203.9,0.0
A05435,P109,1,221.9,0.0
A05436,P011,2,72.9,55.4
A05436,P041,1,118.9,23.78
A05437,P008,1,105.9,40.24
A05438,P055,1,135.9,27.18
A05439,P024,1,228.9,86.98
A05439,P073,3,266.9,160.14
A05440,P019,1,157.9,60.0
A05440,P035,1,174.9,34.98
A05441,P068,2,166.9,66.76
A05442,P004,1,123.9,0.0
A05443,P043,1,51.9,0.0
A05443,P056,1,179.9,0.0
A05444,P034,1,162.9,32.58
A05444,P069,1,266.9,53.38
A05444,P092,1,39.9,7.98
A05445,P063,1,286.9,57.38
A05445,P074,1,281.9,56.38
A05446,P029,1,173.9,31.3
A05446,P040,2,180.9,0.0
A05446,P071,1,46.9,0.0
A05446,P081,2,18.9,0.0
A05447,P056,1,179.9,0.0
A05447,P077,2,284.9,0.0
A05447,P092,3,39.9,0.0
A05447,P104,1,307.9,0.0
A05447,P111,1,169.9,0.0
A05448,P035,1,174.9,0.0
A05448,P085,1,33.9,0.0
A05448,P116,1,234.9,0.0
A05449,P013,1,99.9,37.96
A05450,P009,2,248.9,189.16
A05450,P020,1,196.9,74.82
A05451,P020,1,196.9,74.82
A05451,P040,1,180.9,36.18
A05451,P050,1,97.9,19.58
A05452,P025,2,104.9,79.72
A05452,P067,1,68.9,13.78
A05452,P113,2,244.9,97.96
A05452,P114,1,246.9,49.38
A05453,P001,2,40.9,14.72
A05453,P005,3,100.9,0.0
A05453,P032,1,176.9,0.0
A05453,P091,1,57.9,0.0
A05453,P099,1,54.9,0.0
A05453,P115,2,295.9,0.0
A05454,P018,1,119.9,33.57
A05455,P097,1,27.9,5.58
A05456,P035,1,174.9,0.0
A05456,P046,1,41.9,0.0
A05456,P051,1,126.9,0.0
A05456,P089,1,59.9,0.0
A05457,P018,1,119.9,21.58
A05457,P110,1,225.9,0.0
A05458,P040,3,180.9,0.0
A05459,P013,1,99.9,0.0
A05459,P068,2,166.9,0.0
A05460,P015,2,149.9,113.92
A05460,P025,2,104.9,79.72
A05460,P037,1,68.9,13.78
A05460,P061,2,233.9,93.56
A05460,P110,1,225.9,45.18
A05461,P094,1,84.9,0.0
A05461,P119,1,70.9,0.0
A05462,P046,1,41.9,4.19
A05462,P056,1,179.9,17.99
A05463,P021,1,81.9,14.74
A05463,P062,1,72.9,0.0
A05464,P030,1,166.9,63.42
A05465,P007,3,153.9,83.11
A05465,P028,3,241.9,130.63
A05465,P041,2,118.9,0.0
A05465,P077,3,284.9,0.0
A05465,P102,5,299.9,0.0
A05466,P082,1,108.9,0.0
A05466,P096,1,102.9,0.0
A05467,P025,1,104.9,39.86
A05467,P030,1,166.9,63.42
A05468,P005,2,100.9,36.32
A05468,P007,1,153.9,0.0
A05469,P011,1,72.9,13.12
A05469,P035,2,174.9,0.0
A05470,P003,1,198.9,35.8
A05470,P042,1,121.9,0.0
A05471,P032,1,176.9,35.38
A05472,P034,1,162.9,32.58
A05473,P014,1,144.9,26.08
A05473,P078,2,190.9,0.0
A05473,P104,1,307.9,0.0
A05474,P018,1,119.9,23.98
A05474,P070,1,132.9,26.58
A05474,P082,1,108.9,21.78
A05474,P096,1,102.9,20.58
A05475,P094,1,84.9,16.98
A05475,P120,1,195.9,39.18
A05476,P003,1,198.9,35.8
A05476,P010,2,163.9,0.0
A05476,P054,1,207.9,0.0
A05476,P062,1,72.9,0.0
A05476,P107,1,203.9,0.0
A05476,P108,1,79.9,0.0
A05477,P021,1,81.9,31.12
A05477,P056,1,179.9,35.98
A05477,P082,1,108.9,21.78
A05478,P078,1,190.9,38.18
A05478,P082,1,108.9,21.78
A05479,P038,2,55.9,22.36
A05479,P043,1,51.9,10.38
A05479,P094,1,84.9,16.98
A05480,P012,1,77.9,14.02
A05481,P002,1,111.9,11.19
A05481,P080,1,149.9,14.99
A05482,P028,1,241.9,43.54
A05483,P010,1,163.9,29.5
A05483,P097,1,27.9,0.0
A05484,P007,2,153.9,86.18
A05484,P011,1,72.9,20.41
A05484,P046,2,41.9,8.38
A05484,P081,1,18.9,1.89
A05485,P003,1,198.9,39.78
A05485,P018,1,119.9,45.56
A05486,P089,1,59.9,0.0
A05487,P016,2,203.9,154.96
A05488,P004,1,123.9,22.3
A05488,P038,2,55.9,0.0
A05488,P079,1,230.9,0.0
A05489,P032,1,176.9,0.0
A05489,P094,3,84.9,0.0
A05489,P097,1,27.9,0.0
A05490,P090,1,64.9,0.0
A05491,P052,2,124.9,0.0
A05492,P041,2,118.9,47.56
A05492,P049,2,175.9,70.36
A05492,P067,1,68.9,13.78
A05493,P043,1,51.9,0.0
A05494,P012,1,77.9,14.02
A05494,P062,1,72.9,0.0
A05494,P088,1,76.9,0.0
A05494,P113,1,244.9,0.0
A05495,P032,2,176.9,70.76
A05495,P044,1,99.9,19.98
A05496,P021,1,81.9,0.0
A05496,P087,1,78.9,0.0
A05497,P006,1,208.9,79.38
A05498,P057,1,246.9,24.69
A05498,P083,1,116.9,11.69
A05499,P060,1,297.9,29.79
A05499,P064,2,140.9,28.18
A05499,P083,1,116.9,11.69
A05499,P107,2,203.9,40.78
A05500,P006,1,208.9,37.6
A05500,P041,1,118.9,0.0
A05500,P099,1,54.9,0.0
A05501,P039,2,184.9,0.0
A05501,P041,1,118.9,0.0
A05501,P049,1,175.9,0.0
A05501,P055,1,135.9,0.0
A05501,P062,4,72.9,0.0
A05501,P094,2,84.9,0.0
A05501,P116,2,234.9,0.0
A05502,P071,1,46.9,0.0
A05503,P078,1,190.9,38.18
A05504,P087,1,78.9,7.89
A05505,P039,1,184.9,36.98
A05505,P061,1,233.9,46.78
A05505,P113,1,244.9,48.98
A05506,P033,1,51.9,0.0
A05506,P056,1,179.9,0.0
A05507,P066,2,238.9,0.0
A05507,P099,2,54.9,0.0
A05507,P112,1,141.9,0.0
A05508,P052,1,124.9,0.0
A05508,P083,1,116.9,0.0
A05508,P088,1,76.9,0.0
A05509,P022,2,79.9,28.76
A05510,P034,1,162.9,16.29
A05510,P118,2,192.9,38.58
A05511,P047,1,153.9,0.0
A05512,P079,1,230.9,0.0
A05512,P095,1,89.9,0.0
A05513,P018,1,119.9,21.58
A05513,P078,1,190.9,0.0
A05514,P007,1,153.9,27.7
A05515,P005,2,100.9,36.32
A05516,P007,1,153.9,27.7
A05516,P035,2,174.9,0.0
A05516,P061,2,233.9,0.0
A05517,P014,1,144.9,26.08
A05517,P017,2,116.9,42.08
A05517,P023,2,174.9,62.96
A05518,P058,1,271.9,0.0
A05518,P097,1,27.9,0.0
A05519,P030,1,166.9,0.0
A05520,P103,1,266.9,0.0
A05521,P002,2,111.9,40.28
A05521,P045,1,83.9,0.0
A05521,P070,1,132.9,0.0
A05521,P076,1,203.9,0.0
A05521,P077,2,284.9,0.0
A05521,P100,1,110.9,0.0
A05522,P066,1,238.9,0.0
A05523,P051,1,126.9,0.0
A05524,P050,1,97.9,19.58
A05524,P086,2,99.9,39.96
A05525,P034,1,162.9,32.58
A05525,P117,2,281.9,112.76
A05526,P035,1,174.9,34.98
A05526,P080,1,149.9,29.98
A05527,P011,1,72.9,13.12
A05527,P093,1,36.9,0.0
A05528,P072,2,50.9,10.18
A05529,P027,2,187.9,67.64
A05529,P115,1,295.9,0.0
A05530,P018,1,119.9,0.0
A05530,P100,3,110.9,0.0
A05530,P106,2,87.9,0.0
A05531,P004,4,123.9,138.77
A05531,P017,1,116.9,11.69
A05531,P039,1,184.9,18.49
A05531,P063,4,286.9,114.76
A05531,P081,1,18.9,1.89
A05531,P097,2,27.9,5.58
A05532,P051,3,126.9,76.14
A05532,P089,1,59.9,11.98
A05533,P006,2,208.9,75.2
A05533,P062,2,72.9,0.0
A05533,P082,1,108.9,0.0
A05534,P006,2,208.9,75.2
A05534,P032,1,176.9,0.0
A05534,P062,1,72.9,0.0
A05535,P109,1,221.9,0.0
A05536,P034,1,162.9,32.58
A05537,P018,1,119.9,21.58
A05537,P052,1,124.9,0.0
A05538,P055,2,135.9,0.0
A05538,P098,2,87.9,0.0
A05538,P114,2,246.9,0.0
A05539,P019,2,157.9,31.58
A05539,P047,2,153.9,30.78
A05539,P100,1,110.9,11.09
A05540,P102,1,299.9,0.0
A05541,P053,1,86.9,0.0
A05541,P059,1,278.9,0.0
A05541,P065,2,48.9,0.0
A05541,P074,1,281.9,0.0
A05542,P077,2,284.9,113.96
A05542,P098,1,87.9,17.58
A05543,P005,1,100.9,20.18
A05543,P076,3,203.9,122.34
A05543,P078,2,190.9,76.36
A05543,P084,1,18.9,3.78
A05543,P119,1,70.9,14.18
A05544,P077,1,284.9,56.98
A05545,P007,2,153.9,0.0
A05545,P013,1,99.9,17.98
A05545,P028,2,241.9,0.0
A05545,P060,2,297.9,0.0
A05545,P064,3,140.9,0.0
A05545,P093,3,36.9,0.0
A05545,P094,3,84.9,0.0
A05546,P052,1,124.9,24.98
A05546,P120,1,195.9,39.18
A05547,P029,1,173.9,0.0
A05547,P045,2,83.9,0.0
A05547,P071,1,46.9,0.0
A05548,P110,1,225.9,0.0
A05549,P030,1,166.9,30.04
A05550,P022,1,79.9,15.98
A05550,P051,1,126.9,25.38
A05550,P067,1,68.9,13.78
A05551,P016,2,203.9,81.56
A05551,P031,2,93.9,37.56
A05551,P055,1,135.9,27.18
A05552,P012,1,77.9,29.6
A05552,P019,1,157.9,31.58
A05552,P086,1,99.9,19.98
A05552,P117,1,281.9,56.38
A05553,P001,1,40.9,15.54
A05554,P022,1,79.9,30.36
A05554,P112,2,141.9,56.76
A05555,P039,1,184.9,0.0
A05556,P025,1,104.9,18.88
A05556,P033,1,51.9,0.0
A05556,P035,1,174.9,0.0
A05557,P005,1,100.9,18.16
A05557,P009,1,248.9,44.8
A05558,P014,1,144.9,55.06
A05558,P022,1,79.9,15.98
A05559,P024,3,228.9,260.95
A05559,P105,1,88.9,17.78
A05560,P088,2,76.9,30.76
A05561,P039,2,184.9,0.0
A05562,P026,1,193.9,73.68
A05563,P025,2,104.9,37.76
A05563,P027,1,187.9,33.82
A05564,P053,1,86.9,0.0
A05564,P063,1,286.9,0.0
A05564,P097,2,27.9,0.0
A05565,P077,1,284.9,0.0
A05566,P019,1,157.9,60.0
A05566,P030,1,166.9,63.42
A05566,P041,1,118.9,23.78
A05567,P014,1,144.9,55.06
A05567,P033,1,51.9,10.38
A05567,P120,1,195.9,39.18
A05568,P060,1,297.9,0.0
A05569,P004,1,123.9,22.3
A05569,P046,1,41.9,0.0
A05569,P094,1,84.9,0.0
A05570,P011,2,72.9,55.4
A05570,P090,1,64.9,12.98
A05571,P043,2,51.9,20.76
A05571,P073,1,266.9,53.38
A05571,P101,1,222.9,44.58
A05572,P028,1,241.9,43.54
A05572,P033,1,51.9,0.0
A05572,P047,1,153.9,0.0
A05572,P100,1,110.9,0.0
A05573,P041,1,118.9,23.78
A05573,P073,1,266.9,53.38
A05574,P104,2,307.9,123.16
A05575,P035,1,174.9,0.0
A05575,P056,1,179.9,0.0
A05576,P049,1,175.9,0.0
A05576,P066,1,238.9,0.0
A05577,P011,1,72.9,14.58
A05577,P073,1,266.9,53.38
A05578,P084,1,18.9,3.78
A05579,P014,2,144.9,52.16
A05580,P007,1,153.9,58.48
A05580,P022,2,79.9,60.72
A05581,P031,2,93.9,0.0
A05581,P044,1,99.9,0.0
A05582,P018,2,119.9,91.12
A05582,P097,2,27.9,11.16
A05583,P027,1,187.9,33.82
A05583,P060,1,297.9,0.0
A05584,P005,1,100.9,18.16
A05584,P070,2,132.9,0.0
A05584,P085,2,33.9,0.0
A05584,P096,1,102.9,0.0
A05585,P006,2,208.9,83.56
A05585,P023,1,174.9,66.46
A05586,P032,1,176.9,0.0
A05587,P091,1,57.9,0.0
A05587,P120,1,195.9,0.0
A05588,P014,2,144.9,52.16
A05588,P020,1,196.9,35.44
A05588,P041,1,118.9,0.0
A05588,P052,2,124.9,0.0
A05589,P003,2,198.9,151.16
A05589,P005,1,100.9,20.18
A05589,P008,3,105.9,120.73
A05589,P060,1,297.9,59.58
A05590,P054,1,207.9,41.58
A05590,P063,2,286.9,114.76
A05590,P106,1,87.9,17.58
A05591,P035,1,174.9,34.98
A05591,P049,1,175.9,35.18
A05591,P083,1,116.9,23.38
A05591,P106,1,87.9,17.58
A05592,P025,1,104.9,18.88
A05592,P073,1,266.9,0.0
A05592,P100,1,110.9,0.0
A05593,P015,1,149.9,26.98
A05593,P096,3,102.9,0.0
A05594,P016,1,203.9,77.48
A05595,P022,1,79.9,15.98
A05595,P023,1,174.9,34.98
A05596,P070,1,132.9,0.0
A05596,P090,1,64.9,0.0
A05597,P074,2,281.9,112.76
A05597,P107,1,203.9,40.78
A05598,P018,1,119.9,45.56
A05598,P098,1,87.9,17.58
A05598,P113,1,244.9,48.98
A05599,P001,2,40.9,14.72
A05599,P009,1,248.9,44.8
A05599,P031,1,93.9,0.0
A05599,P033,2,51.9,0.0
A05599,P050,2,97.9,0.0
A05599,P105,3,88.9,0.0
A05600,P041,1,118.9,23.78
A05600,P065,1,48.9,9.78
A05601,P117,2,281.9,0.0
A05602,P008,1,105.9,21.18
A05602,P048,1,100.9,20.18
A05602,P054,1,207.9,41.58
A05603,P002,1,111.9,42.52
A05604,P077,2,284.9,0.0
A05605,P107,1,203.9,0.0
A05605,P113,1,244.9,0.0
A05606,P073,1,266.9,0.0
A05607,P042,2,121.9,0.0
A05607,P105,1,88.9,0.0
A05608,P001,1,40.9,7.36
A05608,P052,1,124.9,0.0
A05609,P015,1,149.9,26.98
A05609,P022,2,79.9,28.76
A05610,P007,1,153.9,0.0
A05610,P009,1,248.9,0.0
A05610,P034,4,162.9,0.0
A05611,P023,2,174.9,132.92
A05612,P036,3,68.9,0.0
A05612,P054,2,207.9,0.0
A05612,P084,1,18.9,0.0
A05613,P027,1,187.9,71.4
A05613,P095,1,89.9,17.98
A05614,P118,1,192.9,0.0
A05615,P043,1,51.9,10.38
A05615,P049,1,175.9,35.18
A05615,P083,2,116.9,46.76
A05616,P025,1,104.9,39.86
A05617,P040,1,180.9,0.0
A05617,P097,2,27.9,0.0
A05618,P006,1,208.9,58.49
A05618,P028,1,241.9,67.73
A05618,P038,1,55.9,5.59
A05618,P108,1,79.9,7.99
A05618,P111,2,169.9,33.98
A05618,P114,2,246.9,49.38
A05619,P104,1,307.9,61.58
A05620,P003,2,198.9,0.0
A05620,P034,1,162.9,0.0
A05620,P081,1,18.9,0.0
A05620,P108,1,79.9,0.0
A05620,P116,1,234.9,0.0
A05621,P046,1,41.9,0.0
A05621,P062,1,72.9,0.0
A05621,P063,1,286.9,0.0
A05621,P098,2,87.9,0.0
A05622,P087,1,78.9,0.0
A05623,P118,1,192.9,0.0
A05624,P020,1,196.9,74.82
A05624,P112,1,141.9,28.38
A05625,P025,1,104.9,0.0
A05625,P061,2,233.9,0.0
A05625,P076,1,203.9,0.0
A05626,P078,1,190.9,0.0
A05626,P093,2,36.9,0.0
A05627,P034,1,162.9,0.0
A05628,P009,2,248.9,189.16
A05628,P026,3,193.9,221.05
A05628,P051,2,126.9,50.76
A05628,P054,4,207.9,166.32
A05628,P066,1,238.9,47.78
A05628,P087,1,78.9,15.78
A05629,P084,1,18.9,3.78
A05630,P011,1,72.9,14.58
A05630,P041,1,118.9,23.78
A05631,P003,1,198.9,39.78
A05631,P017,1,116.9,44.42
A05631,P029,1,173.9,66.08
A05632,P063,1,286.9,57.38
A05632,P073,1,266.9,53.38
A05632,P092,2,39.9,15.96
A05633,P088,3,76.9,0.0
A05634,P035,1,174.9,34.98
A05634,P116,1,234.9,46.98
A05635,P053,2,86.9,0.0
A05635,P064,1,140.9,0.0
A05635,P079,1,230.9,0.0
A05636,P002,2,111.9,40.28
A05636,P051,1,126.9,0.0
A05636,P094,1,84.9,0.0
A05636,P116,2,234.9,0.0
A05636,P120,1,195.9,0.0
A05637,P033,1,51.9,0.0
A05637,P061,1,233.9,0.0
A05637,P078,2,190.9,0.0
A05638,P021,2,81.9,29.48
A05638,P035,1,174.9,0.0
A05639,P026,1,193.9,73.68
A05640,P007,3,153.9,175.45
A05640,P037,2,68.9,27.56
A05640,P119,1,70.9,14.18
A05641,P024,4,228.9,0.0
A05641,P061,2,233.9,0.0
A05641,P071,2,46.9,0.0
A05641,P096,2,102.9,0.0
A05641,P097,2,27.9,0.0
A05641,P098,1,87.9,0.0
A05641,P100,2,110.9,0.0
A05641,P117,4,281.9,0.0
A05642,P022,1,79.9,14.38
A05642,P080,2,149.9,0.0
A05643,P033,1,51.9,0.0
A05644,P042,1,121.9,24.38
A05644,P072,3,50.9,30.54
A05644,P114,1,246.9,49.38
A05645,P095,1,89.9,17.98
A05646,P072,1,50.9,10.18
A05646,P119,2,70.9,28.36
A05647,P019,1,157.9,60.0
A05647,P097,1,27.9,5.58
A05648,P039,2,184.9,0.0
A05648,P069,1,266.9,0.0
A05648,P074,1,281.9,0.0
A05648,P095,1,89.9,0.0
A05649,P049,3,175.9,0.0
A05649,P052,1,124.9,0.0
A05649,P070,1,132.9,0.0
A05649,P076,2,203.9,0.0
A05649,P109,1,221.9,0.0
A05649,P116,2,234.9,0.0
A05650,P030,1,166.9,63.42
A05650,P077,1,284.9,56.98
A05650,P082,2,108.9,43.56
A05651,P005,1,100.9,18.16
A05651,P023,1,174.9,31.48
A05651,P026,2,193.9,0.0
A05651,P071,1,46.9,0.0
A05651,P095,1,89.9,0.0
A05652,P050,1,97.9,0.0
A05652,P068,1,166.9,0.0
A05652,P120,1,195.9,0.0
A05653,P046,1,41.9,8.38
A05654,P113,1,244.9,48.98
A05655,P017,1,116.9,21.04
A05655,P028,2,241.9,87.08
A05655,P038,1,55.9,0.0
A05655,P052,1,124.9,0.0
A05656,P031,1,93.9,0.0
A05656,P040,1,180.9,0.0
A05656,P104,1,307.9,0.0
A05656,P108,1,79.9,0.0
A05657,P003,1,198.9,75.58
A05657,P018,1,119.9,45.56
A05658,P037,1,68.9,13.78
A05658,P056,2,179.9,71.96
A05659,P081,2,18.9,0.0
A05659,P094,1,84.9,0.0
A05660,P034,1,162.9,0.0
A05660,P073,1,266.9,0.0
A05661,P005,1,100.9,18.16
A05661,P052,1,124.9,0.0
A05662,P057,3,246.9,0.0
A05663,P018,2,119.9,43.16
A05663,P026,1,193.9,34.9
A05663,P027,2,187.9,67.64
A05663,P095,1,89.9,0.0
A05664,P044,1,99.9,0.0
A05664,P088,1,76.9,0.0
A05665,P012,1,77.9,14.02
A05665,P013,3,99.9,53.95
A05665,P100,2,110.9,0.0
A05665,P114,1,246.9,0.0
A05665,P115,4,295.9,0.0
A05666,P065,1,48.9,0.0
A05666,P111,2,169.9,0.0
A05667,P034,1,162.9,0.0
A05667,P052,2,124.9,0.0
A05667,P078,2,190.9,0.0
A05667,P086,1,99.9,0.0
A05668,P006,1,208.9,37.6
A05668,P029,1,173.9,0.0
A05668,P034,1,162.9,0.0
A05668,P042,1,121.9,0.0
A05668,P055,2,135.9,0.0
A05668,P059,1,278.9,0.0
A05669,P017,1,116.9,44.42
A05670,P007,1,153.9,27.7
A05670,P097,2,27.9,0.0
A05671,P020,1,196.9,35.44
A05671,P025,1,104.9,18.88
A05671,P063,1,286.9,0.0
A05672,P054,2,207.9,0.0
A05672,P120,2,195.9,0.0
A05673,P011,1,72.9,13.12
A05673,P034,1,162.9,0.0
A05673,P053,1,86.9,0.0
A05673,P099,1,54.9,0.0
A05674,P016,2,203.9,73.4
A05674,P039,1,184.9,0.0
A05674,P083,1,116.9,0.0
A05674,P092,2,39.9,0.0
A05675,P028,1,241.9,43.54
A05676,P040,1,180.9,0.0
A05677,P101,1,222.9,0.0
A05678,P008,1,105.9,19.06
A05678,P104,2,307.9,0.0
A05679,P015,1,149.9,26.98
A05679,P061,1,233.9,0.0
A05680,P063,2,286.9,0.0
A05680,P098,1,87.9,0.0
A05681,P065,1,48.9,0.0
A05681,P084,1,18.9,0.0
A05682,P011,3,72.9,83.11
A05682,P015,1,149.9,56.96
A05682,P030,2,166.9,126.84
A05682,P078,1,190.9,38.18
A05683,P024,1,228.9,86.98
A05683,P028,1,241.9,91.92
A05683,P034,1,162.9,32.58
A05684,P002,1,111.9,0.0
A05685,P076,2,203.9,0.0
A05685,P080,1,149.9,0.0
A05686,P013,2,99.9,35.96
A05686,P065,1,48.9,0.0
A05686,P085,1,33.9,0.0
A05686,P095,1,89.9,0.0
A05687,P051,1,126.9,0.0
A05687,P087,1,78.9,0.0
A05688,P008,1,105.9,21.18
A05689,P011,1,72.9,13.12
A05689,P037,2,68.9,0.0
A05689,P104,1,307.9,0.0
A05689,P105,1,88.9,0.0
A05690,P119,1,70.9,0.0
A05691,P081,2,18.9,3.78
A05692,P002,1,111.9,20.14
A05692,P022,1,79.9,14.38
A05692,P035,1,174.9,0.0
A05692,P042,3,121.9,0.0
A05692,P047,1,153.9,0.0
A05692,P052,2,124.9,0.0
A05693,P021,1,81.9,31.12
A05693,P074,1,281.9,56.38
A05694,P092,1,39.9,7.98
A05694,P118,1,192.9,38.58
A05694,P119,1,70.9,14.18
A05695,P051,1,126.9,12.69
A05695,P074,1,281.9,28.19
A05696,P044,1,99.9,19.98
A05696,P074,1,281.9,56.38
A05697,P007,1,153.9,0.0
A05697,P018,1,119.9,0.0
A05698,P014,1,144.9,26.08
A05698,P063,1,286.9,0.0
A05698,P103,1,266.9,0.0
A05699,P023,2,174.9,132.92
A05699,P081,1,18.9,3.78
A05699,P090,3,64.9,38.94
A05700,P036,1,68.9,13.78
A05701,P008,1,105.9,19.06
A05702,P071,1,46.9,9.38
A05703,P036,2,68.9,0.0
A05704,P054,2,207.9,0.0
A05704,P065,1,48.9,0.0
A05704,P082,3,108.9,0.0
A05705,P041,1,118.9,0.0
A05705,P050,1,97.9,0.0
A05705,P068,1,166.9,0.0
A05705,P073,1,266.9,0.0
A05706,P021,1,81.9,31.12
A05706,P034,1,162.9,32.58
A05706,P042,1,121.9,24.38
A05706,P107,2,203.9,81.56
A05707,P045,1,83.9,16.78
A05707,P118,1,192.9,38.58
A05708,P005,1,100.9,18.16
A05708,P009,1,248.9,44.8
A05708,P058,1,271.9,0.0
A05709,P077,2,284.9,56.98
A05710,P007,1,153.9,27.7
A05710,P025,1,104.9,18.88
A05710,P082,1,108.9,0.0
A05711,P019,1,157.9,28.42
A05711,P095,1,89.9,0.0
A05711,P111,2,169.9,0.0
A05712,P003,1,198.9,39.78
A05712,P026,1,193.9,73.68
A05712,P043,1,51.9,10.38
A05713,P082,1,108.9,10.89
A05714,P045,1,83.9,0.0
A05714,P116,1,234.9,0.0
A05715,P109,1,221.9,0.0
A05716,P038,1,55.9,0.0
A05717,P007,1,153.9,27.7
A05717,P033,3,51.9,0.0
A05717,P049,1,175.9,0.0
A05717,P067,2,68.9,0.0
A05717,P077,2,284.9,0.0
A05717,P088,2,76.9,0.0
A05717,P111,2,169.9,0.0
A05718,P020,2,196.9,149.64
A05718,P091,1,57.9,11.58
A05719,P045,1,83.9,16.78
A05719,P099,2,54.9,21.96
A05720,P037,1,68.9,13.78
A05720,P079,2,230.9,92.36
A05721,P007,1,153.9,58.48
A05721,P025,1,104.9,39.86
A05721,P083,1,116.9,23.38
A05722,P046,1,41.9,8.38
A05723,P017,2,116.9,42.08
A05723,P049,1,175.9,0.0
A05723,P053,1,86.9,0.0
A05723,P058,2,271.9,0.0
A05723,P092,2,39.9,0.0
A05723,P097,1,27.9,0.0
A05723,P101,1,222.9,0.0
A05724,P014,1,144.9,55.06
A05724,P036,1,68.9,13.78
A05724,P077,2,284.9,113.96
A05725,P029,1,173.9,66.08
A05725,P058,2,271.9,108.76
A05726,P027,1,187.9,0.0
A05726,P098,1,87.9,0.0
A05727,P008,2,105.9,80.48
A05727,P019,2,157.9,63.16
A05728,P017,1,116.9,44.42
A05728,P076,1,203.9,40.78
A05729,P020,1,196.9,74.82
A05729,P056,1,179.9,35.98
A05729,P094,2,84.9,33.96
A05729,P103,1,266.9,53.38
A05730,P001,1,40.9,15.54
A05730,P010,1,163.9,32.78
A05731,P033,1,51.9,5.19
A05732,P084,1,18.9,0.0
A05733,P033,1,51.9,10.38
A05733,P054,1,207.9,41.58
A05733,P061,1,233.9,46.78
A05733,P078,1,190.9,38.18
A05733,P115,1,295.9,59.18
A05734,P018,1,119.9,21.58
A05735,P009,2,248.9,99.56
A05735,P044,2,99.9,39.96
A05735,P101,1,222.9,44.58
A05736,P003,1,198.9,35.8
A05736,P061,1,233.9,0.0
A05736,P081,1,18.9,0.0
A05737,P021,3,81.9,93.37
A05737,P041,1,118.9,23.78
A05737,P074,1,281.9,56.38
A05738,P075,2,115.9,0.0
A05738,P079,2,230.9,0.0
A05738,P084,2,18.9,0.0
A05738,P096,2,102.9,0.0
A05739,P057,1,246.9,49.38
A05739,P100,1,110.9,22.18
A05740,P096,1,102.9,0.0
A05741,P026,1,193.9,73.68
A05742,P030,2,166.9,126.84
A05743,P029,1,173.9,66.08
A05743,P030,2,166.9,66.76
A05743,P069,2,266.9,106.76
A05744,P044,3,99.9,59.94
A05744,P048,1,100.9,20.18
A05744,P091,1,57.9,11.58
A05745,P088,1,76.9,0.0
A05746,P098,1,87.9,0.0
A05746,P099,1,54.9,0.0
A05746,P115,1,295.9,0.0
A05747,P042,1,121.9,24.38
A05747,P080,1,149.9,29.98
A05747,P081,1,18.9,3.78
A05748,P023,2,174.9,132.92
A05748,P028,2,241.9,183.84
A05748,P049,1,175.9,35.18
A05748,P053,1,86.9,17.38
A05749,P003,1,198.9,75.58
A05749,P064,1,140.9,28.18
A05750,P038,1,55.9,0.0
A05750,P072,1,50.9,0.0
A05750,P102,2,299.9,0.0
A05751,P086,1,99.9,19.98
A05751,P092,2,39.9,15.96
A05751,P113,2,244.9,97.96
A05752,P031,1,93.9,18.78
A05753,P004,1,123.9,34.69
A05753,P088,2,76.9,15.38
A05754,P001,1,40.9,0.0
A05754,P023,1,174.9,31.48
A05755,P025,1,104.9,39.86
A05755,P026,1,193.9,73.68
A05755,P049,1,175.9,35.18
A05756,P023,1,174.9,31.48
A05756,P092,1,39.9,0.0
A05757,P021,1,81.9,16.38
A05757,P033,1,51.9,10.38
A05757,P119,1,70.9,14.18
A05758,P093,1,36.9,7.38
A05758,P107,1,203.9,40.78
A05759,P008,1,105.9,0.0
A05760,P081,1,18.9,0.0
A05761,P054,1,207.9,41.58
A05761,P091,1,57.9,11.58
A05762,P115,1,295.9,0.0
A05763,P031,1,93.9,18.78
A05764,P026,1,193.9,34.9
A05764,P050,1,97.9,0.0
A05764,P056,3,179.9,0.0
A05764,P075,1,115.9,0.0
A05764,P088,2,76.9,0.0
A05764,P113,1,244.9,0.0
A05765,P074,1,281.9,0.0
A05765,P094,1,84.9,0.0
A05766,P014,1,144.9,55.06
A05767,P054,1,207.9,0.0
A05768,P005,1,100.9,18.16
A05768,P065,1,48.9,0.0
A05769,P039,1,184.9,18.49
A05769,P091,2,57.9,11.58
A05769,P109,1,221.9,22.19
A05770,P080,1,149.9,0.0
A05770,P089,1,59.9,0.0
A05770,P093,2,36.9,0.0
A05770,P109,1,221.9,0.0
A05771,P009,1,248.9,44.8
A05771,P010,1,163.9,29.5
A05771,P019,1,157.9,0.0
A05772,P083,1,116.9,0.0
A05773,P045,1,83.9,16.78
A05773,P049,1,175.9,35.18
A05773,P064,1,140.9,28.18
A05774,P004,1,123.9,34.69
A05775,P112,1,141.9,0.0
A05776,P017,2,116.9,88.84
A05776,P053,1,86.9,17.38
A05776,P091,1,57.9,11.58
A05777,P004,1,123.9,22.3
A05777,P022,1,79.9,14.38
A05777,P099,2,54.9,0.0
A05778,P044,2,99.9,39.96
A05778,P080,2,149.9,59.96
A05779,P088,1,76.9,15.38
A05779,P090,3,64.9,38.94
A05780,P045,3,83.9,50.34
A05780,P100,1,110.9,22.18
A05781,P022,1,79.9,30.36
A05781,P026,1,193.9,73.68
A05781,P036,1,68.9,13.78
A05781,P071,2,46.9,18.76
A05781,P116,2,234.9,93.96
A05781,P120,2,195.9,78.36
A05782,P048,1,100.9,20.18
A05783,P080,1,149.9,0.0
A05783,P084,2,18.9,0.0
A05783,P102,1,299.9,0.0
A05784,P022,1,79.9,15.98
A05784,P026,1,193.9,73.68
A05784,P045,1,83.9,16.78
A05784,P086,1,99.9,19.98
A05785,P020,1,196.9,35.44
A05785,P095,1,89.9,0.0
A05785,P096,1,102.9,0.0
A05786,P011,1,72.9,27.7
A05786,P013,1,99.9,19.98
A05786,P050,1,97.9,19.58
A05786,P063,1,286.9,57.38
A05787,P036,1,68.9,13.78
A05788,P003,1,198.9,75.58
A05788,P028,1,241.9,91.92
A05788,P063,2,286.9,114.76
A05788,P074,1,281.9,56.38
A05788,P091,1,57.9,11.58
A05789,P029,1,173.9,66.08
A05789,P087,1,78.9,15.78
A05789,P099,2,54.9,21.96
A05790,P041,1,118.9,0.0
A05791,P015,1,149.9,56.96
A05791,P069,1,266.9,53.38
A05792,P009,1,248.9,49.78
A05792,P054,1,207.9,41.58
A05792,P087,1,78.9,15.78
A05792,P098,2,87.9,35.16
A05793,P009,2,248.9,89.6
A05793,P010,1,163.9,0.0
A05793,P035,1,174.9,0.0
A05793,P070,1,132.9,0.0
A05794,P024,1,228.9,41.2
A05795,P066,2,238.9,0.0
A05795,P085,1,33.9,0.0
A05795,P102,1,299.9,0.0
A05796,P005,1,100.9,0.0
A05797,P026,1,193.9,0.0
A05797,P035,1,174.9,0.0
A05797,P037,1,68.9,0.0
A05797,P069,2,266.9,0.0
A05797,P091,1,57.9,0.0
A05798,P025,1,104.9,0.0
A05799,P021,2,81.9,29.48
A05799,P068,1,166.9,0.0
A05799,P099,1,54.9,0.0
A05800,P009,1,248.9,49.78
A05800,P055,1,135.9,27.18
A05800,P056,2,179.9,71.96
A05800,P118,1,192.9,38.58
A05801,P012,2,77.9,31.16
A05802,P118,2,192.9,0.0
A05803,P048,1,100.9,0.0
A05804,P002,1,111.9,22.38
A05805,P014,1,144.9,55.06
A05805,P032,1,176.9,35.38
A05805,P086,2,99.9,39.96
A05806,P045,1,83.9,0.0
A05806,P113,1,244.9,0.0
A05807,P061,1,233.9,0.0
A05808,P064,1,140.9,0.0
A05809,P006,1,208.9,79.38
A05810,P004,1,123.9,0.0
A05810,P030,2,166.9,0.0
A05810,P114,2,246.9,0.0
A05811,P086,1,99.9,0.0
A05812,P081,1,18.9,1.89
A05813,P029,2,173.9,62.6
A05813,P038,1,55.9,0.0
A05814,P038,2,55.9,22.36
A05814,P046,1,41.9,8.38
A05815,P007,1,153.9,0.0
A05816,P047,1,153.9,0.0
A05816,P098,1,87.9,0.0
A05817,P071,1,46.9,9.38
A05818,P034,2,162.9,65.16
A05818,P065,1,48.9,9.78
A05819,P056,1,179.9,17.99
A05820,P108,1,79.9,0.0
A05821,P058,1,271.9,54.38
A05821,P067,1,68.9,13.78
A05822,P078,1,190.9,0.0
A05823,P083,1,116.9,23.38
A05823,P087,2,78.9,31.56
A05823,P096,1,102.9,20.58
A05824,P033,1,51.9,0.0
A05824,P088,1,76.9,0.0
A05825,P007,1,153.9,43.09
A05825,P024,1,228.9,64.09
A05825,P058,1,271.9,27.19
A05825,P092,2,39.9,7.98
A05826,P005,3,100.9,115.03
A05827,P013,1,99.9,17.98
A05827,P027,2,187.9,0.0
A05827,P084,1,18.9,0.0
A05827,P095,1,89.9,0.0
A05827,P103,1,266.9,0.0
A05828,P069,2,266.9,0.0
A05828,P093,1,36.9,0.0
A05829,P013,1,99.9,27.97
A05829,P098,2,87.9,17.58
A05830,P027,1,187.9,33.82
A05830,P114,1,246.9,0.0
A05831,P089,1,59.9,11.98
A05831,P101,3,222.9,133.74
A05832,P018,4,119.9,182.25
A05832,P021,3,81.9,93.37
A05832,P050,2,97.9,39.16
A05832,P116,2,234.9,93.96
A05833,P035,1,174.9,34.98
A05834,P010,1,163.9,32.78
A05834,P018,1,119.9,45.56
A05834,P022,1,79.9,15.98
A05834,P095,1,89.9,17.98
A05835,P090,1,64.9,0.0
A05836,P020,1,196.9,39.38
A05836,P063,1,286.9,57.38
A05836,P076,2,203.9,81.56
A05837,P041,1,118.9,23.78
A05837,P063,1,286.9,57.38
A05838,P071,1,46.9,9.38
A05838,P077,1,284.9,56.98
A05839,P018,1,119.9,33.57
A05839,P049,2,175.9,35.18
A05839,P089,2,59.9,11.98
A05840,P008,1,105.9,19.06
A05840,P014,2,144.9,52.16
A05840,P056,1,179.9,0.0
A05840,P087,1,78.9,0.0
A05841,P050,1,97.9,0.0
A05841,P102,1,299.9,0.0
A05842,P008,1,105.9,40.24
A05842,P088,1,76.9,15.38
A05842,P089,1,59.9,11.98
A05843,P055,2,135.9,0.0
A05843,P074,1,281.9,0.0
A05844,P032,1,176.9,17.69
A05844,P119,1,70.9,7.09
A05845,P110,1,225.9,0.0
A05846,P053,1,86.9,0.0
A05846,P095,1,89.9,0.0
A05847,P019,1,157.9,0.0
A05847,P020,1,196.9,35.44
A05848,P047,4,153.9,123.12
A05848,P066,1,238.9,47.78
A05849,P008,1,105.9,40.24
A05849,P029,1,173.9,66.08
A05850,P007,1,153.9,58.48
A05850,P026,1,193.9,73.68
A05850,P038,1,55.9,11.18
A05851,P004,2,123.9,44.6
A05851,P039,1,184.9,0.0
A05851,P092,1,39.9,0.0
A05852,P007,1,153.9,58.48
A05852,P032,1,176.9,35.38
A05852,P108,1,79.9,15.98
A05853,P032,1,176.9,35.38
A05853,P077,2,284.9,113.96
A05853,P079,1,230.9,46.18
A05853,P100,1,110.9,22.18
A05853,P119,1,70.9,14.18
A05854,P003,2,198.9,79.56
A05854,P101,1,222.9,44.58
A05855,P050,1,97.9,0.0
A05856,P018,1,119.9,45.56
A05857,P027,1,187.9,33.82
A05857,P029,1,173.9,0.0
A05858,P019,2,157.9,120.0
A05858,P045,1,83.9,16.78
A05859,P021,1,81.9,31.12
A05859,P087,1,78.9,15.78
A05860,P039,1,184.9,0.0
A05860,P049,1,175.9,0.0
A05860,P081,1,18.9,0.0
A05860,P084,1,18.9,0.0
A05860,P096,1,102.9,0.0
A05860,P103,1,266.9,0.0
A05860,P108,1,79.9,0.0
A05861,P022,1,79.9,14.38
A05861,P087,1,78.9,0.0
A05861,P096,1,102.9,0.0
A05861,P116,3,234.9,0.0
A05862,P071,1,46.9,0.0
A05862,P094,1,84.9,0.0
A05863,P031,1,93.9,0.0
A05864,P013,1,99.9,37.96
A05864,P037,2,68.9,27.56
A05864,P057,1,246.9,49.38
A05864,P078,1,190.9,38.18
A05864,P096,1,102.9,20.58
A05865,P026,2,193.9,69.8
A05865,P039,1,184.9,0.0
A05865,P053,1,86.9,0.0
A05865,P120,1,195.9,0.0
A05866,P023,1,174.9,31.48
A05866,P044,1,99.9,0.0
A05867,P112,1,141.9,0.0
A05868,P014,2,144.9,110.12
A05868,P087,2,78.9,31.56
A05868,P105,1,88.9,17.78
A05868,P113,2,244.9,97.96
A05869,P048,1,100.9,0.0
A05869,P059,1,278.9,0.0
A05870,P083,1,116.9,11.69
A05871,P002,1,111.9,42.52
A05871,P018,2,119.9,91.12
A05871,P021,3,81.9,49.14
A05871,P033,2,51.9,20.76
A05871,P072,2,50.9,20.36
A05871,P078,3,190.9,114.54
A05871,P105,1,88.9,17.78
A05872,P021,2,81.9,29.48
A05872,P026,5,193.9,174.51
A05872,P043,2,51.9,0.0
A05872,P055,3,135.9,0.0
A05872,P070,2,132.9,0.0
A05873,P091,1,57.9,11.58
A05873,P093,1,36.9,7.38
A05874,P023,4,174.9,139.92
A05874,P028,2,241.9,96.76
A05874,P085,1,33.9,6.78
A05874,P103,1,266.9,53.38
A05875,P075,1,115.9,0.0
A05876,P030,1,166.9,0.0
A05876,P035,1,174.9,0.0
A05876,P091,1,57.9,0.0
A05876,P093,1,36.9,0.0
A05877,P022,1,79.9,14.38
A05877,P084,1,18.9,0.0
A05877,P090,1,64.9,0.0
A05878,P009,1,248.9,0.0
A05878,P012,1,77.9,0.0
A05878,P015,1,149.9,26.98
A05878,P017,1,116.9,21.04
A05878,P033,1,51.9,0.0
A05879,P039,3,184.9,110.94
A05879,P054,1,207.9,41.58
A05880,P027,1,187.9,71.4
A05880,P029,1,173.9,66.08
A05880,P088,1,76.9,15.38
A05880,P105,1,88.9,17.78
A05881,P009,1,248.9,94.58
A05881,P102,1,299.9,59.98
A05882,P091,1,57.9,11.58
A05883,P012,2,77.9,28.04
A05883,P116,2,234.9,0.0
A05884,P109,1,221.9,0.0
A05885,P009,2,248.9,89.6
A05885,P022,2,79.9,0.0
A05885,P024,2,228.9,82.4
A05885,P085,2,33.9,0.0
A05886,P005,1,100.9,18.16
A05886,P081,1,18.9,0.0
A05887,P010,1,163.9,29.5
A05887,P098,1,87.9,0.0
A05887,P107,1,203.9,0.0
A05888,P057,2,246.9,98.76
A05888,P118,1,192.9,38.58
A05889,P037,1,68.9,13.78
A05889,P094,2,84.9,33.96
A05890,P046,2,41.9,16.76
A05890,P051,1,126.9,25.38
A05891,P027,2,187.9,0.0
A05891,P041,2,118.9,0.0
A05892,P009,1,248.9,69.69
A05892,P029,1,173.9,48.69
A05892,P036,1,68.9,6.89
A05893,P043,1,51.9,10.38
A05893,P048,1,100.9,20.18
A05894,P012,1,77.9,14.02
A05894,P013,1,99.9,0.0
A05894,P017,2,116.9,0.0
A05895,P056,1,179.9,0.0
A05895,P082,1,108.9,0.0
A05896,P002,1,111.9,20.14
A05896,P041,1,118.9,0.0
A05896,P049,1,175.9,0.0
A05896,P057,1,246.9,0.0
A05897,P025,1,104.9,39.86
A05898,P030,1,166.9,63.42
A05898,P045,2,83.9,33.56
A05899,P082,1,108.9,21.78
A05899,P115,1,295.9,59.18
A05900,P031,1,93.9,0.0
A05900,P053,1,86.9,0.0
A05901,P020,1,196.9,0.0
A05901,P063,2,286.9,0.0
A05902,P030,1,166.9,63.42
A05902,P057,1,246.9,49.38
A05903,P017,1,116.9,21.04
A05903,P050,1,97.9,0.0
A05903,P060,1,297.9,0.0
A05903,P070,3,132.9,0.0
A05903,P091,1,57.9,0.0
A05904,P015,1,149.9,26.98
A05904,P064,1,140.9,0.0
A05905,P031,2,93.9,0.0
A05905,P081,2,18.9,0.0
A05906,P089,1,59.9,11.98
A05906,P117,1,281.9,56.38
A05907,P004,1,123.9,22.3
A05907,P025,1,104.9,18.88
A05907,P037,1,68.9,0.0
A05907,P113,1,244.9,0.0
A05908,P094,1,84.9,16.98
A05909,P007,1,153.9,30.78
A05909,P008,1,105.9,40.24
A05909,P057,1,246.9,49.38
A05910,P118,1,192.9,0.0
A05911,P001,2,40.9,31.08
A05911,P005,1,100.9,20.18
A05911,P050,2,97.9,39.16
A05911,P081,1,18.9,3.78
A05912,P029,1,173.9,0.0
A05913,P109,1,221.9,0.0
A05914,P023,1,174.9,66.46
A05914,P052,1,124.9,24.98
A05914,P119,1,70.9,14.18
A05915,P006,1,208.9,0.0
A05915,P012,1,77.9,14.02
A05915,P075,1,115.9,0.0
A05916,P010,1,163.9,29.5
A05916,P017,1,116.9,21.04
A05916,P091,1,57.9,0.0
A05917,P025,1,104.9,0.0
A05917,P039,1,184.9,0.0
A05917,P070,1,132.9,0.0
A05917,P085,2,33.9,0.0
A05917,P104,3,307.9,0.0
A05918,P051,1,126.9,0.0
A05919,P007,2,153.9,116.96
A05919,P046,2,41.9,16.76
A05919,P069,1,266.9,53.38
A05920,P012,1,77.9,14.02
A05920,P044,2,99.9,0.0
A05920,P053,1,86.9,0.0
A05920,P116,2,234.9,0.0
A05921,P009,1,248.9,44.8
A05921,P111,1,169.9,0.0
A05922,P020,1,196.9,55.13
A05922,P044,1,99.9,9.99
A05922,P081,1,18.9,1.89
A05922,P095,1,89.9,8.99
A05923,P004,1,123.9,22.3
A05924,P023,2,174.9,62.96
A05924,P028,1,241.9,43.54
A05924,P034,1,162.9,0.0
A05924,P054,1,207.9,0.0
A05925,P031,1,93.9,0.0
A05926,P021,1,81.9,31.12
A05926,P037,1,68.9,13.78
A05927,P022,1,79.9,14.38
A05928,P003,1,198.9,35.8
A05928,P048,2,100.9,0.0
A05928,P057,1,246.9,0.0
A05929,P036,1,68.9,0.0
A05929,P079,1,230.9,0.0
A05929,P097,1,27.9,0.0
A05930,P023,1,174.9,31.48
A05930,P030,1,166.9,0.0
A05930,P048,1,100.9,0.0
A05931,P004,2,123.9,69.38
A05931,P085,1,33.9,3.39
A05932,P010,1,163.9,32.78
A05933,P026,1,193.9,34.9
A05934,P014,1,144.9,26.08
A05934,P112,1,141.9,0.0
A05935,P029,1,173.9,31.3
A05936,P087,1,78.9,0.0
A05936,P119,1,70.9,0.0
A05937,P037,1,68.9,13.78
A05937,P071,1,46.9,9.38
A05938,P028,1,241.9,43.54
A05938,P034,1,162.9,0.0
A05938,P087,1,78.9,0.0
A05938,P099,1,54.9,0.0
A05939,P087,1,78.9,15.78
A05939,P095,1,89.9,17.98
A05940,P008,1,105.9,21.18
A05940,P021,1,81.9,31.12
A05940,P049,1,175.9,35.18
A05941,P026,1,193.9,73.68
A05941,P084,2,18.9,7.56
A05942,P006,1,208.9,37.6
A05942,P093,1,36.9,0.0
A05943,P019,3,157.9,94.74
A05944,P021,1,81.9,14.74
A05944,P031,1,93.9,0.0
A05945,P027,1,187.9,0.0
A05945,P036,1,68.9,0.0
A05945,P057,1,246.9,0.0
A05945,P064,2,140.9,0.0
A05946,P002,1,111.9,0.0
A05946,P101,2,222.9,0.0
A05946,P120,1,195.9,0.0
A05947,P096,2,102.9,0.0
A05947,P115,1,295.9,0.0
A05948,P029,1,173.9,31.3
A05948,P046,3,41.9,0.0
A05948,P060,3,297.9,0.0
A05948,P103,2,266.9,0.0
A05949,P017,1,116.9,23.38
A05949,P029,1,173.9,34.78
A05950,P008,1,105.9,19.06
A05950,P014,1,144.9,0.0
A05950,P117,1,281.9,0.0
A05951,P037,2,68.9,27.56
A05951,P082,1,108.9,21.78
A05951,P108,1,79.9,15.98
A05952,P089,1,59.9,11.98
A05953,P006,1,208.9,37.6
A05953,P038,1,55.9,0.0
A05953,P062,1,72.9,0.0
A05954,P006,3,208.9,112.81
A05954,P022,1,79.9,14.38
A05954,P031,2,93.9,0.0
A05954,P042,2,121.9,0.0
A05954,P080,1,149.9,0.0
A05954,P111,1,169.9,0.0
A05954,P115,1,295.9,0.0
A05955,P036,1,68.9,0.0
A05955,P098,2,87.9,0.0
A05956,P012,1,77.9,14.02
A05956,P053,2,86.9,0.0
A05957,P027,3,187.9,112.74
A05957,P028,1,241.9,91.92
A05957,P032,1,176.9,35.38
A05957,P040,1,180.9,36.18
A05957,P041,1,118.9,23.78
A05957,P101,1,222.9,44.58
A05957,P106,1,87.9,17.58
A05958,P017,1,116.9,23.38
A05958,P051,1,126.9,25.38
A05958,P119,1,70.9,14.18
A05959,P014,1,144.9,0.0
A05959,P030,1,166.9,30.04
A05960,P003,1,198.9,35.8
A05960,P026,1,193.9,34.9
A05960,P053,1,86.9,0.0
A05960,P113,1,244.9,0.0
A05961,P043,1,51.9,10.38
A05962,P067,1,68.9,0.0
A05962,P091,2,57.9,0.0
A05962,P120,1,195.9,0.0
A05963,P005,1,100.9,38.34
A05964,P003,1,198.9,55.69
A05964,P073,1,266.9,26.69
A05964,P108,1,79.9,7.99
A05965,P012,3,77.9,42.07
A05965,P017,2,116.9,42.08
A05966,P043,1,51.9,10.38
A05966,P053,1,86.9,17.38
A05966,P067,3,68.9,41.34
A05967,P036,1,68.9,6.89
A05967,P085,2,33.9,6.78
A05967,P102,1,299.9,29.99
A05967,P104,1,307.9,30.79
A05968,P015,1,149.9,26.98
A05968,P023,1,174.9,31.48
A05968,P030,1,166.9,30.04
A05969,P043,1,51.9,5.19
A05969,P054,1,207.9,20.79
A05969,P100,1,110.9,11.09
A05970,P056,1,179.9,0.0
A05970,P060,1,297.9,0.0
A05971,P056,1,179.9,0.0
A05971,P061,1,233.9,0.0
A05972,P008,1,105.9,40.24
A05972,P073,1,266.9,53.38
A05973,P028,1,241.9,43.54
A05973,P050,1,97.9,0.0
A05974,P009,1,248.9,49.78
A05974,P079,1,230.9,46.18
A05975,P038,1,55.9,11.18
A05975,P120,1,195.9,39.18
A05976,P002,1,111.9,42.52
A05977,P037,1,68.9,13.78
A05977,P051,1,126.9,25.38
A05978,P025,3,104.9,119.59
A05978,P074,1,281.9,56.38
A05979,P012,2,77.9,59.2
A05979,P023,2,174.9,132.92
A05979,P048,2,100.9,40.36
A05979,P120,2,195.9,78.36
A05980,P019,1,157.9,28.42
A05980,P059,1,278.9,0.0
A05980,P096,1,102.9,0.0
A05980,P097,2,27.9,0.0
A05980,P108,1,79.9,0.0
A05980,P111,4,169.9,0.0
A05981,P003,1,198.9,35.8
A05981,P021,1,81.9,0.0
A05982,P043,1,51.9,0.0
A05982,P044,1,99.9,0.0
A05983,P006,1,208.9,37.6
A05983,P020,2,196.9,70.88
A05983,P025,1,104.9,18.88
A05983,P031,2,93.9,0.0
A05983,P119,2,70.9,0.0
A05984,P007,1,153.9,27.7
A05984,P047,2,153.9,0.0
A05985,P006,1,208.9,79.38
A05985,P076,1,203.9,40.78
A05986,P003,1,198.9,0.0
A05986,P014,2,144.9,52.16
A05987,P039,2,184.9,73.96
A05988,P067,1,68.9,13.78
A05989,P094,1,84.9,16.98
A05990,P025,1,104.9,39.86
A05990,P027,1,187.9,71.4
A05991,P002,1,111.9,31.33
A05991,P018,1,119.9,33.57
A05991,P072,2,50.9,10.18
A05992,P008,1,105.9,10.59
A05992,P118,1,192.9,19.29
A05993,P118,1,192.9,0.0
A05994,P011,2,72.9,26.24
A05994,P022,1,79.9,14.38
A05994,P047,1,153.9,0.0
A05994,P063,2,286.9,0.0
A05994,P083,1,116.9,0.0
A05994,P098,2,87.9,0.0
A05995,P006,1,208.9,41.78
A05995,P007,1,153.9,58.48
A05996,P115,1,295.9,0.0
A05997,P012,1,77.9,14.02
A05997,P016,1,203.9,36.7
A05997,P073,2,266.9,0.0
A05998,P015,1,149.9,56.96
A05998,P056,1,179.9,35.98
A05999,P018,1,119.9,0.0
A06000,P075,1,115.9,0.0
A06001,P022,1,79.9,14.38
A06001,P024,1,228.9,41.2
A06002,P036,2,68.9,0.0
A06002,P067,1,68.9,0.0
A06003,P026,1,193.9,54.29
A06003,P047,1,153.9,15.39
A06004,P005,2,100.9,36.32
A06004,P007,2,153.9,0.0
A06004,P013,1,99.9,0.0
A06004,P078,2,190.9,0.0
A06005,P053,1,86.9,0.0
A06005,P086,1,99.9,0.0
A06006,P079,1,230.9,0.0
A06006,P112,2,141.9,0.0
A06006,P113,1,244.9,0.0
A06007,P001,1,40.9,0.0
A06007,P005,1,100.9,0.0
A06007,P087,1,78.9,0.0
A06008,P016,2,203.9,154.96
A06008,P040,1,180.9,36.18
A06008,P044,2,99.9,39.96
A06008,P082,1,108.9,21.78
A06008,P100,2,110.9,44.36
A06009,P036,1,68.9,13.78
A06009,P067,1,68.9,13.78
A06010,P017,1,116.9,44.42
A06010,P042,1,121.9,24.38
A06010,P062,3,72.9,43.74
A06011,P032,1,176.9,17.69
A06011,P090,1,64.9,6.49
A06012,P006,1,208.9,37.6
A06012,P010,1,163.9,29.5
A06012,P094,1,84.9,0.0
A06013,P005,1,100.9,10.09
A06013,P012,1,77.9,21.81
A06013,P113,1,244.9,24.49
A06014,P082,2,108.9,43.56
A06015,P091,1,57.9,5.79
A06015,P116,1,234.9,23.49
A06016,P045,1,83.9,16.78
A06016,P098,2,87.9,35.16
A06016,P099,1,54.9,10.98
A06017,P028,1,241.9,43.54
A06017,P055,1,135.9,0.0
A06018,P030,1,166.9,0.0
A06018,P035,1,174.9,0.0
A06019,P027,1,187.9,33.82
A06019,P081,1,18.9,0.0
A06019,P083,1,116.9,0.0
A06020,P008,2,105.9,42.36
A06020,P011,1,72.9,27.7
A06020,P042,1,121.9,24.38
A06020,P058,1,271.9,54.38
A06021,P002,1,111.9,20.14
A06021,P085,2,33.9,0.0
A06022,P037,1,68.9,0.0
A06023,P003,1,198.9,35.8
A06023,P050,1,97.9,0.0
A06023,P095,1,89.9,0.0
A06023,P098,1,87.9,0.0
A06024,P029,1,173.9,66.08
A06024,P036,1,68.9,13.78
A06025,P049,1,175.9,35.18
A06026,P003,1,198.9,75.58
A06026,P036,1,68.9,13.78
A06026,P049,2,175.9,70.36
A06027,P016,1,203.9,77.48
A06027,P097,1,27.9,5.58
A06028,P059,1,278.9,0.0
A06029,P015,2,149.9,53.96
A06029,P016,2,203.9,73.4
A06029,P087,1,78.9,0.0
A06029,P096,1,102.9,0.0
A06029,P097,2,27.9,0.0
A06030,P010,2,163.9,124.56
A06030,P032,2,176.9,70.76
A06030,P035,3,174.9,104.94
A06030,P050,1,97.9,19.58
A06030,P101,3,222.9,133.74
A06031,P044,1,99.9,0.0
A06031,P082,1,108.9,0.0
A06032,P038,1,55.9,0.0
A06033,P016,2,203.9,114.18
A06033,P031,3,93.9,28.17
A06033,P047,1,153.9,15.39
A06034,P014,1,144.9,26.08
A06034,P020,1,196.9,35.44
A06035,P007,2,153.9,55.4
A06035,P020,1,196.9,35.44
A06036,P068,2,166.9,0.0
A06036,P071,1,46.9,0.0
A06036,P072,1,50.9,0.0
A06037,P002,1,111.9,42.52
A06037,P017,1,116.9,44.42
A06037,P025,2,104.9,79.72
A06037,P068,1,166.9,33.38
A06037,P119,1,70.9,14.18
A06038,P037,1,68.9,13.78
A06038,P077,1,284.9,56.98
A06039,P015,1,149.9,56.96
A06039,P078,1,190.9,38.18
A06040,P083,1,116.9,0.0
A06041,P090,1,64.9,12.98
A06042,P120,1,195.9,39.18
A06043,P024,1,228.9,86.98
A06043,P030,1,166.9,63.42
A06043,P039,1,184.9,36.98
A06043,P042,1,121.9,24.38
A06043,P053,2,86.9,34.76
A06043,P069,2,266.9,106.76
A06043,P081,1,18.9,3.78
A06043,P085,4,33.9,27.12
A06044,P016,1,203.9,36.7
A06044,P032,1,176.9,0.0
A06044,P084,1,18.9,0.0
A06045,P031,1,93.9,0.0
A06045,P040,1,180.9,0.0
A06045,P092,1,39.9,0.0
A06046,P015,1,149.9,26.98
A06046,P036,2,68.9,0.0
A06046,P043,1,51.9,0.0
A06046,P090,2,64.9,0.0
A06047,P071,3,46.9,0.0
A06047,P095,1,89.9,0.0
A06048,P033,1,51.9,10.38
A06049,P006,1,208.9,41.78
A06049,P011,1,72.9,27.7
A06049,P068,1,166.9,33.38
A06050,P113,3,244.9,0.0
A06051,P023,1,174.9,66.46
A06052,P023,1,174.9,0.0
A06052,P092,1,39.9,0.0
A06053,P006,2,208.9,83.56
A06053,P015,1,149.9,29.98
A06053,P092,1,39.9,7.98
A06054,P009,1,248.9,94.58
A06055,P002,1,111.9,20.14
A06055,P038,1,55.9,0.0
A06056,P014,1,144.9,0.0
A06056,P099,1,54.9,0.0
A06057,P005,1,100.9,0.0
A06057,P089,1,59.9,0.0
A06058,P026,3,193.9,221.05
A06059,P008,1,105.9,21.18
A06059,P030,1,166.9,33.38
A06059,P070,3,132.9,79.74
A06060,P039,1,184.9,0.0
A06060,P084,1,18.9,0.0
A06060,P100,1,110.9,0.0
A06060,P113,1,244.9,0.0
A06061,P055,1,135.9,27.18
A06061,P085,2,33.9,13.56
A06061,P111,1,169.9,33.98
A06062,P020,1,196.9,74.82
A06063,P001,2,40.9,14.72
A06063,P030,1,166.9,30.04
A06063,P059,1,278.9,0.0
A06063,P105,1,88.9,0.0
A06064,P026,1,193.9,0.0
A06064,P054,2,207.9,0.0
A06064,P106,1,87.9,0.0
A06064,P119,1,70.9,0.0
A06065,P057,1,246.9,49.38
A06066,P001,2,40.9,31.08
A06066,P010,1,163.9,62.28
A06066,P054,2,207.9,83.16
A06066,P095,1,89.9,17.98
A06066,P103,1,266.9,53.38
A06067,P006,4,208.9,167.12
A06068,P032,1,176.9,0.0
A06069,P024,1,228.9,86.98
A06069,P031,1,93.9,18.78
A06070,P006,2,208.9,0.0
A06070,P011,1,72.9,13.12
A06070,P044,3,99.9,0.0
A06070,P069,1,266.9,0.0
A06070,P098,1,87.9,0.0
A06070,P120,2,195.9,0.0
A06071,P015,1,149.9,0.0
A06071,P018,2,119.9,43.16
A06071,P053,1,86.9,0.0
A06071,P079,1,230.9,0.0
A06072,P035,1,174.9,34.98
A06072,P044,1,99.9,19.98
A06072,P089,2,59.9,23.96
A06073,P067,2,68.9,27.56
A06073,P069,1,266.9,53.38
A06073,P095,1,89.9,17.98
A06073,P117,1,281.9,56.38
A06074,P005,1,100.9,18.16
A06074,P119,1,70.9,0.0
A06075,P051,1,126.9,12.69
A06076,P097,1,27.9,0.0
A06077,P020,1,196.9,35.44
A06078,P013,2,99.9,75.92
A06078,P115,2,295.9,118.36
A06079,P029,2,173.9,62.6
A06080,P006,1,208.9,37.6
A06080,P054,1,207.9,0.0
A06080,P104,1,307.9,0.0
A06081,P020,2,196.9,149.64
A06081,P091,1,57.9,11.58
A06082,P040,2,180.9,36.18
A06082,P043,1,51.9,5.19
A06082,P088,1,76.9,7.69
A06083,P004,1,123.9,22.3
A06083,P010,1,163.9,29.5
A06083,P083,2,116.9,0.0
A06084,P008,3,105.9,120.73
A06084,P104,1,307.9,61.58
A06085,P035,1,174.9,0.0
A06085,P073,1,266.9,0.0
A06086,P004,2,123.9,44.6
A06086,P006,1,208.9,0.0
A06086,P018,2,119.9,0.0
A06086,P024,1,228.9,41.2
A06086,P079,1,230.9,0.0
A06087,P029,1,173.9,66.08
A06087,P086,2,99.9,39.96
A06087,P106,1,87.9,17.58
A06088,P045,1,83.9,0.0
A06088,P103,1,266.9,0.0
A06089,P009,1,248.9,69.69
A06089,P027,1,187.9,18.79
A06089,P049,1,175.9,17.59
A06090,P055,2,135.9,0.0
A06091,P031,1,93.9,18.78
A06091,P085,1,33.9,6.78
A06092,P005,1,100.9,38.34
A06092,P073,2,266.9,106.76
A06093,P044,1,99.9,0.0
A06094,P004,1,123.9,0.0
A06094,P021,2,81.9,29.48
A06094,P022,1,79.9,14.38
A06094,P043,1,51.9,0.0
A06094,P067,1,68.9,0.0
A06095,P018,1,119.9,21.58
A06095,P032,2,176.9,0.0
A06095,P050,1,97.9,0.0
A06096,P096,1,102.9,20.58
A06097,P028,1,241.9,0.0
A06097,P035,1,174.9,0.0
A06098,P021,1,81.9,14.74
A06098,P042,1,121.9,0.0
A06098,P082,1,108.9,0.0
A06098,P107,2,203.9,0.0
A06099,P045,1,83.9,16.78
A06099,P102,1,299.9,59.98
A06100,P050,1,97.9,9.79
A06101,P091,1,57.9,0.0
A06102,P008,1,105.9,0.0
A06102,P078,2,190.9,0.0
A06103,P003,1,198.9,35.8
A06103,P012,1,77.9,14.02
A06103,P019,1,157.9,28.42
A06104,P019,1,157.9,28.42
A06104,P020,1,196.9,35.44
A06105,P026,1,193.9,19.39
A06105,P050,1,97.9,9.79
A06105,P082,1,108.9,10.89
A06106,P088,1,76.9,15.38
A06106,P107,2,203.9,81.56
A06107,P082,1,108.9,21.78
A06108,P119,1,70.9,14.18
A06109,P006,2,208.9,75.2
A06109,P043,1,51.9,0.0
A06110,P066,2,238.9,95.56
A06111,P026,1,193.9,73.68
A06111,P054,1,207.9,41.58
A06111,P085,3,33.9,20.34
A06111,P099,2,54.9,21.96
A06111,P113,2,244.9,97.96
A06111,P116,2,234.9,93.96
A06112,P014,1,144.9,26.08
A06112,P038,1,55.9,0.0
A06112,P058,1,271.9,0.0
A06113,P075,1,115.9,0.0
A06114,P016,1,203.9,20.39
A06114,P082,1,108.9,10.89
A06115,P011,2,72.9,0.0
A06115,P098,1,87.9,0.0
A06115,P106,1,87.9,0.0
A06115,P114,1,246.9,0.0
A06116,P012,1,77.9,15.58
A06117,P072,1,50.9,0.0
A06117,P097,1,27.9,0.0
A06117,P112,1,141.9,0.0
A06118,P093,1,36.9,0.0
A06119,P120,1,195.9,0.0
A06120,P047,1,153.9,0.0
A06120,P055,1,135.9,0.0
A06120,P093,1,36.9,0.0
A06120,P117,1,281.9,0.0
A06121,P006,2,208.9,75.2
A06121,P079,1,230.9,0.0
A06121,P081,1,18.9,0.0
A06121,P087,2,78.9,0.0
A06121,P092,2,39.9,0.0
A06121,P097,1,27.9,0.0
A06122,P024,1,228.9,41.2
A06123,P004,1,123.9,47.08
A06123,P020,1,196.9,74.82
A06123,P025,1,104.9,39.86
A06123,P026,1,193.9,38.78
A06123,P072,1,50.9,10.18
A06123,P083,1,116.9,23.38
A06123,P113,1,244.9,48.98
A06124,P018,1,119.9,45.56
A06124,P096,1,102.9,20.58
A06125,P066,1,238.9,47.78
A06125,P115,1,295.9,59.18
A06126,P026,1,193.9,34.9
A06126,P034,1,162.9,0.0
A06126,P049,1,175.9,0.0
A06127,P076,1,203.9,0.0
A06128,P032,3,176.9,106.14
A06128,P067,2,68.9,27.56
A06128,P092,1,39.9,7.98
A06129,P066,1,238.9,47.78
A06129,P081,2,18.9,7.56
A06129,P091,1,57.9,11.58
A06130,P045,1,83.9,16.78
A06131,P037,1,68.9,0.0
A06131,P038,1,55.9,0.0
A06131,P120,1,195.9,0.0
A06132,P032,1,176.9,0.0
A06132,P042,1,121.9,0.0
A06132,P093,1,36.9,0.0
A06132,P105,2,88.9,0.0
A06133,P037,1,68.9,13.78
A06133,P068,1,166.9,33.38
A06133,P097,2,27.9,11.16
A06134,P112,1,141.9,0.0
A06135,P086,1,99.9,19.98
A06136,P027,2,187.9,67.64
A06136,P028,1,241.9,43.54
A06136,P096,1,102.9,0.0
A06136,P106,1,87.9,0.0
A06137,P120,1,195.9,0.0
A06138,P047,1,153.9,0.0
A06139,P075,2,115.9,46.36
A06140,P001,1,40.9,15.54
A06140,P013,1,99.9,37.96
A06140,P056,1,179.9,35.98
A06140,P116,1,234.9,46.98
A06141,P032,1,176.9,35.38
A06141,P042,1,121.9,24.38
A06142,P002,1,111.9,11.19
A06142,P016,1,203.9,20.39
A06143,P083,1,116.9,0.0
A06144,P072,1,50.9,0.0
A06144,P105,2,88.9,0.0
A06144,P108,2,79.9,0.0
A06145,P047,2,153.9,0.0
A06145,P083,1,116.9,0.0
A06146,P015,2,149.9,113.92
A06146,P027,1,187.9,71.4
A06146,P029,1,173.9,66.08
A06146,P080,1,149.9,29.98
A06146,P082,1,108.9,21.78
A06146,P088,1,76.9,15.38
A06146,P105,2,88.9,35.56
A06147,P005,1,100.9,18.16
A06147,P029,1,173.9,31.3
A06147,P034,1,162.9,0.0
A06147,P103,1,266.9,0.0
A06148,P058,1,271.9,0.0
A06149,P041,1,118.9,0.0
A06150,P021,1,81.9,14.74
A06150,P047,1,153.9,0.0
A06150,P049,1,175.9,0.0
A06150,P055,3,135.9,0.0
A06151,P038,1,55.9,0.0
A06151,P039,1,184.9,0.0
A06151,P054,2,207.9,0.0
A06151,P081,1,18.9,0.0
A06151,P116,1,234.9,0.0
A06152,P012,2,77.9,59.2
A06152,P115,1,295.9,59.18
A06153,P085,2,33.9,0.0
A06154,P047,1,153.9,0.0
A06154,P092,2,39.9,0.0
A06155,P037,1,68.9,0.0
A06155,P043,1,51.9,0.0
A06155,P080,1,149.9,0.0
A06155,P095,2,89.9,0.0
A06156,P025,1,104.9,10.49
A06156,P051,1,126.9,12.69
A06157,P115,1,295.9,0.0
A06158,P001,1,40.9,15.54
A06158,P029,1,173.9,66.08
A06158,P048,2,100.9,40.36
A06158,P051,1,126.9,25.38
A06158,P115,1,295.9,59.18
A06158,P117,2,281.9,112.76
A06159,P001,1,40.9,7.36
A06160,P022,1,79.9,15.98
A06160,P024,1,228.9,86.98
A06160,P025,1,104.9,39.86
A06160,P052,1,124.9,24.98
A06160,P073,1,266.9,53.38
A06160,P102,1,299.9,59.98
A06161,P013,1,99.9,17.98
A06161,P016,2,203.9,73.4
A06162,P059,1,278.9,55.78
A06162,P065,1,48.9,9.78
A06162,P077,1,284.9,56.98
A06163,P017,1,116.9,0.0
A06163,P111,1,169.9,0.0
A06163,P120,1,195.9,0.0
A06164,P110,1,225.9,0.0
A06165,P097,3,27.9,0.0
A06166,P032,3,176.9,0.0
A06167,P008,1,105.9,40.24
A06167,P023,1,174.9,66.46
A06168,P024,1,228.9,0.0
A06168,P076,2,203.9,0.0
A06169,P014,1,144.9,0.0
A06170,P035,1,174.9,34.98
A06170,P055,2,135.9,54.36
A06171,P001,1,40.9,15.54
A06171,P054,2,207.9,83.16
A06171,P087,2,78.9,31.56
A06171,P095,3,89.9,53.94
A06172,P022,1,79.9,14.38
A06172,P111,1,169.9,0.0
A06172,P115,1,295.9,0.0
A06173,P005,1,100.9,38.34
A06173,P026,1,193.9,73.68
A06173,P027,2,187.9,75.16
A06173,P039,2,184.9,73.96
A06173,P051,2,126.9,50.76
A06173,P090,1,64.9,12.98
A06173,P096,2,102.9,41.16
A06173,P113,1,244.9,48.98
A06174,P002,1,111.9,22.38
A06174,P041,1,118.9,23.78
A06174,P085,1,33.9,6.78
A06174,P108,1,79.9,15.98
A06175,P031,1,93.9,18.78
A06175,P065,1,48.9,9.78
A06175,P098,1,87.9,17.58
A06176,P108,1,79.9,0.0
A06177,P005,1,100.9,38.34
A06177,P007,1,153.9,30.78
A06177,P019,1,157.9,60.0
A06178,P033,1,51.9,0.0
A06179,P010,1,163.9,62.28
A06179,P024,2,228.9,173.96
A06179,P037,1,68.9,13.78
A06180,P090,2,64.9,12.98
A06181,P021,2,81.9,29.48
A06181,P035,1,174.9,0.0
A06181,P092,1,39.9,0.0
A06182,P021,1,81.9,22.93
A06182,P100,1,110.9,11.09
A06183,P113,1,244.9,48.98
A06184,P016,1,203.9,36.7
A06185,P013,1,99.9,0.0
A06185,P029,1,173.9,31.3
A06185,P030,1,166.9,30.04
A06186,P008,1,105.9,40.24
A06186,P044,2,99.9,39.96
A06186,P089,2,59.9,23.96
A06187,P039,1,184.9,0.0
A06187,P100,1,110.9,0.0
A06187,P109,1,221.9,0.0
A06188,P055,1,135.9,0.0
A06188,P064,6,140.9,0.0
A06188,P075,1,115.9,0.0
A06188,P086,3,99.9,0.0
A06189,P016,1,203.9,36.7
A06189,P106,1,87.9,0.0
A06189,P109,1,221.9,0.0
A06190,P077,1,284.9,0.0
A06191,P031,1,93.9,0.0
A06191,P077,2,284.9,0.0
A06191,P106,1,87.9,0.0
A06192,P005,1,100.9,28.25
A06192,P080,1,149.9,14.99
A06193,P050,1,97.9,9.79
A06193,P100,1,110.9,11.09
A06194,P013,1,99.9,0.0
A06194,P024,1,228.9,41.2
A06195,P109,3,221.9,133.14
A06196,P006,1,208.9,58.49
A06197,P057,2,246.9,98.76
A06197,P074,1,281.9,56.38
A06197,P112,2,141.9,56.76
A06198,P031,1,93.9,0.0
A06198,P057,1,246.9,0.0
A06199,P008,1,105.9,0.0
A06199,P044,1,99.9,0.0
A06200,P013,1,99.9,0.0
A06200,P016,1,203.9,36.7
A06200,P061,1,233.9,0.0
A06201,P021,1,81.9,31.12
A06201,P093,1,36.9,7.38
A06202,P001,1,40.9,7.36
A06202,P042,1,121.9,0.0
A06203,P083,1,116.9,23.38
A06204,P008,1,105.9,19.06
A06205,P030,1,166.9,63.42
A06206,P005,2,100.9,40.36
A06206,P026,1,193.9,73.68
A06206,P059,2,278.9,111.56
A06207,P024,1,228.9,86.98
A06207,P045,4,83.9,67.12
A06207,P067,2,68.9,27.56
A06207,P092,1,39.9,7.98
A06207,P119,1,70.9,14.18
A06208,P036,2,68.9,0.0
A06208,P066,2,238.9,0.0
A06208,P085,2,33.9,0.0
A06209,P001,1,40.9,7.36
A06210,P031,1,93.9,18.78
A06210,P042,1,121.9,24.38
A06210,P115,1,295.9,59.18
A06211,P010,2,163.9,65.56
A06211,P026,2,193.9,147.36
A06211,P028,2,241.9,96.76
A06211,P078,1,190.9,38.18
A06212,P012,1,77.9,15.58
A06212,P024,2,228.9,173.96
A06212,P027,3,187.9,112.74
A06212,P039,1,184.9,36.98
A06212,P047,1,153.9,30.78
A06212,P068,5,166.9,166.9
A06212,P080,2,149.9,59.96
A06212,P084,2,18.9,7.56
A06212,P091,2,57.9,23.16
A06212,P110,3,225.9,135.54
A06213,P020,2,196.9,149.64
A06213,P041,1,118.9,23.78
A06214,P072,2,50.9,20.36
A06215,P064,1,140.9,28.18
A06215,P085,1,33.9,6.78
A06215,P109,1,221.9,44.38
A06216,P096,1,102.9,0.0
A06216,P117,1,281.9,0.0
A06217,P039,1,184.9,36.98
A06217,P116,1,234.9,46.98
A06218,P093,1,36.9,3.69
A06218,P109,2,221.9,44.38
A06219,P012,2,77.9,28.04
A06220,P028,2,241.9,183.84
A06220,P099,1,54.9,10.98
A06221,P029,1,173.9,66.08
A06221,P034,2,162.9,65.16
A06221,P089,1,59.9,11.98
A06222,P013,1,99.9,0.0
A06222,P089,1,59.9,0.0
A06222,P103,2,266.9,0.0
A06222,P105,2,88.9,0.0
A06223,P004,1,123.9,24.78
A06223,P091,2,57.9,23.16
A06224,P041,1,118.9,0.0
A06224,P110,2,225.9,0.0
A06225,P001,1,40.9,7.36
A06225,P020,2,196.9,70.88
A06225,P067,1,68.9,0.0
A06226,P006,1,208.9,37.6
A06226,P031,1,93.9,0.0
A06226,P050,1,97.9,0.0
A06227,P001,1,40.9,0.0
A06227,P047,1,153.9,0.0
A06227,P093,1,36.9,0.0
A06228,P051,1,126.9,25.38
A06228,P062,1,72.9,14.58
A06229,P075,1,115.9,0.0
A06229,P093,1,36.9,0.0
A06229,P109,1,221.9,0.0
A06230,P005,1,100.9,18.16
A06230,P039,1,184.9,0.0
A06230,P041,1,118.9,0.0
A06231,P116,1,234.9,46.98
A06231,P117,1,281.9,56.38
A06232,P049,1,175.9,0.0
A06232,P050,3,97.9,0.0
A06232,P086,1,99.9,0.0
A06233,P007,1,153.9,58.48
A06233,P038,1,55.9,11.18
A06234,P033,1,51.9,0.0
A06234,P089,1,59.9,0.0
A06234,P106,2,87.9,0.0
A06235,P071,1,46.9,0.0
A06235,P095,1,89.9,0.0
A06236,P011,1,72.9,13.12
A06236,P083,2,116.9,0.0
A06237,P056,1,179.9,35.98
A06237,P075,2,115.9,46.36
A06237,P120,1,195.9,39.18
A06238,P038,1,55.9,11.18
A06238,P042,2,121.9,48.76
A06238,P049,1,175.9,35.18
A06239,P093,1,36.9,0.0
A06240,P046,1,41.9,0.0
A06241,P069,1,266.9,53.38
A06241,P092,1,39.9,7.98
A06242,P017,2,116.9,46.76
A06242,P033,1,51.9,10.38
A06242,P052,1,124.9,24.98
A06242,P083,2,116.9,46.76
A06243,P011,1,72.9,13.12
A06243,P025,1,104.9,18.88
A06244,P015,1,149.9,56.96
A06244,P098,2,87.9,35.16
A06245,P009,1,248.9,44.8
A06245,P013,1,99.9,17.98
A06245,P015,1,149.9,26.98
A06245,P068,3,166.9,0.0
A06245,P112,1,141.9,0.0
A06246,P005,1,100.9,0.0
A06246,P049,1,175.9,0.0
A06246,P059,1,278.9,0.0
A06246,P088,1,76.9,0.0
A06246,P104,1,307.9,0.0
A06247,P041,1,118.9,0.0
A06247,P109,2,221.9,0.0
A06248,P056,1,179.9,0.0
A06248,P077,1,284.9,0.0
A06248,P088,2,76.9,0.0
A06249,P003,1,198.9,0.0
A06250,P073,1,266.9,0.0
A06251,P014,2,144.9,52.16
A06251,P062,1,72.9,0.0
A06252,P014,2,144.9,110.12
A06252,P019,1,157.9,60.0
A06252,P093,1,36.9,7.38
A06252,P094,2,84.9,33.96
A06253,P020,1,196.9,74.82
A06253,P095,1,89.9,17.98
A06253,P098,1,87.9,17.58
A06254,P010,1,163.9,62.28
A06254,P090,1,64.9,12.98
A06255,P003,1,198.9,39.78
A06255,P048,1,100.9,20.18
A06255,P111,1,169.9,33.98
A06255,P114,1,246.9,49.38
A06256,P025,1,104.9,18.88
A06256,P048,1,100.9,0.0
A06256,P053,1,86.9,0.0
A06257,P048,1,100.9,20.18
A06258,P068,1,166.9,33.38
A06259,P022,1,79.9,30.36
A06260,P001,1,40.9,7.36
A06260,P028,1,241.9,43.54
A06260,P056,1,179.9,0.0
A06261,P067,1,68.9,13.78
A06261,P115,1,295.9,59.18
A06262,P008,1,105.9,40.24
A06262,P048,1,100.9,20.18
A06262,P097,1,27.9,5.58
A06263,P034,2,162.9,0.0
A06263,P042,1,121.9,0.0
A06263,P051,1,126.9,0.0
A06264,P036,1,68.9,13.78
A06264,P105,1,88.9,17.78
A06265,P055,1,135.9,0.0
A06265,P089,1,59.9,0.0
A06266,P001,1,40.9,7.36
A06266,P056,1,179.9,0.0
A06266,P097,1,27.9,0.0
A06267,P009,1,248.9,44.8
A06267,P044,3,99.9,0.0
A06267,P055,1,135.9,0.0
A06268,P058,1,271.9,27.19
A06269,P017,1,116.9,21.04
A06270,P026,1,193.9,34.9
A06270,P070,1,132.9,0.0
A06271,P023,1,174.9,66.46
A06271,P024,1,228.9,86.98
A06271,P076,2,203.9,81.56
A06271,P117,2,281.9,112.76
A06272,P016,2,203.9,73.4
A06272,P075,1,115.9,0.0
A06273,P052,1,124.9,24.98
A06273,P059,1,278.9,55.78
A06274,P055,2,135.9,0.0
A06274,P058,2,271.9,0.0
A06274,P102,1,299.9,0.0
A06275,P081,1,18.9,3.78
A06276,P016,1,203.9,77.48
A06276,P022,4,79.9,121.45
A06276,P029,1,173.9,34.78
A06276,P100,1,110.9,22.18
A06276,P109,3,221.9,133.14
A06277,P002,1,111.9,42.52
A06277,P011,1,72.9,27.7
A06277,P012,1,77.9,29.6
A06277,P049,1,175.9,35.18
A06277,P050,1,97.9,19.58
A06277,P085,1,33.9,6.78
A06278,P005,2,100.9,40.36
A06278,P013,1,99.9,37.96
A06278,P027,2,187.9,142.8
A06278,P028,2,241.9,183.84
A06278,P040,1,180.9,36.18
A06278,P076,1,203.9,40.78
A06279,P060,1,297.9,0.0
A06280,P055,1,135.9,13.59
A06280,P091,1,57.9,5.79
A06281,P059,1,278.9,0.0
A06281,P083,1,116.9,0.0
A06282,P010,1,163.9,62.28
A06283,P052,1,124.9,0.0
A06283,P054,2,207.9,0.0
A06283,P119,3,70.9,0.0
A06284,P001,2,40.9,14.72
A06285,P006,4,208.9,150.41
A06285,P022,3,79.9,43.15
A06285,P024,1,228.9,41.2
A06285,P031,2,93.9,0.0
A06285,P038,2,55.9,0.0
A06285,P055,3,135.9,0.0
A06285,P088,3,76.9,0.0
A06285,P090,1,64.9,0.0
A06285,P097,2,27.9,0.0
A06285,P098,1,87.9,0.0
A06286,P029,1,173.9,34.78
A06286,P049,1,175.9,35.18
A06286,P085,2,33.9,13.56
A06287,P044,1,99.9,19.98
A06287,P092,1,39.9,7.98
A06288,P099,1,54.9,10.98
A06289,P030,3,166.9,90.13
A06289,P086,2,99.9,0.0
A06289,P087,1,78.9,0.0
A06290,P035,1,174.9,34.98
A06290,P051,2,126.9,50.76
A06291,P010,1,163.9,29.5
A06291,P011,1,72.9,13.12
A06291,P109,1,221.9,0.0
A06292,P018,1,119.9,21.58
A06292,P088,1,76.9,0.0
A06292,P098,1,87.9,0.0
A06293,P054,1,207.9,0.0
A06293,P117,1,281.9,0.0
A06293,P120,1,195.9,0.0
A06294,P064,1,140.9,28.18
A06295,P017,1,116.9,44.42
A06295,P050,2,97.9,39.16
A06295,P108,1,79.9,15.98
A06295,P118,1,192.9,38.58
A06296,P017,2,116.9,88.84
A06296,P109,1,221.9,44.38
A06297,P120,1,195.9,39.18
A06298,P081,1,18.9,3.78
A06299,P007,2,153.9,116.96
A06299,P028,1,241.9,91.92
A06299,P040,1,180.9,36.18
A06299,P075,1,115.9,23.18
A06300,P021,1,81.9,14.74
A06300,P083,1,116.9,0.0
A06301,P044,1,99.9,0.0
A06301,P061,1,233.9,0.0
A06301,P104,1,307.9,0.0
A06302,P026,1,193.9,0.0
A06303,P097,1,27.9,5.58
A06303,P104,3,307.9,184.74
A06304,P001,1,40.9,8.18
A06305,P007,1,153.9,27.7
A06305,P020,2,196.9,70.88
A06305,P022,1,79.9,0.0
A06305,P024,1,228.9,41.2
A06305,P043,2,51.9,0.0
A06305,P070,1,132.9,0.0
A06305,P078,1,190.9,0.0
A06305,P090,1,64.9,0.0
A06305,P091,2,57.9,0.0
A06305,P092,1,39.9,0.0
A06305,P102,1,299.9,0.0
A06306,P095,1,89.9,0.0
A06307,P002,1,111.9,42.52
A06307,P012,1,77.9,29.6
A06307,P057,1,246.9,49.38
A06307,P106,1,87.9,17.58
A06308,P087,1,78.9,0.0
A06309,P037,2,68.9,27.56
A06310,P032,1,176.9,0.0
A06311,P074,2,281.9,112.76
A06312,P033,1,51.9,10.38
A06312,P089,1,59.9,11.98
A06313,P042,1,121.9,12.19
A06313,P044,2,99.9,19.98
A06313,P058,1,271.9,27.19
A06313,P074,1,281.9,28.19
A06313,P081,1,18.9,1.89
A06314,P012,1,77.9,29.6
A06314,P013,1,99.9,37.96
A06314,P019,2,157.9,63.16
A06314,P103,1,266.9,53.38
A06315,P013,2,99.9,35.96
A06315,P072,1,50.9,0.0
A06316,P026,1,193.9,38.78
A06316,P096,1,102.9,20.58
A06317,P078,1,190.9,38.18
A06317,P102,2,299.9,119.96
A06318,P022,1,79.9,14.38
A06318,P087,2,78.9,0.0
A06319,P013,1,99.9,17.98
A06319,P020,2,196.9,70.88
A06319,P044,1,99.9,0.0
A06319,P093,2,36.9,0.0
A06320,P016,1,203.9,40.78
A06320,P053,2,86.9,34.76
A06320,P108,1,79.9,15.98
A06320,P117,1,281.9,56.38
A06321,P006,1,208.9,79.38
A06321,P014,1,144.9,55.06
A06321,P046,2,41.9,16.76
A06321,P097,1,27.9,5.58
A06321,P105,1,88.9,17.78
A06322,P021,1,81.9,14.74
A06322,P084,1,18.9,0.0
A06323,P040,2,180.9,72.36
A06323,P044,1,99.9,19.98
A06324,P027,1,187.9,37.58
A06324,P041,2,118.9,47.56
A06325,P009,1,248.9,94.58
A06326,P017,1,116.9,23.38
A06326,P038,2,55.9,22.36
A06326,P047,1,153.9,30.78
A06326,P085,1,33.9,6.78
A06326,P095,1,89.9,17.98
A06326,P097,1,27.9,5.58
A06327,P046,1,41.9,8.38
A06327,P054,2,207.9,83.16
A06327,P081,1,18.9,3.78
A06327,P101,1,222.9,44.58
A06327,P115,1,295.9,59.18
A06328,P030,1,166.9,30.04
A06329,P001,2,40.9,31.08
A06329,P004,1,123.9,47.08
A06329,P048,2,100.9,40.36
A06330,P060,1,297.9,0.0
A06330,P111,1,169.9,0.0
A06330,P116,1,234.9,0.0
A06330,P119,1,70.9,0.0
A06331,P007,1,153.9,0.0
A06331,P048,1,100.9,0.0
A06331,P055,1,135.9,0.0
A06331,P084,1,18.9,0.0
A06332,P026,1,193.9,34.9
A06332,P083,1,116.9,0.0
A06332,P103,1,266.9,0.0
A06333,P032,1,176.9,35.38
A06334,P027,1,187.9,33.82
A06334,P072,1,50.9,0.0
A06335,P037,3,68.9,0.0
A06336,P014,5,144.9,0.0
A06336,P019,1,157.9,28.42
A06336,P043,2,51.9,0.0
A06336,P051,1,126.9,0.0
A06336,P056,2,179.9,0.0
A06336,P059,3,278.9,0.0
A06336,P085,3,33.9,0.0
A06337,P088,1,76.9,15.38
A06338,P036,1,68.9,13.78
A06338,P037,1,68.9,13.78
A06339,P080,1,149.9,0.0
A06340,P008,1,105.9,19.06
A06340,P029,1,173.9,0.0
A06340,P085,1,33.9,0.0
A06340,P110,1,225.9,0.0
A06341,P001,1,40.9,0.0
A06341,P065,1,48.9,0.0
A06342,P057,1,246.9,49.38
A06342,P081,1,18.9,3.78
A06343,P113,1,244.9,48.98
A06344,P067,1,68.9,13.78
A06345,P009,1,248.9,49.78
A06345,P012,1,77.9,29.6
A06345,P017,1,116.9,23.38
A06345,P042,2,121.9,48.76
A06345,P078,1,190.9,38.18
A06345,P097,4,27.9,22.32
A06345,P105,1,88.9,17.78
A06346,P053,1,86.9,8.69
A06346,P059,1,278.9,27.89
A06347,P018,1,119.9,21.58
A06347,P070,3,132.9,0.0
A06348,P002,1,111.9,42.52
A06348,P024,1,228.9,86.98
A06348,P027,2,187.9,142.8
A06348,P033,3,51.9,31.14
A06349,P046,1,41.9,0.0
A06350,P009,2,248.9,49.78
A06351,P112,1,141.9,0.0
A06352,P034,1,162.9,0.0
A06352,P087,1,78.9,0.0
A06352,P120,2,195.9,0.0
A06353,P024,1,228.9,64.09
A06354,P024,1,228.9,45.78
A06354,P042,1,121.9,24.38
A06354,P118,2,192.9,77.16
A06355,P047,2,153.9,0.0
A06355,P102,1,299.9,0.0
A06356,P037,2,68.9,27.56
A06357,P098,2,87.9,0.0
A06358,P001,1,40.9,0.0
A06358,P043,1,51.9,0.0
A06359,P044,1,99.9,0.0
A06359,P105,1,88.9,0.0
A06360,P025,1,104.9,39.86
A06360,P043,2,51.9,20.76
A06361,P084,1,18.9,0.0
A06362,P024,1,228.9,0.0
A06362,P088,1,76.9,0.0
A06363,P032,1,176.9,0.0
A06363,P039,1,184.9,0.0
A06363,P051,1,126.9,0.0
A06363,P098,1,87.9,0.0
A06364,P095,1,89.9,0.0
A06365,P013,1,99.9,0.0
A06365,P017,1,116.9,21.04
A06365,P083,1,116.9,0.0
A06365,P087,1,78.9,0.0
A06365,P096,1,102.9,0.0
A06366,P041,1,118.9,0.0
A06366,P076,1,203.9,0.0
A06367,P008,2,105.9,21.18
A06367,P019,3,157.9,132.64
A06367,P024,2,228.9,128.18
A06367,P073,1,266.9,26.69
A06367,P110,2,225.9,45.18
A06367,P117,1,281.9,28.19
A06367,P119,1,70.9,7.09
A06368,P006,1,208.9,37.6
A06368,P109,1,221.9,0.0
A06369,P014,1,144.9,0.0
A06369,P082,1,108.9,0.0
A06370,P018,1,119.9,21.58
A06370,P042,3,121.9,0.0
A06370,P043,1,51.9,0.0
A06370,P076,1,203.9,0.0
A06371,P082,2,108.9,0.0
A06371,P116,1,234.9,0.0
A06372,P063,1,286.9,0.0
A06372,P104,1,307.9,0.0
A06372,P115,2,295.9,0.0
A06373,P001,1,40.9,0.0
A06374,P037,1,68.9,0.0
A06374,P116,1,234.9,0.0
A06375,P024,3,228.9,260.95
A06375,P026,1,193.9,73.68
A06376,P047,1,153.9,0.0
A06376,P095,1,89.9,0.0
A06376,P098,1,87.9,0.0
A06377,P018,2,119.9,43.16
A06377,P041,2,118.9,0.0
A06377,P096,1,102.9,0.0
A06378,P012,1,77.9,15.58
A06378,P016,1,203.9,77.48
A06378,P051,2,126.9,50.76
A06378,P076,1,203.9,40.78
A06379,P025,1,104.9,18.88
A06379,P085,1,33.9,0.0
A06379,P094,1,84.9,0.0
A06380,P085,1,33.9,0.0
A06381,P001,1,40.9,7.36
A06382,P040,1,180.9,36.18
A06382,P108,1,79.9,15.98
A06383,P003,1,198.9,39.78
A06384,P099,1,54.9,0.0
A06385,P011,1,72.9,0.0
A06386,P037,1,68.9,0.0
A06386,P100,1,110.9,0.0
A06387,P036,1,68.9,0.0
A06387,P060,1,297.9,0.0
A06388,P002,1,111.9,42.52
A06388,P003,1,198.9,75.58
A06388,P005,2,100.9,76.68
A06388,P083,1,116.9,23.38
A06389,P002,1,111.9,20.14
A06389,P048,2,100.9,0.0
A06390,P041,1,118.9,11.89
A06391,P065,1,48.9,0.0
A06392,P053,1,86.9,0.0
A06392,P102,1,299.9,0.0
A06393,P008,1,105.9,19.06
A06393,P062,1,72.9,0.0
A06393,P091,1,57.9,0.0
A06393,P108,1,79.9,0.0
A06394,P005,1,100.9,20.18
A06394,P029,1,173.9,66.08
A06394,P042,2,121.9,48.76
A06394,P044,1,99.9,19.98
A06394,P089,1,59.9,11.98
A06394,P114,1,246.9,49.38
A06395,P026,1,193.9,34.9
A06395,P028,1,241.9,43.54
A06395,P033,1,51.9,0.0
A06395,P090,1,64.9,0.0
A06396,P015,2,149.9,113.92
A06396,P018,2,119.9,91.12
A06397,P057,1,246.9,0.0
A06397,P091,1,57.9,0.0
A06398,P066,1,238.9,47.78
A06398,P107,1,203.9,40.78
A06399,P001,1,40.9,11.45
A06399,P043,1,51.9,5.19
A06400,P020,1,196.9,0.0
A06401,P050,1,97.9,0.0
A06402,P006,2,208.9,0.0
A06402,P012,3,77.9,42.07
A06403,P038,1,55.9,5.59
A06403,P041,1,118.9,11.89
A06403,P042,1,121.9,12.19
A06404,P068,1,166.9,0.0
A06404,P092,1,39.9,0.0
A06405,P024,1,228.9,45.78
A06406,P002,3,111.9,0.0
A06406,P079,1,230.9,0.0
A06406,P106,1,87.9,0.0
A06407,P007,1,153.9,58.48
A06407,P065,1,48.9,9.78
A06408,P001,1,40.9,7.36
A06409,P005,2,100.9,76.68
A06409,P028,1,241.9,91.92
A06410,P082,1,108.9,0.0
A06410,P103,1,266.9,0.0
A06411,P006,1,208.9,58.49
A06411,P045,2,83.9,16.78
A06412,P037,2,68.9,13.78
A06413,P011,1,72.9,0.0
A06413,P029,1,173.9,31.3
A06413,P105,1,88.9,0.0
A06414,P022,1,79.9,14.38
A06414,P048,1,100.9,0.0
A06415,P007,1,153.9,27.7
A06415,P047,2,153.9,0.0
A06415,P120,1,195.9,0.0
A06416,P023,1,174.9,66.46
A06416,P039,1,184.9,36.98
A06416,P042,1,121.9,24.38
A06416,P081,1,18.9,3.78
A06416,P108,2,79.9,31.96
A06417,P119,1,70.9,0.0
A06418,P022,1,79.9,30.36
A06419,P088,1,76.9,0.0
A06420,P002,2,111.9,62.66
A06420,P005,1,100.9,10.09
A06421,P086,1,99.9,19.98
A06422,P020,3,196.9,106.33
A06422,P048,1,100.9,0.0
A06423,P029,1,173.9,31.3
A06423,P090,1,64.9,0.0
A06424,P019,2,157.9,56.84
A06424,P045,1,83.9,0.0
A06424,P048,2,100.9,0.0
A06424,P052,2,124.9,0.0
A06425,P040,1,180.9,0.0
A06426,P082,1,108.9,0.0
A06427,P091,1,57.9,0.0
A06428,P028,1,241.9,43.54
A06428,P034,1,162.9,0.0
A06428,P054,1,207.9,0.0
A06428,P093,1,36.9,0.0
A06428,P096,1,102.9,0.0
A06429,P043,2,51.9,20.76
A06429,P048,1,100.9,20.18
A06430,P039,1,184.9,0.0
A06430,P065,2,48.9,0.0
A06431,P064,1,140.9,0.0
A06431,P106,1,87.9,0.0
A06432,P014,2,144.9,110.12
A06432,P029,1,173.9,66.08
A06433,P040,2,180.9,0.0
A06433,P057,1,246.9,0.0
A06433,P062,1,72.9,0.0
A06433,P116,1,234.9,0.0
A06434,P095,1,89.9,8.99
A06435,P025,1,104.9,18.88
A06435,P032,1,176.9,0.0
A06435,P071,2,46.9,0.0
A06436,P003,1,198.9,0.0
A06436,P065,1,48.9,0.0
A06436,P091,1,57.9,0.0
A06437,P101,2,222.9,44.58
A06437,P111,2,169.9,33.98
A06438,P008,2,105.9,38.12
A06438,P086,1,99.9,0.0
A06438,P106,1,87.9,0.0
A06439,P006,1,208.9,41.78
A06439,P055,1,135.9,27.18
A06439,P105,1,88.9,17.78
A06440,P062,1,72.9,0.0
A06441,P073,1,266.9,0.0
A06442,P005,1,100.9,18.16
A06442,P046,1,41.9,0.0
A06443,P023,1,174.9,31.48
A06443,P064,3,140.9,0.0
A06443,P104,1,307.9,0.0
A06444,P025,1,104.9,0.0
A06445,P030,1,166.9,0.0
A06445,P040,1,180.9,0.0
A06445,P120,1,195.9,0.0
A06446,P020,1,196.9,0.0
A06446,P119,1,70.9,0.0
A06447,P097,1,27.9,0.0
A06448,P024,1,228.9,41.2
A06448,P040,1,180.9,0.0
A06448,P056,1,179.9,0.0
A06448,P063,1,286.9,0.0
A06448,P077,1,284.9,0.0
A06448,P093,1,36.9,0.0
A06449,P019,1,157.9,28.42
A06449,P066,1,238.9,0.0
A06449,P069,1,266.9,0.0
A06450,P018,1,119.9,0.0
A06451,P050,2,97.9,19.58
A06451,P062,1,72.9,7.29
A06452,P053,1,86.9,17.38
A06453,P021,1,81.9,14.74
A06453,P074,4,281.9,0.0
A06453,P105,1,88.9,0.0
A06453,P116,1,234.9,0.0
A06454,P079,1,230.9,0.0
A06454,P087,1,78.9,0.0
A06455,P013,2,99.9,0.0
A06455,P026,1,193.9,0.0
A06455,P073,1,266.9,0.0
A06456,P051,1,126.9,0.0
A06456,P081,1,18.9,0.0
A06457,P005,1,100.9,38.34
A06458,P001,1,40.9,7.36
A06458,P003,1,198.9,35.8
A06458,P065,2,48.9,0.0
A06458,P099,1,54.9,0.0
A06459,P084,1,18.9,1.89
A06460,P049,1,175.9,35.18
A06460,P061,1,233.9,46.78
A06461,P049,1,175.9,35.18
A06462,P078,1,190.9,38.18
A06463,P001,1,40.9,15.54
A06463,P020,1,196.9,74.82
A06463,P029,2,173.9,132.16
A06464,P091,1,57.9,0.0
A06465,P023,1,174.9,31.48
A06465,P078,2,190.9,0.0
A06466,P035,1,174.9,34.98
A06466,P045,1,83.9,16.78
A06466,P059,2,278.9,111.56
A06466,P116,2,234.9,93.96
A06467,P002,1,111.9,20.14
A06467,P011,2,72.9,0.0
A06467,P022,3,79.9,43.15
A06467,P026,1,193.9,34.9
A06467,P057,2,246.9,0.0
A06467,P059,4,278.9,0.0
A06467,P090,1,64.9,0.0
A06468,P014,1,144.9,40.57
A06468,P074,1,281.9,28.19
A06468,P075,1,115.9,11.59
A06469,P025,2,104.9,41.96
A06469,P087,1,78.9,15.78
A06470,P107,1,203.9,0.0
A06471,P026,1,193.9,34.9
A06471,P078,1,190.9,0.0
A06472,P031,1,93.9,0.0
A06472,P068,2,166.9,0.0
A06473,P054,1,207.9,0.0
A06474,P006,1,208.9,58.49
A06474,P021,1,81.9,22.93
A06474,P024,3,228.9,192.28
A06475,P028,1,241.9,43.54
A06476,P038,1,55.9,0.0
A06477,P021,1,81.9,14.74
A06478,P077,1,284.9,0.0
A06479,P025,2,104.9,37.76
A06479,P053,1,86.9,0.0
A06480,P007,1,153.9,27.7
A06480,P039,1,184.9,0.0
A06480,P048,1,100.9,0.0
A06481,P024,1,228.9,41.2
A06481,P036,1,68.9,0.0
A06481,P082,1,108.9,0.0
A06482,P007,3,153.9,129.28
A06482,P008,2,105.9,59.3
A06482,P010,1,163.9,45.89
A06482,P023,1,174.9,48.97
A06483,P012,1,77.9,14.02
A06483,P047,1,153.9,0.0
A06484,P090,1,64.9,0.0
A06485,P025,2,104.9,79.72
A06485,P053,1,86.9,17.38
A06485,P085,1,33.9,6.78
A06485,P086,1,99.9,19.98
A06485,P115,2,295.9,118.36
A06486,P067,2,68.9,0.0
A06487,P050,1,97.9,0.0
A06487,P084,1,18.9,0.0
A06487,P112,2,141.9,0.0
A06488,P005,1,100.9,0.0
A06489,P117,1,281.9,0.0
A06490,P027,2,187.9,0.0
A06490,P047,5,153.9,0.0
A06491,P025,2,104.9,0.0
A06491,P036,1,68.9,0.0
A06491,P092,2,39.9,0.0
A06492,P022,1,79.9,30.36
A06492,P027,1,187.9,37.58
A06492,P115,1,295.9,59.18
A06493,P010,1,163.9,29.5
A06494,P089,1,59.9,0.0
A06494,P090,1,64.9,0.0
A06495,P004,2,123.9,44.6
A06495,P037,1,68.9,0.0
A06495,P071,2,46.9,0.0
A06496,P019,1,157.9,28.42
A06496,P029,1,173.9,31.3
A06496,P031,1,93.9,0.0
A06497,P003,2,198.9,71.6
A06497,P007,1,153.9,27.7
A06497,P022,1,79.9,0.0
A06497,P120,1,195.9,0.0
A06498,P038,3,55.9,0.0
A06499,P037,3,68.9,41.34
A06500,P026,1,193.9,34.9
A06500,P039,1,184.9,0.0
A06501,P056,1,179.9,35.98
A06501,P102,2,299.9,119.96
A06502,P012,2,77.9,28.04
A06502,P104,2,307.9,0.0
A06503,P030,1,166.9,30.04
A06504,P014,2,144.9,52.16
A06504,P022,1,79.9,14.38
A06504,P034,1,162.9,0.0
A06504,P077,1,284.9,0.0
A06504,P105,3,88.9,0.0
A06504,P112,1,141.9,0.0
A06505,P010,1,163.9,29.5
A06505,P032,1,176.9,0.0
A06505,P034,1,162.9,0.0
A06506,P023,1,174.9,31.48
A06506,P107,1,203.9,0.0
A06507,P022,1,79.9,14.38
A06507,P049,1,175.9,0.0
A06508,P043,2,51.9,0.0
A06509,P042,1,121.9,0.0
A06510,P028,1,241.9,91.92
A06510,P112,1,141.9,28.38
A06511,P017,1,116.9,0.0
A06511,P023,1,174.9,31.48
A06511,P029,1,173.9,31.3
A06512,P011,2,72.9,26.24
A06512,P118,1,192.9,0.0
A06513,P030,2,166.9,60.08
A06513,P053,3,86.9,0.0
A06513,P059,2,278.9,0.0
A06513,P069,3,266.9,0.0
A06513,P090,2,64.9,0.0
A06514,P001,1,40.9,7.36
A06514,P006,2,208.9,75.2
A06514,P043,1,51.9,0.0
A06515,P004,1,123.9,22.3
A06515,P026,1,193.9,34.9
A06515,P029,1,173.9,31.3
A06515,P046,3,41.9,0.0
A06515,P093,1,36.9,0.0
A06515,P094,2,84.9,0.0
A06515,P096,4,102.9,0.0
A06516,P015,1,149.9,26.98
A06516,P032,1,176.9,0.0
A06516,P052,1,124.9,0.0
A06516,P054,2,207.9,0.0
A06516,P067,1,68.9,0.0
A06516,P079,1,230.9,0.0
A06517,P021,1,81.9,14.74
A06517,P101,1,222.9,0.0
A06518,P011,2,72.9,29.16
A06519,P026,1,193.9,34.9
A06520,P007,1,153.9,30.78
A06520,P073,1,266.9,53.38
A06521,P026,1,193.9,34.9
A06521,P050,1,97.9,0.0
A06521,P074,2,281.9,0.0
A06521,P086,1,99.9,0.0
A06521,P112,2,141.9,0.0
A06522,P027,1,187.9,0.0
A06523,P007,1,153.9,27.7
A06523,P013,2,99.9,35.96
A06523,P017,1,116.9,21.04
A06523,P032,1,176.9,0.0
A06523,P034,2,162.9,0.0
A06523,P052,1,124.9,0.0
A06523,P077,2,284.9,0.0
A06524,P030,1,166.9,33.38
A06524,P090,1,64.9,12.98
A06525,P060,1,297.9,0.0
A06525,P081,1,18.9,0.0
A06526,P009,2,248.9,89.6
A06526,P061,2,233.9,0.0
A06526,P075,3,115.9,0.0
A06526,P087,2,78.9,0.0
A06527,P082,2,108.9,0.0
A06528,P008,1,105.9,19.06
A06528,P017,1,116.9,21.04
A06529,P011,1,72.9,13.12
A06530,P008,1,105.9,19.06
A06530,P057,1,246.9,0.0
A06531,P051,2,126.9,0.0
A06531,P087,1,78.9,0.0
A06531,P120,3,195.9,0.0
A06532,P008,1,105.9,19.06
A06532,P105,2,88.9,0.0
A06533,P017,1,116.9,21.04
A06533,P048,1,100.9,0.0
A06533,P090,1,64.9,0.0
A06533,P096,1,102.9,0.0
A06534,P090,1,64.9,0.0
A06534,P091,1,57.9,0.0
A06535,P001,1,40.9,7.36
A06535,P024,1,228.9,41.2
A06535,P120,2,195.9,0.0
A06536,P021,1,81.9,14.74
A06536,P050,1,97.9,0.0
A06536,P094,1,84.9,0.0
A06537,P013,1,99.9,37.96
A06538,P036,1,68.9,6.89
A06538,P040,1,180.9,18.09
A06538,P098,1,87.9,8.79
A06539,P011,1,72.9,0.0
A06540,P004,2,123.9,49.56
A06540,P040,2,180.9,72.36
A06540,P053,1,86.9,17.38
A06541,P094,1,84.9,0.0
A06541,P117,1,281.9,0.0
A06542,P008,2,105.9,80.48
A06542,P025,2,104.9,79.72
A06542,P051,2,126.9,50.76
A06542,P090,2,64.9,25.96
A06542,P108,2,79.9,31.96
A06543,P023,2,174.9,132.92
A06543,P026,1,193.9,38.78
A06543,P039,1,184.9,36.98
A06543,P054,1,207.9,41.58
A06543,P057,5,246.9,246.9
A06543,P059,5,278.9,278.9
A06544,P003,1,198.9,35.8
A06544,P053,1,86.9,0.0
A06545,P110,1,225.9,0.0
A06546,P090,1,64.9,0.0
A06546,P094,1,84.9,0.0
A06547,P084,1,18.9,0.0
A06547,P100,1,110.9,0.0
A06548,P038,1,55.9,11.18
A06548,P049,1,175.9,35.18
A06548,P054,2,207.9,83.16
A06548,P074,2,281.9,112.76
A06549,P002,1,111.9,20.14
A06549,P003,1,198.9,35.8
A06549,P067,2,68.9,0.0
A06549,P084,1,18.9,0.0
A06550,P040,1,180.9,0.0
A06551,P063,1,286.9,0.0
A06552,P017,1,116.9,0.0
A06552,P080,1,149.9,0.0
A06552,P098,1,87.9,0.0
A06552,P116,1,234.9,0.0
A06553,P071,1,46.9,0.0
A06553,P077,1,284.9,0.0
A06554,P007,1,153.9,27.7
A06554,P072,1,50.9,0.0
A06555,P010,1,163.9,0.0
A06555,P084,1,18.9,0.0
A06556,P031,2,93.9,0.0
A06556,P085,2,33.9,0.0
A06556,P096,1,102.9,0.0
A06556,P118,1,192.9,0.0
A06557,P108,1,79.9,0.0
A06558,P013,2,99.9,35.96
A06559,P009,1,248.9,94.58
A06559,P038,1,55.9,11.18
A06560,P026,1,193.9,38.78
A06560,P079,1,230.9,46.18
A06560,P105,2,88.9,35.56
A06561,P012,1,77.9,14.02
A06561,P109,1,221.9,0.0
A06562,P025,1,104.9,0.0
A06562,P081,1,18.9,0.0
A06562,P093,1,36.9,0.0
A06563,P060,3,297.9,0.0
A06563,P093,1,36.9,0.0
A06564,P025,1,104.9,20.98
A06564,P056,1,179.9,35.98
A06565,P094,1,84.9,0.0
A06565,P109,2,221.9,0.0
A06566,P027,1,187.9,37.58
A06566,P034,2,162.9,65.16
A06566,P052,1,124.9,24.98
A06566,P086,3,99.9,59.94
A06567,P001,3,40.9,46.63
A06567,P019,3,157.9,180.01
A06567,P020,3,196.9,224.47
A06567,P021,1,81.9,31.12
A06567,P034,2,162.9,65.16
A06567,P035,4,174.9,139.92
A06567,P053,2,86.9,34.76
A06567,P062,2,72.9,29.16
A06567,P080,1,149.9,29.98
A06567,P087,2,78.9,31.56
A06567,P109,2,221.9,88.76
A06568,P002,1,111.9,20.14
A06568,P050,1,97.9,0.0
A06568,P075,1,115.9,0.0
A06569,P028,1,241.9,43.54
A06569,P109,1,221.9,0.0
A06570,P026,1,193.9,34.9
A06570,P046,1,41.9,0.0
A06570,P057,2,246.9,0.0
A06570,P089,1,59.9,0.0
A06570,P102,1,299.9,0.0
A06571,P018,2,119.9,43.16
A06571,P067,1,68.9,0.0
A06572,P004,1,123.9,22.3
A06572,P059,2,278.9,0.0
A06572,P120,1,195.9,0.0
A06573,P029,1,173.9,66.08
A06573,P053,1,86.9,17.38
A06573,P065,1,48.9,9.78
A06573,P081,1,18.9,3.78
A06573,P117,1,281.9,56.38
A06574,P010,1,163.9,45.89
A06575,P113,1,244.9,0.0
A06576,P003,2,198.9,79.56
A06576,P118,1,192.9,38.58
A06577,P080,1,149.9,29.98
A06577,P111,1,169.9,33.98
A06578,P012,2,77.9,0.0
A06578,P015,1,149.9,26.98
A06578,P043,1,51.9,0.0
A06579,P046,1,41.9,0.0
A06579,P097,2,27.9,0.0
A06580,P034,2,162.9,32.58
A06581,P064,1,140.9,14.09
A06581,P118,1,192.9,19.29
A06582,P054,1,207.9,0.0
A06583,P001,1,40.9,7.36
A06583,P071,1,46.9,0.0
A06583,P103,1,266.9,0.0
A06583,P112,2,141.9,0.0
A06584,P013,2,99.9,39.96
A06584,P033,2,51.9,20.76
A06584,P035,1,174.9,34.98
A06584,P057,1,246.9,49.38
A06585,P009,2,248.9,0.0
A06585,P023,1,174.9,31.48
A06585,P080,1,149.9,0.0
A06585,P104,1,307.9,0.0
A06586,P004,3,123.9,74.34
A06586,P018,2,119.9,47.96
A06586,P023,2,174.9,132.92
A06586,P024,1,228.9,86.98
A06586,P046,2,41.9,16.76
A06586,P101,1,222.9,44.58
A06587,P027,1,187.9,0.0
A06587,P049,1,175.9,0.0
A06587,P116,1,234.9,0.0
A06588,P015,2,149.9,113.92
A06588,P022,2,79.9,60.72
A06588,P030,1,166.9,63.42
A06588,P053,1,86.9,17.38
A06588,P065,1,48.9,9.78
A06588,P079,1,230.9,46.18
A06589,P055,2,135.9,0.0
A06589,P082,1,108.9,0.0
A06589,P101,2,222.9,0.0
A06590,P118,1,192.9,19.29
A06591,P011,1,72.9,13.12
A06591,P020,1,196.9,35.44
A06591,P112,2,141.9,0.0
A06592,P025,1,104.9,39.86
A06593,P008,1,105.9,19.06
A06593,P017,1,116.9,21.04
A06594,P029,1,173.9,31.3
A06595,P079,1,230.9,0.0
A06595,P084,1,18.9,0.0
A06596,P015,1,149.9,56.96
A06596,P026,1,193.9,73.68
A06597,P035,1,174.9,0.0
A06597,P092,1,39.9,0.0
A06597,P112,1,141.9,0.0
A06598,P001,1,40.9,0.0
A06598,P014,2,144.9,0.0
A06598,P020,4,196.9,141.77
A06598,P041,1,118.9,0.0
A06598,P045,1,83.9,0.0
A06598,P073,1,266.9,0.0
A06599,P017,1,116.9,32.73
A06599,P074,1,281.9,28.19
A06600,P084,1,18.9,0.0
A06600,P096,2,102.9,0.0
A06600,P116,2,234.9,0.0
A06601,P060,1,297.9,59.58
A06601,P070,1,132.9,26.58
A06601,P094,1,84.9,16.98
A06602,P009,1,248.9,0.0
A06602,P031,2,93.9,0.0
A06602,P033,1,51.9,0.0
A06602,P054,1,207.9,0.0
A06603,P044,1,99.9,0.0
A06604,P004,1,123.9,22.3
A06604,P009,1,248.9,0.0
A06604,P010,1,163.9,29.5
A06604,P027,2,187.9,0.0
A06604,P039,2,184.9,0.0
A06604,P085,2,33.9,0.0
A06605,P016,1,203.9,36.7
A06605,P030,1,166.9,30.04
A06605,P086,1,99.9,0.0
A06606,P013,1,99.9,17.98
A06606,P052,2,124.9,0.0
A06607,P018,1,119.9,21.58
A06608,P025,1,104.9,18.88
A06608,P087,1,78.9,0.0
A06608,P090,2,64.9,0.0
A06609,P035,1,174.9,34.98
A06609,P069,1,266.9,53.38
A06610,P003,1,198.9,55.69
A06610,P014,1,144.9,40.57
A06610,P047,1,153.9,15.39
A06611,P029,1,173.9,66.08
A06611,P067,1,68.9,13.78
A06612,P061,1,233.9,46.78
A06613,P105,1,88.9,8.89
A06614,P019,1,157.9,31.58
A06614,P029,2,173.9,132.16
A06614,P085,3,33.9,20.34
A06614,P119,2,70.9,28.36
A06615,P013,1,99.9,17.98
A06615,P049,1,175.9,0.0
A06616,P007,1,153.9,0.0
A06617,P009,2,248.9,89.6
A06617,P023,2,174.9,62.96
A06617,P034,1,162.9,0.0
A06617,P041,2,118.9,0.0
A06617,P073,1,266.9,0.0
A06617,P110,1,225.9,0.0
A06618,P086,1,99.9,0.0
A06619,P026,1,193.9,38.78
A06619,P046,1,41.9,8.38
A06620,P027,2,187.9,105.22
A06620,P041,1,118.9,11.89
A06620,P062,1,72.9,7.29
A06620,P092,1,39.9,3.99
A06621,P026,1,193.9,0.0
A06621,P041,1,118.9,0.0
A06621,P071,1,46.9,0.0
A06621,P099,2,54.9,0.0
A06622,P012,1,77.9,0.0
A06622,P103,1,266.9,0.0
A06623,P007,1,153.9,43.09
A06623,P046,1,41.9,4.19
A06623,P100,1,110.9,11.09
A06624,P062,2,72.9,0.0
A06624,P072,1,50.9,0.0
A06625,P024,1,228.9,86.98
A06625,P066,2,238.9,95.56
A06626,P049,2,175.9,0.0
A06626,P085,1,33.9,0.0
A06626,P096,1,102.9,0.0
A06627,P015,3,149.9,80.95
A06627,P033,1,51.9,0.0
A06628,P021,1,81.9,14.74
A06628,P086,4,99.9,0.0
A06628,P109,1,221.9,0.0
A06629,P079,1,230.9,23.09
A06629,P118,1,192.9,19.29
A06630,P082,1,108.9,0.0
A06631,P001,1,40.9,7.36
A06631,P003,2,198.9,71.6
A06631,P063,1,286.9,0.0
A06632,P022,1,79.9,30.36
A06633,P056,2,179.9,0.0
A06633,P116,2,234.9,0.0
A06634,P011,1,72.9,27.7
A06634,P027,1,187.9,71.4
A06634,P078,1,190.9,38.18
A06634,P081,1,18.9,3.78
A06635,P014,1,144.9,26.08
A06636,P004,1,123.9,22.3
A06636,P040,1,180.9,0.0
A06636,P063,2,286.9,0.0
A06637,P031,1,93.9,0.0
A06637,P076,2,203.9,0.0
A06638,P004,1,123.9,22.3
A06638,P030,1,166.9,30.04
A06639,P090,1,64.9,0.0
A06640,P026,1,193.9,0.0
A06640,P047,1,153.9,0.0
A06640,P100,1,110.9,0.0
A06641,P030,1,166.9,30.04
A06642,P008,2,105.9,38.12
A06642,P023,1,174.9,31.48
A06643,P041,1,118.9,0.0
A06644,P017,1,116.9,0.0
A06644,P021,1,81.9,14.74
A06644,P024,3,228.9,123.61
A06644,P052,1,124.9,0.0
A06644,P075,1,115.9,0.0
A06644,P094,1,84.9,0.0
A06644,P120,3,195.9,0.0
A06645,P014,1,144.9,0.0
A06645,P036,1,68.9,0.0
A06645,P084,3,18.9,0.0
A06645,P110,3,225.9,0.0
A06645,P118,1,192.9,0.0
A06646,P026,1,193.9,54.29
A06647,P004,2,123.9,0.0
A06647,P033,1,51.9,0.0
A06648,P057,1,246.9,49.38
A06648,P093,3,36.9,22.14
A06648,P111,2,169.9,67.96
A06648,P114,1,246.9,49.38
A06649,P002,2,111.9,0.0
A06649,P004,1,123.9,0.0
A06649,P063,1,286.9,0.0
A06649,P097,1,27.9,0.0
A06650,P093,2,36.9,0.0
A06651,P011,2,72.9,26.24
A06651,P080,2,149.9,0.0
A06651,P104,2,307.9,0.0
A06652,P019,1,157.9,28.42
A06652,P030,1,166.9,30.04
A06652,P034,2,162.9,0.0
A06653,P069,1,266.9,0.0
A06653,P095,1,89.9,0.0
A06654,P086,2,99.9,0.0
A06655,P082,1,108.9,10.89
A06656,P061,1,233.9,23.39
A06657,P008,2,105.9,42.36
A06657,P053,1,86.9,17.38
A06657,P081,1,18.9,3.78
A06658,P009,2,248.9,89.6
A06658,P042,3,121.9,0.0
A06658,P070,1,132.9,0.0
A06658,P083,2,116.9,0.0
A06659,P091,1,57.9,0.0
A06660,P005,1,100.9,38.34
A06660,P009,1,248.9,94.58
A06661,P001,3,40.9,24.54
A06661,P007,3,153.9,175.45
A06661,P017,3,116.9,133.27
A06661,P019,4,157.9,240.01
A06661,P024,3,228.9,137.34
A06661,P030,3,166.9,190.27
A06661,P052,1,124.9,24.98
A06661,P057,3,246.9,148.14
A06661,P059,6,278.9,334.68
A06661,P073,2,266.9,106.76
A06661,P082,3,108.9,65.34
A06661,P085,4,33.9,27.12
A06661,P098,2,87.9,35.16
A06661,P101,6,222.9,267.48
A06661,P104,4,307.9,246.32
A06661,P116,3,234.9,140.94
A06662,P034,1,162.9,0.0
A06662,P083,2,116.9,0.0
A06663,P031,1,93.9,0.0
A06663,P091,2,57.9,0.0
A06664,P082,1,108.9,0.0
A06664,P107,1,203.9,0.0
A06665,P107,1,203.9,0.0
A06666,P021,2,81.9,29.48
A06666,P048,1,100.9,0.0
A06666,P069,1,266.9,0.0
A06666,P079,2,230.9,0.0
A06666,P087,1,78.9,0.0
A06666,P092,1,39.9,0.0
A06667,P025,2,104.9,37.76
A06667,P117,3,281.9,0.0
A06668,P058,1,271.9,0.0
A06668,P107,2,203.9,0.0
A06668,P109,2,221.9,0.0
A06669,P029,1,173.9,31.3
A06669,P075,1,115.9,0.0
A06670,P045,2,83.9,0.0
A06671,P002,1,111.9,20.14
A06671,P005,1,100.9,18.16
A06671,P009,1,248.9,44.8
A06671,P069,1,266.9,0.0
A06671,P103,1,266.9,0.0
A06672,P067,2,68.9,27.56
A06673,P023,1,174.9,31.48
A06673,P045,2,83.9,0.0
A06673,P046,1,41.9,0.0
A06673,P088,2,76.9,0.0
A06674,P005,1,100.9,18.16
A06674,P059,2,278.9,0.0
A06674,P069,1,266.9,0.0
A06674,P094,1,84.9,0.0
A06675,P071,1,46.9,0.0
A06675,P084,1,18.9,0.0
A06675,P117,3,281.9,0.0
A06676,P075,1,115.9,0.0
A06677,P004,1,123.9,47.08
A06677,P042,2,121.9,48.76
A06677,P050,1,97.9,19.58
A06677,P082,2,108.9,43.56
A06678,P051,1,126.9,0.0
A06678,P084,1,18.9,0.0
A06678,P112,1,141.9,0.0
A06679,P023,2,174.9,62.96
A06679,P088,1,76.9,0.0
A06680,P093,1,36.9,0.0
A06681,P001,1,40.9,15.54
A06682,P045,1,83.9,0.0
A06683,P030,1,166.9,0.0
A06683,P088,1,76.9,0.0
A06684,P083,1,116.9,23.38
A06684,P102,1,299.9,59.98
A06685,P098,1,87.9,0.0
A06686,P030,1,166.9,63.42
A06686,P068,1,166.9,33.38
A06687,P024,1,228.9,41.2
A06687,P090,1,64.9,0.0
A06688,P014,1,144.9,55.06
A06688,P017,1,116.9,44.42
A06688,P022,1,79.9,30.36
A06688,P028,2,241.9,183.84
A06688,P088,1,76.9,15.38
A06688,P095,1,89.9,17.98
A06689,P066,2,238.9,0.0
A06689,P096,3,102.9,0.0
A06689,P108,1,79.9,0.0
A06689,P118,1,192.9,0.0
A06690,P044,2,99.9,39.96
A06690,P075,1,115.9,23.18
A06690,P092,1,39.9,7.98
A06691,P015,1,149.9,56.96
A06691,P052,1,124.9,24.98
A06691,P069,1,266.9,53.38
A06691,P120,1,195.9,39.18
A06692,P034,1,162.9,0.0
A06692,P039,1,184.9,0.0
A06692,P044,2,99.9,0.0
A06692,P052,1,124.9,0.0
A06692,P057,1,246.9,0.0
A06693,P002,1,111.9,22.38
A06693,P077,1,284.9,56.98
A06694,P010,1,163.9,29.5
A06694,P087,1,78.9,0.0
A06695,P003,1,198.9,39.78
A06695,P038,1,55.9,11.18
A06695,P039,1,184.9,36.98
A06695,P082,2,108.9,43.56
A06696,P025,1,104.9,20.98
A06696,P081,1,18.9,3.78
A06696,P101,1,222.9,44.58
A06697,P047,1,153.9,0.0
A06698,P026,1,193.9,34.9
A06699,P004,1,123.9,22.3
A06699,P008,1,105.9,0.0
A06699,P019,1,157.9,0.0
A06699,P111,1,169.9,0.0
A06700,P018,1,119.9,45.56
A06700,P038,1,55.9,11.18
A06701,P004,1,123.9,22.3
A06701,P039,1,184.9,0.0
A06701,P079,1,230.9,0.0
A06701,P091,1,57.9,0.0
A06702,P040,1,180.9,0.0
A06703,P056,1,179.9,0.0
A06703,P111,2,169.9,0.0
A06704,P006,1,208.9,37.6
A06704,P012,2,77.9,28.04
A06704,P034,1,162.9,0.0
A06704,P036,2,68.9,0.0
A06704,P081,3,18.9,0.0
A06704,P091,1,57.9,0.0
A06705,P010,1,163.9,62.28
A06705,P032,1,176.9,35.38
A06706,P018,1,119.9,21.58
A06706,P025,2,104.9,0.0
A06707,P009,2,248.9,89.6
A06707,P084,1,18.9,0.0
A06708,P002,1,111.9,42.52
A06708,P012,1,77.9,29.6
A06708,P022,1,79.9,30.36
A06709,P001,2,40.9,14.72
A06709,P035,1,174.9,0.0
A06709,P053,1,86.9,0.0
A06710,P062,1,72.9,0.0
A06710,P081,1,18.9,0.0
A06711,P006,1,208.9,79.38
A06711,P027,1,187.9,71.4
A06711,P063,1,286.9,57.38
A06712,P005,1,100.9,38.34
A06712,P015,1,149.9,56.96
A06712,P037,1,68.9,13.78
A06713,P056,1,179.9,0.0
A06713,P059,1,278.9,0.0
A06713,P065,1,48.9,0.0
A06714,P034,1,162.9,0.0
A06715,P037,2,68.9,0.0
A06715,P046,5,41.9,0.0
A06715,P065,1,48.9,0.0
A06716,P029,1,173.9,48.69
A06717,P034,2,162.9,0.0
A06718,P057,1,246.9,49.38
A06719,P040,1,180.9,0.0
A06719,P055,2,135.9,0.0
A06719,P061,1,233.9,0.0
A06720,P023,1,174.9,66.46
A06720,P057,2,246.9,98.76
A06720,P106,1,87.9,17.58
A06720,P110,2,225.9,90.36
A06721,P054,1,207.9,0.0
A06722,P090,1,64.9,12.98
A06723,P047,1,153.9,0.0
A06724,P009,1,248.9,94.58
A06724,P014,3,144.9,165.19
A06724,P015,1,149.9,29.98
A06724,P036,2,68.9,27.56
A06724,P048,1,100.9,20.18
A06725,P005,1,100.9,0.0
A06725,P020,1,196.9,0.0
A06725,P073,1,266.9,0.0
A06725,P098,1,87.9,0.0
A06726,P051,1,126.9,12.69
A06727,P037,1,68.9,13.78
A06728,P027,1,187.9,33.82
A06728,P039,1,184.9,0.0
A06729,P015,1,149.9,0.0
A06729,P054,1,207.9,0.0
A06729,P078,2,190.9,0.0
A06730,P008,1,105.9,0.0
A06730,P034,2,162.9,0.0
A06731,P006,1,208.9,37.6
A06731,P059,1,278.9,0.0
A06731,P096,1,102.9,0.0
A06732,P116,1,234.9,23.49
A06733,P040,1,180.9,0.0
A06734,P032,1,176.9,0.0
A06734,P084,1,18.9,0.0
A06735,P020,1,196.9,35.44
A06736,P060,1,297.9,0.0
A06736,P072,2,50.9,0.0
A06737,P060,1,297.9,0.0
A06737,P062,2,72.9,0.0
A06738,P075,1,115.9,0.0
A06738,P114,1,246.9,0.0
A06739,P023,1,174.9,66.46
A06739,P028,1,241.9,91.92
A06739,P035,1,174.9,34.98
A06739,P047,1,153.9,30.78
A06739,P096,1,102.9,20.58
A06740,P081,1,18.9,3.78
A06741,P019,1,157.9,15.79
A06742,P108,1,79.9,15.98
A06742,P115,1,295.9,59.18
A06743,P026,1,193.9,34.9
A06743,P040,1,180.9,0.0
A06743,P062,1,72.9,0.0
A06743,P100,1,110.9,0.0
A06744,P020,1,196.9,35.44
A06745,P045,1,83.9,0.0
A06745,P100,1,110.9,0.0
A06746,P051,1,126.9,0.0
A06747,P022,1,79.9,15.98
A06747,P077,1,284.9,56.98
A06748,P038,2,55.9,0.0
A06748,P099,2,54.9,0.0
A06749,P002,1,111.9,20.14
A06749,P006,1,208.9,37.6
A06749,P060,1,297.9,0.0
A06749,P065,2,48.9,0.0
A06749,P099,1,54.9,0.0
A06750,P006,1,208.9,79.38
A06750,P100,1,110.9,22.18
A06751,P002,1,111.9,20.14
A06751,P016,1,203.9,36.7
A06752,P025,1,104.9,39.86
A06752,P094,1,84.9,16.98
A06753,P082,1,108.9,0.0
A06754,P038,2,55.9,0.0
A06754,P067,1,68.9,0.0
A06755,P021,1,81.9,0.0
A06755,P033,1,51.9,0.0
A06755,P077,1,284.9,0.0
A06755,P119,1,70.9,0.0
A06756,P024,2,228.9,173.96
A06757,P071,1,46.9,9.38
A06757,P084,3,18.9,11.34
A06758,P001,1,40.9,7.36
A06758,P037,1,68.9,0.0
A06759,P029,1,173.9,0.0
A06759,P035,1,174.9,0.0
A06760,P017,1,116.9,23.38
A06761,P035,1,174.9,0.0
A06762,P052,1,124.9,0.0
A06762,P088,1,76.9,0.0
A06763,P013,1,99.9,17.98
A06763,P018,1,119.9,21.58
A06763,P058,1,271.9,0.0
A06764,P002,1,111.9,0.0
A06764,P042,2,121.9,0.0
A06764,P051,1,126.9,0.0
A06764,P054,1,207.9,0.0
A06765,P031,1,93.9,9.39
A06766,P005,1,100.9,18.16
A06766,P031,2,93.9,0.0
A06767,P087,1,78.9,0.0
A06768,P093,3,36.9,0.0
A06769,P041,1,118.9,0.0
A06770,P009,1,248.9,44.8
A06770,P035,1,174.9,0.0
A06770,P053,2,86.9,0.0
A06770,P093,4,36.9,0.0
A06771,P009,2,248.9,99.56
A06771,P034,1,162.9,32.58
A06771,P076,1,203.9,40.78
A06772,P017,1,116.9,21.04
A06772,P076,1,203.9,0.0
A06772,P100,1,110.9,0.0
A06772,P118,2,192.9,0.0
A06773,P025,1,104.9,18.88
A06774,P047,1,153.9,0.0
A06774,P098,1,87.9,0.0
A06775,P015,1,149.9,0.0
A06775,P107,2,203.9,0.0
A06776,P074,1,281.9,56.38
A06777,P009,2,248.9,0.0
A06777,P012,1,77.9,0.0
A06777,P028,1,241.9,0.0
A06777,P041,1,118.9,0.0
A06777,P070,2,132.9,0.0
A06777,P097,2,27.9,0.0
A06778,P019,2,157.9,0.0
A06778,P024,1,228.9,41.2
A06778,P031,2,93.9,0.0
A06779,P094,1,84.9,0.0
A06779,P099,2,54.9,0.0
A06780,P010,2,163.9,59.0
A06780,P022,1,79.9,14.38
A06780,P073,1,266.9,0.0
A06781,P051,1,126.9,0.0
A06781,P065,2,48.9,0.0
A06782,P014,1,144.9,55.06
A06782,P078,1,190.9,38.18
A06782,P085,1,33.9,6.78
A06783,P077,1,284.9,0.0
A06784,P014,1,144.9,26.08
A06785,P032,1,176.9,0.0
A06785,P042,1,121.9,0.0
A06785,P051,1,126.9,0.0
A06785,P104,2,307.9,0.0
A06786,P006,3,208.9,112.81
A06786,P060,1,297.9,0.0
A06787,P041,4,118.9,0.0
A06787,P061,1,233.9,0.0
A06787,P087,1,78.9,0.0
A06788,P052,2,124.9,0.0
A06789,P005,1,100.9,38.34
A06789,P014,1,144.9,55.06
A06789,P054,1,207.9,41.58
A06789,P079,1,230.9,46.18
A06789,P085,2,33.9,13.56
A06789,P113,1,244.9,48.98
A06790,P032,1,176.9,0.0
A06790,P065,1,48.9,0.0
A06790,P118,2,192.9,0.0
A06791,P031,1,93.9,0.0
A06791,P037,2,68.9,0.0
A06791,P092,1,39.9,0.0
A06791,P119,1,70.9,0.0
A06792,P013,1,99.9,17.98
A06792,P046,3,41.9,0.0
A06792,P099,2,54.9,0.0
A06792,P101,1,222.9,0.0
A06793,P072,1,50.9,0.0
A06793,P093,1,36.9,0.0
A06794,P012,1,77.9,15.58
A06795,P032,1,176.9,0.0
A06795,P047,1,153.9,0.0
A06796,P019,1,157.9,28.42
A06796,P071,1,46.9,0.0
A06797,P070,1,132.9,26.58
A06798,P005,2,100.9,36.32
A06798,P095,1,89.9,0.0
A06799,P006,1,208.9,79.38
A06799,P043,3,51.9,31.14
A06799,P077,2,284.9,113.96
A06799,P097,1,27.9,5.58
A06799,P100,1,110.9,22.18
A06800,P018,2,119.9,43.16
A06801,P001,2,40.9,14.72
A06801,P013,6,99.9,0.0
A06801,P039,1,184.9,0.0
A06801,P047,1,153.9,0.0
A06801,P053,1,86.9,0.0
A06801,P088,1,76.9,0.0
A06801,P108,1,79.9,0.0
A06801,P109,3,221.9,0.0
A06802,P015,3,149.9,80.95
A06802,P065,1,48.9,0.0
A06803,P023,2,174.9,62.96
A06804,P007,1,153.9,0.0
A06804,P013,1,99.9,17.98
A06805,P013,1,99.9,37.96
A06805,P054,3,207.9,124.74
A06806,P008,2,105.9,80.48
A06806,P020,3,196.9,224.47
A06806,P060,2,297.9,119.16
A06806,P096,1,102.9,20.58
A06807,P025,1,104.9,39.86
A06807,P054,1,207.9,41.58
A06807,P087,2,78.9,31.56
A06808,P038,3,55.9,0.0
A06808,P055,1,135.9,0.0
A06808,P104,1,307.9,0.0
A06809,P005,2,100.9,36.32
A06809,P022,2,79.9,28.76
A06809,P052,1,124.9,0.0
A06809,P097,1,27.9,0.0
A06810,P003,1,198.9,55.69
A06810,P041,1,118.9,11.89
A06810,P082,2,108.9,21.78
A06811,P023,1,174.9,31.48
A06812,P028,1,241.9,48.38
A06813,P014,2,144.9,52.16
A06814,P003,1,198.9,35.8
A06814,P013,2,99.9,35.96
A06814,P042,1,121.9,0.0
A06815,P003,1,198.9,75.58
A06815,P013,1,99.9,37.96
A06815,P087,2,78.9,31.56
A06815,P092,1,39.9,7.98
A06815,P116,1,234.9,46.98
A06816,P032,1,176.9,0.0
A06816,P082,2,108.9,0.0
A06817,P003,2,198.9,71.6
A06817,P006,1,208.9,0.0
A06817,P009,2,248.9,89.6
A06817,P051,2,126.9,0.0
A06817,P081,2,18.9,0.0
A06817,P097,1,27.9,0.0
A06818,P035,2,174.9,0.0
A06819,P008,1,105.9,19.06
A06819,P041,1,118.9,0.0
A06819,P047,1,153.9,0.0
A06820,P053,1,86.9,0.0
A06820,P055,1,135.9,0.0
A06820,P091,1,57.9,0.0
A06821,P041,1,118.9,0.0
A06821,P067,1,68.9,0.0
A06822,P038,1,55.9,11.18
A06822,P093,1,36.9,7.38
A06823,P008,2,105.9,0.0
A06823,P018,1,119.9,21.58
A06823,P021,3,81.9,44.23
A06823,P029,1,173.9,0.0
A06823,P048,1,100.9,0.0
A06824,P017,1,116.9,32.73
A06824,P019,1,157.9,15.79
A06825,P068,1,166.9,0.0
A06825,P087,1,78.9,0.0
A06825,P105,3,88.9,0.0
A06826,P028,2,241.9,87.08
A06826,P030,1,166.9,30.04
A06827,P007,1,153.9,27.7
A06827,P037,2,68.9,0.0
A06827,P081,2,18.9,0.0
A06827,P120,2,195.9,0.0
A06828,P010,2,163.9,65.56
A06828,P095,1,89.9,17.98
A06829,P023,1,174.9,34.98
A06829,P097,1,27.9,5.58
A06830,P011,1,72.9,13.12
A06830,P068,1,166.9,0.0
A06831,P007,2,153.9,116.96
A06831,P057,2,246.9,98.76
A06831,P109,1,221.9,44.38
A06832,P025,2,104.9,37.76
A06832,P035,1,174.9,0.0
A06832,P064,1,140.9,0.0
A06833,P072,1,50.9,0.0
A06834,P037,1,68.9,0.0
A06834,P050,1,97.9,0.0
A06834,P054,1,207.9,0.0
A06834,P062,1,72.9,0.0
A06835,P007,1,153.9,27.7
A06835,P028,1,241.9,43.54
A06835,P070,1,132.9,0.0
A06836,P019,1,157.9,0.0
A06836,P032,2,176.9,0.0
A06836,P088,1,76.9,0.0
A06836,P117,1,281.9,0.0
A06837,P011,1,72.9,13.12
A06838,P082,1,108.9,0.0
A06839,P037,3,68.9,0.0
A06839,P110,2,225.9,0.0
A06840,P003,1,198.9,75.58
A06840,P022,1,79.9,15.98
A06840,P055,1,135.9,27.18
A06840,P095,1,89.9,17.98
A06841,P071,1,46.9,9.38
A06841,P072,1,50.9,10.18
A06841,P116,2,234.9,93.96
A06841,P118,1,192.9,38.58
A06842,P012,1,77.9,21.81
A06842,P021,2,81.9,45.86
A06842,P040,1,180.9,18.09
A06842,P093,1,36.9,3.69
A06843,P003,1,198.9,35.8
A06843,P105,2,88.9,0.0
A06844,P027,1,187.9,0.0
A06845,P017,2,116.9,42.08
A06846,P005,1,100.9,18.16
A06846,P050,3,97.9,0.0
A06847,P021,1,81.9,22.93
A06848,P002,1,111.9,20.14
A06849,P083,1,116.9,0.0
A06850,P054,1,207.9,0.0
A06850,P075,2,115.9,0.0
A06851,P026,1,193.9,34.9
A06851,P091,1,57.9,0.0
A06851,P101,1,222.9,0.0
A06852,P065,2,48.9,0.0
A06852,P089,2,59.9,0.0
A06852,P099,1,54.9,0.0
A06853,P079,1,230.9,0.0
A06854,P068,1,166.9,0.0
A06854,P093,1,36.9,0.0
A06855,P004,1,123.9,0.0
A06855,P050,1,97.9,0.0
A06855,P065,1,48.9,0.0
A06856,P083,1,116.9,23.38
A06857,P003,1,198.9,35.8
A06858,P102,1,299.9,59.98
A06859,P023,1,174.9,31.48
A06859,P037,1,68.9,0.0
A06859,P051,2,126.9,0.0
A06860,P015,2,149.9,53.96
A06860,P080,3,149.9,0.0
A06861,P028,1,241.9,48.38
A06862,P092,1,39.9,7.98
A06863,P024,1,228.9,41.2
A06863,P029,1,173.9,31.3
A06864,P018,1,119.9,21.58
A06864,P030,1,166.9,30.04
A06865,P098,1,87.9,0.0
A06866,P020,1,196.9,0.0
A06866,P037,3,68.9,0.0
A06866,P048,2,100.9,0.0
A06866,P069,1,266.9,0.0
A06866,P093,1,36.9,0.0
A06867,P042,1,121.9,0.0
A06868,P054,1,207.9,0.0
A06868,P061,1,233.9,0.0
A06868,P089,1,59.9,0.0
A06869,P011,1,72.9,13.12
A06869,P069,1,266.9,0.0
A06869,P093,1,36.9,0.0
A06870,P060,1,297.9,0.0
A06870,P085,2,33.9,0.0
A06870,P115,1,295.9,0.0
A06871,P028,1,241.9,43.54
A06872,P023,1,174.9,0.0
A06872,P048,1,100.9,0.0
A06873,P060,1,297.9,0.0
A06874,P009,3,248.9,283.75
A06874,P023,2,174.9,132.92
A06874,P041,3,118.9,71.34
A06874,P102,1,299.9,59.98
A06874,P116,2,234.9,93.96
A06875,P012,1,77.9,14.02
A06875,P097,1,27.9,0.0
A06876,P001,1,40.9,7.36
A06877,P005,1,100.9,38.34
A06877,P073,1,266.9,53.38
A06877,P082,1,108.9,21.78
A06878,P029,1,173.9,48.69
A06878,P050,1,97.9,9.79
A06878,P087,2,78.9,15.78
A06879,P008,1,105.9,10.59
A06880,P011,2,72.9,55.4
A06880,P056,3,179.9,107.94
A06880,P063,1,286.9,57.38
A06881,P030,1,166.9,63.42
A06881,P044,2,99.9,39.96
A06881,P091,1,57.9,11.58
A06881,P095,1,89.9,17.98
A06881,P106,1,87.9,17.58
A06882,P052,1,124.9,0.0
A06883,P006,2,208.9,0.0
A06884,P045,1,83.9,16.78
A06884,P076,1,203.9,40.78
A06884,P091,2,57.9,23.16
A06884,P114,2,246.9,98.76
A06884,P115,1,295.9,59.18
A06885,P033,2,51.9,0.0
A06885,P047,1,153.9,0.0
A06885,P097,1,27.9,0.0
A06886,P032,2,176.9,70.76
A06886,P034,1,162.9,32.58
A06887,P012,2,77.9,28.04
A06887,P013,1,99.9,17.98
A06887,P113,1,244.9,0.0
A06888,P083,1,116.9,0.0
A06888,P087,1,78.9,0.0
A06888,P117,2,281.9,0.0
A06889,P026,1,193.9,34.9
A06889,P036,1,68.9,0.0
A06889,P057,1,246.9,0.0
A06890,P018,2,119.9,91.12
A06890,P053,2,86.9,34.76
A06891,P025,1,104.9,39.86
A06891,P036,1,68.9,13.78
A06891,P099,3,54.9,32.94
A06892,P006,1,208.9,0.0
A06892,P023,3,174.9,94.45
A06893,P023,1,174.9,66.46
A06893,P031,1,93.9,18.78
A06893,P032,1,176.9,35.38
A06893,P090,1,64.9,12.98
A06894,P013,1,99.9,17.98
A06894,P077,1,284.9,0.0
A06895,P082,1,108.9,0.0
A06895,P112,1,141.9,0.0
A06896,P093,1,36.9,0.0
A06897,P006,1,208.9,79.38
A06897,P034,1,162.9,32.58
A06897,P087,1,78.9,15.78
A06897,P095,1,89.9,17.98
A06898,P017,1,116.9,0.0
A06899,P048,1,100.9,20.18
A06900,P107,1,203.9,0.0
A06901,P017,2,116.9,42.08
A06901,P026,1,193.9,0.0
A06901,P048,1,100.9,0.0
A06901,P049,1,175.9,0.0
A06901,P059,1,278.9,0.0
A06901,P088,2,76.9,0.0
A06902,P006,1,208.9,37.6
A06902,P062,1,72.9,0.0
A06903,P013,3,99.9,59.94
A06903,P047,2,153.9,61.56
A06904,P024,1,228.9,41.2
A06905,P058,2,271.9,0.0
A06906,P019,2,157.9,0.0
A06906,P035,2,174.9,0.0
A06907,P016,1,203.9,20.39
A06907,P028,2,241.9,135.46
A06907,P051,1,126.9,12.69
A06908,P085,1,33.9,0.0
A06908,P091,1,57.9,0.0
A06908,P109,1,221.9,0.0
A06909,P018,1,119.9,21.58
A06909,P093,1,36.9,0.0
A06910,P001,2,40.9,0.0
A06910,P025,2,104.9,0.0
A06910,P085,1,33.9,0.0
A06910,P096,1,102.9,0.0
A06911,P072,1,50.9,10.18
A06911,P111,1,169.9,33.98
A06912,P063,2,286.9,0.0
A06912,P064,1,140.9,0.0
A06913,P001,3,40.9,22.09
A06913,P004,1,123.9,22.3
A06913,P024,1,228.9,41.2
A06913,P048,1,100.9,0.0
A06914,P039,1,184.9,0.0
A06914,P088,1,76.9,0.0
A06915,P012,1,77.9,0.0
A06915,P095,1,89.9,0.0
A06916,P032,2,176.9,35.38
A06916,P067,2,68.9,13.78
A06916,P084,1,18.9,1.89
A06917,P006,1,208.9,37.6
A06918,P011,2,72.9,26.24
A06918,P012,1,77.9,14.02
A06918,P017,1,116.9,21.04
A06919,P085,1,33.9,6.78
A06919,P102,1,299.9,59.98
A06920,P021,1,81.9,14.74
A06920,P097,1,27.9,0.0
A06921,P018,1,119.9,21.58
A06922,P024,1,228.9,0.0
A06923,P003,2,198.9,71.6
A06923,P009,2,248.9,89.6
A06923,P043,1,51.9,0.0
A06923,P047,2,153.9,0.0
A06924,P018,1,119.9,45.56
A06924,P029,2,173.9,132.16
A06924,P032,3,176.9,106.14
A06924,P076,2,203.9,81.56
A06925,P086,2,99.9,39.96
A06925,P111,1,169.9,33.98
A06926,P026,1,193.9,34.9
A06926,P030,1,166.9,30.04
A06926,P091,1,57.9,0.0
A06927,P087,1,78.9,15.78
A06927,P088,1,76.9,15.38
A06928,P062,1,72.9,0.0
A06928,P110,1,225.9,0.0
A06929,P067,1,68.9,0.0
A06930,P010,2,163.9,59.0
A06930,P040,1,180.9,0.0
A06930,P055,1,135.9,0.0
A06931,P087,1,78.9,15.78
A06931,P110,1,225.9,45.18
A06931,P111,2,169.9,67.96
A06932,P014,1,144.9,0.0
A06933,P019,1,157.9,28.42
A06933,P033,1,51.9,0.0
A06933,P105,1,88.9,0.0
A06934,P035,1,174.9,34.98
A06934,P071,1,46.9,9.38
A06935,P017,1,116.9,21.04
A06935,P058,1,271.9,0.0
A06936,P006,2,208.9,75.2
A06936,P016,2,203.9,73.4
A06936,P054,1,207.9,0.0
A06936,P057,1,246.9,0.0
A06936,P093,1,36.9,0.0
A06937,P096,1,102.9,0.0
A06937,P101,1,222.9,0.0
A06938,P015,1,149.9,41.97
A06938,P103,1,266.9,26.69
A06939,P036,1,68.9,0.0
A06939,P046,1,41.9,0.0
A06939,P084,1,18.9,0.0
A06940,P040,1,180.9,0.0
A06940,P076,3,203.9,0.0
A06941,P016,1,203.9,0.0
A06941,P017,2,116.9,0.0
A06942,P028,1,241.9,43.54
A06943,P013,1,99.9,19.98
A06943,P036,1,68.9,13.78
A06943,P058,1,271.9,54.38
A06944,P002,1,111.9,20.14
A06944,P109,2,221.9,0.0
A06945,P009,1,248.9,44.8
A06946,P031,1,93.9,0.0
A06947,P030,1,166.9,30.04
A06947,P031,3,93.9,0.0
A06948,P047,1,153.9,0.0
A06948,P100,1,110.9,0.0
A06949,P021,1,81.9,14.74
A06949,P118,1,192.9,0.0
A06950,P023,1,174.9,0.0
A06950,P066,1,238.9,0.0
A06950,P071,2,46.9,0.0
A06950,P091,1,57.9,0.0
A06951,P052,2,124.9,0.0
A06951,P084,1,18.9,0.0
A06951,P105,1,88.9,0.0
A06952,P008,1,105.9,19.06
A06952,P050,1,97.9,0.0
A06953,P054,1,207.9,0.0
A06953,P096,1,102.9,0.0
A06954,P053,1,86.9,17.38
A06954,P071,3,46.9,28.14
A06954,P081,1,18.9,3.78
A06955,P016,1,203.9,77.48
A06955,P020,1,196.9,74.82
A06956,P004,3,123.9,141.25
A06956,P043,2,51.9,20.76
A06957,P015,2,149.9,53.96
A06957,P022,2,79.9,28.76
A06957,P057,1,246.9,0.0
A06958,P101,1,222.9,0.0
A06958,P104,1,307.9,0.0
A06959,P025,1,104.9,18.88
A06959,P052,1,124.9,0.0
A06959,P084,1,18.9,0.0
A06959,P091,1,57.9,0.0
A06960,P015,1,149.9,0.0
A06960,P026,1,193.9,34.9
A06960,P038,1,55.9,0.0
A06960,P040,1,180.9,0.0
A06960,P089,1,59.9,0.0
A06961,P038,2,55.9,22.36
A06961,P068,2,166.9,66.76
A06961,P111,1,169.9,33.98
A06962,P030,1,166.9,30.04
A06962,P038,1,55.9,0.0
A06962,P062,1,72.9,0.0
A06962,P070,3,132.9,0.0
A06963,P004,2,123.9,44.6
A06963,P017,1,116.9,21.04
A06963,P020,1,196.9,35.44
A06963,P037,1,68.9,0.0
A06964,P007,1,153.9,27.7
A06964,P024,1,228.9,41.2
A06965,P023,1,174.9,48.97
A06965,P093,1,36.9,3.69
A06966,P040,1,180.9,0.0
A06966,P091,1,57.9,0.0
A06967,P031,2,93.9,0.0
A06967,P065,1,48.9,0.0
A06968,P004,1,123.9,0.0
A06969,P062,1,72.9,0.0
A06970,P019,1,157.9,0.0
A06970,P032,1,176.9,0.0
A06970,P054,1,207.9,0.0
A06970,P077,1,284.9,0.0
A06971,P029,1,173.9,31.3
A06972,P005,1,100.9,0.0
A06972,P010,4,163.9,118.01
A06972,P031,1,93.9,0.0
A06972,P032,2,176.9,0.0
A06972,P044,2,99.9,0.0
A06972,P049,2,175.9,0.0
A06973,P011,3,72.9,83.11
A06973,P025,2,104.9,41.96
A06973,P051,3,126.9,76.14
A06973,P070,1,132.9,26.58
A06973,P120,2,195.9,78.36
A06974,P034,1,162.9,0.0
A06974,P047,2,153.9,0.0
A06974,P079,2,230.9,0.0
A06974,P084,2,18.9,0.0
A06975,P022,1,79.9,22.37
A06975,P049,1,175.9,17.59
A06975,P051,1,126.9,12.69
A06975,P089,2,59.9,11.98
A06976,P007,1,153.9,0.0
A06977,P034,1,162.9,0.0
A06978,P033,1,51.9,0.0
A06979,P035,1,174.9,0.0
A06979,P053,1,86.9,0.0
A06979,P106,2,87.9,0.0
A06980,P114,2,246.9,0.0
A06981,P052,1,124.9,0.0
A06981,P081,1,18.9,0.0
A06981,P082,1,108.9,0.0
A06981,P087,3,78.9,0.0
A06982,P032,1,176.9,0.0
A06982,P042,1,121.9,0.0
A06982,P110,1,225.9,0.0
A06983,P015,1,149.9,26.98
A06983,P038,3,55.9,0.0
A06983,P095,1,89.9,0.0
A06984,P120,1,195.9,0.0
A06985,P083,1,116.9,0.0
A06986,P086,1,99.9,19.98
A06986,P088,1,76.9,15.38
A06987,P070,1,132.9,0.0
A06987,P112,1,141.9,0.0
A06988,P002,1,111.9,11.19
A06988,P105,3,88.9,26.67
A06989,P020,1,196.9,35.44
A06989,P049,1,175.9,0.0
A06989,P075,1,115.9,0.0
A06990,P010,1,163.9,0.0
A06990,P056,1,179.9,0.0
A06991,P001,2,40.9,14.72
A06991,P101,1,222.9,0.0
A06991,P111,2,169.9,0.0
A06992,P018,1,119.9,21.58
A06992,P027,1,187.9,33.82
A06992,P043,1,51.9,0.0
A06992,P109,1,221.9,0.0
A06993,P021,1,81.9,0.0
A06994,P024,1,228.9,0.0
A06994,P037,1,68.9,0.0
A06994,P104,1,307.9,0.0
A06995,P004,1,123.9,34.69
A06995,P040,1,180.9,18.09
A06995,P041,1,118.9,11.89
A06995,P047,1,153.9,15.39
A06995,P054,1,207.9,20.79
A06995,P092,1,39.9,3.99
A06996,P001,1,40.9,7.36
A06996,P013,2,99.9,35.96
A06996,P020,1,196.9,35.44
A06996,P056,1,179.9,0.0
A06997,P037,1,68.9,0.0
A06997,P048,3,100.9,0.0
A06997,P056,1,179.9,0.0
A06997,P103,1,266.9,0.0
A06998,P013,2,99.9,0.0
A06998,P059,1,278.9,0.0
A06999,P030,1,166.9,30.04
A06999,P041,1,118.9,0.0
A07000,P011,1,72.9,0.0
A07000,P081,1,18.9,0.0
A07001,P082,1,108.9,21.78
A07002,P016,1,203.9,40.78
A07002,P087,1,78.9,15.78
A07003,P029,1,173.9,31.3
A07003,P059,1,278.9,0.0
A07004,P010,2,163.9,59.0
A07004,P019,1,157.9,28.42
A07004,P056,1,179.9,0.0
A07004,P075,2,115.9,0.0
A07005,P054,1,207.9,41.58
A07006,P019,1,157.9,28.42
A07006,P021,3,81.9,0.0
A07006,P035,2,174.9,0.0
A07007,P086,1,99.9,19.98
A07008,P059,1,278.9,55.78
A07008,P094,1,84.9,16.98
A07009,P084,1,18.9,1.89
A07010,P024,1,228.9,0.0
A07011,P063,2,286.9,57.38
A07011,P089,2,59.9,11.98
A07012,P055,1,135.9,0.0
A07012,P056,1,179.9,0.0
A07012,P096,1,102.9,0.0
A07013,P012,1,77.9,14.02
A07013,P026,1,193.9,0.0
A07014,P014,3,144.9,165.19
A07014,P029,2,173.9,69.56
A07014,P031,1,93.9,18.78
A07014,P103,1,266.9,53.38
A07015,P098,1,87.9,17.58
A07016,P001,1,40.9,8.18
A07016,P077,1,284.9,56.98
A07017,P045,2,83.9,0.0
A07018,P009,1,248.9,94.58
A07019,P019,3,157.9,85.27
A07019,P037,1,68.9,0.0
A07019,P097,1,27.9,0.0
A07019,P114,2,246.9,0.0
A07020,P009,1,248.9,44.8
A07020,P040,1,180.9,0.0
A07020,P042,1,121.9,0.0
A07020,P084,1,18.9,0.0
A07020,P111,3,169.9,0.0
A07021,P089,1,59.9,11.98
A07021,P116,1,234.9,46.98
A07022,P101,1,222.9,44.58
A07022,P108,2,79.9,31.96
A07023,P042,2,121.9,0.0
A07023,P064,1,140.9,0.0
A07023,P100,2,110.9,0.0
A07023,P116,1,234.9,0.0
A07024,P005,1,100.9,20.18
A07024,P047,1,153.9,30.78
A07025,P017,2,116.9,42.08
A07025,P024,1,228.9,0.0
A07025,P102,1,299.9,0.0
A07026,P020,2,196.9,70.88
A07026,P027,1,187.9,33.82
A07026,P101,1,222.9,0.0
A07027,P003,1,198.9,35.8
A07027,P034,3,162.9,0.0
A07027,P056,1,179.9,0.0
A07028,P006,2,208.9,116.98
A07028,P012,2,77.9,43.62
A07028,P030,1,166.9,16.69
A07028,P108,1,79.9,7.99
A07029,P040,2,180.9,0.0
A07029,P086,1,99.9,0.0
A07030,P085,2,33.9,0.0
A07031,P042,1,121.9,0.0
A07031,P111,1,169.9,0.0
A07032,P016,1,203.9,36.7
A07033,P047,1,153.9,0.0
A07033,P115,1,295.9,0.0
A07034,P020,1,196.9,35.44
A07034,P099,1,54.9,0.0
A07035,P016,1,203.9,36.7
A07036,P046,2,41.9,0.0
A07037,P011,1,72.9,0.0
A07037,P033,1,51.9,0.0
A07037,P106,2,87.9,0.0
A07038,P029,1,173.9,0.0
A07038,P095,1,89.9,0.0
A07039,P037,1,68.9,13.78
A07039,P050,1,97.9,19.58
A07039,P091,1,57.9,11.58
A07040,P028,1,241.9,43.54
A07041,P030,1,166.9,0.0
A07041,P033,1,51.9,0.0
A07041,P055,1,135.9,0.0
A07041,P075,1,115.9,0.0
A07042,P079,1,230.9,0.0
A07043,P012,2,77.9,59.2
A07043,P021,1,81.9,16.38
A07043,P028,2,241.9,183.84
A07043,P038,1,55.9,11.18
A07044,P001,1,40.9,7.36
A07044,P048,3,100.9,0.0
A07045,P093,2,36.9,0.0
A07046,P018,1,119.9,45.56
A07046,P020,1,196.9,39.38
A07046,P034,1,162.9,32.58
A07046,P088,1,76.9,15.38
A07047,P023,1,174.9,0.0
A07047,P094,1,84.9,0.0
A07048,P072,1,50.9,10.18
A07049,P031,1,93.9,0.0
A07049,P069,1,266.9,0.0
A07050,P032,1,176.9,35.38
A07050,P110,1,225.9,45.18
A07051,P109,2,221.9,44.38
A07052,P016,1,203.9,57.09
A07052,P018,1,119.9,33.57
A07052,P038,2,55.9,11.18
A07052,P091,1,57.9,5.79
A07053,P066,1,238.9,0.0
A07053,P075,1,115.9,0.0
A07053,P106,2,87.9,0.0
A07054,P006,1,208.9,37.6
A07055,P086,1,99.9,19.98
A07056,P010,1,163.9,29.5
A07056,P033,2,51.9,0.0
A07056,P091,2,57.9,0.0
A07056,P099,3,54.9,0.0
A07057,P017,1,116.9,44.42
A07057,P026,1,193.9,73.68
A07057,P092,1,39.9,7.98
A07058,P001,1,40.9,4.09
A07058,P004,2,123.9,69.38
A07058,P101,2,222.9,44.58
A07059,P064,1,140.9,0.0
A07060,P009,2,248.9,89.6
A07060,P070,1,132.9,0.0
A07061,P048,1,100.9,20.18
A07061,P070,2,132.9,53.16
A07061,P085,1,33.9,6.78
A07062,P001,1,40.9,7.36
A07062,P030,1,166.9,30.04
A07062,P053,2,86.9,0.0
A07062,P117,1,281.9,0.0
A07063,P043,3,51.9,0.0
A07063,P116,1,234.9,0.0
A07064,P014,1,144.9,26.08
A07064,P048,1,100.9,0.0
A07064,P080,1,149.9,0.0
A07065,P113,2,244.9,0.0
A07066,P069,1,266.9,0.0
A07066,P093,1,36.9,0.0
A07067,P029,2,173.9,97.38
A07067,P065,1,48.9,4.89
A07067,P120,1,195.9,19.59
A07068,P066,1,238.9,0.0
A07068,P106,2,87.9,0.0
A07068,P120,1,195.9,0.0
A07069,P011,1,72.9,13.12
A07069,P025,1,104.9,0.0
A07069,P041,1,118.9,0.0
A07070,P090,1,64.9,0.0
A07071,P052,1,124.9,0.0
A07072,P006,1,208.9,79.38
A07072,P012,2,77.9,31.16
A07072,P022,2,79.9,60.72
A07072,P044,1,99.9,19.98
A07072,P062,1,72.9,14.58
A07072,P075,2,115.9,46.36
A07072,P106,2,87.9,35.16
A07072,P112,3,141.9,85.14
A07073,P006,1,208.9,0.0
A07073,P010,1,163.9,0.0
A07073,P053,2,86.9,0.0
A07074,P038,2,55.9,0.0
A07074,P116,1,234.9,0.0
A07075,P004,1,123.9,0.0
A07075,P085,1,33.9,0.0
A07076,P003,2,198.9,71.6
A07076,P017,2,116.9,42.08
A07076,P037,1,68.9,0.0
A07076,P044,2,99.9,0.0
A07076,P057,3,246.9,0.0
A07076,P092,3,39.9,0.0
A07076,P098,2,87.9,0.0
A07076,P109,1,221.9,0.0
A07076,P111,1,169.9,0.0
A07077,P002,2,111.9,0.0
A07078,P034,1,162.9,0.0
A07079,P021,1,81.9,14.74
A07079,P039,1,184.9,0.0
A07079,P080,2,149.9,0.0
A07079,P081,1,18.9,0.0
A07079,P100,2,110.9,0.0
A07080,P076,1,203.9,0.0
A07080,P120,1,195.9,0.0
A07081,P005,1,100.9,38.34
A07081,P052,1,124.9,24.98
A07081,P067,1,68.9,13.78
A07082,P016,1,203.9,0.0
A07083,P005,2,100.9,76.68
A07083,P031,1,93.9,18.78
A07083,P090,2,64.9,25.96
A07083,P102,2,299.9,119.96
A07084,P009,1,248.9,44.8
A07084,P013,1,99.9,0.0
A07084,P083,1,116.9,0.0
A07084,P108,2,79.9,0.0
A07085,P041,2,118.9,0.0
A07085,P043,2,51.9,0.0
A07085,P083,1,116.9,0.0
A07086,P053,1,86.9,0.0
A07086,P101,1,222.9,0.0
A07087,P026,1,193.9,34.9
A07087,P040,1,180.9,0.0
A07087,P104,1,307.9,0.0
A07087,P114,3,246.9,0.0
A07088,P091,1,57.9,0.0
A07089,P002,1,111.9,11.19
A07089,P096,1,102.9,10.29
A07090,P102,2,299.9,0.0
A07090,P107,1,203.9,0.0
A07091,P018,2,119.9,91.12
A07091,P053,1,86.9,17.38
A07091,P074,1,281.9,56.38
A07091,P087,1,78.9,15.78
A07091,P099,1,54.9,10.98
A07092,P080,1,149.9,29.98
A07092,P105,1,88.9,17.78
A07092,P110,1,225.9,45.18
A07092,P118,1,192.9,38.58
A07093,P008,1,105.9,0.0
A07093,P043,2,51.9,0.0
A07094,P024,2,228.9,173.96
A07094,P046,1,41.9,8.38
A07095,P037,1,68.9,0.0
A07095,P097,1,27.9,0.0
A07096,P011,1,72.9,13.12
A07096,P094,1,84.9,0.0
A07097,P003,1,198.9,35.8
A07097,P075,1,115.9,0.0
A07097,P113,1,244.9,0.0
A07098,P023,1,174.9,66.46
A07098,P049,1,175.9,35.18
A07099,P087,2,78.9,0.0
A07100,P012,2,77.9,28.04
A07100,P013,2,99.9,0.0
A07100,P018,2,119.9,43.16
A07100,P086,1,99.9,0.0
A07101,P031,1,93.9,18.78
A07101,P118,1,192.9,38.58
A07102,P008,1,105.9,19.06
A07102,P020,1,196.9,35.44
A07102,P021,1,81.9,14.74
A07102,P075,1,115.9,0.0
A07102,P079,1,230.9,0.0
A07102,P119,1,70.9,0.0
A07103,P035,1,174.9,0.0
A07103,P046,1,41.9,0.0
A07104,P025,4,104.9,159.45
A07104,P033,1,51.9,10.38
A07104,P049,2,175.9,70.36
A07104,P057,2,246.9,98.76
A07105,P035,1,174.9,0.0
A07105,P060,2,297.9,0.0
A07106,P098,1,87.9,8.79
A07107,P002,2,111.9,22.38
A07107,P013,1,99.9,27.97
A07107,P017,1,116.9,11.69
A07107,P051,1,126.9,12.69
A07107,P052,2,124.9,24.98
A07108,P006,1,208.9,0.0
A07108,P028,2,241.9,87.08
A07108,P045,1,83.9,0.0
A07109,P087,1,78.9,0.0
A07110,P025,1,104.9,18.88
A07110,P033,1,51.9,0.0
A07110,P054,1,207.9,0.0
A07110,P085,1,33.9,0.0
A07110,P096,1,102.9,0.0
A07111,P004,1,123.9,0.0
A07111,P027,2,187.9,67.64
A07112,P066,2,238.9,47.78
A07112,P082,1,108.9,10.89
A07112,P116,1,234.9,23.49
A07113,P075,1,115.9,0.0
A07113,P108,1,79.9,0.0
A07114,P008,1,105.9,0.0
A07114,P082,2,108.9,0.0
A07114,P083,1,116.9,0.0
A07114,P110,1,225.9,0.0
A07115,P028,1,241.9,0.0
A07115,P033,1,51.9,0.0
A07115,P040,2,180.9,0.0
A07115,P067,2,68.9,0.0
A07115,P091,1,57.9,0.0
A07116,P007,1,153.9,58.48
A07116,P073,1,266.9,53.38
A07116,P087,1,78.9,15.78
A07117,P026,2,193.9,108.58
A07117,P047,2,153.9,30.78
A07117,P056,1,179.9,17.99
A07117,P074,1,281.9,28.19
A07117,P089,1,59.9,5.99
A07118,P029,1,173.9,31.3
A07119,P041,1,118.9,0.0
A07119,P050,1,97.9,0.0
A07119,P057,1,246.9,0.0
A07119,P060,1,297.9,0.0
A07120,P033,1,51.9,0.0
A07120,P120,1,195.9,0.0
A07121,P045,1,83.9,0.0
A07122,P016,2,203.9,154.96
A07122,P029,1,173.9,66.08
A07123,P023,1,174.9,0.0
A07124,P036,1,68.9,0.0
A07124,P042,1,121.9,0.0
A07124,P083,1,116.9,0.0
A07125,P002,1,111.9,20.14
A07125,P029,2,173.9,62.6
A07126,P111,1,169.9,0.0
A07127,P018,2,119.9,43.16
A07127,P025,1,104.9,0.0
A07127,P028,1,241.9,0.0
A07127,P040,2,180.9,0.0
A07128,P016,1,203.9,36.7
A07128,P082,2,108.9,0.0
A07129,P017,1,116.9,21.04
A07129,P094,2,84.9,0.0
A07130,P001,1,40.9,7.36
A07130,P009,1,248.9,44.8
A07130,P019,3,157.9,85.27
A07130,P033,2,51.9,0.0
A07130,P073,2,266.9,0.0
A07130,P104,1,307.9,0.0
A07131,P001,2,40.9,14.72
A07131,P006,1,208.9,37.6
A07131,P012,1,77.9,14.02
A07131,P054,2,207.9,0.0
A07131,P066,4,238.9,0.0
A07131,P076,3,203.9,0.0
A07131,P098,1,87.9,0.0
A07131,P113,1,244.9,0.0
A07131,P116,3,234.9,0.0
A07132,P009,2,248.9,89.6
A07132,P026,3,193.9,104.71
A07132,P041,3,118.9,0.0
A07132,P044,3,99.9,0.0
A07132,P072,6,50.9,0.0
A07132,P086,3,99.9,0.0
A07132,P092,2,39.9,0.0
A07132,P101,2,222.9,0.0
A07133,P021,2,81.9,62.24
A07133,P023,1,174.9,66.46
A07133,P104,2,307.9,123.16
A07133,P112,1,141.9,28.38
A07133,P114,1,246.9,49.38
A07134,P005,1,100.9,0.0
A07134,P029,1,173.9,31.3
A07135,P013,1,99.9,17.98
A07135,P086,1,99.9,0.0
A07136,P053,1,86.9,0.0
A07137,P024,1,228.9,64.09
A07137,P067,1,68.9,6.89
A07138,P045,2,83.9,33.56
A07139,P030,1,166.9,30.04
A07139,P032,1,176.9,0.0
A07139,P051,1,126.9,0.0
A07139,P071,1,46.9,0.0
A07139,P101,2,222.9,0.0
A07140,P013,2,99.9,35.96
A07140,P074,1,281.9,0.0
A07141,P028,1,241.9,43.54
A07141,P036,1,68.9,0.0
A07141,P052,2,124.9,0.0
A07142,P028,1,241.9,91.92
A07142,P102,1,299.9,59.98
A07143,P008,1,105.9,21.18
A07144,P059,1,278.9,0.0
A07144,P073,2,266.9,0.0
A07144,P097,2,27.9,0.0
A07145,P017,1,116.9,21.04
A07145,P075,1,115.9,0.0
A07146,P015,1,149.9,0.0
A07147,P059,1,278.9,0.0
A07147,P078,1,190.9,0.0
A07148,P005,1,100.9,38.34
A07148,P006,1,208.9,79.38
A07148,P072,2,50.9,20.36
A07149,P092,1,39.9,3.99
A07150,P119,1,70.9,0.0
A07151,P015,2,149.9,113.92
A07151,P099,2,54.9,21.96
A07151,P103,1,266.9,53.38
A07152,P043,2,51.9,0.0
A07153,P018,2,119.9,43.16
A07153,P031,1,93.9,0.0
A07153,P092,1,39.9,0.0
A07154,P003,1,198.9,55.69
A07154,P065,1,48.9,4.89
A07155,P003,3,198.9,107.41
A07155,P011,1,72.9,13.12
A07155,P014,1,144.9,26.08
A07155,P053,2,86.9,0.0
A07155,P091,2,57.9,0.0
A07156,P029,1,173.9,34.78
A07156,P110,1,225.9,45.18
A07157,P030,1,166.9,30.04
A07157,P092,1,39.9,0.0
A07157,P094,1,84.9,0.0
A07158,P020,2,196.9,70.88
A07158,P033,2,51.9,0.0
A07158,P055,1,135.9,0.0
A07159,P091,1,57.9,0.0
A07160,P042,1,121.9,0.0
A07160,P045,1,83.9,0.0
A07160,P101,1,222.9,0.0
A07161,P035,1,174.9,34.98
A07162,P011,2,72.9,26.24
A07162,P012,1,77.9,14.02
A07162,P095,1,89.9,0.0
A07162,P115,1,295.9,0.0
A07163,P048,2,100.9,40.36
A07163,P099,1,54.9,10.98
A07163,P111,1,169.9,33.98
A07164,P002,3,111.9,0.0
A07164,P024,1,228.9,0.0
A07164,P111,1,169.9,0.0
A07164,P112,2,141.9,0.0
A07165,P012,1,77.9,14.02
A07165,P091,1,57.9,0.0
A07165,P102,1,299.9,0.0
A07166,P032,1,176.9,35.38
A07166,P042,1,121.9,24.38
A07166,P105,3,88.9,53.34
A07167,P049,1,175.9,0.0
A07167,P117,1,281.9,0.0
A07168,P094,2,84.9,0.0
A07169,P013,1,99.9,0.0
A07169,P016,1,203.9,0.0
A07169,P034,1,162.9,0.0
A07169,P041,1,118.9,0.0
A07169,P101,1,222.9,0.0
A07170,P010,1,163.9,29.5
A07170,P024,1,228.9,41.2
A07171,P090,2,64.9,0.0
A07172,P014,2,144.9,52.16
A07172,P038,1,55.9,0.0
A07172,P041,2,118.9,0.0
A07172,P059,1,278.9,0.0
A07173,P050,1,97.9,0.0
A07174,P029,1,173.9,31.3
A07174,P053,1,86.9,0.0
A07174,P057,2,246.9,0.0
A07175,P099,1,54.9,0.0
A07176,P014,3,144.9,165.19
A07177,P011,2,72.9,0.0
A07177,P045,2,83.9,0.0
A07177,P064,2,140.9,0.0
A07178,P001,2,40.9,14.72
A07178,P042,1,121.9,0.0
A07178,P056,3,179.9,0.0
A07178,P117,1,281.9,0.0
A07179,P001,1,40.9,15.54
A07180,P060,2,297.9,0.0
A07180,P069,1,266.9,0.0
A07181,P090,1,64.9,12.98
A07182,P048,1,100.9,0.0
A07182,P054,1,207.9,0.0
A07182,P083,1,116.9,0.0
A07182,P088,3,76.9,0.0
A07182,P095,1,89.9,0.0
A07183,P051,1,126.9,0.0
A07184,P006,2,208.9,75.2
A07184,P016,1,203.9,36.7
A07184,P054,1,207.9,0.0
A07184,P070,1,132.9,0.0
A07184,P093,3,36.9,0.0
A07185,P033,2,51.9,0.0
A07186,P116,1,234.9,46.98
A07187,P017,2,116.9,42.08
A07187,P048,3,100.9,0.0
A07188,P003,1,198.9,35.8
A07188,P016,4,203.9,146.81
A07188,P032,2,176.9,0.0
A07188,P046,3,41.9,0.0
A07188,P050,1,97.9,0.0
A07188,P061,1,233.9,0.0
A07188,P093,4,36.9,0.0
A07188,P094,3,84.9,0.0
A07189,P094,1,84.9,0.0
A07190,P103,2,266.9,0.0
A07191,P007,2,153.9,55.4
A07191,P015,2,149.9,53.96
A07191,P031,2,93.9,0.0
A07192,P024,1,228.9,41.2
A07192,P026,1,193.9,34.9
A07192,P079,2,230.9,0.0
A07193,P004,1,123.9,22.3
A07193,P070,1,132.9,0.0
A07194,P011,2,72.9,40.82
A07194,P022,1,79.9,22.37
A07194,P027,3,187.9,157.84
A07194,P033,2,51.9,10.38
A07194,P053,2,86.9,17.38
A07194,P066,2,238.9,47.78
A07194,P079,2,230.9,46.18
A07194,P083,1,116.9,11.69
A07194,P085,2,33.9,6.78
A07194,P089,1,59.9,5.99
A07195,P085,1,33.9,0.0
A07196,P051,1,126.9,12.69
A07196,P074,1,281.9,28.19
A07196,P113,1,244.9,24.49
A07197,P004,2,123.9,44.6
A07197,P077,1,284.9,0.0
A07197,P095,1,89.9,0.0
A07198,P109,1,221.9,0.0
A07198,P110,1,225.9,0.0
A07199,P074,1,281.9,0.0
A07199,P100,1,110.9,0.0
A07200,P055,1,135.9,0.0
A07200,P082,2,108.9,0.0
A07200,P098,3,87.9,0.0
A07200,P112,1,141.9,0.0
A07201,P011,1,72.9,13.12
A07201,P027,1,187.9,0.0
A07201,P108,2,79.9,0.0
A07202,P026,2,193.9,69.8
A07202,P091,3,57.9,0.0
A07203,P113,1,244.9,48.98
A07204,P040,1,180.9,0.0
A07204,P048,1,100.9,0.0
A07205,P009,3,248.9,134.41
A07205,P014,2,144.9,52.16
A07205,P052,2,124.9,0.0
A07205,P054,2,207.9,0.0
A07205,P085,1,33.9,0.0
A07205,P098,2,87.9,0.0
A07205,P100,3,110.9,0.0
A07205,P106,2,87.9,0.0
A07205,P116,2,234.9,0.0
A07205,P119,2,70.9,0.0
A07206,P006,1,208.9,0.0
A07206,P051,1,126.9,0.0
A07206,P117,3,281.9,0.0
A07207,P030,2,166.9,60.08
A07207,P093,1,36.9,0.0
A07207,P104,1,307.9,0.0
A07207,P115,2,295.9,0.0
A07208,P052,1,124.9,0.0
A07209,P042,2,121.9,0.0
A07209,P043,1,51.9,0.0
A07209,P046,1,41.9,0.0
A07209,P063,1,286.9,0.0
A07209,P066,3,238.9,0.0
A07209,P102,1,299.9,0.0
A07209,P103,1,266.9,0.0
A07210,P015,1,149.9,29.98
A07211,P020,1,196.9,35.44
A07211,P071,1,46.9,0.0
A07212,P002,1,111.9,20.14
A07212,P007,1,153.9,0.0
A07212,P028,1,241.9,43.54
A07212,P041,1,118.9,0.0
A07212,P115,1,295.9,0.0
A07213,P019,1,157.9,28.42
A07213,P020,1,196.9,0.0
A07214,P041,1,118.9,0.0
A07214,P095,1,89.9,0.0
A07215,P008,1,105.9,19.06
A07215,P019,1,157.9,28.42
A07215,P057,1,246.9,0.0
A07215,P067,2,68.9,0.0
A07215,P099,2,54.9,0.0
A07216,P017,1,116.9,44.42
A07216,P067,3,68.9,41.34
A07217,P019,1,157.9,28.42
A07217,P020,1,196.9,35.44
A07217,P037,1,68.9,0.0
A07217,P062,1,72.9,0.0
A07217,P115,1,295.9,0.0
A07218,P045,1,83.9,16.78
A07218,P087,2,78.9,31.56
A07219,P036,1,68.9,13.78
A07219,P069,1,266.9,53.38
A07219,P086,1,99.9,19.98
A07219,P118,1,192.9,38.58
A07220,P003,1,198.9,75.58
A07220,P014,4,144.9,220.25
A07220,P028,2,241.9,183.84
A07220,P041,3,118.9,71.34
A07220,P063,2,286.9,114.76
A07220,P073,3,266.9,160.14
A07220,P100,1,110.9,22.18
A07220,P103,1,266.9,53.38
A07221,P004,1,123.9,0.0
A07221,P016,1,203.9,0.0
A07221,P031,1,93.9,0.0
A07221,P076,1,203.9,0.0
A07222,P107,1,203.9,0.0
A07223,P084,1,18.9,0.0
A07224,P023,1,174.9,48.97
A07224,P058,1,271.9,27.19
A07224,P097,1,27.9,2.79
A07224,P117,1,281.9,28.19
A07225,P056,1,179.9,0.0
A07226,P101,1,222.9,0.0
A07227,P005,1,100.9,38.34
A07227,P031,2,93.9,37.56
A07227,P104,1,307.9,61.58
A07228,P079,2,230.9,0.0
A07228,P087,3,78.9,0.0
A07228,P094,1,84.9,0.0
A07229,P002,1,111.9,0.0
A07229,P033,2,51.9,0.0
A07230,P003,1,198.9,0.0
A07230,P086,1,99.9,0.0
A07231,P046,1,41.9,0.0
A07232,P004,1,123.9,22.3
A07232,P013,1,99.9,17.98
A07232,P072,2,50.9,0.0
A07232,P074,1,281.9,0.0
A07232,P078,1,190.9,0.0
A07232,P094,1,84.9,0.0
A07233,P059,1,278.9,0.0
A07233,P104,1,307.9,0.0
A07234,P006,1,208.9,79.38
A07234,P040,1,180.9,36.18
A07234,P076,1,203.9,40.78
A07234,P094,1,84.9,16.98
A07235,P010,1,163.9,32.78
A07235,P018,1,119.9,45.56
A07235,P069,1,266.9,53.38
A07235,P092,1,39.9,7.98
A07236,P034,1,162.9,0.0
A07237,P004,1,123.9,24.78
A07237,P059,1,278.9,55.78
A07238,P016,1,203.9,20.39
A07239,P022,1,79.9,15.98
A07239,P113,1,244.9,48.98
A07240,P018,2,119.9,43.16
A07241,P068,1,166.9,0.0
A07241,P080,1,149.9,0.0
A07242,P011,1,72.9,13.12
A07242,P093,1,36.9,0.0
A07243,P010,1,163.9,29.5
A07243,P036,2,68.9,0.0
A07243,P082,1,108.9,0.0
A07243,P103,1,266.9,0.0
A07244,P006,1,208.9,37.6
A07245,P015,1,149.9,26.98
A07246,P016,1,203.9,36.7
A07246,P029,1,173.9,0.0
A07246,P098,1,87.9,0.0
A07246,P109,1,221.9,0.0
A07247,P010,2,163.9,59.0
A07247,P096,2,102.9,0.0
A07248,P004,1,123.9,22.3
A07248,P019,2,157.9,56.84
A07249,P048,1,100.9,20.18
A07250,P079,1,230.9,0.0
A07251,P026,1,193.9,38.78
A07251,P039,1,184.9,36.98
A07251,P110,2,225.9,90.36
A07251,P112,1,141.9,28.38
A07252,P022,1,79.9,14.38
A07252,P047,3,153.9,0.0
A07252,P054,1,207.9,0.0
A07253,P024,1,228.9,41.2
A07253,P067,1,68.9,0.0
A07253,P094,1,84.9,0.0
A07254,P045,1,83.9,16.78
A07254,P113,1,244.9,48.98
A07255,P023,2,174.9,132.92
A07255,P036,1,68.9,13.78
A07256,P034,2,162.9,65.16
A07256,P036,1,68.9,13.78
A07256,P075,1,115.9,23.18
A07257,P013,1,99.9,17.98
A07257,P096,1,102.9,0.0
A07258,P025,2,104.9,37.76
A07258,P040,1,180.9,0.0
A07259,P026,1,193.9,0.0
A07259,P050,2,97.9,0.0
A07259,P072,3,50.9,0.0
A07259,P118,2,192.9,0.0
A07260,P030,2,166.9,126.84
A07261,P116,1,234.9,46.98
A07262,P056,1,179.9,0.0
A07262,P091,1,57.9,0.0
A07263,P002,1,111.9,42.52
A07263,P053,1,86.9,17.38
A07263,P066,1,238.9,47.78
A07264,P097,1,27.9,0.0
A07265,P006,1,208.9,37.6
A07265,P085,1,33.9,0.0
A07265,P091,1,57.9,0.0
A07266,P093,1,36.9,0.0
A07267,P001,1,40.9,7.36
A07267,P021,3,81.9,0.0
A07267,P026,2,193.9,69.8
A07267,P039,1,184.9,0.0
A07267,P074,2,281.9,0.0
A07267,P113,1,244.9,0.0
A07268,P018,2,119.9,43.16
A07269,P023,1,174.9,31.48
A07269,P028,1,241.9,43.54
A07269,P062,1,72.9,0.0
A07270,P010,1,163.9,62.28
A07270,P043,1,51.9,10.38
A07270,P117,1,281.9,56.38
A07271,P114,1,246.9,0.0
A07272,P008,2,105.9,38.12
A07272,P014,2,144.9,52.16
A07272,P066,3,238.9,0.0
A07272,P090,1,64.9,0.0
A07272,P109,1,221.9,0.0
A07273,P055,2,135.9,27.18
A07273,P060,2,297.9,59.58
A07273,P065,1,48.9,4.89
A07274,P030,1,166.9,33.38
A07275,P008,1,105.9,29.65
A07276,P002,2,111.9,0.0
A07276,P032,2,176.9,0.0
A07276,P089,1,59.9,0.0
A07277,P023,2,174.9,132.92
A07277,P087,1,78.9,15.78
A07278,P011,1,72.9,27.7
A07278,P058,1,271.9,54.38
A07279,P037,2,68.9,27.56
A07279,P086,1,99.9,19.98
A07280,P028,1,241.9,43.54
A07281,P027,2,187.9,142.8
A07282,P001,2,40.9,0.0
A07282,P048,1,100.9,0.0
A07283,P021,1,81.9,14.74
A07283,P061,1,233.9,0.0
A07284,P036,3,68.9,41.34
A07284,P044,2,99.9,39.96
A07284,P048,3,100.9,60.54
A07284,P082,1,108.9,21.78
A07284,P103,3,266.9,160.14
A07285,P015,2,149.9,0.0
A07285,P069,1,266.9,0.0
A07285,P103,1,266.9,0.0
A07286,P029,1,173.9,48.69
A07286,P089,2,59.9,11.98
A07286,P092,1,39.9,3.99
A07287,P016,1,203.9,36.7
A07287,P050,2,97.9,0.0
A07287,P092,1,39.9,0.0
A07287,P101,3,222.9,0.0
A07288,P034,1,162.9,32.58
A07288,P063,1,286.9,57.38
A07288,P084,2,18.9,7.56
A07289,P108,1,79.9,15.98
A07290,P003,1,198.9,35.8
A07290,P110,1,225.9,0.0
A07291,P023,1,174.9,0.0
A07291,P024,1,228.9,0.0
A07291,P081,1,18.9,0.0
A07292,P040,1,180.9,0.0
A07292,P090,2,64.9,0.0
A07293,P003,1,198.9,0.0
A07293,P075,1,115.9,0.0
A07293,P112,1,141.9,0.0
A07294,P039,1,184.9,0.0
A07294,P085,2,33.9,0.0
A07295,P010,1,163.9,29.5
A07295,P033,1,51.9,0.0
A07295,P057,1,246.9,0.0
A07295,P060,2,297.9,0.0
A07295,P112,1,141.9,0.0
A07296,P119,2,70.9,0.0
A07297,P050,2,97.9,0.0
A07297,P120,2,195.9,0.0
A07298,P015,1,149.9,41.97
A07298,P043,1,51.9,5.19
A07298,P097,3,27.9,8.37
A07298,P102,1,299.9,29.99
A07299,P099,1,54.9,0.0
A07299,P112,1,141.9,0.0
A07300,P051,1,126.9,0.0
A07301,P027,1,187.9,33.82
A07301,P080,2,149.9,0.0
A07302,P047,1,153.9,0.0
A07303,P024,1,228.9,41.2
A07303,P078,1,190.9,0.0
A07304,P055,1,135.9,0.0
A07305,P007,1,153.9,27.7
A07305,P080,1,149.9,0.0
A07305,P093,1,36.9,0.0
A07305,P112,1,141.9,0.0
A07306,P025,1,104.9,10.49
A07306,P044,2,99.9,19.98
A07307,P013,2,99.9,35.96
A07307,P020,2,196.9,70.88
A07307,P030,1,166.9,0.0
A07307,P047,1,153.9,0.0
A07307,P055,1,135.9,0.0
A07307,P077,1,284.9,0.0
A07307,P081,1,18.9,0.0
A07308,P075,1,115.9,0.0
A07309,P003,2,198.9,71.6
A07309,P005,1,100.9,18.16
A07310,P004,2,123.9,44.6
A07310,P053,1,86.9,0.0
A07310,P055,1,135.9,0.0
A07311,P030,1,166.9,30.04
A07311,P047,1,153.9,0.0
A07311,P089,2,59.9,0.0
A07311,P091,1,57.9,0.0
A07312,P042,2,121.9,0.0
A07312,P106,1,87.9,0.0
A07313,P053,1,86.9,0.0
A07313,P082,1,108.9,0.0
A07314,P020,1,196.9,0.0
A07314,P040,1,180.9,0.0
A07315,P011,1,72.9,0.0
A07315,P116,1,234.9,0.0
A07316,P083,1,116.9,23.38
A07317,P040,1,180.9,36.18
A07317,P065,2,48.9,19.56
A07318,P010,1,163.9,29.5
A07318,P028,2,241.9,87.08
A07318,P036,2,68.9,0.0
A07319,P005,1,100.9,18.16
A07319,P016,1,203.9,36.7
A07319,P021,1,81.9,14.74
A07319,P049,1,175.9,0.0
A07319,P055,1,135.9,0.0
A07320,P016,3,203.9,171.28
A07320,P020,1,196.9,19.69
A07320,P034,1,162.9,16.29
A07320,P068,1,166.9,16.69
A07320,P112,1,141.9,14.19
A07321,P017,1,116.9,21.04
A07322,P051,1,126.9,0.0
A07323,P019,2,157.9,56.84
A07323,P055,1,135.9,0.0
A07324,P052,1,124.9,0.0
A07324,P053,1,86.9,0.0
A07324,P089,1,59.9,0.0
A07324,P101,1,222.9,0.0
A07325,P017,1,116.9,21.04
A07326,P109,1,221.9,0.0
A07327,P115,2,295.9,0.0
A07328,P104,1,307.9,0.0
A07329,P006,1,208.9,37.6
A07329,P026,2,193.9,69.8
A07330,P004,1,123.9,22.3
A07331,P009,1,248.9,49.78
A07331,P021,1,81.9,31.12
A07332,P030,2,166.9,60.08
A07332,P063,1,286.9,0.0
A07333,P004,2,123.9,94.16
A07333,P064,2,140.9,56.36
A07333,P070,1,132.9,26.58
A07333,P086,2,99.9,39.96
A07333,P094,1,84.9,16.98
A07334,P010,1,163.9,16.39
A07334,P056,1,179.9,17.99
A07334,P086,1,99.9,9.99
A07335,P012,1,77.9,14.02
A07335,P015,2,149.9,53.96
A07335,P017,2,116.9,0.0
A07335,P101,1,222.9,0.0
A07335,P109,1,221.9,0.0
A07336,P018,2,119.9,43.16
A07336,P035,2,174.9,0.0
A07336,P037,2,68.9,0.0
A07336,P061,3,233.9,0.0
A07336,P093,1,36.9,0.0
A07336,P097,1,27.9,0.0
A07336,P104,1,307.9,0.0
A07337,P008,3,105.9,57.19
A07337,P014,2,144.9,0.0
A07337,P114,2,246.9,0.0
A07338,P076,1,203.9,0.0
A07338,P109,1,221.9,0.0
A07339,P007,1,153.9,27.7
A07339,P025,2,104.9,37.76
A07339,P041,1,118.9,0.0
A07339,P059,2,278.9,0.0
A07340,P044,1,99.9,19.98
A07340,P080,1,149.9,29.98
A07340,P099,1,54.9,10.98
A07341,P064,1,140.9,28.18
A07341,P086,1,99.9,19.98
A07341,P097,1,27.9,5.58
A07342,P073,2,266.9,0.0
A07342,P088,2,76.9,0.0
A07343,P028,2,241.9,48.38
A07343,P084,1,18.9,1.89
A07344,P004,1,123.9,22.3
A07344,P016,1,203.9,0.0
A07344,P114,1,246.9,0.0
A07345,P016,2,203.9,114.18
A07345,P059,2,278.9,55.78
A07346,P012,1,77.9,29.6
A07346,P047,2,153.9,61.56
A07346,P097,1,27.9,5.58
A07347,P001,2,40.9,14.72
A07347,P044,1,99.9,0.0
A07347,P050,1,97.9,0.0
A07348,P001,1,40.9,0.0
A07349,P008,1,105.9,19.06
A07349,P023,1,174.9,0.0
A07349,P078,1,190.9,0.0
A07350,P049,1,175.9,0.0
A07351,P014,1,144.9,0.0
A07351,P052,1,124.9,0.0
A07351,P069,1,266.9,0.0
A07351,P109,1,221.9,0.0
A07352,P019,2,157.9,56.84
A07352,P020,2,196.9,0.0
A07352,P028,1,241.9,43.54
A07352,P033,2,51.9,0.0
A07352,P044,1,99.9,0.0
A07352,P078,2,190.9,0.0
A07352,P106,1,87.9,0.0
A07353,P003,1,198.9,0.0
A07353,P008,1,105.9,19.06
A07354,P097,1,27.9,0.0
A07355,P001,1,40.9,0.0
A07356,P004,2,123.9,0.0
A07356,P046,3,41.9,0.0
A07356,P119,1,70.9,0.0
A07357,P029,1,173.9,0.0
A07357,P083,1,116.9,0.0
A07357,P099,1,54.9,0.0
A07358,P020,3,196.9,118.14
A07358,P022,2,79.9,31.96
A07358,P029,1,173.9,66.08
A07358,P052,1,124.9,24.98
A07358,P090,2,64.9,25.96
A07359,P002,1,111.9,20.14
A07359,P028,1,241.9,0.0
A07360,P007,2,153.9,55.4
A07360,P012,1,77.9,14.02
A07360,P043,1,51.9,0.0
A07360,P046,1,41.9,0.0
A07360,P081,2,18.9,0.0
A07360,P091,1,57.9,0.0
A07361,P094,2,84.9,33.96
A07362,P005,3,100.9,54.49
A07362,P064,1,140.9,0.0
A07362,P091,1,57.9,0.0
A07363,P045,1,83.9,16.78
A07364,P040,2,180.9,0.0
A07364,P099,2,54.9,0.0
A07365,P117,2,281.9,0.0
A07366,P046,2,41.9,0.0
A07366,P068,1,166.9,0.0
A07366,P116,1,234.9,0.0
A07367,P085,1,33.9,3.39
A07368,P031,1,93.9,18.78
A07368,P065,2,48.9,19.56
A07369,P062,1,72.9,0.0
A07370,P009,2,248.9,89.6
A07370,P015,3,149.9,80.95
A07370,P058,1,271.9,0.0
A07370,P072,2,50.9,0.0
A07370,P090,1,64.9,0.0
A07371,P025,1,104.9,18.88
A07371,P046,2,41.9,0.0
A07371,P049,1,175.9,0.0
A07371,P051,1,126.9,0.0
A07372,P009,1,248.9,44.8
A07372,P019,2,157.9,0.0
A07373,P103,2,266.9,0.0
A07374,P088,1,76.9,15.38
A07374,P092,1,39.9,7.98
A07375,P057,1,246.9,0.0
A07376,P008,2,105.9,0.0
A07376,P022,1,79.9,14.38
A07376,P045,1,83.9,0.0
A07376,P056,2,179.9,0.0
A07376,P070,1,132.9,0.0
A07376,P082,2,108.9,0.0
A07376,P118,3,192.9,0.0
A07377,P009,1,248.9,94.58
A07377,P114,1,246.9,49.38
A07378,P062,1,72.9,0.0
A07378,P069,1,266.9,0.0
A07379,P029,1,173.9,0.0
A07379,P035,1,174.9,0.0
A07379,P102,3,299.9,0.0
A07380,P003,1,198.9,35.8
A07380,P010,2,163.9,59.0
A07380,P014,1,144.9,0.0
A07380,P091,1,57.9,0.0
A07381,P002,1,111.9,20.14
A07381,P008,1,105.9,19.06
A07381,P052,1,124.9,0.0
A07381,P068,1,166.9,0.0
A07382,P035,1,174.9,0.0
A07382,P047,1,153.9,0.0
A07382,P071,3,46.9,0.0
A07382,P105,1,88.9,0.0
A07383,P018,2,119.9,0.0
A07383,P034,1,162.9,0.0
A07383,P038,2,55.9,0.0
A07383,P109,1,221.9,0.0
A07384,P025,2,104.9,79.72
A07384,P092,1,39.9,7.98
A07385,P067,1,68.9,0.0
A07385,P090,1,64.9,0.0
A07386,P020,1,196.9,35.44
A07387,P004,1,123.9,47.08
A07387,P115,1,295.9,59.18
A07388,P027,1,187.9,33.82
A07388,P089,1,59.9,0.0
A07388,P101,1,222.9,0.0
A07389,P010,1,163.9,29.5
A07389,P026,1,193.9,34.9
A07389,P103,2,266.9,0.0
A07390,P007,2,153.9,116.96
A07390,P023,1,174.9,34.98
A07390,P025,1,104.9,39.86
A07390,P035,1,174.9,34.98
A07390,P055,1,135.9,27.18
A07390,P081,1,18.9,3.78
A07391,P046,1,41.9,8.38
A07391,P110,1,225.9,45.18
A07392,P009,1,248.9,94.58
A07392,P107,1,203.9,40.78
A07393,P051,1,126.9,25.38
A07394,P042,1,121.9,0.0
A07394,P118,2,192.9,0.0
A07395,P022,1,79.9,14.38
A07396,P108,1,79.9,15.98
A07397,P064,1,140.9,0.0
A07398,P031,1,93.9,0.0
A07398,P045,1,83.9,0.0
A07398,P068,2,166.9,0.0
A07399,P120,1,195.9,0.0
A07400,P115,1,295.9,0.0
A07401,P014,1,144.9,26.08
A07401,P036,1,68.9,0.0
A07401,P038,1,55.9,0.0
A07401,P058,1,271.9,0.0
A07402,P021,1,81.9,14.74
A07402,P045,1,83.9,0.0
A07402,P070,1,132.9,0.0
A07403,P042,1,121.9,0.0
A07404,P027,2,187.9,0.0
A07404,P038,1,55.9,0.0
A07404,P090,1,64.9,0.0
A07404,P092,1,39.9,0.0
A07405,P093,1,36.9,7.38
A07406,P023,1,174.9,0.0
A07407,P029,2,173.9,62.6
A07408,P086,1,99.9,0.0
A07409,P004,1,123.9,0.0
A07409,P073,1,266.9,0.0
A07409,P093,1,36.9,0.0
A07410,P003,1,198.9,75.58
A07410,P010,1,163.9,32.78
A07410,P033,3,51.9,31.14
A07410,P051,1,126.9,25.38
A07411,P022,2,79.9,28.76
A07411,P056,1,179.9,0.0
A07411,P094,1,84.9,0.0
A07412,P021,1,81.9,0.0
A07412,P068,3,166.9,0.0
A07413,P034,2,162.9,0.0
A07414,P010,2,163.9,59.0
A07414,P076,1,203.9,0.0
A07415,P052,1,124.9,0.0
A07415,P087,1,78.9,0.0
A07416,P006,1,208.9,0.0
A07416,P030,1,166.9,30.04
A07416,P077,1,284.9,0.0
A07416,P086,1,99.9,0.0
A07417,P073,1,266.9,26.69
A07417,P081,3,18.9,5.67
A07417,P114,1,246.9,24.69
A07418,P117,1,281.9,0.0
A07419,P050,1,97.9,19.58
A07419,P062,2,72.9,29.16
A07420,P076,1,203.9,40.78
A07420,P092,1,39.9,7.98
A07421,P102,1,299.9,59.98
A07422,P030,1,166.9,30.04
A07422,P066,2,238.9,0.0
A07422,P118,1,192.9,0.0
A07423,P002,1,111.9,42.52
A07423,P091,1,57.9,11.58
A07423,P111,1,169.9,33.98
A07424,P025,2,104.9,79.72
A07425,P023,2,174.9,62.96
A07425,P040,2,180.9,0.0
A07426,P053,1,86.9,0.0
A07426,P106,1,87.9,0.0
A07427,P054,1,207.9,41.58
A07427,P058,1,271.9,54.38
A07428,P102,1,299.9,0.0
A07429,P032,1,176.9,35.38
A07429,P054,1,207.9,41.58
A07430,P030,1,166.9,30.04
A07430,P115,1,295.9,0.0
A07431,P006,1,208.9,79.38
A07431,P115,1,295.9,59.18
A07432,P016,1,203.9,0.0
A07432,P058,1,271.9,0.0
A07432,P104,2,307.9,0.0
A07433,P015,1,149.9,0.0
A07434,P025,3,104.9,56.65
A07434,P065,1,48.9,0.0
A07435,P032,1,176.9,35.38
A07436,P002,2,111.9,40.28
A07437,P028,4,241.9,193.52
A07437,P041,1,118.9,23.78
A07437,P074,1,281.9,56.38
A07438,P041,1,118.9,0.0
A07438,P052,1,124.9,0.0
A07439,P090,1,64.9,0.0
A07440,P065,1,48.9,0.0
A07441,P037,1,68.9,0.0
A07442,P079,1,230.9,0.0
A07443,P045,1,83.9,0.0
A07444,P046,2,41.9,16.76
A07444,P082,1,108.9,21.78
A07444,P086,1,99.9,19.98
A07445,P081,1,18.9,0.0
A07445,P110,2,225.9,0.0
A07446,P057,1,246.9,0.0
A07446,P094,2,84.9,0.0
A07447,P100,1,110.9,0.0
A07448,P008,1,105.9,29.65
A07449,P004,2,123.9,49.56
A07449,P014,1,144.9,28.98
A07449,P035,3,174.9,104.94
A07449,P087,1,78.9,15.78
A07449,P100,2,110.9,44.36
A07450,P017,1,116.9,21.04
A07450,P038,1,55.9,0.0
A07451,P056,1,179.9,0.0
A07451,P093,1,36.9,0.0
A07452,P061,1,233.9,0.0
A07452,P078,1,190.9,0.0
A07453,P025,1,104.9,0.0
A07453,P102,1,299.9,0.0
A07454,P004,1,123.9,22.3
A07455,P010,1,163.9,29.5
A07455,P037,1,68.9,0.0
A07455,P048,2,100.9,0.0
A07455,P076,2,203.9,0.0
A07456,P052,2,124.9,49.96
A07457,P052,1,124.9,12.49
A07457,P055,2,135.9,27.18
A07458,P052,1,124.9,24.98
A07458,P073,1,266.9,53.38
A07459,P053,3,86.9,0.0
A07459,P102,1,299.9,0.0
A07460,P001,1,40.9,8.18
A07460,P005,1,100.9,38.34
A07460,P008,1,105.9,40.24
A07460,P014,1,144.9,28.98
A07460,P018,1,119.9,45.56
A07460,P043,1,51.9,10.38
A07460,P051,3,126.9,76.14
A07461,P003,1,198.9,55.69
A07461,P011,1,72.9,20.41
A07461,P039,1,184.9,18.49
A07461,P047,1,153.9,15.39
A07461,P099,1,54.9,5.49
A07462,P041,1,118.9,0.0
A07462,P045,2,83.9,0.0
A07462,P049,1,175.9,0.0
A07463,P011,1,72.9,20.41
A07463,P027,1,187.9,52.61
A07463,P092,1,39.9,3.99
A07464,P098,1,87.9,0.0
A07465,P094,3,84.9,0.0
A07466,P018,1,119.9,21.58
A07467,P120,1,195.9,0.0
A07468,P041,1,118.9,0.0
A07468,P084,1,18.9,0.0
A07469,P001,2,40.9,31.08
A07469,P062,1,72.9,14.58
A07469,P094,1,84.9,16.98
A07470,P021,1,81.9,0.0
A07471,P092,1,39.9,0.0
A07472,P031,2,93.9,0.0
A07473,P005,1,100.9,38.34
A07474,P039,1,184.9,0.0
A07474,P046,1,41.9,0.0
A07474,P105,1,88.9,0.0
A07475,P009,2,248.9,99.56
A07475,P013,2,99.9,75.92
A07475,P039,1,184.9,36.98
A07475,P081,2,18.9,7.56
A07475,P112,1,141.9,28.38
A07476,P010,1,163.9,29.5
A07476,P058,1,271.9,0.0
A07477,P025,1,104.9,0.0
A07477,P057,1,246.9,0.0
A07478,P002,1,111.9,20.14
A07479,P008,3,105.9,57.19
A07479,P024,1,228.9,41.2
A07479,P085,2,33.9,0.0
A07479,P109,3,221.9,0.0
A07480,P005,1,100.9,18.16
A07480,P023,1,174.9,0.0
A07480,P035,1,174.9,0.0
A07481,P020,2,196.9,110.26
A07481,P049,1,175.9,17.59
A07481,P055,1,135.9,13.59
A07481,P083,1,116.9,11.69
A07481,P098,1,87.9,8.79
A07482,P108,1,79.9,0.0
A07482,P119,1,70.9,0.0
A07483,P014,1,144.9,26.08
A07483,P052,1,124.9,0.0
A07483,P083,1,116.9,0.0
A07484,P060,1,297.9,0.0
A07484,P105,1,88.9,0.0
A07485,P055,1,135.9,0.0
A07485,P082,1,108.9,0.0
A07486,P008,1,105.9,19.06
A07486,P064,3,140.9,0.0
A07487,P045,1,83.9,16.78
A07487,P106,2,87.9,35.16
A07488,P069,1,266.9,0.0
A07488,P081,2,18.9,0.0
A07489,P016,1,203.9,0.0
A07489,P120,1,195.9,0.0
A07490,P066,1,238.9,47.78
A07490,P086,1,99.9,19.98
A07491,P025,1,104.9,39.86
A07491,P026,1,193.9,73.68
A07491,P046,1,41.9,8.38
A07492,P021,1,81.9,0.0
A07492,P118,1,192.9,0.0
A07493,P095,1,89.9,0.0
A07494,P016,2,203.9,114.18
A07494,P019,1,157.9,15.79
A07494,P025,3,104.9,88.12
A07494,P086,1,99.9,9.99
A07494,P092,2,39.9,7.98
A07494,P093,1,36.9,3.69
A07495,P003,1,198.9,0.0
A07495,P084,1,18.9,0.0
A07496,P036,1,68.9,0.0
A07496,P091,1,57.9,0.0
A07496,P114,1,246.9,0.0
A07497,P007,1,153.9,0.0
A07497,P068,2,166.9,0.0
A07497,P117,1,281.9,0.0
A07498,P077,1,284.9,56.98
A07498,P119,1,70.9,14.18
A07499,P085,1,33.9,6.78
A07500,P024,1,228.9,41.2
A07500,P116,1,234.9,0.0
A07501,P013,1,99.9,17.98
A07501,P059,1,278.9,0.0
A07501,P077,1,284.9,0.0
A07501,P094,1,84.9,0.0
A07502,P017,1,116.9,21.04
A07502,P045,1,83.9,0.0
A07502,P120,1,195.9,0.0
A07503,P015,1,149.9,26.98
A07503,P041,1,118.9,0.0
A07503,P095,1,89.9,0.0
A07503,P106,1,87.9,0.0
A07504,P072,1,50.9,0.0
A07504,P117,1,281.9,0.0
A07505,P002,2,111.9,40.28
A07505,P006,2,208.9,75.2
A07505,P017,1,116.9,21.04
A07505,P024,1,228.9,41.2
A07505,P028,1,241.9,43.54
A07505,P067,1,68.9,0.0
A07506,P031,1,93.9,0.0
A07506,P046,1,41.9,0.0
A07506,P104,1,307.9,0.0
A07507,P030,1,166.9,30.04
A07508,P045,1,83.9,0.0
A07509,P065,1,48.9,9.78
A07509,P093,1,36.9,7.38
A07509,P096,1,102.9,20.58
A07510,P019,1,157.9,28.42
A07510,P062,1,72.9,0.0
A07510,P095,1,89.9,0.0
A07511,P074,1,281.9,0.0
A07511,P092,2,39.9,0.0
A07512,P076,2,203.9,0.0
A07513,P008,2,105.9,0.0
A07513,P022,2,79.9,28.76
A07513,P025,2,104.9,0.0
A07513,P082,1,108.9,0.0
A07514,P005,1,100.9,18.16
A07515,P117,1,281.9,0.0
A07516,P071,1,46.9,9.38
A07517,P001,1,40.9,7.36
A07517,P009,2,248.9,89.6
A07517,P099,1,54.9,0.0
A07518,P088,1,76.9,15.38
A07519,P103,2,266.9,0.0
A07520,P011,1,72.9,14.58
A07520,P116,2,234.9,93.96
A07521,P024,2,228.9,128.18
A07521,P057,1,246.9,24.69
A07522,P058,1,271.9,0.0
A07522,P099,2,54.9,0.0
A07522,P105,1,88.9,0.0
A07523,P008,2,105.9,38.12
A07523,P083,1,116.9,0.0
A07524,P006,2,208.9,75.2
A07524,P018,1,119.9,0.0
A07524,P031,2,93.9,0.0
A07525,P024,2,228.9,0.0
A07525,P040,2,180.9,0.0
A07525,P078,1,190.9,0.0
A07525,P100,3,110.9,0.0
A07526,P012,1,77.9,21.81
A07526,P114,1,246.9,24.69
A07527,P048,2,100.9,0.0
A07527,P117,1,281.9,0.0
A07528,P016,1,203.9,36.7
A07528,P039,2,184.9,0.0
A07528,P096,1,102.9,0.0
A07529,P001,1,40.9,15.54
A07529,P016,1,203.9,40.78
A07530,P017,2,116.9,46.76
A07530,P119,1,70.9,14.18
A07531,P003,1,198.9,35.8
A07531,P041,1,118.9,0.0
A07532,P077,1,284.9,28.49
A07533,P029,1,173.9,66.08
A07533,P091,1,57.9,11.58
A07534,P083,1,116.9,0.0
A07535,P003,1,198.9,0.0
A07535,P030,1,166.9,30.04
A07535,P067,2,68.9,0.0
A07535,P099,2,54.9,0.0
A07536,P016,1,203.9,0.0
A07537,P080,2,149.9,0.0
A07537,P089,1,59.9,0.0
A07538,P074,2,281.9,0.0
A07538,P111,1,169.9,0.0
A07538,P120,1,195.9,0.0
A07539,P117,1,281.9,0.0
A07540,P115,2,295.9,118.36
A07541,P077,1,284.9,0.0
A07542,P029,1,173.9,17.39
A07542,P097,3,27.9,8.37
A07543,P062,1,72.9,14.58
A07543,P085,1,33.9,6.78
A07544,P029,1,173.9,0.0
A07544,P039,1,184.9,0.0
A07544,P109,1,221.9,0.0
A07545,P007,2,153.9,61.56
A07545,P055,3,135.9,81.54
A07546,P035,1,174.9,0.0
A07547,P008,4,105.9,76.25
A07547,P050,2,97.9,0.0
A07548,P069,1,266.9,0.0
A07548,P104,4,307.9,0.0
A07548,P106,2,87.9,0.0
A07548,P112,1,141.9,0.0
A07549,P013,1,99.9,17.98
A07549,P022,1,79.9,14.38
A07549,P039,2,184.9,0.0
A07549,P055,1,135.9,0.0
A07549,P091,2,57.9,0.0
A07549,P101,1,222.9,0.0
A07550,P038,2,55.9,0.0
A07550,P050,1,97.9,0.0
A07551,P074,1,281.9,0.0
A07552,P017,1,116.9,23.38
A07552,P030,1,166.9,63.42
A07552,P070,2,132.9,53.16
A07552,P077,1,284.9,56.98
A07552,P083,1,116.9,23.38
A07552,P087,1,78.9,15.78
A07553,P112,1,141.9,0.0
A07554,P010,1,163.9,0.0
A07555,P009,1,248.9,44.8
A07555,P045,1,83.9,0.0
A07556,P005,1,100.9,0.0
A07556,P008,1,105.9,0.0
A07556,P013,1,99.9,17.98
A07556,P032,1,176.9,0.0
A07556,P058,2,271.9,0.0
A07557,P042,1,121.9,0.0
A07557,P068,2,166.9,0.0
A07557,P088,1,76.9,0.0
A07558,P004,1,123.9,22.3
A07558,P008,1,105.9,19.06
A07558,P024,1,228.9,41.2
A07558,P047,1,153.9,0.0
A07558,P091,1,57.9,0.0
A07559,P028,1,241.9,91.92
A07559,P071,2,46.9,18.76
A07559,P072,1,50.9,10.18
A07559,P117,1,281.9,56.38
A07560,P072,1,50.9,5.09
A07561,P008,1,105.9,0.0
A07561,P057,3,246.9,0.0
A07562,P055,1,135.9,0.0
A07563,P006,1,208.9,58.49
A07563,P088,1,76.9,7.69
A07563,P091,1,57.9,5.79
A07564,P050,1,97.9,19.58
A07565,P040,1,180.9,36.18
A07565,P080,1,149.9,29.98
A07566,P018,2,119.9,43.16
A07566,P081,3,18.9,0.0
A07567,P018,2,119.9,43.16
A07567,P094,1,84.9,0.0
A07568,P023,1,174.9,17.49
A07568,P031,2,93.9,18.78
A07568,P068,1,166.9,16.69
A07568,P094,1,84.9,8.49
A07569,P031,1,93.9,18.78
A07569,P084,1,18.9,3.78
A07570,P051,1,126.9,0.0
A07570,P114,1,246.9,0.0
A07571,P083,1,116.9,0.0
A07572,P037,1,68.9,0.0
A07573,P001,1,40.9,7.36
A07573,P090,2,64.9,0.0
A07574,P074,1,281.9,56.38
A07575,P056,1,179.9,0.0
A07575,P073,1,266.9,0.0
A07576,P006,2,208.9,75.2
A07576,P043,1,51.9,0.0
A07577,P066,1,238.9,47.78
A07577,P081,1,18.9,3.78
A07578,P018,3,119.9,71.94
A07578,P064,1,140.9,28.18
A07578,P071,1,46.9,9.38
A07579,P008,2,105.9,38.12
A07579,P028,3,241.9,130.63
A07579,P088,2,76.9,0.0
A07579,P103,1,266.9,0.0
A07579,P110,1,225.9,0.0
A07580,P037,1,68.9,0.0
A07581,P029,1,173.9,31.3
A07582,P079,1,230.9,0.0
A07582,P087,1,78.9,0.0
A07582,P088,2,76.9,0.0
A07583,P028,1,241.9,43.54
A07583,P091,1,57.9,0.0
A07584,P076,1,203.9,40.78
A07584,P109,1,221.9,44.38
A07585,P040,1,180.9,0.0
A07586,P018,1,119.9,21.58
A07586,P060,1,297.9,0.0
A07587,P021,1,81.9,14.74
A07587,P079,1,230.9,0.0
A07587,P102,2,299.9,0.0
A07588,P077,1,284.9,56.98
A07588,P120,1,195.9,39.18
A07589,P008,1,105.9,19.06
A07589,P079,2,230.9,0.0
A07590,P002,1,111.9,31.33
A07590,P052,1,124.9,12.49
A07591,P021,1,81.9,14.74
A07591,P046,1,41.9,0.0
A07591,P116,1,234.9,0.0
A07592,P003,3,198.9,119.34
A07592,P093,1,36.9,7.38
A07593,P113,1,244.9,0.0
A07594,P034,1,162.9,32.58
A07594,P067,2,68.9,27.56
A07594,P111,2,169.9,67.96
A07594,P118,1,192.9,38.58
A07595,P020,1,196.9,19.69
A07595,P022,1,79.9,22.37
A07595,P028,2,241.9,135.46
A07595,P085,1,33.9,3.39
A07596,P027,2,187.9,0.0
A07597,P116,1,234.9,46.98
A07598,P007,3,153.9,0.0
A07598,P039,1,184.9,0.0
A07598,P065,1,48.9,0.0
A07598,P097,1,27.9,0.0
A07598,P107,1,203.9,0.0
A07599,P059,1,278.9,0.0
A07599,P118,1,192.9,0.0
A07600,P097,2,27.9,11.16
A07600,P119,1,70.9,14.18
A07601,P109,1,221.9,0.0
A07602,P061,1,233.9,0.0
A07603,P027,1,187.9,33.82
A07603,P036,1,68.9,0.0
A07603,P097,2,27.9,0.0
A07604,P014,1,144.9,26.08
A07604,P084,1,18.9,0.0
A07604,P096,1,102.9,0.0
A07605,P029,1,173.9,31.3
A07605,P039,1,184.9,0.0
A07605,P044,4,99.9,0.0
A07605,P060,1,297.9,0.0
A07605,P063,1,286.9,0.0
A07605,P070,1,132.9,0.0
A07605,P077,1,284.9,0.0
A07606,P018,2,119.9,43.16
A07607,P035,3,174.9,0.0
A07607,P042,2,121.9,0.0
A07608,P029,2,173.9,69.56
A07608,P060,1,297.9,59.58
A07609,P007,1,153.9,27.7
A07609,P039,1,184.9,0.0
A07610,P013,1,99.9,17.98
A07610,P032,2,176.9,0.0
A07610,P036,1,68.9,0.0
A07610,P071,1,46.9,0.0
A07611,P071,1,46.9,0.0
A07612,P051,1,126.9,25.38
A07612,P077,2,284.9,113.96
A07612,P087,3,78.9,47.34
A07613,P007,1,153.9,27.7
A07613,P106,1,87.9,0.0
A07614,P034,1,162.9,0.0
A07614,P053,2,86.9,0.0
A07614,P058,2,271.9,0.0
A07614,P069,1,266.9,0.0
A07615,P021,1,81.9,0.0
A07615,P038,1,55.9,0.0
A07616,P081,2,18.9,0.0
A07617,P005,1,100.9,10.09
A07617,P010,1,163.9,45.89
A07617,P021,2,81.9,45.86
A07617,P083,2,116.9,23.38
A07617,P088,1,76.9,7.69
A07618,P005,1,100.9,38.34
A07618,P081,1,18.9,3.78
A07619,P083,1,116.9,0.0
A07620,P030,1,166.9,30.04
A07621,P047,1,153.9,30.78
A07621,P086,1,99.9,19.98
A07622,P072,1,50.9,10.18
A07623,P017,1,116.9,21.04
A07623,P033,2,51.9,0.0
A07623,P043,4,51.9,0.0
A07623,P047,3,153.9,0.0
A07623,P050,2,97.9,0.0
A07623,P081,3,18.9,0.0
A07623,P085,1,33.9,0.0
A07624,P023,1,174.9,31.48
A07625,P007,1,153.9,27.7
A07625,P012,1,77.9,14.02
A07625,P013,1,99.9,0.0
A07625,P020,1,196.9,35.44
A07625,P098,1,87.9,0.0
A07625,P101,1,222.9,0.0
A07625,P104,1,307.9,0.0
A07626,P006,1,208.9,0.0
A07626,P021,1,81.9,14.74
A07627,P023,1,174.9,0.0
A07627,P059,2,278.9,0.0
A07627,P092,1,39.9,0.0
A07628,P020,1,196.9,74.82
A07628,P044,2,99.9,39.96
A07628,P089,1,59.9,11.98
A07628,P113,1,244.9,48.98
A07629,P028,1,241.9,43.54
A07629,P053,1,86.9,0.0
A07630,P025,1,104.9,18.88
A07630,P026,1,193.9,34.9
A07631,P030,1,166.9,30.04
A07631,P084,1,18.9,0.0
A07632,P106,1,87.9,0.0
A07633,P021,1,81.9,31.12
A07633,P028,1,241.9,91.92
A07633,P055,2,135.9,54.36
A07633,P078,2,190.9,76.36
A07634,P008,3,105.9,57.19
A07634,P009,2,248.9,89.6
A07634,P028,3,241.9,130.63
A07634,P061,3,233.9,0.0
A07635,P023,1,174.9,31.48
A07635,P053,2,86.9,0.0
A07635,P060,2,297.9,0.0
A07636,P031,1,93.9,0.0
A07636,P040,1,180.9,0.0
A07636,P107,2,203.9,0.0
A07637,P011,2,72.9,29.16
A07637,P023,3,174.9,104.94
A07637,P025,2,104.9,79.72
A07637,P030,1,166.9,63.42
A07637,P106,1,87.9,17.58
A07638,P072,1,50.9,0.0
A07639,P040,1,180.9,0.0
A07640,P006,2,208.9,158.76
A07640,P023,1,174.9,66.46
A07641,P001,1,40.9,7.36
A07642,P038,1,55.9,0.0
A07642,P053,2,86.9,0.0
A07643,P079,1,230.9,0.0
A07643,P085,1,33.9,0.0
A07643,P091,1,57.9,0.0
A07644,P012,1,77.9,14.02
A07644,P077,1,284.9,0.0
A07645,P003,2,198.9,151.16
A07645,P034,1,162.9,32.58
A07645,P099,2,54.9,21.96
A07646,P099,1,54.9,10.98
A07647,P038,1,55.9,0.0
A07647,P041,1,118.9,0.0
A07648,P001,2,40.9,0.0
A07648,P075,2,115.9,0.0
A07648,P093,1,36.9,0.0
A07649,P060,1,297.9,59.58
A07649,P111,2,169.9,67.96
A07650,P001,1,40.9,8.18
A07650,P042,1,121.9,24.38
A07651,P024,2,228.9,45.78
A07651,P092,1,39.9,3.99
A07652,P055,4,135.9,0.0
A07652,P084,1,18.9,0.0
A07652,P101,1,222.9,0.0
A07653,P006,2,208.9,75.2
A07653,P028,3,241.9,130.63
A07653,P036,1,68.9,0.0
A07653,P095,1,89.9,0.0
A07654,P034,2,162.9,0.0
A07655,P019,1,157.9,28.42
A07655,P022,2,79.9,28.76
A07655,P031,1,93.9,0.0
A07656,P007,1,153.9,27.7
A07657,P011,1,72.9,13.12
A07657,P073,1,266.9,0.0
A07657,P112,2,141.9,0.0
A07658,P004,2,123.9,94.16
A07658,P018,1,119.9,23.98
A07659,P003,1,198.9,35.8
A07659,P102,1,299.9,0.0
A07660,P001,1,40.9,7.36
A07660,P021,2,81.9,0.0
A07660,P032,1,176.9,0.0
A07661,P067,2,68.9,0.0
A07661,P077,1,284.9,0.0
A07662,P062,1,72.9,14.58
A07662,P082,1,108.9,21.78
A07662,P092,1,39.9,7.98
A07662,P106,1,87.9,17.58
A07663,P004,1,123.9,22.3
A07663,P033,1,51.9,0.0
A07663,P115,2,295.9,0.0
A07664,P026,2,193.9,69.8
A07664,P029,1,173.9,31.3
A07665,P023,2,174.9,62.96
A07665,P040,1,180.9,0.0
A07665,P076,2,203.9,0.0
A07665,P082,1,108.9,0.0
A07666,P015,1,149.9,26.98
A07666,P050,1,97.9,0.0
A07666,P098,1,87.9,0.0
A07667,P017,1,116.9,44.42
A07667,P023,1,174.9,66.46
A07667,P051,1,126.9,25.38
A07667,P067,1,68.9,13.78
A07667,P073,1,266.9,53.38
A07667,P082,1,108.9,21.78
A07668,P018,1,119.9,45.56
A07668,P087,2,78.9,31.56
A07669,P026,1,193.9,34.9
A07669,P055,1,135.9,0.0
A07669,P094,2,84.9,0.0
A07670,P054,1,207.9,0.0
A07670,P057,1,246.9,0.0
A07670,P069,1,266.9,0.0
A07671,P017,2,116.9,42.08
A07671,P034,1,162.9,0.0
A07671,P048,1,100.9,0.0
A07671,P068,1,166.9,0.0
A07671,P070,1,132.9,0.0
A07671,P084,1,18.9,0.0
A07671,P088,1,76.9,0.0
A07672,P002,2,111.9,40.28
A07672,P054,1,207.9,0.0
A07672,P092,1,39.9,0.0
A07672,P114,1,246.9,0.0
A07672,P118,1,192.9,0.0
A07673,P002,1,111.9,42.52
A07673,P009,1,248.9,94.58
A07673,P054,2,207.9,83.16
A07673,P095,1,89.9,17.98
A07674,P024,1,228.9,41.2
A07675,P111,1,169.9,0.0
A07676,P017,1,116.9,0.0
A07676,P028,3,241.9,130.63
A07676,P033,1,51.9,0.0
A07677,P012,2,77.9,43.62
A07677,P051,1,126.9,12.69
A07678,P087,1,78.9,0.0
A07679,P004,1,123.9,0.0
A07679,P063,1,286.9,0.0
A07679,P074,1,281.9,0.0
A07680,P017,1,116.9,21.04
A07680,P061,1,233.9,0.0
A07681,P003,1,198.9,35.8
A07682,P080,1,149.9,0.0
A07683,P003,1,198.9,75.58
A07683,P036,2,68.9,27.56
A07683,P055,1,135.9,27.18
A07684,P002,1,111.9,20.14
A07684,P005,1,100.9,18.16
A07684,P025,1,104.9,18.88
A07685,P028,1,241.9,91.92
A07685,P098,3,87.9,52.74
A07686,P001,2,40.9,14.72
A07686,P039,2,184.9,0.0
A07686,P046,1,41.9,0.0
A07686,P052,2,124.9,0.0
A07686,P097,1,27.9,0.0
A07687,P023,1,174.9,31.48
A07688,P001,2,40.9,14.72
A07688,P002,1,111.9,20.14
A07688,P003,1,198.9,0.0
A07688,P009,1,248.9,44.8
A07688,P049,1,175.9,0.0
A07688,P070,2,132.9,0.0
A07688,P076,1,203.9,0.0
A07688,P100,2,110.9,0.0
A07689,P013,1,99.9,17.98
A07689,P075,3,115.9,0.0
A07689,P084,1,18.9,0.0
A07689,P087,1,78.9,0.0
A07689,P112,1,141.9,0.0
A07690,P032,1,176.9,0.0
A07690,P095,1,89.9,0.0
A07691,P005,1,100.9,18.16
A07691,P056,1,179.9,0.0
A07691,P064,1,140.9,0.0
A07692,P023,1,174.9,0.0
A07692,P033,1,51.9,0.0
A07692,P079,2,230.9,0.0
A07693,P107,1,203.9,40.78
A07694,P039,1,184.9,0.0
A07694,P084,1,18.9,0.0
A07694,P100,1,110.9,0.0
A07694,P115,1,295.9,0.0
A07694,P117,1,281.9,0.0
A07695,P016,1,203.9,77.48
A07695,P023,1,174.9,66.46
A07695,P038,1,55.9,11.18
A07696,P063,1,286.9,0.0
A07697,P003,1,198.9,35.8
A07697,P081,3,18.9,0.0
A07698,P005,1,100.9,20.18
A07698,P012,1,77.9,29.6
A07698,P049,1,175.9,35.18
A07698,P081,1,18.9,3.78
A07699,P012,2,77.9,28.04
A07699,P019,1,157.9,28.42
A07700,P099,1,54.9,10.98
A07701,P082,1,108.9,0.0
A07701,P100,1,110.9,0.0
A07702,P055,2,135.9,0.0
A07703,P002,1,111.9,42.52
A07703,P088,1,76.9,15.38
A07703,P099,1,54.9,10.98
A07703,P116,1,234.9,46.98
A07704,P015,2,149.9,53.96
A07705,P053,1,86.9,0.0
A07705,P063,1,286.9,0.0
A07705,P096,1,102.9,0.0
A07706,P003,1,198.9,35.8
A07706,P006,1,208.9,37.6
A07707,P065,1,48.9,0.0
A07708,P063,1,286.9,57.38
A07709,P005,1,100.9,0.0
A07709,P023,1,174.9,31.48
A07709,P031,2,93.9,0.0
A07709,P074,1,281.9,0.0
A07710,P104,1,307.9,0.0
A07711,P002,1,111.9,42.52
A07712,P050,2,97.9,0.0
A07712,P117,1,281.9,0.0
A07713,P019,1,157.9,28.42
A07713,P022,3,79.9,0.0
A07713,P060,1,297.9,0.0
A07713,P094,1,84.9,0.0
A07714,P020,2,196.9,70.88
A07714,P088,1,76.9,0.0
A07714,P109,1,221.9,0.0
A07715,P055,1,135.9,0.0
A07716,P026,1,193.9,34.9
A07716,P057,1,246.9,0.0
A07717,P008,1,105.9,19.06
A07717,P021,1,81.9,0.0
A07717,P048,2,100.9,0.0
A07717,P050,1,97.9,0.0
A07717,P070,2,132.9,0.0
A07718,P008,1,105.9,0.0
A07718,P091,1,57.9,0.0
A07718,P120,1,195.9,0.0
A07719,P022,1,79.9,0.0
A07720,P071,1,46.9,9.38
A07720,P083,1,116.9,23.38
A07721,P008,2,105.9,38.12
A07721,P010,1,163.9,29.5
A07721,P119,1,70.9,0.0
A07722,P068,2,166.9,0.0
A07722,P098,1,87.9,0.0
A07723,P007,1,153.9,27.7
A07723,P023,1,174.9,31.48
A07723,P061,1,233.9,0.0
A07723,P095,1,89.9,0.0
A07724,P091,1,57.9,0.0
A07725,P043,1,51.9,0.0
A07725,P076,1,203.9,0.0
A07725,P089,1,59.9,0.0
A07726,P012,1,77.9,29.6
A07726,P052,1,124.9,24.98
A07726,P080,2,149.9,59.96
A07726,P084,1,18.9,3.78
A07727,P013,1,99.9,37.96
A07727,P017,2,116.9,88.84
A07728,P031,1,93.9,0.0
A07728,P035,1,174.9,0.0
A07728,P041,1,118.9,0.0
A07728,P075,1,115.9,0.0
A07728,P115,1,295.9,0.0
A07729,P109,2,221.9,0.0
A07730,P087,1,78.9,0.0
A07731,P006,1,208.9,0.0
A07731,P075,1,115.9,0.0
A07732,P044,1,99.9,0.0
A07732,P097,1,27.9,0.0
A07733,P003,1,198.9,35.8
A07733,P016,2,203.9,73.4
A07733,P030,3,166.9,0.0
A07733,P033,1,51.9,0.0
A07733,P057,1,246.9,0.0
A07733,P120,1,195.9,0.0
A07734,P023,1,174.9,31.48
A07734,P046,2,41.9,0.0
A07734,P082,1,108.9,0.0
A07734,P085,2,33.9,0.0
A07734,P086,1,99.9,0.0
A07734,P106,2,87.9,0.0
A07735,P023,2,174.9,132.92
A07735,P065,2,48.9,19.56
A07735,P095,1,89.9,17.98
A07736,P002,3,111.9,60.43
A07736,P012,1,77.9,14.02
A07736,P022,3,79.9,0.0
A07736,P023,2,174.9,0.0
A07736,P038,1,55.9,0.0
A07736,P104,3,307.9,0.0
A07737,P037,1,68.9,0.0
A07738,P043,1,51.9,0.0
A07738,P071,1,46.9,0.0
A07739,P044,2,99.9,0.0
A07740,P003,1,198.9,0.0
A07740,P033,1,51.9,0.0
A07740,P066,1,238.9,0.0
A07741,P081,1,18.9,0.0
A07742,P002,1,111.9,42.52
A07742,P071,1,46.9,9.38
A07742,P098,1,87.9,17.58
A07743,P028,1,241.9,91.92
A07743,P115,1,295.9,59.18
A07744,P086,2,99.9,39.96
A07745,P019,1,157.9,60.0
A07745,P073,1,266.9,53.38
A07746,P008,2,105.9,38.12
A07746,P053,1,86.9,0.0
A07747,P047,1,153.9,0.0
A07748,P031,1,93.9,0.0
A07748,P046,2,41.9,0.0
A07749,P002,1,111.9,20.14
A07750,P031,1,93.9,9.39
A07751,P044,2,99.9,19.98
A07751,P086,1,99.9,9.99
A07751,P110,1,225.9,22.59
A07752,P070,1,132.9,0.0
A07753,P015,1,149.9,26.98
A07753,P038,1,55.9,0.0
A07753,P049,2,175.9,0.0
A07754,P050,1,97.9,19.58
A07754,P051,1,126.9,25.38
A07754,P088,1,76.9,15.38
A07754,P094,1,84.9,16.98
A07754,P098,1,87.9,17.58
A07755,P067,2,68.9,0.0
A07755,P074,3,281.9,0.0
A07756,P058,2,271.9,108.76
A07756,P066,1,238.9,47.78
A07757,P029,2,173.9,69.56
A07757,P084,1,18.9,3.78
A07757,P120,1,195.9,39.18
A07758,P054,1,207.9,41.58
A07758,P100,1,110.9,22.18
A07759,P119,1,70.9,14.18
A07760,P074,2,281.9,0.0
A07761,P068,2,166.9,0.0
A07762,P015,1,149.9,26.98
A07762,P075,1,115.9,0.0
A07763,P027,1,187.9,33.82
A07763,P108,1,79.9,0.0
A07764,P047,1,153.9,15.39
A07764,P104,1,307.9,30.79
A07765,P045,1,83.9,0.0
A07765,P084,1,18.9,0.0
A07766,P094,1,84.9,0.0
A07766,P118,1,192.9,0.0
A07767,P084,1,18.9,0.0
A07767,P098,2,87.9,0.0
A07767,P111,1,169.9,0.0
A07768,P016,1,203.9,40.78
A07768,P044,1,99.9,19.98
A07769,P022,2,79.9,28.76
A07769,P057,1,246.9,0.0
A07769,P087,1,78.9,0.0
A07769,P116,2,234.9,0.0
A07770,P011,1,72.9,0.0
A07770,P014,2,144.9,52.16
A07770,P025,1,104.9,18.88
A07770,P076,1,203.9,0.0
A07771,P015,1,149.9,29.98
A07771,P052,1,124.9,24.98
A07772,P033,1,51.9,0.0
A07772,P045,1,83.9,0.0
A07772,P067,1,68.9,0.0
A07773,P004,1,123.9,22.3
A07773,P119,3,70.9,0.0
A07774,P039,2,184.9,0.0
A07774,P084,1,18.9,0.0
A07774,P087,1,78.9,0.0
A07775,P037,1,68.9,6.89
A07776,P064,2,140.9,56.36
A07776,P115,3,295.9,177.54
A07777,P022,1,79.9,14.38
A07778,P019,1,157.9,0.0
A07778,P055,1,135.9,0.0
A07778,P092,2,39.9,0.0
A07779,P044,1,99.9,0.0
A07779,P059,1,278.9,0.0
A07780,P010,3,163.9,186.85
A07780,P035,2,174.9,69.96
A07781,P044,1,99.9,19.98
A07782,P034,2,162.9,0.0
A07782,P096,1,102.9,0.0
A07782,P098,1,87.9,0.0
A07783,P016,1,203.9,36.7
A07783,P073,1,266.9,0.0
A07783,P114,1,246.9,0.0
A07784,P095,1,89.9,0.0
A07785,P026,1,193.9,0.0
A07785,P028,1,241.9,43.54
A07785,P065,1,48.9,0.0
A07786,P094,1,84.9,16.98
A07787,P021,2,81.9,29.48
A07787,P036,1,68.9,0.0
A07788,P085,3,33.9,20.34
A07789,P043,2,51.9,0.0
A07789,P071,2,46.9,0.0
A07790,P065,2,48.9,0.0
A07790,P099,3,54.9,0.0
A07791,P025,1,104.9,18.88
A07791,P027,1,187.9,33.82
A07791,P028,1,241.9,43.54
A07792,P013,1,99.9,17.98
A07792,P040,1,180.9,0.0
A07792,P064,1,140.9,0.0
A07792,P077,1,284.9,0.0
A07792,P095,1,89.9,0.0
A07792,P103,1,266.9,0.0
A07793,P074,1,281.9,0.0
A07794,P003,1,198.9,35.8
A07794,P043,3,51.9,0.0
A07794,P114,1,246.9,0.0
A07794,P115,2,295.9,0.0
A07795,P053,1,86.9,0.0
A07796,P017,1,116.9,44.42
A07796,P048,1,100.9,20.18
A07797,P029,2,173.9,132.16
A07798,P001,1,40.9,8.18
A07798,P016,1,203.9,40.78
A07799,P080,2,149.9,0.0
A07800,P081,1,18.9,0.0
A07800,P110,1,225.9,0.0
A07801,P005,1,100.9,18.16
A07801,P021,1,81.9,0.0
A07801,P085,2,33.9,0.0
A07802,P005,1,100.9,0.0
A07802,P055,1,135.9,0.0
A07803,P015,1,149.9,0.0
A07804,P116,1,234.9,0.0
A07805,P016,1,203.9,36.7
A07805,P045,1,83.9,0.0
A07805,P091,1,57.9,0.0
A07806,P027,1,187.9,37.58
A07806,P056,1,179.9,35.98
A07807,P017,3,116.9,0.0
A07807,P021,1,81.9,14.74
A07807,P026,1,193.9,34.9
A07807,P041,1,118.9,0.0
A07807,P055,2,135.9,0.0
A07807,P103,1,266.9,0.0
A07808,P055,2,135.9,0.0
A07809,P024,1,228.9,41.2
A07809,P039,1,184.9,0.0
A07810,P050,1,97.9,0.0
A07810,P115,1,295.9,0.0
A07811,P059,1,278.9,0.0
A07812,P005,1,100.9,38.34
A07812,P085,2,33.9,13.56
A07813,P013,1,99.9,17.98
A07813,P050,1,97.9,0.0
A07813,P052,1,124.9,0.0
A07813,P071,2,46.9,0.0
A07814,P081,1,18.9,0.0
A07814,P101,1,222.9,0.0
A07815,P055,2,135.9,0.0
A07815,P057,1,246.9,0.0
A07816,P002,2,111.9,85.04
A07816,P020,1,196.9,74.82
A07817,P002,1,111.9,20.14
A07817,P020,1,196.9,0.0
A07817,P028,1,241.9,0.0
A07817,P037,2,68.9,0.0
A07818,P068,2,166.9,66.76
A07818,P090,1,64.9,12.98
A07818,P092,1,39.9,7.98
A07818,P098,1,87.9,17.58
A07819,P045,1,83.9,0.0
A07819,P101,1,222.9,0.0
A07820,P109,1,221.9,44.38
A07821,P004,2,123.9,94.16
A07821,P012,3,77.9,46.74
A07821,P029,1,173.9,34.78
A07821,P081,2,18.9,7.56
A07821,P090,2,64.9,25.96
A07821,P114,2,246.9,98.76
A07822,P092,1,39.9,0.0
A07823,P006,1,208.9,79.38
A07824,P020,2,196.9,0.0
A07824,P071,1,46.9,0.0
A07824,P081,1,18.9,0.0
A07825,P001,1,40.9,7.36
A07825,P022,1,79.9,0.0
A07825,P029,1,173.9,31.3
A07826,P018,1,119.9,11.99
A07827,P044,2,99.9,0.0
A07827,P081,2,18.9,0.0
A07827,P085,1,33.9,0.0
A07828,P012,2,77.9,28.04
A07828,P102,1,299.9,0.0
A07829,P064,1,140.9,28.18
A07829,P074,1,281.9,56.38
A07829,P076,2,203.9,81.56
A07829,P083,1,116.9,23.38
A07830,P016,1,203.9,36.7
A07830,P102,1,299.9,0.0
A07831,P032,1,176.9,0.0
A07832,P004,1,123.9,22.3
A07833,P012,2,77.9,28.04
A07833,P024,1,228.9,0.0
A07833,P088,1,76.9,0.0
A07833,P105,1,88.9,0.0
A07834,P011,1,72.9,0.0
A07834,P012,1,77.9,14.02
A07835,P011,1,72.9,13.12
A07835,P034,3,162.9,0.0
A07836,P042,1,121.9,0.0
A07836,P052,2,124.9,0.0
A07836,P057,1,246.9,0.0
A07837,P063,1,286.9,0.0
A07838,P002,1,111.9,0.0
A07838,P009,1,248.9,44.8
A07838,P010,1,163.9,29.5
A07838,P051,2,126.9,0.0
A07838,P092,1,39.9,0.0
A07839,P120,1,195.9,39.18
A07840,P052,1,124.9,0.0
A07840,P073,1,266.9,0.0
A07840,P108,1,79.9,0.0
A07841,P069,2,266.9,0.0
A07841,P096,2,102.9,0.0
A07841,P100,1,110.9,0.0
A07842,P012,2,77.9,28.04
A07842,P027,1,187.9,33.82
A07842,P074,1,281.9,0.0
A07842,P109,1,221.9,0.0
A07843,P029,1,173.9,31.3
A07843,P054,1,207.9,0.0
A07843,P071,1,46.9,0.0
A07843,P084,1,18.9,0.0
A07844,P006,1,208.9,0.0
A07844,P045,1,83.9,0.0
A07844,P080,1,149.9,0.0
A07845,P002,2,111.9,0.0
A07845,P009,1,248.9,44.8
A07845,P012,1,77.9,14.02
A07845,P042,1,121.9,0.0
A07845,P114,2,246.9,0.0
A07846,P016,1,203.9,40.78
A07846,P090,1,64.9,12.98
A07846,P105,1,88.9,17.78
A07847,P046,1,41.9,8.38
A07848,P023,2,174.9,132.92
A07848,P035,3,174.9,104.94
A07848,P093,1,36.9,7.38
A07848,P095,2,89.9,35.96
A07848,P115,1,295.9,59.18
A07849,P039,2,184.9,0.0
A07849,P052,1,124.9,0.0
A07849,P072,1,50.9,0.0
A07849,P078,3,190.9,0.0
A07849,P103,1,266.9,0.0
A07850,P021,1,81.9,14.74
A07850,P022,1,79.9,14.38
A07850,P101,2,222.9,0.0
A07851,P005,1,100.9,38.34
A07851,P024,1,228.9,86.98
A07851,P116,1,234.9,46.98
A07852,P038,1,55.9,11.18
A07852,P098,1,87.9,17.58
A07853,P007,1,153.9,27.7
A07853,P098,1,87.9,0.0
A07854,P083,1,116.9,0.0
A07854,P113,2,244.9,0.0
A07855,P006,1,208.9,79.38
A07855,P016,2,203.9,154.96
A07855,P044,1,99.9,19.98
A07855,P097,1,27.9,5.58
A07856,P007,2,153.9,55.4
A07856,P047,2,153.9,0.0
A07857,P028,1,241.9,48.38
A07857,P116,2,234.9,93.96
A07858,P013,1,99.9,37.96
A07858,P025,1,104.9,20.98
A07858,P050,2,97.9,39.16
A07858,P106,1,87.9,17.58
A07859,P002,1,111.9,20.14
A07859,P042,3,121.9,0.0
A07860,P003,1,198.9,35.8
A07860,P048,2,100.9,0.0
A07860,P061,1,233.9,0.0
A07861,P045,2,83.9,0.0
A07861,P079,1,230.9,0.0
A07862,P001,1,40.9,7.36
A07862,P008,1,105.9,19.06
A07862,P034,2,162.9,0.0
A07862,P051,3,126.9,0.0
A07862,P053,1,86.9,0.0
A07862,P089,4,59.9,0.0
A07862,P117,2,281.9,0.0
A07863,P083,2,116.9,0.0
A07864,P023,1,174.9,34.98
A07864,P027,1,187.9,37.58
A07864,P039,1,184.9,36.98
A07864,P089,2,59.9,23.96
A07864,P107,3,203.9,122.34
A07864,P120,3,195.9,117.54
A07865,P011,1,72.9,13.12
A07865,P019,2,157.9,56.84
A07866,P019,2,157.9,0.0
A07866,P052,2,124.9,0.0
A07866,P083,3,116.9,0.0
A07866,P113,2,244.9,0.0
A07867,P009,1,248.9,44.8
A07867,P099,1,54.9,0.0
A07868,P033,1,51.9,0.0
A07868,P049,2,175.9,0.0
